pass2_index,paper_id,assigned_agent,first_pass_classification,source_lane,paper_name,id,abstract,triage_label,lanes,lane_count,triage_labels_by_lane,mechanisms_by_lane,why_it_matters_by_lane,follow_up_by_lane,corpus_stages,authors,year,source_ids,primary_id,source_paper_id,categories,queries,discovery_methods,designations,primary_readers,metadata_verified_any,body_inspected_any,evidence_read_any,triage_disagreement,source_registry_paths,source_triage_paths
0,arxiv:0710.3742,1,HIGH,A2,Bayesian Online Changepoint Detection,arxiv:0710.3742,"Changepoints are abrupt variations in the generative parameters of a data sequence. Online detection of changepoints is useful in modelling and prediction of time series in application areas such as finance, biometrics, and robotics. While frequentist methods have yielded online filtering and prediction techniques, most Bayesian papers have focused on the retrospective segmentation problem. Here we examine the case where the model parameters before and after the changepoint are independent and we derive an online algorithm for exact inference of the most recent changepoint. We compute the probability distribution of the length of the current ``run,'' or time since the last changepoint, using a simple message-passing algorithm. Our implementation is highly modular so that the algorithm may be applied to a variety of types of data. We illustrate this modularity by demonstrating the algorithm on three different real-world data sets.",high,A2,1,A2=high,"A2=Finds event, phase, or subtask boundaries by modeling temporal changes in observations, dynamics, language, or latent sequence variables.","A2=The mechanism can turn long robot experience into reusable training units, skill memories, or better-conditioned policy targets.",A2=true,expansion_round_1,,2007,arxiv:0710.3742,arxiv:0710.3742,2563971108403761333,,Bayesian nonparametric change point trajectory segmentation robot manipulation | change point detection Bayesian online segmentation time series,search-papers,true,A2,false,false,false,false,A2/canonical-pool.json | A2/canonical-pool.jsonl | A2/expansion-pool.json | A2/expansion-pool.jsonl | A2/raw/q09-bayesian.json | A2/raw/q35-bocpd.json,A2/expansion-triage.jsonl
13,arxiv:1205.4839,1,MEDIUM,A5,Off-Policy Actor-Critic,arxiv:1205.4839,"This paper presents the first actor-critic algorithm for off-policy reinforcement learning. Our algorithm is online and incremental, and its per-time-step complexity scales linearly with the number of learned weights. Previous work on actor-critic algorithms is limited to the on-policy setting and does not take advantage of the recent advances in off-policy gradient temporal-difference learning. Off-policy techniques, such as Greedy-GQ, enable a target policy to be learned while following and obtaining data from another (behavior) policy. For many problems, however, actor-critic methods are more practical than action value methods (like Greedy-GQ) because they explicitly represent the policy; consequently, the policy can be stochastic and utilize a large action space. In this paper, we illustrate how to practically combine the generality and learning potential of off-policy learning with the flexibility in action selection given by actor-critic methods. We derive an incremental, linear time and space complexity algorithm that includes eligibility traces, prove convergence under assumptions similar to previous off-policy algorithms, and empirically show better or comparable performance to existing algorithms on standard reinforcement-learning benchmark problems.",medium,A5,1,A5=medium,"A5=Our algorithm is online and incremental, and its per-time-step complexity scales linearly with the number of learned weights.",A5=This weighting neighbor tests whether the expansion adds a reusable mechanism for controlling robot experience in policy training.,A5=true,expansion_round_2,,,arxiv:1205.4839,arxiv:1205.4839,7084574330765847873,,,,,A5,false,false,false,false,A5/expansion/raw/round2-references.json | A5/expansion/raw/round3-references.json,A5/expansion/round2-triage.jsonl
26,arxiv:1312.2249,1,MEDIUM,A5,Scalable Object Detection using Deep Neural Networks,arxiv:1312.2249,"Deep convolutional neural networks have recently achieved state-of-the-art performance on a number of image recognition benchmarks, including the ImageNet Large-Scale Visual Recognition Challenge (ILSVRC-2012). The winning model on the localization sub-task was a network that predicts a single bounding box and a confidence score for each object category in the image. Such a model captures the whole-image context around the objects but cannot handle multiple instances of the same object in the image without naively replicating the number of outputs for each instance. In this work, we propose a saliency-inspired neural network model for detection, which predicts a set of class-agnostic bounding boxes along with a single score for each box, corresponding to its likelihood of containing any object of interest. The model naturally handles a variable number of instances for each class and allows for cross-class generalization at the highest levels of the network. We are able to obtain competitive recognition performance on VOC2007 and ILSVRC2012, while using only the top few predicted locations in each image and a small number of neural network evaluations.",medium,A5,1,A5=medium,A5=The winning model on the localization sub-task was a network that predicts a single bounding box and a confidence score for each object category in the image.,A5=The expansion tests whether this weighting mechanism adds a reusable way to control which robot experience influences policy training.,A5=true,expansion_round_1,,,arxiv:1312.2249,arxiv:1312.2249,6719357088000928803,,,,,A5,false,false,false,false,A5/expansion/raw/round1-references.json | A5/expansion/raw/round1-similar.json,A5/expansion/round1-triage.jsonl
39,arxiv:1411.4357,1,MEDIUM,A4,Sketching as a Tool for Numerical Linear Algebra,arxiv:1411.4357,"This survey highlights the recent advances in algorithms for numerical linear algebra that have come from the technique of linear sketching, whereby given a matrix, one first compresses it to a much smaller matrix by multiplying it by a (usually) random matrix with certain properties. Much of the expensive computation can then be performed on the smaller matrix, thereby accelerating the solution for the original problem. In this survey we consider least squares as well as robust regression problems, low rank approximation, and graph sparsification. We also discuss a number of variants of these problems. Finally, we discuss the limitations of sketching methods.",medium,A4,1,A4=medium,"A4=Connects trajectory or demonstration choice to downstream policy learning, behavior, or offline-RL utility.",A4=It is directly or plausibly transferable to selecting robot experience for policy learning.,A4=false,expansion_round_1,,,arxiv:1411.4357 | paper:960456367944914041,,,,,,,A4,false,false,false,false,A4/expansion/round2/registry.jsonl | A4/expansion/round5/registry.jsonl,A4/expansion/all-new-expansion-triage.jsonl
52,arxiv:1506.02142,1,HIGH,A1 | A4 | A8,Dropout as a Bayesian Approximation: Representing Model Uncertainty in Deep Learning,arxiv:1506.02142,"Deep learning tools have gained tremendous attention in applied machine learning. However such tools for regression and classification do not capture model uncertainty. In comparison, Bayesian models offer a mathematically grounded framework to reason about model uncertainty, but usually come with a prohibitive computational cost. In this paper we develop a new theoretical framework casting dropout training in deep neural networks (NNs) as approximate Bayesian inference in deep Gaussian processes. A direct result of this theory gives us tools to model uncertainty with dropout NNs -- extracting information from existing models that has been thrown away so far. This mitigates the problem of representing uncertainty in deep learning without sacrificing either computational complexity or test accuracy. We perform an extensive study of the properties of dropout's uncertainty. Various network architectures and non-linearities are assessed on tasks of regression and classification, using MNIST as an example. We show a considerable improvement in predictive log-likelihood and RMSE compared to existing state-of-the-art methods, and finish by using dropout's uncertainty in deep reinforcement learning.",high,A1 | A4 | A8,3,A1=low | A4=medium | A8=high,A1=The abstract does not expose a clear temporal mechanism connected to the lane. | A4=Provides adjacent evidence about how data composition affects learning outcomes. | A8=Monte Carlo dropout approximates a Bayesian posterior and estimates predictive uncertainty from stochastic forward passes.,"A1=Its adjacent-domain method may provide a transferable alignment idea, but the robot transfer path requires verification. | A4=It extends the A4 mechanism space with adjacent data-centric evidence. | A8=It is a foundational uncertainty estimator for deciding which fleet predictions or states warrant more data.",A1=false | A4=true | A8=true,expansion_round_1 | expansion_round_2 | expansion_round_3,,,arxiv:1506.02142 | paper:8865392551040962328 | paperid:8865392551040962328,arxiv:1506.02142,8865392551040962328,,,related-papers-round3,,A1,false,false,false,true,A1/expansion-round3-registry.json | A1/paper-registry-complete.json | A4/expansion/round3/registry.jsonl | A8/work/expansion-round2-novel.jsonl,A1/expansion-round3-triage.jsonl | A4/expansion/all-new-expansion-triage.jsonl | A8/work/expansion-round2-triage.jsonl
65,arxiv:1511.05298,1,HIGH,A1,Structural-RNN: Deep Learning on Spatio-Temporal Graphs,arxiv:1511.05298,"Deep Recurrent Neural Network architectures, though remarkably capable at modeling sequences, lack an intuitive high-level spatio-temporal structure. That is while many problems in computer vision inherently have an underlying high-level structure and can benefit from it. Spatio-temporal graphs are a popular tool for imposing such high-level intuitions in the formulation of real world problems. In this paper, we propose an approach for combining the power of high-level spatio-temporal graphs and sequence learning success of Recurrent Neural Networks (RNNs). We develop a scalable method for casting an arbitrary spatio-temporal graph as a rich RNN mixture that is feedforward, fully differentiable, and jointly trainable. The proposed method is generic and principled as it can be used for transforming any spatio-temporal graph through employing a certain set of well defined steps. The evaluations of the proposed approach on a diverse set of problems, ranging from modeling human motion to object interactions, shows improvement over the state-of-the-art with a large margin. We expect this method to empower new approaches to problem formulation through high-level spatio-temporal graphs and Recurrent Neural Networks.",high,A1,1,A1=high,"A1=The paper develops or evaluates a temporal correspondence, synchronization, delay, or sequence-representation mechanism for Structural-RNN: Deep Learning on Spatio-Temporal Graphs.","A1=Its mechanism is a plausible transfer to multimodal robot experience, action-observation alignment, or temporally aware policy training.",A1=true,expansion_round_3,,,arxiv:1511.05298,arxiv:1511.05298,334265939207406069,,,related-papers-round3,,A1,false,false,false,false,A1/expansion-round3-registry.json | A1/paper-registry-complete.json,A1/expansion-round3-triage.jsonl
78,arxiv:1602.04621,1,HIGH,A8,Deep Exploration via Bootstrapped DQN,arxiv:1602.04621,"Efficient exploration in complex environments remains a major challenge for reinforcement learning. We propose bootstrapped DQN, a simple algorithm that explores in a computationally and statistically efficient manner through use of randomized value functions. Unlike dithering strategies such as epsilon-greedy exploration, bootstrapped DQN carries out temporally-extended (or deep) exploration; this can lead to exponentially faster learning. We demonstrate these benefits in complex stochastic MDPs and in the large-scale Arcade Learning Environment. Bootstrapped DQN substantially improves learning times and performance across most Atari games.",high,A8,1,A8=high,A8=Bootstrapped value-function heads maintain distinct uncertainty estimates that drive temporally consistent exploratory policies.,A8=It is a foundational epistemic-uncertainty mechanism for selecting coherent exploratory rollouts rather than independent random actions.,A8=true,expansion_round_2,,,arxiv:1602.04621 | paperid:7307488305898738753,,,,,,,A8,false,false,false,false,A8/work/expansion-round2-novel.jsonl,A8/work/expansion-round2-triage.jsonl | A8/work/expansion-round3-triage.jsonl
91,arxiv:1604.06057,1,HIGH,A2,Hierarchical Deep Reinforcement Learning: Integrating Temporal Abstraction and Intrinsic Motivation,arxiv:1604.06057,"Learning goal-directed behavior in environments with sparse feedback is a major challenge for reinforcement learning algorithms. The primary difficulty arises due to insufficient exploration, resulting in an agent being unable to learn robust value functions. Intrinsically motivated agents can explore new behavior for its own sake rather than to directly solve problems. Such intrinsic behaviors could eventually help the agent solve tasks posed by the environment. We present hierarchical-DQN (h-DQN), a framework to integrate hierarchical value functions, operating at different temporal scales, with intrinsically motivated deep reinforcement learning. A top-level value function learns a policy over intrinsic goals, and a lower-level function learns a policy over atomic actions to satisfy the given goals. h-DQN allows for flexible goal specifications, such as functions over entities and relations. This provides an efficient space for exploration in complicated environments. We demonstrate the strength of our approach on two problems with very sparse, delayed feedback: (1) a complex discrete stochastic decision process, and (2) the classic ATARI game `Montezuma's Revenge'.",high,A2,1,A2=high,"A2=Uses temporally extended actions, keyposes, or learned macro-actions to expose multi-step structure while retaining feedback or planning control.","A2=The mechanism can turn long robot experience into reusable training units, skill memories, or better-conditioned policy targets.",A2=true,expansion_round_1,,2016,arxiv:1604.06057,arxiv:1604.06057,8061783887413303394,,temporal abstraction long horizon manipulation sparse reward credit assignment,search-papers,true,A2,false,false,false,false,A2/canonical-pool.json | A2/canonical-pool.jsonl | A2/expansion-pool.json | A2/expansion-pool.jsonl | A2/raw/q20-sparse-reward.json,A2/expansion-triage.jsonl
104,arxiv:1607.01883,1,HIGH,A8,Sampling-based Incremental Information Gathering with Applications to Robotic Exploration and Environmental Monitoring,arxiv:1607.01883,"In this article, we propose a sampling-based motion planning algorithm equipped with an information-theoretic convergence criterion for incremental informative motion planning. The proposed approach allows dense map representations and incorporates the full state uncertainty into the planning process. The problem is formulated as a constrained maximization problem. Our approach is built on rapidly-exploring information gathering algorithms and benefits from advantages of sampling-based optimal motion planning algorithms. We propose two information functions and their variants for fast and online computations. We prove an information-theoretic convergence for an entire exploration and information gathering mission based on the least upper bound of the average map entropy. A natural automatic stopping criterion for information-driven motion control results from the convergence analysis. We demonstrate the performance of the proposed algorithms using three scenarios: comparison of the proposed information functions and sensor configuration selection, robotic exploration in unknown environments, and a wireless signal strength monitoring task in a lake from a publicly available dataset collected using an autonomous surface vehicle.",high,A8,1,A8=high,A8=Sampling-based informative motion planning maximizes entropy-reduction objectives and uses information-theoretic convergence for automatic mission stopping.,A8=It supplies a principled stopping criterion and online planning template for deciding when a fleet has collected enough information.,A8=true,primary_assignment,,,arxiv:1607.01883,arxiv:1607.01883,9185712517085788877,,A8 | q07-synonyms | q20-adjacent,search-papers,,A8,false,false,false,false,A8/raw/q07-synonyms.json | A8/raw/q20-adjacent.json | A8/work/assigned-papers.json | A8/work/canonical-pool.jsonl,A8/work/abstract-triage.jsonl | A8/work/assigned-abstracts.jsonl
117,arxiv:1610.05182,1,HIGH,A2 | A5,Learning and Transfer of Modulated Locomotor Controllers,arxiv:1610.05182,"We study a novel architecture and training procedure for locomotion tasks. A high-frequency, low-level ""spinal"" network with access to proprioceptive sensors learns sensorimotor primitives by training on simple tasks. This pre-trained module is fixed and connected to a low-frequency, high-level ""cortical"" network, with access to all sensors, which drives behavior by modulating the inputs to the spinal network. Where a monolithic end-to-end architecture fails completely, learning with a pre-trained spinal module succeeds at multiple high-level tasks, and enables the effective exploration required to learn from sparse rewards. We test our proposed architecture on three simulated bodies: a 16-dimensional swimming snake, a 20-dimensional quadruped, and a 54-dimensional humanoid. Our results are illustrated in the accompanying video at https://youtu.be/sboPYvhpraQ",high,A2 | A5,2,A2=high | A5=low,A2=Discovers reusable temporal structure in sequential experience for downstream decision making or policy learning. | A5=We study a novel architecture and training procedure for locomotion tasks.,A2=The mechanism connects temporal structure to data selection or learning efficiency in the Program A loop. | A5=This adaptive mixture neighbor tests whether the expansion adds a reusable mechanism for controlling robot experience in policy training.,A2=true | A5=false,expansion_round_1 | expansion_round_2,,2016,arxiv:1610.05182,arxiv:1610.05182,5986235251625906065,,,,,A2 | A5,false,false,false,true,A2/expansion-pool.json | A2/expansion-pool.jsonl | A5/expansion/raw/round2-references.json,A2/expansion-triage.jsonl | A5/expansion/round2-triage.jsonl
130,arxiv:1701.07790,1,HIGH,A6,Game-Theoretic Modeling of Human Adaptation in Human-Robot Collaboration,arxiv:1701.07790,"In human-robot teams, humans often start with an inaccurate model of the robot capabilities. As they interact with the robot, they infer the robot's capabilities and partially adapt to the robot, i.e., they might change their actions based on the observed outcomes and the robot's actions, without replicating the robot's policy. We present a game-theoretic model of human partial adaptation to the robot, where the human responds to the robot's actions by maximizing a reward function that changes stochastically over time, capturing the evolution of their expectations of the robot's capabilities. The robot can then use this model to decide optimally between taking actions that reveal its capabilities to the human and taking the best action given the information that the human currently has. We prove that under certain observability assumptions, the optimal policy can be computed efficiently. We demonstrate through a human subject experiment that the proposed model significantly improves human-robot team performance, compared to policies that assume complete adaptation of the human to the robot.",high,A6,1,A6=high,"A6=Uses value or reward inference, offline reinforcement learning, or advantage signals to extract task-relevant behavior from heterogeneous trajectories.",A6=Connects trajectory outcomes to policy improvement rather than copying actions independently of consequences.,A6=true,expansion_round_1,,,arxiv:1701.07790,arxiv:1701.07790,5463029240131357275,,,related-papers,,A6,false,false,false,false,A6/expansion/canonical-pool.jsonl,A6/expansion/triage.jsonl
143,arxiv:1703.02018,1,MEDIUM,A1 | A5,Combining Self-Supervised Learning and Imitation for Vision-Based Rope Manipulation,arxiv:1703.02018,"Manipulation of deformable objects, such as ropes and cloth, is an important but challenging problem in robotics. We present a learning-based system where a robot takes as input a sequence of images of a human manipulating a rope from an initial to goal configuration, and outputs a sequence of actions that can reproduce the human demonstration, using only monocular images as input. To perform this task, the robot learns a pixel-level inverse dynamics model of rope manipulation directly from images in a self-supervised manner, using about 60K interactions with the rope collected autonomously by the robot. The human demonstration provides a high-level plan of what to do and the low-level inverse model is used to execute the plan. We show that by combining the high and low-level plans, the robot can successfully manipulate a rope into a variety of target shapes using only a sequence of human-provided images for direction.",medium,A1 | A5,2,A1=low | A5=medium,"A1=The abstract does not expose a clear temporal mechanism connected to the lane. | A5=To perform this task, the robot learns a pixel-level inverse dynamics model of rope manipulation directly from images in a self-supervised manner, using about 60K interactions with the rope collected autonomously by the robot.","A1=Its mechanism is a plausible transfer to multimodal robot experience, action-observation alignment, or temporally aware policy training. | A5=This curriculum neighbor tests whether the expansion adds a reusable mechanism for controlling robot experience in policy training.",A1=false | A5=true,expansion_round_1 | expansion_round_2,,,arxiv:1703.02018,arxiv:1703.02018,8163492183611804505,,,related-references,,A1,false,false,false,true,A1/expansion-registry.json | A1/expansion-round3-registry.json | A1/paper-registry-complete.json | A5/expansion/raw/round2-references.json | A5/expansion/raw/round3-references.json,A1/expansion-triage.jsonl | A5/expansion/round2-triage.jsonl
156,arxiv:1704.02971,1,MEDIUM,A1,A Dual-Stage Attention-Based Recurrent Neural Network for Time Series Prediction,arxiv:1704.02971,"The Nonlinear autoregressive exogenous (NARX) model, which predicts the current value of a time series based upon its previous values as well as the current and past values of multiple driving (exogenous) series, has been studied for decades. Despite the fact that various NARX models have been developed, few of them can capture the long-term temporal dependencies appropriately and select the relevant driving series to make predictions. In this paper, we propose a dual-stage attention-based recurrent neural network (DA-RNN) to address these two issues. In the first stage, we introduce an input attention mechanism to adaptively extract relevant driving series (a.k.a., input features) at each time step by referring to the previous encoder hidden state. In the second stage, we use a temporal attention mechanism to select relevant encoder hidden states across all time steps. With this dual-stage attention scheme, our model can not only make predictions effectively, but can also be easily interpreted. Thorough empirical studies based upon the SML 2010 dataset and the NASDAQ 100 Stock dataset demonstrate that the DA-RNN can outperform state-of-the-art methods for time series prediction.",medium,A1,1,A1=medium,"A1=The paper develops or evaluates a temporal correspondence, synchronization, delay, or sequence-representation mechanism for A Dual-Stage Attention-Based Recurrent Neural Network for Time Series Prediction.","A1=Its adjacent-domain method may provide a transferable alignment idea, but the robot transfer path requires verification.",A1=true,expansion_round_3,,,arxiv:1704.02971,arxiv:1704.02971,3331107086177280122,,,related-papers-round3,,A1,false,false,false,false,A1/expansion-round3-registry.json | A1/paper-registry-complete.json,A1/expansion-round3-triage.jsonl
169,arxiv:1706.04261,1,MEDIUM,A1 | A7,"The ""something something"" video database for learning and evaluating visual common sense",arxiv:1706.04261,"Neural networks trained on datasets such as ImageNet have led to major advances in visual object classification. One obstacle that prevents networks from reasoning more deeply about complex scenes and situations, and from integrating visual knowledge with natural language, like humans do, is their lack of common sense knowledge about the physical world. Videos, unlike still images, contain a wealth of detailed information about the physical world. However, most labelled video datasets represent high-level concepts rather than detailed physical aspects about actions and scenes. In this work, we describe our ongoing collection of the ""something-something"" database of video prediction tasks whose solutions require a common sense understanding of the depicted situation. The database currently contains more than 100,000 videos across 174 classes, which are defined as caption-templates. We also describe the challenges in crowd-sourcing this data at scale.",medium,A1 | A7,2,A1=low | A7=medium,A1=The abstract does not expose a clear temporal mechanism connected to the lane. | A7=Neural networks trained on datasets such as ImageNet have led to major advances in visual object classification.,"A1=Its mechanism is a plausible transfer to multimodal robot experience, action-observation alignment, or temporally aware policy training. | A7=It provides a route to reuse heterogeneous experience across embodiments or data sources.",A1=false | A7=false,expansion_round_1 | expansion_round_3,,,arxiv:1706.04261,arxiv:1706.04261,2938297950925450418,,,references | related-papers-round3,,A1,false,false,false,true,A1/expansion-round3-registry.json | A1/paper-registry-complete.json | A7/work/expansion-registry.json | A7/work/expansion-registry.jsonl,A1/expansion-round3-triage.jsonl | A7/work/expansion-triage.jsonl
182,arxiv:1707.06347,1,HIGH,A1 | A2 | A4 | A6 | A7 | A8,Proximal Policy Optimization Algorithms,arxiv:1707.06347,"We propose a new family of policy gradient methods for reinforcement learning, which alternate between sampling data through interaction with the environment, and optimizing a ""surrogate"" objective function using stochastic gradient ascent. Whereas standard policy gradient methods perform one gradient update per data sample, we propose a novel objective function that enables multiple epochs of minibatch updates. The new methods, which we call proximal policy optimization (PPO), have some of the benefits of trust region policy optimization (TRPO), but they are much simpler to implement, more general, and have better sample complexity (empirically). Our experiments test PPO on a collection of benchmark tasks, including simulated robotic locomotion and Atari game playing, and we show that PPO outperforms other online policy gradient methods, and overall strikes a favorable balance between sample complexity, simplicity, and wall-time.",high,A1 | A2 | A4 | A6 | A7 | A8,6,A1=low | A2=low | A4=medium | A6=medium | A7=high | A8=low,"A1=The abstract does not expose a clear temporal mechanism connected to the lane. | A2=Discovers reusable temporal structure in sequential experience for downstream decision making or policy learning. | A4=Connects trajectory or demonstration choice to downstream policy learning, behavior, or offline-RL utility. | A6=Provides a policy, data, or control mechanism with a plausible path to learning from robot experience. | A7=We propose a new family of policy gradient methods for reinforcement learning, which alternate between sampling data through interaction with the environment, and optimizing a ""surrogate"" objective function using stochastic gradient ascent. | A8=The abstract does not identify a mechanism specifically for representation similarity, uncertainty-guided collection, or fleet exploration.","A1=Its mechanism is a plausible transfer to multimodal robot experience, action-observation alignment, or temporally aware policy training. | A2=The mechanism can turn long robot experience into reusable training units, skill memories, or better-conditioned policy targets. | A4=It is directly or plausibly transferable to selecting robot experience for policy learning. | A6=Offers a reusable mechanism for converting sequential experience into better policy or data decisions. | A7=It informs how data quantity, composition, or offline experience should affect policy training. | A8=It is a general policy-optimization baseline and does not answer what the fleet should collect next.",A1=false | A2=false | A4=false | A6=false | A7=true | A8=false,expansion_round_1 | expansion_round_2,,2017,arxiv:1707.06347 | paper:3153751192064643184 | paperid:3153751192064643184,arxiv:1707.06347,3153751192064643184,,20,references | related-papers | related-references | related-similar | similar,general,A1,false,false,false,true,A1/expansion-registry.json | A1/paper-registry-complete.json | A2/expansion-pool.json | A2/expansion-pool.jsonl | A4/expansion/round4/registry.jsonl | A5/canonical-pool.jsonl | A5/expansion/raw/round3-similar.json | A5/paper-registry.json | A6/expansion/canonical-pool.jsonl | A7/work/expansion-read-manifest.json | A7/work/expansion-registry.json | A7/work/expansion-registry.jsonl | A8/work/expansion-round2-novel.jsonl,A1/expansion-triage.jsonl | A2/expansion-triage.jsonl | A4/expansion/all-new-expansion-triage.jsonl | A6/expansion/triage.jsonl | A7/work/expansion-triage.jsonl | A8/work/expansion-round2-triage.jsonl | A8/work/expansion-round3-triage.jsonl
195,arxiv:1710.01813,1,HIGH,A2,Neural Task Programming: Learning to Generalize Across Hierarchical Tasks,arxiv:1710.01813,"In this work, we propose a novel robot learning framework called Neural Task Programming (NTP), which bridges the idea of few-shot learning from demonstration and neural program induction. NTP takes as input a task specification (e.g., video demonstration of a task) and recursively decomposes it into finer sub-task specifications. These specifications are fed to a hierarchical neural program, where bottom-level programs are callable subroutines that interact with the environment. We validate our method in three robot manipulation tasks. NTP achieves strong generalization across sequential tasks that exhibit hierarchal and compositional structures. The experimental results show that NTP learns to generalize well to- wards unseen tasks with increasing lengths, variable topologies, and changing objectives.",high,A2,1,A2=high,A2=Discovers reusable temporal structure in sequential experience for downstream decision making or policy learning.,"A2=The mechanism can turn long robot experience into reusable training units, skill memories, or better-conditioned policy targets.",A2=true,expansion_round_1,,2017,arxiv:1710.01813,,,,,,,A2,false,false,false,false,A2/expansion-pool.json | A2/expansion-pool.jsonl,A2/expansion-triage.jsonl
208,arxiv:1712.00004,1,HIGH,A2,Learnings Options End-to-End for Continuous Action Tasks,arxiv:1712.00004,"We present new results on learning temporally extended actions for continuoustasks, using the options framework (Suttonet al.[1999b], Precup [2000]). In orderto achieve this goal we work with the option-critic architecture (Baconet al.[2017])using a deliberation cost and train it with proximal policy optimization (Schulmanet al.[2017]) instead of vanilla policy gradient. Results on Mujoco domains arepromising, but lead to interesting questions aboutwhena given option should beused, an issue directly connected to the use of initiation sets.",high,A2,1,A2=high,A2=Discovers reusable temporal structure in sequential experience for downstream decision making or policy learning.,A2=The mechanism connects temporal structure to data selection or learning efficiency in the Program A loop.,A2=true,expansion_round_1,,2017,arxiv:1712.00004,arxiv:1712.00004,6530794043706519320,,2024 robot learning action chunking temporal abstraction trajectory,search-papers,true,A2,false,false,false,false,A2/canonical-pool.json | A2/canonical-pool.jsonl | A2/expansion-pool.json | A2/expansion-pool.jsonl | A2/raw/q38-2024-action-chunking.json,A2/expansion-triage.jsonl
221,arxiv:1802.10567,1,MEDIUM,A2 | A5,Learning by Playing - Solving Sparse Reward Tasks from Scratch,arxiv:1802.10567,"We propose Scheduled Auxiliary Control (SAC-X), a new learning paradigm in the context of Reinforcement Learning (RL). SAC-X enables learning of complex behaviors - from scratch - in the presence of multiple sparse reward signals. To this end, the agent is equipped with a set of general auxiliary tasks, that it attempts to learn simultaneously via off-policy RL. The key idea behind our method is that active (learned) scheduling and execution of auxiliary policies allows the agent to efficiently explore its environment - enabling it to excel at sparse reward RL. Our experiments in several challenging robotic manipulation settings demonstrate the power of our approach.",medium,A2 | A5,2,A2=low | A5=medium,"A2=Discovers reusable temporal structure in sequential experience for downstream decision making or policy learning. | A5=To this end, the agent is equipped with a set of general auxiliary tasks, that it attempts to learn simultaneously via off-policy RL.","A2=The mechanism can turn long robot experience into reusable training units, skill memories, or better-conditioned policy targets. | A5=The expansion tests whether this adaptive mixture mechanism adds a reusable way to control which robot experience influences policy training.",A2=false | A5=true,expansion_round_1,,2018,arxiv:1802.10567,arxiv:1802.10567,301213087444764419,,,,,A2 | A5,false,false,false,true,A2/expansion-pool.json | A2/expansion-pool.jsonl | A5/expansion/raw/round1-references.json,A2/expansion-triage.jsonl | A5/expansion/round1-triage.jsonl
234,arxiv:1806.00685,1,HIGH,A1,Hierarchical Attention-Based Recurrent Highway Networks for Time Series Prediction,arxiv:1806.00685,"Time series prediction has been studied in a variety of domains. However, it is still challenging to predict future series given historical observations and past exogenous data. Existing methods either fail to consider the interactions among different components of exogenous variables which may affect the prediction accuracy, or cannot model the correlations between exogenous data and target data. Besides, the inherent temporal dynamics of exogenous data are also related to the target series prediction, and thus should be considered as well. To address these issues, we propose an end-to-end deep learning model, i.e., Hierarchical attention-based Recurrent Highway Network (HRHN), which incorporates spatio-temporal feature extraction of exogenous variables and temporal dynamics modeling of target variables into a single framework. Moreover, by introducing the hierarchical attention mechanism, HRHN can adaptively select the relevant exogenous features in different semantic levels. We carry out comprehensive empirical evaluations with various methods over several datasets, and show that HRHN outperforms the state of the arts in time series prediction, especially in capturing sudden changes and sudden oscillations of time series.",high,A1,1,A1=high,"A1=The paper develops or evaluates a temporal correspondence, synchronization, delay, or sequence-representation mechanism for Hierarchical Attention-Based Recurrent Highway Networks for Time Series Prediction.","A1=Its mechanism is a plausible transfer to multimodal robot experience, action-observation alignment, or temporally aware policy training.",A1=true,expansion_round_3,,,arxiv:1806.00685,arxiv:1806.00685,8056686046808412773,,,related-papers-round3,,A1,false,false,false,false,A1/expansion-round3-registry.json | A1/paper-registry-complete.json,A1/expansion-round3-triage.jsonl
247,arxiv:1809.03371,1,MEDIUM,A1,Revisiting Inaccuracies of Time Series Averaging under Dynamic Time Warping,arxiv:1809.03371,"This article revisits an analysis on inaccuracies of time series averaging under dynamic time warping conducted by Niennattrakul2007. The authors presented a correctness-criterion and introduced drift-outs of averages from clusters. They claimed that averages are inaccurate if they are incorrect or drift-outs. Furthermore, they conjectured that such inaccuracies are caused by the lack of triangle inequality. We show that a rectified version of the correctness-criterion is unsatisfiable and that the concept of drift-out is geometrically and operationally inconclusive. Satisfying the triangle inequality is insufficient to achieve correctness and unnecessary to overcome the drift-out phenomenon. We place the concept of drift-out on a principled basis and show that sample means as global minimizers of a Fr'echet function never drift out. The adjusted drift-out is a way to test to which extent an approximation is coherent. Empirical results show that solutions obtained by the state-of-the-art methods SSG and DBA are incoherent approximations of a sample mean in over a third of all trials.",medium,A1,1,A1=medium,"A1=The paper develops or evaluates a temporal correspondence, synchronization, delay, or sequence-representation mechanism for Revisiting Inaccuracies of Time Series Averaging under Dynamic Time Warping.","A1=Its adjacent-domain method may provide a transferable alignment idea, but the robot transfer path requires verification.",A1=true,expansion_round_1,,,arxiv:1809.03371,arxiv:1809.03371,5188212938104490743,,,related-similar,,A1,false,false,false,false,A1/expansion-registry.json | A1/paper-registry-complete.json,A1/expansion-triage.jsonl
260,arxiv:1810.11583,1,HIGH,A2,Learning Abstract Options,arxiv:1810.11583,"Building systems that autonomously create temporal abstractions from data is a key challenge in scaling learning and planning in reinforcement learning. One popular approach for addressing this challenge is the options framework (Sutton et al., 1999). However, only recently in (Bacon et al., 2017) was a policy gradient theorem derived for online learning of general purpose options in an end to end fashion. In this work, we extend previous work on this topic that only focuses on learning a two-level hierarchy including options and primitive actions to enable learning simultaneously at multiple resolutions in time. We achieve this by considering an arbitrarily deep hierarchy of options where high level temporally extended options are composed of lower level options with finer resolutions in time. We extend results from (Bacon et al., 2017) and derive policy gradient theorems for a deep hierarchy of options. Our proposed hierarchical option-critic architecture is capable of learning internal policies, termination conditions, and hierarchical compositions over options without the need for any intrinsic rewards or subgoals. Our empirical results in both discrete and continuous environments demonstrate the efficiency of our framework.",high,A2,1,A2=high,"A2=Uses temporally extended actions, keyposes, or learned macro-actions to expose multi-step structure while retaining feedback or planning control.","A2=The mechanism can turn long robot experience into reusable training units, skill memories, or better-conditioned policy targets.",A2=true,expansion_round_1,,2018,arxiv:1810.11583,arxiv:1810.11583,3896262198105927795,,2024 robot learning action chunking temporal abstraction trajectory | hierarchical reinforcement learning options subgoals initiation termination | macro-actions options skills temporal abstraction sequential robot control | options framework temporal abstraction reinforcement learning | temporal abstraction long horizon manipulation sparse reward credit assignment | temporally abstract actions robot learning action chunks,search-papers,true,A2,false,false,false,false,A2/canonical-pool.json | A2/canonical-pool.jsonl | A2/expansion-pool.json | A2/expansion-pool.jsonl | A2/raw/q04-direct.json | A2/raw/q08-synonyms.json | A2/raw/q20-sparse-reward.json | A2/raw/q31-options.json | A2/raw/q32-hierarchical-rl.json | A2/raw/q38-2024-action-chunking.json,A2/expansion-triage.jsonl
273,arxiv:1812.02690,1,HIGH,A8,Provably Efficient Maximum Entropy Exploration,arxiv:1812.02690,"Suppose an agent is in a (possibly unknown) Markov Decision Process in the absence of a reward signal, what might we hope that an agent can efficiently learn to do? This work studies a broad class of objectives that are defined solely as functions of the state-visitation frequencies that are induced by how the agent behaves. For example, one natural, intrinsically defined, objective problem is for the agent to learn a policy which induces a distribution over state space that is as uniform as possible, which can be measured in an entropic sense. We provide an efficient algorithm to optimize such such intrinsically defined objectives, when given access to a black box planning oracle (which is robust to function approximation). Furthermore, when restricted to the tabular setting where we have sample based access to the MDP, our proposed algorithm is provably efficient, both in terms of its sample and computational complexities. Key to our algorithmic methodology is utilizing the conditional gradient method (a.k.a. the Frank-Wolfe algorithm) which utilizes an approximate MDP solver.",high,A8,1,A8=high,A8=Maximum-entropy exploration is optimized with uncertainty-aware guarantees to cover plausible state distributions efficiently.,A8=It provides theory for balancing broad coverage against exploration cost.,A8=true,expansion_round_3,,,arxiv:1812.02690 | paperid:5717461892973673400,,,,,,,A8,false,false,false,false,A8/work/expansion-round3-novel.jsonl,A8/work/expansion-round3-triage.jsonl
286,arxiv:1903.02874,1,HIGH,A1,COIN: A Large-scale Dataset for Comprehensive Instructional Video Analysis,arxiv:1903.02874,"There are substantial instructional videos on the Internet, which enables us to acquire knowledge for completing various tasks. However, most existing datasets for instructional video analysis have the limitations in diversity and scale,which makes them far from many real-world applications where more diverse activities occur. Moreover, it still remains a great challenge to organize and harness such data. To address these problems, we introduce a large-scale dataset called ""COIN"" for COmprehensive INstructional video analysis. Organized with a hierarchical structure, the COIN dataset contains 11,827 videos of 180 tasks in 12 domains (e.g., vehicles, gadgets, etc.) related to our daily life. With a new developed toolbox, all the videos are annotated effectively with a series of step descriptions and the corresponding temporal boundaries. Furthermore, we propose a simple yet effective method to capture the dependencies among different steps, which can be easily plugged into conventional proposal-based action detection methods for localizing important steps in instructional videos. In order to provide a benchmark for instructional video analysis, we evaluate plenty of approaches on the COIN dataset under different evaluation criteria. We expect the introduction of the COIN dataset will promote the future in-depth research on instructional video analysis for the community.",high,A1,1,A1=high,"A1=The paper develops or evaluates a temporal correspondence, synchronization, delay, or sequence-representation mechanism for COIN: A Large-scale Dataset for Comprehensive Instructional Video Analysis.","A1=Its mechanism is a plausible transfer to multimodal robot experience, action-observation alignment, or temporally aware policy training.",A1=true,expansion_round_1,,,arxiv:1903.02874,arxiv:1903.02874,9041867398368112497,,,related-similar,,A1,false,false,false,false,A1/expansion-registry.json | A1/paper-registry-complete.json,A1/expansion-triage.jsonl
299,arxiv:1904.07846,1,HIGH,A1,Temporal Cycle-Consistency Learning,arxiv:1904.07846,"We introduce a self-supervised representation learning method based on the task of temporal alignment between videos. The method trains a network using temporal cycle consistency (TCC), a differentiable cycle-consistency loss that can be used to find correspondences across time in multiple videos. The resulting per-frame embeddings can be used to align videos by simply matching frames using the nearest-neighbors in the learned embedding space. To evaluate the power of the embeddings, we densely label the Pouring and Penn Action video datasets for action phases. We show that (i) the learned embeddings enable few-shot classification of these action phases, significantly reducing the supervised training requirements; and (ii) TCC is complementary to other methods of self-supervised learning in videos, such as Shuffle and Learn and Time-Contrastive Networks. The embeddings are also used for a number of applications based on alignment (dense temporal correspondence) between video pairs, including transfer of metadata of synchronized modalities between videos (sounds, temporal semantic labels), synchronized playback of multiple videos, and anomaly detection. Project webpage: https://sites.google.com/view/temporal-cycle-consistency .",high,A1,1,A1=high,"A1=The paper develops or evaluates a temporal correspondence, synchronization, delay, or sequence-representation mechanism for Temporal Cycle-Consistency Learning.","A1=Its mechanism is a plausible transfer to multimodal robot experience, action-observation alignment, or temporally aware policy training.",A1=true,expansion_round_1,,,arxiv:1904.07846,arxiv:1904.07846,8623742208834864320,,,related-references | related-similar,,A1,false,false,false,false,A1/expansion-registry.json | A1/paper-registry-complete.json,A1/expansion-triage.jsonl
312,arxiv:1906.05274,1,HIGH,A8,Efficient Exploration via State Marginal Matching,arxiv:1906.05274,"Exploration is critical to a reinforcement learning agent's performance in its given environment. Prior exploration methods are often based on using heuristic auxiliary predictions to guide policy behavior, lacking a mathematically-grounded objective with clear properties. In contrast, we recast exploration as a problem of State Marginal Matching (SMM), where we aim to learn a policy for which the state marginal distribution matches a given target state distribution. The target distribution is a uniform distribution in most cases, but can incorporate prior knowledge if available. In effect, SMM amortizes the cost of learning to explore in a given environment. The SMM objective can be viewed as a two-player, zero-sum game between a state density model and a parametric policy, an idea that we use to build an algorithm for optimizing the SMM objective. Using this formalism, we further demonstrate that prior work approximately maximizes the SMM objective, offering an explanation for the success of these methods. On both simulated and real-world tasks, we demonstrate that agents that directly optimize the SMM objective explore faster and adapt more quickly to new tasks as compared to prior exploration methods.",high,A8,1,A8=high,"A8=An exploration policy matches its state marginal to a target distribution, encouraging broad and controllable state coverage.",A8=It turns representation coverage into an explicit distribution-matching objective for allocating exploratory rollouts.,A8=true,expansion_round_2,,,arxiv:1906.05274 | paperid:8358610980489444979,,,,,,,A8,false,false,false,false,A8/work/expansion-round2-novel.jsonl,A8/work/expansion-round2-triage.jsonl | A8/work/expansion-round3-triage.jsonl
325,arxiv:1907.05518,1,HIGH,A1,Graph-Structured Visual Imitation,arxiv:1907.05518,"We cast visual imitation as a visual correspondence problem. Our robotic agent is rewarded when its actions result in better matching of relative spatial configurations for corresponding visual entities detected in its workspace and teacher's demonstration. We build upon recent advances in Computer Vision,such as human finger keypoint detectors, object detectors trained on-the-fly with synthetic augmentations, and point detectors supervised by viewpoint changes and learn multiple visual entity detectors for each demonstration without human annotations or robot interactions. We empirically show the proposed factorized visual representations of entities and their spatial arrangements drive successful imitation of a variety of manipulation skills within minutes, using a single demonstration and without any environment instrumentation. It is robust to background clutter and can effectively generalize across environment variations between demonstrator and imitator, greatly outperforming unstructured non-factorized full-frame CNN encodings of previous works.",high,A1,1,A1=high,"A1=The paper develops or evaluates a temporal correspondence, synchronization, delay, or sequence-representation mechanism for Graph-Structured Visual Imitation.","A1=Its mechanism is a plausible transfer to multimodal robot experience, action-observation alignment, or temporally aware policy training.",A1=true,expansion_round_1,,,arxiv:1907.05518,arxiv:1907.05518,3994842541428777435,,A8 | q01-direct,related-references,,A1,false,false,false,false,A1/expansion-inspection-manifest.json | A1/expansion-registry.json | A1/paper-registry-complete.json | A8/raw/q01-direct.json | A8/work/canonical-pool.jsonl,A1/expansion-triage.jsonl
338,arxiv:1909.12271,1,HIGH,A1 | A4 | A5,RLBench: The Robot Learning Benchmark & Learning Environment,arxiv:1909.12271,"We present a challenging new benchmark and learning-environment for robot learning: RLBench. The benchmark features 100 completely unique, hand-designed tasks ranging in difficulty, from simple target reaching and door opening, to longer multi-stage tasks, such as opening an oven and placing a tray in it. We provide an array of both proprioceptive observations and visual observations, which include rgb, depth, and segmentation masks from an over-the-shoulder stereo camera and an eye-in-hand monocular camera. Uniquely, each task comes with an infinite supply of demos through the use of motion planners operating on a series of waypoints given during task creation time; enabling an exciting flurry of demonstration-based learning. RLBench has been designed with scalability in mind; new tasks, along with their motion-planned demos, can be easily created and then verified by a series of tools, allowing users to submit their own tasks to the RLBench task repository. This large-scale benchmark aims to accelerate progress in a number of vision-guided manipulation research areas, including: reinforcement learning, imitation learning, multi-task learning, geometric computer vision, and in particular, few-shot learning. With the benchmark's breadth of tasks and demonstrations, we propose the first large-scale few-shot challenge in robotics. We hope that the scale and diversity of RLBench offers unparalleled research opportunities in the robot learning community and beyond.",high,A1 | A4 | A5,3,A1=high | A4=medium | A5=high,"A1=The paper develops or evaluates a temporal correspondence, synchronization, delay, or sequence-representation mechanism for RLBench: The Robot Learning Benchmark & Learning Environment. | A4=Connects trajectory or demonstration choice to downstream policy learning, behavior, or offline-RL utility. | A5=The benchmark features 100 completely unique, hand-designed tasks ranging in difficulty, from simple target reaching and door opening, to longer multi-stage tasks, such as opening an oven and placing a tray in it.","A1=Its mechanism is a plausible transfer to multimodal robot experience, action-observation alignment, or temporally aware policy training. | A4=It is directly or plausibly transferable to selecting robot experience for policy learning. | A5=This adaptive mixture neighbor tests whether the expansion adds a reusable mechanism for controlling robot experience in policy training.",A1=true | A4=true | A5=true,expansion_round_1 | expansion_round_2,,2019,arxiv:1909.12271 | paper:6892148114340942289,arxiv:1909.12271,6892148114340942289,,,related-references,foundational,A1,false,false,false,true,A1/expansion-inspection-manifest.json | A1/expansion-registry.json | A1/paper-registry-complete.json | A4/expansion/round3/registry.jsonl | A4/expansion/round4/registry.jsonl | A5/expansion/raw/round2-similar.json | A5/expansion/raw/round3-similar.json | A7/raw/q01-direct-terms.json | A7/raw/q25-foundational-multitask.json | A7/work/expansion-registry.json | A7/work/expansion-registry.jsonl | A7/work/paper-registry.json | A7/work/paper-registry.jsonl | A7/work/verified-paper-registry.json | A7/work/verified-paper-registry.jsonl,A1/expansion-triage.jsonl | A4/expansion/all-new-expansion-triage.jsonl | A5/expansion/round2-triage.jsonl
351,arxiv:1912.03095,1,MEDIUM,A1,Video to Events: Recycling Video Datasets for Event Cameras,arxiv:1912.03095,"Event cameras are novel sensors that output brightness changes in the form of a stream of asynchronous ""events"" instead of intensity frames. They offer significant advantages with respect to conventional cameras: high dynamic range (HDR), high temporal resolution, and no motion blur. Recently, novel learning approaches operating on event data have achieved impressive results. Yet, these methods require a large amount of event data for training, which is hardly available due the novelty of event sensors in computer vision research. In this paper, we present a method that addresses these needs by converting any existing video dataset recorded with conventional cameras to synthetic event data. This unlocks the use of a virtually unlimited number of existing video datasets for training networks designed for real event data. We evaluate our method on two relevant vision tasks, i.e., object recognition and semantic segmentation, and show that models trained on synthetic events have several benefits: (i) they generalize well to real event data, even in scenarios where standard-camera images are blurry or overexposed, by inheriting the outstanding properties of event cameras; (ii) they can be used for fine-tuning on real data to improve over state-of-the-art for both classification and semantic segmentation.",medium,A1,1,A1=medium,"A1=The paper develops or evaluates a temporal correspondence, synchronization, delay, or sequence-representation mechanism for Video to Events: Recycling Video Datasets for Event Cameras.","A1=Its adjacent-domain method may provide a transferable alignment idea, but the robot transfer path requires verification.",A1=true,expansion_round_1,,,arxiv:1912.03095,arxiv:1912.03095,7191104061774885847,,,related-references,,A1,false,false,false,false,A1/expansion-registry.json | A1/paper-registry-complete.json,A1/expansion-triage.jsonl
364,arxiv:2002.12334,1,HIGH,A4,A Distributional Framework for Data Valuation,arxiv:2002.12334,"Shapley value is a classic notion from game theory, historically used to quantify the contributions of individuals within groups, and more recently applied to assign values to data points when training machine learning models. Despite its foundational role, a key limitation of the data Shapley framework is that it only provides valuations for points within a fixed data set. It does not account for statistical aspects of the data and does not give a way to reason about points outside the data set. To address these limitations, we propose a novel framework -- distributional Shapley -- where the value of a point is defined in the context of an underlying data distribution. We prove that distributional Shapley has several desirable statistical properties; for example, the values are stable under perturbations to the data points themselves and to the underlying data distribution. We leverage these properties to develop a new algorithm for estimating values from data, which comes with formal guarantees and runs two orders of magnitude faster than state-of-the-art algorithms for computing the (non-distributional) data Shapley values. We apply distributional Shapley to diverse data sets and demonstrate its utility in a data market setting.",high,A4,1,A4=high,"A4=Assigns a value or contribution score to training data so useful, harmful, or complementary examples can be retained or reweighted.",A4=It offers a direct or transferable way to connect robot experience choices to learned policy behavior.,A4=true,primary_assignment,,,arxiv:2002.12334 | paper:8484531100130183844,arxiv:2002.12334,8484531100130183844,,q02-synonyms | q07-shapley | q22-datashapley,semantic-search,,A4,false,false,false,false,A4/assigned-papers.json | A4/assigned-registry-inspected.jsonl | A4/assigned-registry-preinspect.jsonl | A4/canonical-registry.jsonl | A4/raw/q02-synonyms.json | A4/raw/q07-shapley.json | A4/raw/q22-datashapley.json,A4/abstract-triage.jsonl
377,arxiv:2004.12570,1,HIGH,A8,The Ingredients of Real-World Robotic Reinforcement Learning,arxiv:2004.12570,"The success of reinforcement learning for real world robotics has been, in many cases limited to instrumented laboratory scenarios, often requiring arduous human effort and oversight to enable continuous learning. In this work, we discuss the elements that are needed for a robotic learning system that can continually and autonomously improve with data collected in the real world. We propose a particular instantiation of such a system, using dexterous manipulation as our case study. Subsequently, we investigate a number of challenges that come up when learning without instrumentation. In such settings, learning must be feasible without manually designed resets, using only on-board perception, and without hand-engineered reward functions. We propose simple and scalable solutions to these challenges, and then demonstrate the efficacy of our proposed system on a set of dexterous robotic manipulation tasks, providing an in-depth analysis of the challenges associated with this learning paradigm. We demonstrate that our complete system can learn without any human intervention, acquiring a variety of vision-based skills with a real-world three-fingered hand. Results and videos can be found at https://sites.google.com/view/realworld-rl/",high,A8,1,A8=high,"A8=An autonomous real-world learning system combines onboard perception, reset-free interaction, and scalable self-supervised reward signals.",A8=It motivates measuring collection value by autonomous coverage and continual improvement rather than in-domain fit alone.,A8=true,expansion_round_1,,,arxiv:2004.12570 | paperid:4323846862724677420,,,,,related-papers,,A8,false,false,false,false,A8/work/expansion-novel.jsonl | A8/work/expansion-pool.jsonl,A8/work/expansion-triage.jsonl
390,arxiv:2007.04309,1,HIGH,A1 | A4 | A7,Self-Supervised Policy Adaptation during Deployment,arxiv:2007.04309,"In most real world scenarios, a policy trained by reinforcement learning in one environment needs to be deployed in another, potentially quite different environment. However, generalization across different environments is known to be hard. A natural solution would be to keep training after deployment in the new environment, but this cannot be done if the new environment offers no reward signal. Our work explores the use of self-supervision to allow the policy to continue training after deployment without using any rewards. While previous methods explicitly anticipate changes in the new environment, we assume no prior knowledge of those changes yet still obtain significant improvements. Empirical evaluations are performed on diverse simulation environments from DeepMind Control suite and ViZDoom, as well as real robotic manipulation tasks in continuously changing environments, taking observations from an uncalibrated camera. Our method improves generalization in 31 out of 36 environments across various tasks and outperforms domain randomization on a majority of environments.",high,A1 | A4 | A7,3,A1=low | A4=medium | A7=high,"A1=The abstract does not expose a clear temporal mechanism connected to the lane. | A4=Uses a valuation or attribution signal to estimate the contribution of training examples to model or policy outcomes. | A7=In most real world scenarios, a policy trained by reinforcement learning in one environment needs to be deployed in another, potentially quite different environment.","A1=Its mechanism is a plausible transfer to multimodal robot experience, action-observation alignment, or temporally aware policy training. | A4=It is directly or plausibly transferable to selecting robot experience for policy learning. | A7=It informs how data quantity, composition, or offline experience should affect policy training.",A1=false | A4=true | A7=true,expansion_round_1 | expansion_round_2,,,arxiv:2007.04309 | paper:2006202443956549374,arxiv:2007.04309,2006202443956549374,,,references | related-papers-round2,,A1,false,false,false,true,A1/expansion-round2-registry.json | A1/paper-registry-complete.json | A4/expansion/round3/registry.jsonl | A7/work/expansion-registry.json | A7/work/expansion-registry.jsonl,A1/expansion-round2-triage.jsonl | A4/expansion/all-new-expansion-triage.jsonl | A7/work/expansion-triage.jsonl
403,arxiv:2010.02193,1,MEDIUM,A8,Mastering Atari with Discrete World Models,arxiv:2010.02193,"Intelligent agents need to generalize from past experience to achieve goals in complex environments. World models facilitate such generalization and allow learning behaviors from imagined outcomes to increase sample-efficiency. While learning world models from image inputs has recently become feasible for some tasks, modeling Atari games accurately enough to derive successful behaviors has remained an open challenge for many years. We introduce DreamerV2, a reinforcement learning agent that learns behaviors purely from predictions in the compact latent space of a powerful world model. The world model uses discrete representations and is trained separately from the policy. DreamerV2 constitutes the first agent that achieves human-level performance on the Atari benchmark of 55 tasks by learning behaviors inside a separately trained world model. With the same computational budget and wall-clock time, Dreamer V2 reaches 200M frames and surpasses the final performance of the top single-GPU agents IQN and Rainbow. DreamerV2 is also applicable to tasks with continuous actions, where it learns an accurate world model of a complex humanoid robot and solves stand-up and walking from only pixel inputs.",medium,A8,1,A8=medium,A8=A compact discrete world model learns latent dynamics and plans actions through imagined trajectories.,"A8=It is an adjacent precedent for model-based information-seeking representations, though not a robotics collection study.",A8=true,expansion_round_3,,,arxiv:2010.02193 | paperid:3511812109083918553,,,,,,,A8,false,false,false,false,A8/work/expansion-round3-novel.jsonl,A8/work/expansion-round3-triage.jsonl
416,arxiv:2010.10181,1,HIGH,A3 | A6,Robust Imitation Learning from Noisy Demonstrations,arxiv:2010.10181,"Robust learning from noisy demonstrations is a practical but highly challenging problem in imitation learning. In this paper, we first theoretically show that robust imitation learning can be achieved by optimizing a classification risk with a symmetric loss. Based on this theoretical finding, we then propose a new imitation learning method that optimizes the classification risk by effectively combining pseudo-labeling with co-training. Unlike existing methods, our method does not require additional labels or strict assumptions about noise distributions. Experimental results on continuous-control benchmarks show that our method is more robust compared to state-of-the-art methods.",high,A3 | A6,2,A3=high | A6=high,"A3=Symmetric-loss classification risk combined with pseudo-labeling and co-training provides robustness without a specified noise distribution. | A6=Estimates demonstration quality or latent expertise to filter, weight, or optimize learning from mixed-quality experience.",A3=It offers a noise-model-light baseline for action-label corruption in imitation learning. | A6=Shows how heterogeneous demonstrations can contribute without treating every transition as equally trustworthy.,A3=true | A6=true,expansion_round_1 | primary_assignment,Voot Tangkaratt | Nontawat Charoenphakdee | Masashi Sugiyama,2020,arxiv:2010.10181,arxiv:2010.10181,4853416372676424039,cs.AI | cs.LG | stat.ML,q01-direct | q06-syn-noisy-demo | q20-foundational-robust,firecrawl research search-papers | related-papers,general,A3,false,false,false,false,A3/assigned-papers.json | A3/evidence-index.json | A3/expansion-registry.json | A3/paper-registry.json | A3/raw/q01-direct.txt | A3/raw/q20-foundational-robust.txt | A5/canonical-pool.jsonl | A5/paper-registry.json | A6/expansion/canonical-pool.jsonl | A6/raw-retrieval/q06-syn-noisy-demo.json | A6/work/canonical-pool.jsonl,A3/abstract-triage.jsonl | A6/expansion/triage.jsonl
429,arxiv:2011.13885,1,HIGH,A3 | A4 | A5 | A6,Offline Learning from Demonstrations and Unlabeled Experience,arxiv:2011.13885,"Behavior cloning (BC) is often practical for robot learning because it allows a policy to be trained offline without rewards, by supervised learning on expert demonstrations. However, BC does not effectively leverage what we will refer to as unlabeled experience: data of mixed and unknown quality without reward annotations. This unlabeled data can be generated by a variety of sources such as human teleoperation, scripted policies and other agents on the same robot. Towards data-driven offline robot learning that can use this unlabeled experience, we introduce Offline Reinforced Imitation Learning (ORIL). ORIL first learns a reward function by contrasting observations from demonstrator and unlabeled trajectories, then annotates all data with the learned reward, and finally trains an agent via offline reinforcement learning. Across a diverse set of continuous control and simulated robotic manipulation tasks, we show that ORIL consistently outperforms comparable BC agents by effectively leveraging unlabeled experience.",high,A3 | A4 | A5 | A6,4,A3=high | A4=high | A5=high | A6=high,"A3=Offline reinforced imitation learning combines expert demonstrations with unlabeled mixed-quality experience through learned value structure. | A4=Ranks or weights trajectories/transitions according to return, coverage, value, or policy-improvement utility in offline learning. | A5=Behavior cloning (BC) is often practical for robot learning because it allows a policy to be trained offline without rewards, by supervised learning on expert demonstrations. | A6=Infers quality, reward, value, or preferences from mixed-outcome demonstrations to reweight or improve actions.","A3=It shows how a training loop can exploit broad experience while preserving a preference for demonstrated success. | A4=It offers a direct or transferable way to connect robot experience choices to learned policy behavior. | A5=It supplies an adjacent-domain sampling, weighting, or selection mechanism whose transfer to robot experience should be checked during inspection. | A6=Turns success, failure, and relative-quality signals into supervision for experience selection or policy improvement.",A3=true | A4=true | A5=true | A6=true,primary_assignment,"Konrad Zolna, Alexander Novikov, Ksenia Konyushkova, Caglar Gulcehre, Ziyu Wang, Yusuf Aytar, Misha Denil, Nando de Freitas, Scott Reed",2020,arxiv:2011.13885 | paper:1398826677212629428,arxiv:2011.13885,1398826677212629428,cs.AI | cs.LG | cs.RO | stat.ML,4 | 54 | 56 | q01-direct | q04-mislabeled | q11-mech-quality-weighted | q27-found-offline-rl | q31-recent-mixed-quality | q31-trajectory-rank,firecrawl research search-papers | related-papers | search-papers | semantic-search,general,A3 | A4 | A5 | A6,true,true,false,false,A3/assigned-papers.json | A3/evidence-index.json | A3/paper-registry.json | A3/raw/q04-mislabeled.txt | A4/assigned-papers.json | A4/assigned-registry-inspected.jsonl | A4/assigned-registry-preinspect.jsonl | A4/canonical-registry.jsonl | A4/raw/q01-direct.json | A4/raw/q31-trajectory-rank.json | A5/assigned-papers.json | A5/canonical-pool.jsonl | A5/evidence-ledger.jsonl | A5/inspection-manifest.json | A5/paper-registry.json | A5/read-manifest.json | A6/expansion/canonical-pool.jsonl | A6/raw-retrieval/q11-mech-quality-weighted.json | A6/raw-retrieval/q27-found-offline-rl.json | A6/raw-retrieval/q31-recent-mixed-quality.json | A6/registry-assignment.jsonl | A6/work/assigned-registry-inspected.jsonl | A6/work/assigned-registry-preinspect.jsonl | A6/work/canonical-pool.jsonl | A6/work/evidence-index.jsonl,A3/abstract-triage.jsonl | A4/abstract-triage.jsonl | A5/assigned-abstracts.jsonl | A6/triage.jsonl
442,arxiv:2102.08921,1,MEDIUM,A1,How Faithful is your Synthetic Data? Sample-level Metrics for Evaluating and Auditing Generative Models,arxiv:2102.08921,"Devising domain- and model-agnostic evaluation metrics for generative models is an important and as yet unresolved problem. Most existing metrics, which were tailored solely to the image synthesis setup, exhibit a limited capacity for diagnosing the different modes of failure of generative models across broader application domains. In this paper, we introduce a 3-dimensional evaluation metric, (α-Precision, β-Recall, Authenticity), that characterizes the fidelity, diversity and generalization performance of any generative model in a domain-agnostic fashion. Our metric unifies statistical divergence measures with precision-recall analysis, enabling sample- and distribution-level diagnoses of model fidelity and diversity. We introduce generalization as an additional, independent dimension (to the fidelity-diversity trade-off) that quantifies the extent to which a model copies training data -- a crucial performance indicator when modeling sensitive data with requirements on privacy. The three metric components correspond to (interpretable) probabilistic quantities, and are estimated via sample-level binary classification. The sample-level nature of our metric inspires a novel use case which we call model auditing, wherein we judge the quality of individual samples generated by a (black-box) model, discarding low-quality samples and hence improving the overall model performance in a post-hoc manner.",medium,A1,1,A1=medium,"A1=The paper develops or evaluates a temporal correspondence, synchronization, delay, or sequence-representation mechanism for How Faithful is your Synthetic Data? Sample-level Metrics for Evaluating and Auditing Generative Models.","A1=Its adjacent-domain method may provide a transferable alignment idea, but the robot transfer path requires verification.",A1=true,expansion_round_2,,,arxiv:2102.08921,arxiv:2102.08921,212521854571461782,,,related-papers-round2,,A1,false,false,false,false,A1/expansion-round2-registry.json | A1/paper-registry-complete.json,A1/expansion-round2-triage.jsonl
455,arxiv:2103.12021,1,MEDIUM,A8,Bridging Offline Reinforcement Learning and Imitation Learning: A Tale of Pessimism,arxiv:2103.12021,"Offline (or batch) reinforcement learning (RL) algorithms seek to learn an optimal policy from a fixed dataset without active data collection. Based on the composition of the offline dataset, two main categories of methods are used: imitation learning which is suitable for expert datasets and vanilla offline RL which often requires uniform coverage datasets. From a practical standpoint, datasets often deviate from these two extremes and the exact data composition is usually unknown a priori. To bridge this gap, we present a new offline RL framework that smoothly interpolates between the two extremes of data composition, hence unifying imitation learning and vanilla offline RL. The new framework is centered around a weak version of the concentrability coefficient that measures the deviation from the behavior policy to the expert policy alone. Under this new framework, we further investigate the question on algorithm design: can one develop an algorithm that achieves a minimax optimal rate and also adapts to unknown data composition? To address this question, we consider a lower confidence bound (LCB) algorithm developed based on pessimism in the face of uncertainty in offline RL. We study finite-sample properties of LCB as well as information-theoretic limits in multi-armed bandits, contextual bandits, and Markov decision processes (MDPs). Our analysis reveals surprising facts about optimality rates. In particular, in all three settings, LCB achieves a faster rate of 1/N for nearly-expert datasets compared to the usual rate of 1/√N in offline RL, where N is the number of samples in the batch dataset. In the case of contextual bandits with at least two contexts, we prove that LCB is adaptively optimal for the entire data composition range, achieving a smooth transition from imitation learning to offline RL. We further show that LCB is almost adaptively optimal in MDPs.",medium,A8,1,A8=medium,A8=A lower-confidence-bound offline RL method adapts policy updates to unknown mixtures of expert and suboptimal data using pessimism under uncertainty.,A8=It clarifies how uncertainty and behavior-distribution composition should affect the value assigned to offline robot experience.,A8=true,primary_assignment,,2021,arxiv:2103.12021,arxiv:2103.12021,386131465566908983,,A8 | q18-adjacent,search-papers,foundational,A8,false,false,false,false,A7/raw/q23-offline-support.json | A7/work/paper-registry.json | A7/work/paper-registry.jsonl | A7/work/verified-paper-registry.json | A7/work/verified-paper-registry.jsonl | A8/raw/q18-adjacent.json | A8/work/assigned-papers.json | A8/work/canonical-pool.jsonl,A8/work/abstract-triage.jsonl | A8/work/assigned-abstracts.jsonl
468,arxiv:2106.03911,1,HIGH,A3 | A7,XIRL: Cross-embodiment Inverse Reinforcement Learning,arxiv:2106.03911,"We investigate the visual cross-embodiment imitation setting, in which agents learn policies from videos of other agents (such as humans) demonstrating the same task, but with stark differences in their embodiments -- shape, actions, end-effector dynamics, etc. In this work, we demonstrate that it is possible to automatically discover and learn vision-based reward functions from cross-embodiment demonstration videos that are robust to these differences. Specifically, we present a self-supervised method for Cross-embodiment Inverse Reinforcement Learning (XIRL) that leverages temporal cycle-consistency constraints to learn deep visual embeddings that capture task progression from offline videos of demonstrations across multiple expert agents, each performing the same task differently due to embodiment differences. Prior to our work, producing rewards from self-supervised embeddings typically required alignment with a reference trajectory, which may be difficult to acquire under stark embodiment differences. We show empirically that if the embeddings are aware of task progress, simply taking the negative distance between the current state and goal state in the learned embedding space is useful as a reward for training policies with reinforcement learning. We find our learned reward function not only works for embodiments seen during training, but also generalizes to entirely new embodiments. Additionally, when transferring real-world human demonstrations to a simulated robot, we find that XIRL is more sample efficient than current best methods. Qualitative results, code, and datasets are available at https://x-irl.github.io",high,A3 | A7,2,A3=high | A7=high,"A3=The paper develops or evaluates XIRL: Cross-embodiment Inverse Reinforcement Learning, with a mechanism for selecting, weighting, repairing, auditing, or robustifying experience. | A7=Learns task-progress embeddings with temporal cycle consistency and uses embedding distance as an embodiment-robust reward.",A3=Its related-paper mechanism is plausibly transferable to the Program A data-to-policy loop and merits targeted review. | A7=It demonstrates how behavior-relevant progress representations can transfer across morphology when raw actions cannot.,A3=true | A7=true,expansion_round_1 | primary_assignment,"Kevin Zakka, Andy Zeng, Pete Florence, Jonathan Tompson, Jeannette Bohg, Debidatta Dwibedi",2021,arxiv:2106.03911,arxiv:2106.03911,4353705513931831690,cs.AI | cs.CV | cs.LG | cs.RO,q11-human-robot,firecrawl research related-papers | search-papers,foundational,A3 | A7,false,true,true,false,A1/expansion-registry.json | A1/paper-registry-complete.json | A1/paper-registry.json | A1/raw/q11-human-robot.json | A3/expansion-registry.json | A3/paper-registry.json | A7/raw/q03-heterogeneous.json | A7/raw/q38-shared-policy.json | A7/work/assigned-papers.json | A7/work/assigned-papers.jsonl | A7/work/paper-registry.json | A7/work/paper-registry.jsonl | A7/work/read-manifest.json | A7/work/verified-paper-registry.json | A7/work/verified-paper-registry.jsonl,A3/expansion-triage.jsonl | A7/work/abstract-triage.jsonl | A7/work/assigned-abstracts.jsonl
481,arxiv:2107.07746,1,MEDIUM,A7,Rectifying the Shortcut Learning of Background for Few-Shot Learning,arxiv:2107.07746,"The category gap between training and evaluation has been characterised as one of the main obstacles to the success of Few-Shot Learning (FSL). In this paper, we for the first time empirically identify image background, common in realistic images, as a shortcut knowledge helpful for in-class classification but ungeneralizable beyond training categories in FSL. A novel framework, COSOC, is designed to tackle this problem by extracting foreground objects in images at both training and evaluation without any extra supervision. Extensive experiments carried on inductive FSL tasks demonstrate the effectiveness of our approaches.",medium,A7,1,A7=medium,A7=The category gap between training and evaluation has been characterised as one of the main obstacles to the success of Few-Shot Learning (FSL).,A7=It helps diagnose or reduce behavior-distribution mismatch and spurious dependence under deployment shift.,A7=false,expansion_round_1,,,arxiv:2107.07746,,,,,references,,A7,false,false,false,false,A7/work/expansion-registry.json | A7/work/expansion-registry.jsonl,A7/work/expansion-triage.jsonl
494,arxiv:2108.06706,1,HIGH,A1,Temporal Action Segmentation with High-level Complex Activity Labels,arxiv:2108.06706,"The temporal action segmentation task segments videos temporally and predicts action labels for all frames. Fully supervising such a segmentation model requires dense frame-wise action annotations, which are expensive and tedious to collect. This work is the first to propose a Constituent Action Discovery (CAD) framework that only requires the video-wise high-level complex activity label as supervision for temporal action segmentation. The proposed approach automatically discovers constituent video actions using an activity classification task. Specifically, we define a finite number of latent action prototypes to construct video-level dual representations with which these prototypes are learned collectively through the activity classification training. This setting endows our approach with the capability to discover potentially shared actions across multiple complex activities. Due to the lack of action-level supervision, we adopt the Hungarian matching algorithm to relate latent action prototypes to ground truth semantic classes for evaluation. We show that with the high-level supervision, the Hungarian matching can be extended from the existing video and activity levels to the global level. The global-level matching allows for action sharing across activities, which has never been considered in the literature before. Extensive experiments demonstrate that our discovered actions can help perform temporal action segmentation and activity recognition tasks.",high,A1,1,A1=high,"A1=The paper develops or evaluates a temporal correspondence, synchronization, delay, or sequence-representation mechanism for Temporal Action Segmentation with High-level Complex Activity Labels.","A1=Its mechanism is a plausible transfer to multimodal robot experience, action-observation alignment, or temporally aware policy training.",A1=true,expansion_round_2,,2021,arxiv:2108.06706,arxiv:2108.06706,1136580757785294051,,human activity recognition temporal action segmentation weak supervision | video action segmentation temporal boundary detection subaction discovery,related-papers-round2 | related-papers-round3,false,A1,false,false,false,false,A1/expansion-round2-registry.json | A1/expansion-round3-registry.json | A1/paper-registry-complete.json | A2/canonical-pool.json | A2/canonical-pool.jsonl | A2/raw/q23-human-activity.json | A2/raw/q24-video-segmentation.json,A1/expansion-round2-triage.jsonl
507,arxiv:2109.12098,1,MEDIUM,A4,CLIPort: What and Where Pathways for Robotic Manipulation,arxiv:2109.12098,"How can we imbue robots with the ability to manipulate objects precisely but also to reason about them in terms of abstract concepts? Recent works in manipulation have shown that end-to-end networks can learn dexterous skills that require precise spatial reasoning, but these methods often fail to generalize to new goals or quickly learn transferable concepts across tasks. In parallel, there has been great progress in learning generalizable semantic representations for vision and language by training on large-scale internet data, however these representations lack the spatial understanding necessary for fine-grained manipulation. To this end, we propose a framework that combines the best of both worlds: a two-stream architecture with semantic and spatial pathways for vision-based manipulation. Specifically, we present CLIPort, a language-conditioned imitation-learning agent that combines the broad semantic understanding (what) of CLIP [1] with the spatial precision (where) of Transporter [2]. Our end-to-end framework is capable of solving a variety of language-specified tabletop tasks from packing unseen objects to folding cloths, all without any explicit representations of object poses, instance segmentations, memory, symbolic states, or syntactic structures. Experiments in simulated and real-world settings show that our approach is data efficient in few-shot settings and generalizes effectively to seen and unseen semantic concepts. We even learn one multi-task policy for 10 simulated and 9 real-world tasks that is better or comparable to single-task policies.",medium,A4,1,A4=medium,"A4=Connects trajectory or demonstration choice to downstream policy learning, behavior, or offline-RL utility.",A4=It is directly or plausibly transferable to selecting robot experience for policy learning.,A4=false,expansion_round_1,,,arxiv:2109.12098 | paper:592400215618343385,,,,,,,A4,false,false,false,false,A4/expansion/round4/registry.jsonl,A4/expansion/all-new-expansion-triage.jsonl
520,arxiv:2110.09514,1,HIGH,A1,Discovering and Achieving Goals via World Models,arxiv:2110.09514,"How can artificial agents learn to solve many diverse tasks in complex visual environments in the absence of any supervision? We decompose this question into two problems: discovering new goals and learning to reliably achieve them. We introduce Latent Explorer Achiever (LEXA), a unified solution to these that learns a world model from image inputs and uses it to train an explorer and an achiever policy from imagined rollouts. Unlike prior methods that explore by reaching previously visited states, the explorer plans to discover unseen surprising states through foresight, which are then used as diverse targets for the achiever to practice. After the unsupervised phase, LEXA solves tasks specified as goal images zero-shot without any additional learning. LEXA substantially outperforms previous approaches to unsupervised goal-reaching, both on prior benchmarks and on a new challenging benchmark with a total of 40 test tasks spanning across four standard robotic manipulation and locomotion domains. LEXA further achieves goals that require interacting with multiple objects in sequence. Finally, to demonstrate the scalability and generality of LEXA, we train a single general agent across four distinct environments. Code and videos at https://orybkin.github.io/lexa/",high,A1,1,A1=high,"A1=The paper develops or evaluates a temporal correspondence, synchronization, delay, or sequence-representation mechanism for Discovering and Achieving Goals via World Models.","A1=Its mechanism is a plausible transfer to multimodal robot experience, action-observation alignment, or temporally aware policy training.",A1=true,expansion_round_2,,,arxiv:2110.09514,arxiv:2110.09514,3076055568652607584,,,related-papers-round2,,A1,false,false,false,false,A1/expansion-round2-registry.json | A1/paper-registry-complete.json,A1/expansion-round2-triage.jsonl
533,arxiv:2111.13680,1,MEDIUM,A8,GMFlow: Learning Optical Flow via Global Matching,arxiv:2111.13680,"Learning-based optical flow estimation has been dominated with the pipeline of cost volume with convolutions for flow regression, which is inherently limited to local correlations and thus is hard to address the long-standing challenge of large displacements. To alleviate this, the state-of-the-art framework RAFT gradually improves its prediction quality by using a large number of iterative refinements, achieving remarkable performance but introducing linearly increasing inference time. To enable both high accuracy and efficiency, we completely revamp the dominant flow regression pipeline by reformulating optical flow as a global matching problem, which identifies the correspondences by directly comparing feature similarities. Specifically, we propose a GMFlow framework, which consists of three main components: a customized Transformer for feature enhancement, a correlation and softmax layer for global feature matching, and a self-attention layer for flow propagation. We further introduce a refinement step that reuses GMFlow at higher feature resolution for residual flow prediction. Our new framework outperforms 31-refinements RAFT on the challenging Sintel benchmark, while using only one refinement and running faster, suggesting a new paradigm for accurate and efficient optical flow estimation. Code is available at https://github.com/haofeixu/gmflow.",medium,A8,1,A8=medium,"A8=Global feature matching estimates dense optical flow without local correlation assumptions, producing motion-aligned visual representations.","A8=Reliable flow features can support motion similarity retrieval for robot data, although this paper is not robot-collection research.",A8=true,expansion_round_2,,,arxiv:2111.13680 | paperid:8150943524275412906,,,,,,,A8,false,false,false,false,A8/work/expansion-round2-novel.jsonl,A8/work/expansion-round2-triage.jsonl
546,arxiv:2201.12096,1,MEDIUM,A8,Mask-based Latent Reconstruction for Reinforcement Learning,arxiv:2201.12096,"For deep reinforcement learning (RL) from pixels, learning effective state representations is crucial for achieving high performance. However, in practice, limited experience and high-dimensional inputs prevent effective representation learning. To address this, motivated by the success of mask-based modeling in other research fields, we introduce mask-based reconstruction to promote state representation learning in RL. Specifically, we propose a simple yet effective self-supervised method, Mask-based Latent Reconstruction (MLR), to predict complete state representations in the latent space from the observations with spatially and temporally masked pixels. MLR enables better use of context information when learning state representations to make them more informative, which facilitates the training of RL agents. Extensive experiments show that our MLR significantly improves the sample efficiency in RL and outperforms the state-of-the-art sample-efficient RL methods on multiple continuous and discrete control benchmarks. Our code is available at https://github.com/microsoft/Mask-based-Latent-Reconstruction.",medium,A8,1,A8=medium,A8=Masked latent reconstruction pretrains state representations to predict missing information useful for downstream control.,"A8=It supplies a self-supervised test of representation information content, although active collection is indirect.",A8=true,expansion_round_3,,,arxiv:2201.12096 | paperid:1803132302257290666,,,,,,,A8,false,false,false,false,A8/work/expansion-round3-novel.jsonl,A8/work/expansion-round3-triage.jsonl
559,arxiv:2203.08949,1,HIGH,A5,Latent-Variable Advantage-Weighted Policy Optimization for Offline RL,arxiv:2203.08949,"Offline reinforcement learning methods hold the promise of learning policies from pre-collected datasets without the need to query the environment for new transitions. This setting is particularly well-suited for continuous control robotic applications for which online data collection based on trial-and-error is costly and potentially unsafe. In practice, offline datasets are often heterogeneous, i.e., collected in a variety of scenarios, such as data from several human demonstrators or from policies that act with different purposes. Unfortunately, such datasets can exacerbate the distribution shift between the behavior policy underlying the data and the optimal policy to be learned, leading to poor performance. To address this challenge, we propose to leverage latent-variable policies that can represent a broader class of policy distributions, leading to better adherence to the training data distribution while maximizing reward via a policy over the latent variable. As we empirically show on a range of simulated locomotion, navigation, and manipulation tasks, our method referred to as latent-variable advantage-weighted policy optimization (LAPO), improves the average performance of the next best-performing offline reinforcement learning methods by 49% on heterogeneous datasets, and by 8% on datasets with narrow and biased distributions.",high,A5,1,A5=high,"A5=As we empirically show on a range of simulated locomotion, navigation, and manipulation tasks, our method referred to as latent-variable advantage-weighted policy optimization (LAPO), improves the average performance of the next best-performing offline reinforcement learning m.","A5=It informs how contribution weights can align training with quality, advantage, density, or task importance in the robot experience-to-policy loop.",A5=true,primary_assignment,"Xi Chen, Ali Ghadirzadeh, Tianhe Yu, Yuan Gao, Jianhao Wang, Wenzhe Li, Bin Liang, Chelsea Finn, Chongjie Zhang",,arxiv:2203.08949 | paper:874415918567867362,,paper:874415918567867362,cs.LG,52,search-papers,general,A5,false,false,false,false,A5/assigned-papers.json | A5/canonical-pool.jsonl | A5/evidence-ledger.jsonl | A5/inspection-manifest.json | A5/paper-registry.json | A5/read-manifest.json,A5/assigned-abstracts.jsonl
572,arxiv:2204.08327,1,MEDIUM,A6,Automatic Encoding and Repair of Reactive High-Level Tasks with Learned Abstract Representations,arxiv:2204.08327,"We present a framework that, given a set of skills a robot can perform, abstracts sensor data into symbols that we use to automatically encode the robot's capabilities in Linear Temporal Logic. We specify reactive high-level tasks based on these capabilities, for which a strategy is automatically synthesized and executed on the robot, if the task is feasible. If a task is not feasible given the robot's capabilities, we present two methods, one enumeration-based and one synthesis-based, for automatically suggesting additional skills for the robot or modifications to existing skills that would make the task feasible. We demonstrate our framework on a Baxter robot manipulating blocks on a table, a Baxter robot manipulating plates on a table, and a Kinova arm manipulating vials, with multiple sensor modalities, including raw images.",medium,A6,1,A6=medium,"A6=Learns or supplies recovery, correction, retry, repair, or replanning behavior from failed or perturbed executions.",A6=Makes failure states informative for robust execution and for deciding what corrective data to collect next.,A6=false,expansion_round_1,,,arxiv:2204.08327,arxiv:2204.08327,8575105773474933745,,,related-papers,,A6,false,false,false,false,A6/expansion/canonical-pool.jsonl,A6/expansion/triage.jsonl
585,arxiv:2206.00667,1,HIGH,A3,How Biased are Your Features?: Computing Fairness Influence Functions with Global Sensitivity Analysis,arxiv:2206.00667,"Fairness in machine learning has attained significant focus due to the widespread application in high-stake decision-making tasks. Unregulated machine learning classifiers can exhibit bias towards certain demographic groups in data, thus the quantification and mitigation of classifier bias is a central concern in fairness in machine learning. In this paper, we aim to quantify the influence of different features in a dataset on the bias of a classifier. To do this, we introduce the Fairness Influence Function (FIF). This function breaks down bias into its components among individual features an",high,A3,1,A3=high,"A3=The paper develops or evaluates How Biased are Your Features?: Computing Fairness Influence Functions with Global Sensitivity Analysis, offering a mechanism related to failure detection, correction, attribution, or robot-data use.",A3=The mechanism is plausibly transferable to the Program A experience-to-policy loop and merits follow-up.,A3=true,expansion_round_3,,2022,arxiv:2206.00667,,,,,firecrawl research related-papers,,A3,false,false,false,false,A3/paper-registry.json | A3/round3-registry.json,A3/round3-triage.jsonl
598,arxiv:2207.10050,1,HIGH,A3 | A6,Discriminator-Weighted Offline Imitation Learning from Suboptimal Demonstrations,arxiv:2207.10050,"We study the problem of offline Imitation Learning (IL) where an agent aims to learn an optimal expert behavior policy without additional online environment interactions. Instead, the agent is provided with a supplementary offline dataset from suboptimal behaviors. Prior works that address this problem either require that expert data occupies the majority proportion of the offline dataset, or need to learn a reward function and perform offline reinforcement learning (RL) afterwards. In this paper, we aim to address the problem without additional steps of reward learning and offline RL training for the case when demonstrations contain a large proportion of suboptimal data. Built upon behavioral cloning (BC), we introduce an additional discriminator to distinguish expert and non-expert data. We propose a cooperation framework to boost the learning of both tasks, Based on this framework, we design a new IL algorithm, where the outputs of discriminator serve as the weights of the BC loss. Experimental results show that our proposed algorithm achieves higher returns and faster training speed compared to baseline algorithms.",high,A3 | A6,2,A3=high | A6=high,"A3=A discriminator supplies example weights so offline imitation can use suboptimal data without an extra reward-learning stage. | A6=Estimates demonstration quality or latent expertise to filter, weight, or optimize learning from mixed-quality experience.",A3=It is a simple mechanism for converting a learned quality boundary into training influence. | A6=Shows how heterogeneous demonstrations can contribute without treating every transition as equally trustworthy.,A3=true | A6=true,expansion_round_1 | primary_assignment,Haoran Xu | Xianyuan Zhan | Honglei Yin | Huiling Qin,2022,arxiv:2207.10050,arxiv:2207.10050,5227204761196325432,cs.AI | cs.LG,q05-quality-scoring | q05-syn-suboptimal-demo | q10-suboptimal | q11-mech-quality-weighted | q12-mech-offline-failures | q26-found-irl | q27-found-offline-rl,firecrawl research search-papers | related-papers,general,A3,false,false,false,false,A3/assigned-papers.json | A3/evidence-index.json | A3/expansion-registry.json | A3/paper-registry.json | A3/raw/q05-quality-scoring.txt | A3/raw/q10-suboptimal.txt | A4/canonical-registry.jsonl | A4/raw/q13-harmful-demo.json | A5/canonical-pool.jsonl | A5/paper-registry.json | A5/raw/q01-direct.json | A6/expansion/canonical-pool.jsonl | A6/raw-retrieval/q05-syn-suboptimal-demo.json | A6/raw-retrieval/q11-mech-quality-weighted.json | A6/raw-retrieval/q12-mech-offline-failures.json | A6/raw-retrieval/q26-found-irl.json | A6/raw-retrieval/q27-found-offline-rl.json | A6/work/canonical-pool.jsonl,A3/abstract-triage.jsonl | A6/expansion/triage.jsonl
611,arxiv:2209.14792,1,MEDIUM,A7,Make-A-Video: Text-to-Video Generation without Text-Video Data,arxiv:2209.14792,"We propose Make-A-Video -- an approach for directly translating the tremendous recent progress in Text-to-Image (T2I) generation to Text-to-Video (T2V). Our intuition is simple: learn what the world looks like and how it is described from paired text-image data, and learn how the world moves from unsupervised video footage. Make-A-Video has three advantages: (1) it accelerates training of the T2V model (it does not need to learn visual and multimodal representations from scratch), (2) it does not require paired text-video data, and (3) the generated videos inherit the vastness (diversity in aesthetic, fantastical depictions, etc.) of today's image generation models. We design a simple yet effective way to build on T2I models with novel and effective spatial-temporal modules. First, we decompose the full temporal U-Net and attention tensors and approximate them in space and time. Second, we design a spatial temporal pipeline to generate high resolution and frame rate videos with a video decoder, interpolation model and two super resolution models that can enable various applications besides T2V. In all aspects, spatial and temporal resolution, faithfulness to text, and quality, Make-A-Video sets the new state-of-the-art in text-to-video generation, as determined by both qualitative and quantitative measures.",medium,A7,1,A7=medium,A7=We propose Make-A-Video -- an approach for directly translating the tremendous recent progress in Text-to-Image (T2I) generation to Text-to-Video (T2V).,"A7=It expands or measures task, environment, object, or observation coverage for more robust behavior.",A7=true,expansion_round_1,,,arxiv:2209.14792,,,,,references,,A7,false,false,false,false,A7/work/expansion-registry.json | A7/work/expansion-registry.jsonl,A7/work/expansion-triage.jsonl
624,arxiv:2210.08073,1,HIGH,A3 | A8,Eliciting Compatible Demonstrations for Multi-Human Imitation Learning,arxiv:2210.08073,"Imitation learning from human-provided demonstrations is a strong approach for learning policies for robot manipulation. While the ideal dataset for imitation learning is homogenous and low-variance -- reflecting a single, optimal method for performing a task -- natural human behavior has a great deal of heterogeneity, with several optimal ways to demonstrate a task. This multimodality is inconsequential to human users, with task variations manifesting as subconscious choices; for example, reaching down, then across to grasp an object, versus reaching across, then down. Yet, this mismatch presents a problem for interactive imitation learning, where sequences of users improve on a policy by iteratively collecting new, possibly conflicting demonstrations. To combat this problem of demonstrator incompatibility, this work designs an approach for 1) measuring the compatibility of a new demonstration given a base policy, and 2) actively eliciting more compatible demonstrations from new users. Across two simulation tasks requiring long-horizon, dexterous manipulation and a real-world ""food plating"" task with a Franka Emika Panda arm, we show that we can both identify incompatible demonstrations via post-hoc filtering, and apply our compatibility measure to actively elicit compatible demonstrations from new users, leading to improved task success rates across simulated and real environments.",high,A3 | A8,2,A3=high | A8=high,A3=Compatible-demonstration elicitation reduces harmful multimodality by selecting human examples that share task-compatible behavior. | A8=A compatibility measure detects demonstrations inconsistent with a base policy and guides new users toward compatible behavior modes.,A3=It distinguishes legitimate diversity from incompatible supervision. | A8=It makes demonstrator heterogeneity actionable during collection instead of filtering incompatible data only after training.,A3=true | A8=true,expansion_round_1,Kanishk Gandhi | Siddharth Karamcheti | Madeline Liao | Dorsa Sadigh,2022,arxiv:2210.08073 | paperid:1816269465177196816,arxiv:2210.08073,paper:1816269465177196816,cs.AI | cs.HC | cs.RO,3,firecrawl research related-papers | related-papers,general,A3,false,false,false,false,A3/expansion-registry.json | A3/paper-registry.json | A3/round2-registry.json | A5/canonical-pool.jsonl | A5/paper-registry.json | A7/raw/q15-long-tail-failure.json | A7/work/paper-registry.json | A7/work/paper-registry.jsonl | A7/work/verified-paper-registry.json | A7/work/verified-paper-registry.jsonl | A8/work/expansion-novel.jsonl | A8/work/expansion-pool.jsonl,A3/expansion-triage.jsonl | A8/work/expansion-triage.jsonl
637,arxiv:2211.01724,1,MEDIUM,A8,Learning Control by Iterative Inversion,arxiv:2211.01724,"We propose iterative inversion -- an algorithm for learning an inverse function without input-output pairs, but only with samples from the desired output distribution and access to the forward function. The key challenge is a distribution shift between the desired outputs and the outputs of an initial random guess, and we prove that iterative inversion can steer the learning correctly, under rather strict conditions on the function. We apply iterative inversion to learn control. Our input is a set of demonstrations of desired behavior, given as video embeddings of trajectories (without actions), and our method iteratively learns to imitate trajectories generated by the current policy, perturbed by random exploration noise. Our approach does not require rewards, and only employs supervised learning, which can be easily scaled to use state-of-the-art trajectory embedding techniques and policy representations. Indeed, with a VQ-VAE embedding, and a transformer-based policy, we demonstrate non-trivial continuous control on several tasks. Further, we report an improved performance on imitating diverse behaviors compared to reward based methods.",medium,A8,1,A8=medium,A8=Iterative inversion uses model-predicted consequences to refine actions toward desired outcomes instead of relying on a single behavioral mapping.,"A8=It provides a transferable mechanism for judging candidate experience by controllability and outcome information, though not a direct fleet selector.",A8=true,expansion_round_1,,,arxiv:2211.01724 | paperid:7837170183424733943,,,,,related-papers,,A8,false,false,false,false,A8/work/expansion-novel.jsonl | A8/work/expansion-pool.jsonl,A8/work/expansion-triage.jsonl
650,arxiv:2212.04873,1,HIGH,A1,Multimodal Prototype-Enhanced Network for Few-Shot Action Recognition,arxiv:2212.04873,"Current methods for few-shot action recognition mainly fall into the metric learning framework following ProtoNet, which demonstrates the importance of prototypes. Although they achieve relatively good performance, the effect of multimodal information is ignored, e.g. label texts. In this work, we propose a novel MultimOdal PRototype-ENhanced Network (MORN), which uses the semantic information of label texts as multimodal information to enhance prototypes. A CLIP visual encoder and a frozen CLIP text encoder are introduced to obtain features with good multimodal initialization. Then in the visual flow, visual prototypes are computed by a visual prototype-computed module. In the text flow, a semantic-enhanced (SE) module and an inflating operation are used to obtain text prototypes. The final multimodal prototypes are then computed by a multimodal prototype-enhanced (MPE) module. Besides, we define a PRototype SImilarity DiffErence (PRIDE) to evaluate the quality of prototypes, which is used to verify our improvement on the prototype level and effectiveness of MORN. We conduct extensive experiments on four popular few-shot action recognition datasets: HMDB51, UCF101, Kinetics and SSv2, and MORN achieves state-of-the-art results. When plugging PRIDE into the training stage, the performance can be further improved.",high,A1,1,A1=high,"A1=The paper develops or evaluates a temporal correspondence, synchronization, delay, or sequence-representation mechanism for Multimodal Prototype-Enhanced Network for Few-Shot Action Recognition.","A1=Its mechanism is a plausible transfer to multimodal robot experience, action-observation alignment, or temporally aware policy training.",A1=true,expansion_round_3,,,arxiv:2212.04873,arxiv:2212.04873,203805559968563950,,,related-papers-round3,,A1,false,false,false,false,A1/expansion-round3-registry.json | A1/paper-registry-complete.json,A1/expansion-round3-triage.jsonl
663,arxiv:2301.11520,1,MEDIUM,A8,SNeRL: Semantic-aware Neural Radiance Fields for Reinforcement Learning,arxiv:2301.11520,"As previous representations for reinforcement learning cannot effectively incorporate a human-intuitive understanding of the 3D environment, they usually suffer from sub-optimal performances. In this paper, we present Semantic-aware Neural Radiance Fields for Reinforcement Learning (SNeRL), which jointly optimizes semantic-aware neural radiance fields (NeRF) with a convolutional encoder to learn 3D-aware neural implicit representation from multi-view images. We introduce 3D semantic and distilled feature fields in parallel to the RGB radiance fields in NeRF to learn semantic and object-centric representation for reinforcement learning. SNeRL outperforms not only previous pixel-based representations but also recent 3D-aware representations both in model-free and model-based reinforcement learning.",medium,A8,1,A8=medium,A8=Semantic-aware neural radiance fields encode visual scene structure for planning and reinforcement learning.,"A8=Structured scene representations can improve similarity across visual conditions, but active data selection is not central.",A8=true,expansion_round_3,,,arxiv:2301.11520 | paperid:7383674499473498188,,,,,,,A8,false,false,false,false,A8/work/expansion-round3-novel.jsonl,A8/work/expansion-round3-triage.jsonl
676,arxiv:2302.03921,1,HIGH,A8,Predictable MDP Abstraction for Unsupervised Model-Based RL,arxiv:2302.03921,"A key component of model-based reinforcement learning (RL) is a dynamics model that predicts the outcomes of actions. Errors in this predictive model can degrade the performance of model-based controllers, and complex Markov decision processes (MDPs) can present exceptionally difficult prediction problems. To mitigate this issue, we propose predictable MDP abstraction (PMA): instead of training a predictive model on the original MDP, we train a model on a transformed MDP with a learned action space that only permits predictable, easy-to-model actions, while covering the original state-action space as much as possible. As a result, model learning becomes easier and more accurate, which allows robust, stable model-based planning or model-based RL. This transformation is learned in an unsupervised manner, before any task is specified by the user. Downstream tasks can then be solved with model-based control in a zero-shot fashion, without additional environment interactions. We theoretically analyze PMA and empirically demonstrate that PMA leads to significant improvements over prior unsupervised model-based RL approaches in a range of benchmark environments. Our code and videos are available at https://seohong.me/projects/pma/",high,A8,1,A8=high,A8=Predictable abstractions compress states into a representation that preserves controllable transition structure for model-based exploration.,A8=It supports evaluating representation quality by predictability and control relevance rather than reconstruction alone.,A8=true,expansion_round_3,,,arxiv:2302.03921 | paperid:8933142407356267571,,,,,,,A8,false,false,false,false,A8/work/expansion-round3-novel.jsonl,A8/work/expansion-round3-triage.jsonl
689,arxiv:2303.01514,1,MEDIUM,A8,Control flow in active inference systems,arxiv:2303.01514,"Living systems face both environmental complexity and limited access to free-energy resources. Survival under these conditions requires a control system that can activate, or deploy, available perception and action resources in a context specific way. We show here that when systems are described as executing active inference driven by the free-energy principle (and hence can be considered Bayesian prediction-error minimizers), their control flow systems can always be represented as tensor networks (TNs). We show how TNs as control systems can be implmented within the general framework of quantum topological neural networks, and discuss the implications of these results for modeling biological systems at multiple scales.",medium,A8,1,A8=medium,A8=Active-inference control selects actions by combining expected preference satisfaction with epistemic belief reduction.,A8=It provides an adjacent formalism for joint task utility and information value.,A8=true,expansion_round_3,,,arxiv:2303.01514 | paperid:5992974089625459798,,,,,,,A8,false,false,false,false,A8/work/expansion-round3-novel.jsonl,A8/work/expansion-round3-triage.jsonl
702,arxiv:2303.14502,1,HIGH,A7,VERN: Vegetation-aware Robot Navigation in Dense Unstructured Outdoor Environments,arxiv:2303.14502,"We propose a novel method for autonomous legged robot navigation in densely vegetated environments with a variety of pliable/traversable and non-pliable/untraversable vegetation. We present a novel few-shot learning classifier that can be trained on a few hundred RGB images to differentiate flora that can be navigated through, from the ones that must be circumvented. Using the vegetation classification and 2D lidar scans, our method constructs a vegetation-aware traversability cost map that accurately represents the pliable and non-pliable obstacles with lower, and higher traversability costs, respectively. Our cost map construction accounts for misclassifications of the vegetation and further lowers the risk of collisions, freezing and entrapment in vegetation during navigation. Furthermore, we propose holonomic recovery behaviors for the robot for scenarios where it freezes, or gets physically entrapped in dense, pliable vegetation. We demonstrate our method on a Boston Dynamics Spot robot in real-world unstructured environments with sparse and dense tall grass, bushes, trees, etc. We observe an increase of 25-90% in success rates, 10-90% decrease in freezing rate, and up to 65% decrease in the false positive rate compared to existing methods.",high,A7,1,A7=high,A7=We propose a novel method for autonomous legged robot navigation in densely vegetated environments with a variety of pliable/traversable and non-pliable/untraversable vegetation.,A7=It offers an adjacent mechanism for making robot experience more useful to downstream policy learning.,A7=true,expansion_round_1,,,arxiv:2303.14502,,,,,similar,,A7,false,false,false,false,A7/work/expansion-registry.json | A7/work/expansion-registry.jsonl,A7/work/expansion-triage.jsonl
715,arxiv:2304.13265,1,HIGH,A1,StepFormer: Self-supervised Step Discovery and Localization in Instructional Videos,arxiv:2304.13265,"Instructional videos are an important resource to learn procedural tasks from human demonstrations. However, the instruction steps in such videos are typically short and sparse, with most of the video being irrelevant to the procedure. This motivates the need to temporally localize the instruction steps in such videos, i.e. the task called key-step localization. Traditional methods for key-step localization require video-level human annotations and thus do not scale to large datasets. In this work, we tackle the problem with no human supervision and introduce StepFormer, a self-supervised model that discovers and localizes instruction steps in a video. StepFormer is a transformer decoder that attends to the video with learnable queries, and produces a sequence of slots capturing the key-steps in the video. We train our system on a large dataset of instructional videos, using their automatically-generated subtitles as the only source of supervision. In particular, we supervise our system with a sequence of text narrations using an order-aware loss function that filters out irrelevant phrases. We show that our model outperforms all previous unsupervised and weakly-supervised approaches on step detection and localization by a large margin on three challenging benchmarks. Moreover, our model demonstrates an emergent property to solve zero-shot multi-step localization and outperforms all relevant baselines at this task.",high,A1,1,A1=high,"A1=The paper develops or evaluates a temporal correspondence, synchronization, delay, or sequence-representation mechanism for StepFormer: Self-supervised Step Discovery and Localization in Instructional Videos.","A1=Its mechanism is a plausible transfer to multimodal robot experience, action-observation alignment, or temporally aware policy training.",A1=true,expansion_round_2,,,arxiv:2304.13265,arxiv:2304.13265,5937389788364227779,,,related-papers-round2,,A1,false,false,false,false,A1/expansion-round2-registry.json | A1/paper-registry-complete.json,A1/expansion-round2-triage.jsonl
728,arxiv:2305.11206,1,MEDIUM,A4,LIMA: Less Is More for Alignment,arxiv:2305.11206,"Large language models are trained in two stages: (1) unsupervised pretraining from raw text, to learn general-purpose representations, and (2) large scale instruction tuning and reinforcement learning, to better align to end tasks and user preferences. We measure the relative importance of these two stages by training LIMA, a 65B parameter LLaMa language model fine-tuned with the standard supervised loss on only 1,000 carefully curated prompts and responses, without any reinforcement learning or human preference modeling. LIMA demonstrates remarkably strong performance, learning to follow specific response formats from only a handful of examples in the training data, including complex queries that range from planning trip itineraries to speculating about alternate history. Moreover, the model tends to generalize well to unseen tasks that did not appear in the training data. In a controlled human study, responses from LIMA are either equivalent or strictly preferred to GPT-4 in 43% of cases; this statistic is as high as 58% when compared to Bard and 65% versus DaVinci003, which was trained with human feedback. Taken together, these results strongly suggest that almost all knowledge in large language models is learned during pretraining, and only limited instruction tuning data is necessary to teach models to produce high quality output.",medium,A4,1,A4=medium,A4=Provides adjacent evidence about how data composition affects learning outcomes.,A4=It extends the A4 mechanism space with adjacent data-centric evidence.,A4=true,expansion_round_1,,,arxiv:2305.11206 | paper:1222891735679884773,,,,,,,A4,false,false,false,false,A4/expansion/round3/registry.jsonl,A4/expansion/all-new-expansion-triage.jsonl
741,arxiv:2306.07919,1,HIGH,A3 | A6,Skill Disentanglement for Imitation Learning from Suboptimal Demonstrations,arxiv:2306.07919,"Imitation learning has achieved great success in many sequential decision-making tasks, in which a neural agent is learned by imitating collected human demonstrations. However, existing algorithms typically require a large number of high-quality demonstrations that are difficult and expensive to collect. Usually, a trade-off needs to be made between demonstration quality and quantity in practice. Targeting this problem, in this work we consider the imitation of sub-optimal demonstrations, with both a small clean demonstration set and a large noisy set. Some pioneering works have been proposed, but they suffer from many limitations, e.g., assuming a demonstration to be of the same optimality throughout time steps and failing to provide any interpretation w.r.t knowledge learned from the noisy set. Addressing these problems, we propose by evaluating and imitating at the sub-demonstration level, encoding action primitives of varying quality into different skills. Concretely, consists of a high-level controller to discover skills and a skill-conditioned module to capture action-taking policies, and is trained following a two-phase pipeline by first discovering skills with all demonstrations and then adapting the controller to only the clean set. A mutual-information-based regularization and a dynamic sub-demonstration optimality estimator are designed to promote disentanglement in the skill space. Extensive experiments are conducted over two gym environments and a real-world healthcare dataset to demonstrate the superiority of in learning from sub-optimal demonstrations and its improved interpretability by examining learned skills.",high,A3 | A6,2,A3=high | A6=high,"A3=Skill disentanglement separates reusable skill structure from noise in a small clean plus large noisy demonstration mixture. | A6=Selects, segments, repairs, or stitches trajectory prefixes and subsequences so training emphasizes feasible and informative behavior.",A3=It offers a representation-level route to exploiting weak data without copying every suboptimal action. | A6=Provides a way to preserve useful partial progress while suppressing harmful or redundant trajectory content.,A3=true | A6=true,primary_assignment,"Tianxiang Zhao, Wenchao Yu, Suhang Wang, Lu Wang, Xiang Zhang, Yuncong Chen, Yanchi Liu, Wei Cheng, Haifeng Chen",2023,arxiv:2306.07919,arxiv:2306.07919,3186562648206839816,cs.LG,q01-direct | q05-syn-suboptimal-demo | q06-syn-noisy-demo | q19-adj-autonomous-driving | q20-adj-human-activity,firecrawl research search-papers | search-papers,general,A3 | A6,true,true,false,false,A3/assigned-papers.json | A3/evidence-index.json | A3/paper-registry.json | A3/raw/q01-direct.txt | A5/canonical-pool.jsonl | A5/paper-registry.json | A6/raw-retrieval/q05-syn-suboptimal-demo.json | A6/raw-retrieval/q06-syn-noisy-demo.json | A6/raw-retrieval/q19-adj-autonomous-driving.json | A6/raw-retrieval/q20-adj-human-activity.json | A6/registry-assignment.jsonl | A6/work/assigned-registry-inspected.jsonl | A6/work/assigned-registry-preinspect.jsonl | A6/work/canonical-pool.jsonl | A6/work/evidence-index.jsonl,A3/abstract-triage.jsonl | A6/triage.jsonl
754,arxiv:2307.05405,1,HIGH,A6,Boosting Feedback Efficiency of Interactive Reinforcement Learning by Adaptive Learning from Scores,arxiv:2307.05405,"Interactive reinforcement learning has shown promise in learning complex robotic tasks. However, the process can be human-intensive due to the requirement of a large amount of interactive feedback. This paper presents a new method that uses scores provided by humans instead of pairwise preferences to improve the feedback efficiency of interactive reinforcement learning. Our key insight is that scores can yield significantly more data than pairwise preferences. Specifically, we require a teacher to interactively score the full trajectories of an agent to train a behavioral policy in a sparse reward environment. To avoid unstable scores given by humans negatively impacting the training process, we propose an adaptive learning scheme. This enables the learning paradigm to be insensitive to imperfect or unreliable scores. We extensively evaluate our method for robotic locomotion and manipulation tasks. The results show that the proposed method can efficiently learn near-optimal policies by adaptive learning from scores while requiring less feedback compared to pairwise preference learning methods. The source codes are publicly available at https://github.com/SSKKai/Interactive-Scoring-IRL.",high,A6,1,A6=high,"A6=Estimates demonstration quality or latent expertise to filter, weight, or optimize learning from mixed-quality experience.",A6=Shows how heterogeneous demonstrations can contribute without treating every transition as equally trustworthy.,A6=true,expansion_round_1,,,arxiv:2307.05405,arxiv:2307.05405,5274517079018214007,,,related-papers,,A6,false,false,false,false,A6/expansion/canonical-pool.jsonl,A6/expansion/triage.jsonl
767,arxiv:2308.09346,1,HIGH,A1,Boosting Few-shot Action Recognition with Graph-guided Hybrid Matching,arxiv:2308.09346,"Class prototype construction and matching are core aspects of few-shot action recognition. Previous methods mainly focus on designing spatiotemporal relation modeling modules or complex temporal alignment algorithms. Despite the promising results, they ignored the value of class prototype construction and matching, leading to unsatisfactory performance in recognizing similar categories in every task. In this paper, we propose GgHM, a new framework with Graph-guided Hybrid Matching. Concretely, we learn task-oriented features by the guidance of a graph neural network during class prototype construction, optimizing the intra- and inter-class feature correlation explicitly. Next, we design a hybrid matching strategy, combining frame-level and tuple-level matching to classify videos with multivariate styles. We additionally propose a learnable dense temporal modeling module to enhance the video feature temporal representation to build a more solid foundation for the matching process. GgHM shows consistent improvements over other challenging baselines on several few-shot datasets, demonstrating the effectiveness of our method. The code will be publicly available at https://github.com/jiazheng-xing/GgHM.",high,A1,1,A1=high,"A1=The paper develops or evaluates a temporal correspondence, synchronization, delay, or sequence-representation mechanism for Boosting Few-shot Action Recognition with Graph-guided Hybrid Matching.","A1=Its mechanism is a plausible transfer to multimodal robot experience, action-observation alignment, or temporally aware policy training.",A1=true,expansion_round_3,,,arxiv:2308.09346,arxiv:2308.09346,268417157038989710,,,related-papers-round3,,A1,false,false,false,false,A1/expansion-round3-registry.json | A1/paper-registry-complete.json,A1/expansion-round3-triage.jsonl
780,arxiv:2309.17203,1,HIGH,A8,ComSD: Balancing Behavioral Quality and Diversity in Unsupervised Skill Discovery,arxiv:2309.17203,"This work has been submitted to the IEEE for possible publication. Copyright may be transferred without notice, after which this version may no longer be accessible. Unsupervised skill discovery seeks to acquire different useful skills without extrinsic reward via unsupervised Reinforcement Learning (RL), with the discovered skills efficiently adapting to multiple downstream tasks in various ways. However, recent advanced skill discovery methods struggle to well balance state exploration and skill diversity, particularly when the potential skills are rich and hard to discern. In this paper, we propose Contrastive dynamic Skill Discovery (ComSD)Code and videos: https://github.com/liuxin0824/ComSD which generates diverse and exploratory unsupervised skills through a novel intrinsic incentive, named contrastive dynamic reward. It contains a particle-based exploration reward to make agents access far-reaching states for exploratory skill acquisition, and a novel contrastive diversity reward to promote the discriminability between different skills. Moreover, a novel dynamic weighting mechanism between the above two rewards is proposed to balance state exploration and skill diversity, which further enhances the quality of the discovered skills. Extensive experiments and analysis demonstrate that ComSD can generate diverse behaviors at different exploratory levels for multi-joint robots, enabling state-of-the-art adaptation performance on challenging downstream tasks. It can also discover distinguishable and far-reaching exploration skills in the challenging tree-like 2D maze.",high,A8,1,A8=high,A8=ComSD jointly optimizes behavioral quality and diversity so discovered skills are both distinct and controllable.,A8=It directly addresses the quality-versus-novelty tradeoff in selecting useful fleet behavior.,A8=true,expansion_round_3,,,arxiv:2309.17203 | paperid:8485078664697898184,,,,,,,A8,false,false,false,false,A8/work/expansion-round3-novel.jsonl,A8/work/expansion-round3-triage.jsonl
793,arxiv:2310.14386,1,HIGH,A7,Learning Generalizable Manipulation Policies with Object-Centric 3D Representations,arxiv:2310.14386,"We introduce GROOT, an imitation learning method for learning robust policies with object-centric and 3D priors. GROOT builds policies that generalize beyond their initial training conditions for vision-based manipulation. It constructs object-centric 3D representations that are robust toward background changes and camera views and reason over these representations using a transformer-based policy. Furthermore, we introduce a segmentation correspondence model that allows policies to generalize to new objects at test time. Through comprehensive experiments, we validate the robustness of GROOT policies against perceptual variations in simulated and real-world environments. GROOT's performance excels in generalization over background changes, camera viewpoint shifts, and the presence of new object instances, whereas both state-of-the-art end-to-end learning methods and object proposal-based approaches fall short. We also extensively evaluate GROOT policies on real robots, where we demonstrate the efficacy under very wild changes in setup. More videos and model details can be found in the appendix and the project website: https://ut-austin-rpl.github.io/GROOT .",high,A7,1,A7=high,"A7=We introduce GROOT, an imitation learning method for learning robust policies with object-centric and 3D priors.",A7=It helps diagnose or reduce behavior-distribution mismatch and spurious dependence under deployment shift.,A7=true,expansion_round_1,,,arxiv:2310.14386,,,,,references,,A7,false,false,false,false,A7/work/expansion-registry.json | A7/work/expansion-registry.jsonl,A7/work/expansion-triage.jsonl
806,arxiv:2311.04163,1,MEDIUM,A4,Outliers with Opposing Signals Have an Outsized Effect on Neural Network Optimization,arxiv:2311.04163,"We identify a new phenomenon in neural network optimization which arises from the interaction of depth and a particular heavy-tailed structure in natural data. Our result offers intuitive explanations for several previously reported observations about network training dynamics. In particular, it implies a conceptually new cause for progressive sharpening and the edge of stability; we also highlight connections to other concepts in optimization and generalization including grokking, simplicity bias, and Sharpness-Aware Minimization. Experimentally, we demonstrate the significant influence of paired groups of outliers in the training data with strong opposing signals: consistent, large magnitude features which dominate the network output throughout training and provide gradients which point in opposite directions. Due to these outliers, early optimization enters a narrow valley which carefully balances the opposing groups; subsequent sharpening causes their loss to rise rapidly, oscillating between high on one group and then the other, until the overall loss spikes. We describe how to identify these groups, explore what sets them apart, and carefully study their effect on the network's optimization and behavior. We complement these experiments with a mechanistic explanation on a toy example of opposing signals and a theoretical analysis of a two-layer linear network on a simple model. Our finding enables new qualitative predictions of training behavior which we confirm experimentally. It also provides a new lens through which to study and improve modern training practices for stochastic optimization, which we highlight via a case study of Adam versus SGD.",medium,A4,1,A4=medium,A4=Uses data valuation or attribution to estimate example contribution to model or policy outcomes.,A4=It provides adjacent evidence for data-efficient training intelligence.,A4=true,expansion_round_1,,,arxiv:2311.04163 | paper:5832674150620378498,,,,,related-paper-expansion,,A4,false,false,false,false,A4/expansion/expansion-registry.jsonl,A4/expansion/expansion-triage.jsonl
819,arxiv:2312.05024,1,MEDIUM,A1,A Unified Framework for Unsupervised Domain Adaptation based on Instance Weighting,arxiv:2312.05024,"Despite the progress made in domain adaptation, solving Unsupervised Domain Adaptation (UDA) problems with a general method under complex conditions caused by label shifts between domains remains a formidable task. In this work, we comprehensively investigate four distinct UDA settings including closed set domain adaptation, partial domain adaptation, open set domain adaptation, and universal domain adaptation, where shared common classes between source and target domains coexist alongside domain-specific private classes. The prominent challenges inherent in diverse UDA settings center around the discrimination of common/private classes and the precise measurement of domain discrepancy. To surmount these challenges effectively, we propose a novel yet effective method called Learning Instance Weighting for Unsupervised Domain Adaptation (LIWUDA), which caters to various UDA settings. Specifically, the proposed LIWUDA method constructs a weight network to assign weights to each instance based on its probability of belonging to common classes, and designs Weighted Optimal Transport (WOT) for domain alignment by leveraging instance weights. Additionally, the proposed LIWUDA method devises a Separate and Align (SA) loss to separate instances with low similarities and align instances with high similarities. To guide the learning of the weight network, Intra-domain Optimal Transport (IOT) is proposed to enforce the weights of instances in common classes to follow a uniform distribution. Through the integration of those three components, the proposed LIWUDA method demonstrates its capability to address all four UDA settings in a unified manner. Experimental evaluations conducted on three benchmark datasets substantiate the effectiveness of the proposed LIWUDA method.",medium,A1,1,A1=medium,"A1=The paper develops or evaluates a temporal correspondence, synchronization, delay, or sequence-representation mechanism for A Unified Framework for Unsupervised Domain Adaptation based on Instance Weighting.","A1=Its adjacent-domain method may provide a transferable alignment idea, but the robot transfer path requires verification.",A1=true,expansion_round_2,,,arxiv:2312.05024,arxiv:2312.05024,6586255554588626848,,,related-papers-round2,,A1,false,false,false,false,A1/expansion-round2-registry.json | A1/paper-registry-complete.json,A1/expansion-round2-triage.jsonl
832,arxiv:2401.14885,1,HIGH,A1,Neuromorphic quadratic programming for efficient and scalable model predictive control,arxiv:2401.14885,"Applications in robotics or other size-, weight- and power-constrained autonomous systems at the edge often require real-time and low-energy solutions to large optimization problems. Event-based and memory-integrated neuromorphic architectures promise to solve such optimization problems with superior energy efficiency and performance compared to conventional von Neumann architectures. Here, we present a method to solve convex continuous optimization problems with quadratic cost functions and linear constraints on Intel's scalable neuromorphic research chip Loihi 2. When applied to model predictive control (MPC) problems for the quadruped robotic platform ANYmal, this method achieves over two orders of magnitude reduction in combined energy-delay product compared to the state-of-the-art solver, OSQP, on (edge) CPUs and GPUs with solution times under ten milliseconds for various problem sizes. These results demonstrate the benefit of non-von-Neumann architectures for robotic control applications.",high,A1,1,A1=high,"A1=The paper develops or evaluates a temporal correspondence, synchronization, delay, or sequence-representation mechanism for Neuromorphic quadratic programming for efficient and scalable model predictive control.","A1=Its mechanism is a plausible transfer to multimodal robot experience, action-observation alignment, or temporally aware policy training.",A1=true,expansion_round_1,,,arxiv:2401.14885,arxiv:2401.14885,4270563412972427018,,,related-references,,A1,false,false,false,false,A1/expansion-inspection-manifest.json | A1/expansion-registry.json | A1/paper-registry-complete.json,A1/expansion-triage.jsonl
845,arxiv:2402.05476,1,MEDIUM,A8,Multi-Timescale Ensemble Q-learning for Markov Decision Process Policy Optimization,arxiv:2402.05476,"Reinforcement learning (RL) is a classical tool to solve network control or policy optimization problems in unknown environments. The original Q-learning suffers from performance and complexity challenges across very large networks. Herein, a novel model-free ensemble reinforcement learning algorithm which adapts the classical Q-learning is proposed to handle these challenges for networks which admit Markov decision process (MDP) models. Multiple Q-learning algorithms are run on multiple, distinct, synthetically created and structurally related Markovian environments in parallel; the outputs are fused using an adaptive weighting mechanism based on the Jensen-Shannon divergence (JSD) to obtain an approximately optimal policy with low complexity. The theoretical justification of the algorithm, including the convergence of key statistics and Q-functions are provided. Numerical results across several network models show that the proposed algorithm can achieve up to 55% less average policy error with up to 50% less runtime complexity than the state-of-the-art Q-learning algorithms. Numerical results validate assumptions made in the theoretical analysis.",medium,A8,1,A8=medium,A8=An ensemble of Q-functions trained at multiple timescales represents value uncertainty and stabilizes policy optimization.,"A8=The ensemble can serve as a disagreement signal for prioritizing uncertain states, although active collection is indirect.",A8=true,expansion_round_2,,,arxiv:2402.05476 | paperid:8456109999562582907,,,,,,,A8,false,false,false,false,A8/work/expansion-round2-novel.jsonl,A8/work/expansion-round2-triage.jsonl
858,arxiv:2402.14407,1,HIGH,A3,Learning an Actionable Discrete Diffusion Policy via Large-Scale Actionless Video Pre-Training,arxiv:2402.14407,"Learning a generalist embodied agent capable of completing multiple tasks poses challenges, primarily stemming from the scarcity of action-labeled robotic datasets. In contrast, a vast amount of human videos exist, capturing intricate tasks and interactions with the physical world. Promising prospects arise for utilizing actionless human videos for pre-training and transferring the knowledge to facilitate robot policy learning through limited robot demonstrations. However, it remains a challenge due to the domain gap between humans and robots. Moreover, it is difficult to extract useful inform",high,A3,1,A3=high,"A3=The paper develops or evaluates Learning an Actionable Discrete Diffusion Policy via Large-Scale Actionless Video Pre-Training, offering a mechanism related to robot data quality, correction, attribution, or policy improvement.",A3=The mechanism is plausibly transferable to the Program A experience-to-policy loop and warrants follow-up.,A3=true,expansion_round_2,,2024,arxiv:2402.14407,,,,,firecrawl research related-papers,,A3,false,false,false,false,A3/paper-registry.json | A3/round2-registry.json,A3/round2-triage.jsonl
871,arxiv:2403.08946,1,MEDIUM,A4,Usable XAI: 10 Strategies Towards Exploiting Explainability in the LLM Era,arxiv:2403.08946,"Explainable AI (XAI) refers to techniques that provide human-understandable insights into the workings of AI models. Recently, the focus of XAI is being extended toward explaining Large Language Models (LLMs). This extension calls for a significant transformation in the XAI methodologies for two reasons. First, many existing XAI methods cannot be directly applied to LLMs due to their complexity and advanced capabilities. Second, as LLMs are increasingly deployed in diverse applications, the role of XAI shifts from merely opening the ``black box'' to actively enhancing the productivity and applicability of LLMs in real-world settings. Meanwhile, the conversation and generation abilities of LLMs can reciprocally enhance XAI. Therefore, in this paper, we introduce Usable XAI in the context of LLMs by analyzing (1) how XAI can explain and improve LLM-based AI systems and (2) how XAI techniques can be improved by using LLMs. We introduce 10 strategies, introducing the key techniques for each and discussing their associated challenges. We also provide case studies to demonstrate how to obtain and leverage explanations. The code used in this paper can be found at: https://github.com/JacksonWuxs/UsableXAILLM.",medium,A4,1,A4=medium,A4=Provides adjacent evidence about how data composition affects learning outcomes.,A4=It extends the A4 mechanism space with adjacent data-centric evidence.,A4=false,expansion_round_1,,,arxiv:2403.08946 | paper:3738873386326703445,,,,,,,A4,false,false,false,false,A4/expansion/round2/registry.jsonl | A4/expansion/round5/registry.jsonl,A4/expansion/all-new-expansion-triage.jsonl
884,arxiv:2404.03161,1,HIGH,A1,BioVL-QR: Egocentric Biochemical Vision-and-Language Dataset Using Micro QR Codes,arxiv:2404.03161,"This paper introduces BioVL-QR, a biochemical vision-and-language dataset comprising 23 egocentric experiment videos, corresponding protocols, and vision-and-language alignments. A major challenge in understanding biochemical videos is detecting equipment, reagents, and containers because of the cluttered environment and indistinguishable objects. Previous studies assumed manual object annotation, which is costly and time-consuming. To address the issue, we focus on Micro QR Codes. However, detecting objects using only Micro QR Codes is still difficult due to blur and occlusion caused by object manipulation. To overcome this, we propose an object labeling method combining a Micro QR Code detector with an off-the-shelf hand object detector. As an application of the method and BioVL-QR, we tackled the task of localizing the procedural steps in an instructional video. The experimental results show that using Micro QR Codes and our method improves biochemical video understanding. Data and code are available through https://nishi10mo.github.io/BioVL-QR/",high,A1,1,A1=high,"A1=The paper develops or evaluates a temporal correspondence, synchronization, delay, or sequence-representation mechanism for BioVL-QR: Egocentric Biochemical Vision-and-Language Dataset Using Micro QR Codes.","A1=Its mechanism is a plausible transfer to multimodal robot experience, action-observation alignment, or temporally aware policy training.",A1=true,expansion_round_1,,,arxiv:2404.03161,arxiv:2404.03161,9111806958083590388,,,related-citers,,A1,false,false,false,false,A1/expansion-registry.json | A1/paper-registry-complete.json,A1/expansion-triage.jsonl
897,arxiv:2404.16823,1,HIGH,A1,Learning Visuotactile Skills with Two Multifingered Hands,arxiv:2404.16823,"Aiming to replicate human-like dexterity, perceptual experiences, and motion patterns, we explore learning from human demonstrations using a bimanual system with multifingered hands and visuotactile data. Two significant challenges exist: the lack of an affordable and accessible teleoperation system suitable for a dual-arm setup with multifingered hands, and the scarcity of multifingered hand hardware equipped with touch sensing. To tackle the first challenge, we develop HATO, a low-cost hands-arms teleoperation system that leverages off-the-shelf electronics, complemented with a software suite that enables efficient data collection; the comprehensive software suite also supports multimodal data processing, scalable policy learning, and smooth policy deployment. To tackle the latter challenge, we introduce a novel hardware adaptation by repurposing two prosthetic hands equipped with touch sensors for research. Using visuotactile data collected from our system, we learn skills to complete long-horizon, high-precision tasks which are difficult to achieve without multifingered dexterity and touch feedback. Furthermore, we empirically investigate the effects of dataset size, sensing modality, and visual input preprocessing on policy learning. Our results mark a promising step forward in bimanual multifingered manipulation from visuotactile data. Videos, code, and datasets can be found at https://toruowo.github.io/hato/ .",high,A1,1,A1=high,"A1=The paper develops or evaluates a temporal correspondence, synchronization, delay, or sequence-representation mechanism for Learning Visuotactile Skills with Two Multifingered Hands.","A1=Its mechanism is a plausible transfer to multimodal robot experience, action-observation alignment, or temporally aware policy training.",A1=true,expansion_round_2,,,arxiv:2404.16823,arxiv:2404.16823,7951317326494654779,,,related-papers-round2 | related-papers-round3,,A1,false,false,false,false,A1/expansion-round2-registry.json | A1/expansion-round3-registry.json | A1/paper-registry-complete.json,A1/expansion-round2-triage.jsonl
910,arxiv:2405.12186,1,HIGH,A3,Training Data Attribution via Approximate Unrolled Differentiation,arxiv:2405.12186,"Many training data attribution (TDA) methods aim to estimate how a model's behavior would change if one or more data points were removed from the training set. Methods based on implicit differentiation, such as influence functions, can be made computationally efficient, but fail to account for underspecification, the implicit bias of the optimization algorithm, or multi-stage training pipelines. By contrast, methods based on unrolling address these issues but face scalability challenges. In this work, we connect the implicit-differentiation-based and unrolling-based approaches and combine thei",high,A3,1,A3=high,A3=Approximate unrolled differentiation estimates training-data attribution while accounting for optimization trajectories that implicit influence approximations miss.,A3=It clarifies when influence-style curation may fail in multi-stage robot training pipelines.,A3=true,expansion_round_1,Juhan Bae | Wu Lin | Jonathan Lorraine | Roger Grosse,2024,arxiv:2405.12186,arxiv:2405.12186,6634841584132611042,cs.LG,q34-recent-attribution,firecrawl research related-papers,,A3,false,false,false,false,A3/expansion-evidence-index.json | A3/expansion-registry.json | A3/paper-registry.json | A4/canonical-registry.jsonl | A4/raw/q34-recent-attribution.json,A3/expansion-triage.jsonl
923,arxiv:2406.01586,1,HIGH,A1,ManiCM: Real-time 3D Diffusion Policy via Consistency Model for Robotic Manipulation,arxiv:2406.01586,"Diffusion models have been verified to be effective in generating complex distributions from natural images to motion trajectories. Recent diffusion-based methods show impressive performance in 3D robotic manipulation tasks, whereas they suffer from severe runtime inefficiency due to multiple denoising steps, especially with high-dimensional observations. To this end, we propose a real-time robotic manipulation model named ManiCM that imposes the consistency constraint to the diffusion process, so that the model can generate robot actions in only one-step inference. Specifically, we formulate a consistent diffusion process in the robot action space conditioned on the point cloud input, where the original action is required to be directly denoised from any point along the ODE trajectory. To model this process, we design a consistency distillation technique to predict the action sample directly instead of predicting the noise within the vision community for fast convergence in the low-dimensional action manifold. We evaluate ManiCM on 31 robotic manipulation tasks from Adroit and Metaworld, and the results demonstrate that our approach accelerates the state-of-the-art method by 10 times in average inference speed while maintaining competitive average success rate.",high,A1,1,A1=high,"A1=The paper develops or evaluates a temporal correspondence, synchronization, delay, or sequence-representation mechanism for ManiCM: Real-time 3D Diffusion Policy via Consistency Model for Robotic Manipulation.","A1=Its mechanism is a plausible transfer to multimodal robot experience, action-observation alignment, or temporally aware policy training.",A1=true,expansion_round_3,,,arxiv:2406.01586,arxiv:2406.01586,7951734455113467659,,,related-papers-round3,,A1,false,false,false,false,A1/expansion-round3-registry.json | A1/paper-registry-complete.json,A1/expansion-round3-triage.jsonl
936,arxiv:2406.13092,1,MEDIUM,A1,Multilingual Synopses of Movie Narratives: A Dataset for Vision-Language Story Understanding,arxiv:2406.13092,"Story video-text alignment, a core task in computational story understanding, aims to align video clips with corresponding sentences in their descriptions. However, progress on the task has been held back by the scarcity of manually annotated video-text correspondence and the heavy concentration on English narrations of Hollywood movies. To address these issues, in this paper, we construct a large-scale multilingual video story dataset named Multilingual Synopses of Movie Narratives (M-SYMON), containing 13,166 movie summary videos from 7 languages, as well as manual annotation of fine-grained video-text correspondences for 101.5 hours of video. Training on the human annotated data from SyMoN outperforms the SOTA methods by 15.7 and 16.2 percentage points on Clip Accuracy and Sentence IoU scores, respectively, demonstrating the effectiveness of the annotations. As benchmarks for future research, we create 6 baseline approaches with different multilingual training strategies, compare their performance in both intra-lingual and cross-lingual setups, exemplifying the challenges of multilingual video-text alignment. The dataset is released at: https://github.com/insundaycathy/M-SyMoN",medium,A1,1,A1=medium,"A1=The paper develops or evaluates a temporal correspondence, synchronization, delay, or sequence-representation mechanism for Multilingual Synopses of Movie Narratives: A Dataset for Vision-Language Story Understanding.","A1=Its adjacent-domain method may provide a transferable alignment idea, but the robot transfer path requires verification.",A1=true,expansion_round_1,,,arxiv:2406.13092,arxiv:2406.13092,4034591154307734088,,,related-citers,,A1,false,false,false,false,A1/expansion-registry.json | A1/paper-registry-complete.json,A1/expansion-triage.jsonl
949,arxiv:2407.08735,1,HIGH,A3,Real-Time Anomaly Detection and Reactive Planning with Large Language Models,arxiv:2407.08735,"Foundation models, e.g., large language models (LLMs), trained on internet-scale data possess zero-shot generalization capabilities that make them a promising technology towards detecting and mitigating out-of-distribution failure modes of robotic systems. Fully realizing this promise, however, poses two challenges: (i) mitigating the considerable computational expense of these models such that they may be applied online, and (ii) incorporating their judgement regarding potential anomalies into a safe control framework. In this work, we present a two-stage reasoning framework: First is a fast",high,A3,1,A3=high,A3=Real-time anomaly detection combined with reactive planning identifies and responds to robot execution anomalies.,A3=It provides a runtime gate for preventing harmful rollout data from being treated as successful supervision.,A3=true,expansion_round_3,Rohan Sinha | Amine Elhafsi | Christopher Agia | Matthew Foutter | Edward Schmerling | Marco Pavone,2024,arxiv:2407.08735,,,cs.AI | cs.RO | cs.SY | eess.SY,,firecrawl research related-papers,,A3,false,false,false,false,A3/paper-registry.json | A3/round3-evidence-index.json | A3/round3-registry.json,A3/round3-triage.jsonl
962,arxiv:2408.01147,1,HIGH,A3,Astra: Efficient Transformer Architecture and Contrastive Dynamics Learning for Embodied Instruction Following,arxiv:2408.01147,"Vision-language-action models have gained significant attention for their ability to model multimodal sequences in embodied instruction following tasks. However, most existing models rely on causal attention, which we find suboptimal for processing sequences composed of interleaved segments from different modalities. In this paper, we introduce Astra, a novel Transformer architecture featuring trajectory attention and learnable action queries, designed to efficiently process segmented multimodal trajectories and predict actions for imitation learning. Furthermore, we propose a contrastive dyna (poolSize=10)",high,A3,1,A3=high,"A3=The paper develops or evaluates Astra: Efficient Transformer Architecture and Contrastive Dynamics Learning for Embodied Instruction Following, offering a mechanism related to robot data quality, correction, attribution, or policy improvement.",A3=The mechanism is plausibly transferable to the Program A experience-to-policy loop and warrants follow-up.,A3=true,expansion_round_2,,2024,arxiv:2408.01147,arxiv:2408.01147,5263560367586976246,,q14-recent-sync | q15-recent-vla,firecrawl research related-papers,recent,A3,false,false,false,false,A1/paper-registry-complete.json | A1/paper-registry.json | A1/raw/q14-recent-sync.json | A1/raw/q15-recent-vla.json | A2/canonical-pool.json | A2/canonical-pool.jsonl | A2/raw/q15-latent-plan.json | A3/paper-registry.json | A3/round2-registry.json,A3/round2-triage.jsonl
975,arxiv:2408.16944,1,HIGH,A8,FlowRetrieval: Flow-Guided Data Retrieval for Few-Shot Imitation Learning,arxiv:2408.16944,"Few-shot imitation learning relies on only a small amount of task-specific demonstrations to efficiently adapt a policy for a given downstream tasks. Retrieval-based methods come with a promise of retrieving relevant past experiences to augment this target data when learning policies. However, existing data retrieval methods fall under two extremes: they either rely on the existence of exact behaviors with visually similar scenes in the prior data, which is impractical to assume; or they retrieve based on semantic similarity of high-level language descriptions of the task, which might not be that informative about the shared low-level behaviors or motions across tasks that is often a more important factor for retrieving relevant data for policy learning. In this work, we investigate how we can leverage motion similarity in the vast amount of cross-task data to improve few-shot imitation learning of the target task. Our key insight is that motion-similar data carries rich information about the effects of actions and object interactions that can be leveraged during few-shot adaptation. We propose FlowRetrieval, an approach that leverages optical flow representations for both extracting similar motions to target tasks from prior data, and for guiding learning of a policy that can maximally benefit from such data. Our results show FlowRetrieval significantly outperforms prior methods across simulated and real-world domains, achieving on average 27% higher success rate than the best retrieval-based prior method. In the Pen-in-Cup task with a real Franka Emika robot, FlowRetrieval achieves 3.7x the performance of the baseline imitation learning technique that learns from all prior and target data. Website: https://flow-retrieval.github.io",high,A8,1,A8=high,A8=Optical-flow representations retrieve motion-similar cross-task data and guide policy learning toward samples with shared object-interaction dynamics.,A8=It is direct evidence that motion similarity can be more useful than semantic or visual similarity for selecting training experience.,A8=true,expansion_round_1,,,arxiv:2408.16944 | paperid:4724157190366044371,,,,,related-papers,,A8,false,false,false,false,A8/work/expansion-novel.jsonl | A8/work/expansion-pool.jsonl,A8/work/expansion-triage.jsonl
988,arxiv:2409.14674,1,HIGH,A6,RACER: Rich Language-Guided Failure Recovery Policies for Imitation Learning,arxiv:2409.14674,"Developing robust and correctable visuomotor policies for robotic manipulation is challenging due to the lack of self-recovery mechanisms from failures and the limitations of simple language instructions in guiding robot actions. To address these issues, we propose a scalable data generation pipeline that automatically augments expert demonstrations with failure recovery trajectories and fine-grained language annotations for training. We then introduce Rich languAge-guided failure reCovERy (RACER), a supervisor-actor framework, which combines failure recovery data with rich language descriptions to enhance robot control. RACER features a vision-language model (VLM) that acts as an online supervisor, providing detailed language guidance for error correction and task execution, and a language-conditioned visuomotor policy as an actor to predict the next actions. Our experimental results show that RACER outperforms the state-of-the-art Robotic View Transformer (RVT) on RLbench across various evaluation settings, including standard long-horizon tasks, dynamic goal-change tasks and zero-shot unseen tasks, achieving superior performance in both simulated and real world environments. Videos and code are available at: https://rich-language-failure-recovery.github.io.",high,A6,1,A6=high,"A6=Uses a recovery, correction, failure-analysis, or imperfect-demonstration mechanism to improve robot execution from non-ideal experience.",A6=Adds an independently discovered A6 mechanism or an important variant for experience/data/training design.,A6=true,expansion_round_1,"Yinpei Dai, Jayjun Lee, Nima Fazeli, Joyce Chai",2024,arxiv:2409.14674,arxiv:2409.14674,6238386950667538428,cs.CL | cs.CV | cs.RO,q01-direct-failed-recovery | q03-direct-partial-success | q14-mech-recovery-intervention | q15-failure-detection-recovery | q25-found-failures | q30-recent-fail-recovery | q32-recent-vla-recovery | q35-found-learn-failures,related-papers,general,A6,false,true,false,false,A5/canonical-pool.jsonl | A5/paper-registry.json | A6/expansion/canonical-pool.jsonl | A6/expansion/selected-registry.jsonl | A6/raw-retrieval/q01-direct-failed-recovery.json | A6/raw-retrieval/q03-direct-partial-success.json | A6/raw-retrieval/q14-mech-recovery-intervention.json | A6/raw-retrieval/q15-failure-detection-recovery.json | A6/raw-retrieval/q25-found-failures.json | A6/raw-retrieval/q30-recent-fail-recovery.json | A6/raw-retrieval/q32-recent-vla-recovery.json | A6/raw-retrieval/q35-found-learn-failures.json | A6/work/canonical-pool.jsonl,A6/expansion-triage.jsonl | A6/expansion/triage.jsonl
1001,arxiv:2410.04275,1,HIGH,A4,Language Model-Driven Data Pruning Enables Efficient Active Learning,arxiv:2410.04275,"Active learning (AL) optimizes data labeling efficiency by selecting the most informative instances for annotation. A key component in this procedure is an acquisition function that guides the selection process and identifies the suitable instances for labeling from the unlabeled pool. However, these acquisition methods suffer from high computational costs with large unlabeled data pools, posing a roadblock to their applicability on large datasets. To address this challenge and bridge this gap, we introduce a novel plug-and-play unlabeled data pruning strategy, ActivePrune, which leverages language models to prune the unlabeled pool. ActivePrune implements a two-stage pruning process: an initial fast evaluation using perplexity scores from an n-gram language model, followed by a high-quality selection using metrics for data quality computed through a quantized LLM. Additionally, to enhance the diversity in the unlabeled pool, we propose a novel perplexity reweighting method that systematically brings forward underrepresented instances for selection in subsequent labeling iterations. Experiments on translation, sentiment analysis, topic classification, and summarization tasks on four diverse datasets and four active learning strategies demonstrate that ActivePrune outperforms existing data pruning methods. Finally, we compare the selection quality efficiency tradeoff of the data pruning methods and demonstrate that ActivePrune is computationally more efficient than other LLM score-based pruning methods, and provides up to 74% reduction in the end-to-end time required for active learning.",high,A4,1,A4=high,A4=Uses data valuation or attribution to estimate example contribution to model or policy outcomes.,A4=It provides adjacent evidence for data-efficient training intelligence.,A4=true,expansion_round_1,,,arxiv:2410.04275 | paper:8647969609608101390,,,,,related-paper-expansion,,A4,false,false,false,false,A4/expansion/expansion-registry.jsonl,A4/expansion/expansion-triage.jsonl
1014,arxiv:2410.14371,1,HIGH,A7,Interpretable end-to-end Neurosymbolic Reinforcement Learning agents,arxiv:2410.14371,"Deep reinforcement learning (RL) agents rely on shortcut learning, preventing them from generalizing to slightly different environments. To address this problem, symbolic method, that use object-centric states, have been developed. However, comparing these methods to deep agents is not fair, as these last operate from raw pixel-based states. In this work, we instantiate the symbolic SCoBots framework. SCoBots decompose RL tasks into intermediate, interpretable representations, culminating in action decisions based on a comprehensible set of object-centric relational concepts. This architecture aids in demystifying agent decisions. By explicitly learning to extract object-centric representations from raw states, object-centric RL, and policy distillation via rule extraction, this work places itself within the neurosymbolic AI paradigm, blending the strengths of neural networks with symbolic AI. We present the first implementation of an end-to-end trained SCoBot, separately evaluate of its components, on different Atari games. The results demonstrate the framework's potential to create interpretable and performing RL systems, and pave the way for future research directions in obtaining end-to-end interpretable RL agents.",high,A7,1,A7=high,"A7=Deep reinforcement learning (RL) agents rely on shortcut learning, preventing them from generalizing to slightly different environments.",A7=It helps diagnose or reduce behavior-distribution mismatch and spurious dependence under deployment shift.,A7=true,expansion_round_1,,,arxiv:2410.14371,,,,,references,,A7,false,false,false,false,A7/work/expansion-registry.json | A7/work/expansion-registry.jsonl,A7/work/expansion-triage.jsonl
1027,arxiv:2410.24221,1,HIGH,A1,EgoMimic: Scaling Imitation Learning via Egocentric Video,arxiv:2410.24221,"The scale and diversity of demonstration data required for imitation learning is a significant challenge. We present EgoMimic, a full-stack framework which scales manipulation via human embodiment data, specifically egocentric human videos paired with 3D hand tracking. EgoMimic achieves this through: (1) a system to capture human embodiment data using the ergonomic Project Aria glasses, (2) a low-cost bimanual manipulator that minimizes the kinematic gap to human data, (3) cross-domain data alignment techniques, and (4) an imitation learning architecture that co-trains on human and robot data. Compared to prior works that only extract high-level intent from human videos, our approach treats human and robot data equally as embodied demonstration data and learns a unified policy from both data sources. EgoMimic achieves significant improvement on a diverse set of long-horizon, single-arm and bimanual manipulation tasks over state-of-the-art imitation learning methods and enables generalization to entirely new scenes. Finally, we show a favorable scaling trend for EgoMimic, where adding 1 hour of additional hand data is significantly more valuable than 1 hour of additional robot data. Videos and additional information can be found at https://egomimic.github.io/",high,A1,1,A1=high,"A1=The paper develops or evaluates a temporal correspondence, synchronization, delay, or sequence-representation mechanism for EgoMimic: Scaling Imitation Learning via Egocentric Video.","A1=Its mechanism is a plausible transfer to multimodal robot experience, action-observation alignment, or temporally aware policy training.",A1=true,expansion_round_1,,2024,arxiv:2410.24221,arxiv:2410.24221,3445247690461855561,,62,related-similar,recent,A1,false,false,false,false,A1/expansion-registry.json | A1/paper-registry-complete.json | A5/canonical-pool.jsonl | A5/expansion/raw/round1-citers.json | A5/paper-registry.json | A7/raw/q11-scaling-laws.json | A7/raw/q33-recent-longtail.json | A7/raw/q39-quality-vs-diversity.json | A7/work/expansion-registry.json | A7/work/expansion-registry.jsonl | A7/work/paper-registry.json | A7/work/paper-registry.jsonl | A7/work/verified-paper-registry.json | A7/work/verified-paper-registry.jsonl,A1/expansion-triage.jsonl
1040,arxiv:2411.16959,1,HIGH,A4,RoCoDA: Counterfactual Data Augmentation for Data-Efficient Robot Learning from Demonstrations,arxiv:2411.16959,"Imitation learning in robotics faces significant challenges in generalization due to the complexity of robotic environments and the high cost of data collection. We introduce RoCoDA, a novel method that unifies the concepts of invariance, equivariance, and causality within a single framework to enhance data augmentation for imitation learning. RoCoDA leverages causal invariance by modifying task-irrelevant subsets of the environment state without affecting the policy's output. Simultaneously, we exploit SE(3) equivariance by applying rigid body transformations to object poses and adjusting corresponding actions to generate synthetic demonstrations. We validate RoCoDA through extensive experiments on five robotic manipulation tasks, demonstrating improvements in policy performance, generalization, and sample efficiency compared to state-of-the-art data augmentation methods. Our policies exhibit robust generalization to unseen object poses, textures, and the presence of distractors. Furthermore, we observe emergent behavior such as re-grasping, indicating policies trained with RoCoDA possess a deeper understanding of task dynamics. By leveraging invariance, equivariance, and causality, RoCoDA provides a principled approach to data augmentation in imitation learning, bridging the gap between geometric symmetries and causal reasoning. Project Page: https://rocoda.github.io",high,A4,1,A4=high,A4=Relates data composition or example properties to downstream model or policy behavior and provides a mechanism for selecting or weighting experience.,A4=It offers a direct or transferable way to connect robot experience choices to learned policy behavior.,A4=true,primary_assignment,,2024,arxiv:2411.16959 | paper:890527196104452219,arxiv:2411.16959,890527196104452219,,q33-recent-robot,semantic-search,recent,A4,false,false,false,false,A4/assigned-papers.json | A4/assigned-registry-inspected.jsonl | A4/assigned-registry-preinspect.jsonl | A4/canonical-registry.jsonl | A4/raw/q33-recent-robot.json | A5/canonical-pool.jsonl | A5/paper-registry.json | A7/raw/q10-mixture-balance.json | A7/raw/q25-foundational-multitask.json | A7/raw/q33-recent-longtail.json | A7/work/paper-registry.json | A7/work/paper-registry.jsonl | A7/work/verified-paper-registry.json | A7/work/verified-paper-registry.jsonl,A4/abstract-triage.jsonl
1053,arxiv:2412.09265,1,HIGH,A1,Score and Distribution Matching Policy: Advanced Accelerated Visuomotor Policies via Matched Distillation,arxiv:2412.09265,"Visual-motor policy learning has advanced with architectures like diffusion-based policies, known for modeling complex robotic trajectories. However, their prolonged inference times hinder high-frequency control tasks requiring real-time feedback. While consistency distillation (CD) accelerates inference, it introduces errors that compromise action quality. To address these limitations, we propose the Score and Distribution Matching Policy (SDM Policy), which transforms diffusion-based policies into single-step generators through a two-stage optimization process: score matching ensures alignment with true action distributions, and distribution matching minimizes KL divergence for consistency. A dual-teacher mechanism integrates a frozen teacher for stability and an unfrozen teacher for adversarial training, enhancing robustness and alignment with target distributions. Evaluated on a 57-task simulation benchmark, SDM Policy achieves a 6x inference speedup while having state-of-the-art action quality, providing an efficient and reliable framework for high-frequency robotic tasks.",high,A1,1,A1=high,"A1=The paper develops or evaluates a temporal correspondence, synchronization, delay, or sequence-representation mechanism for Score and Distribution Matching Policy: Advanced Accelerated Visuomotor Policies via Matched Distillation.","A1=Its mechanism is a plausible transfer to multimodal robot experience, action-observation alignment, or temporally aware policy training.",A1=true,expansion_round_1,,,arxiv:2412.09265,arxiv:2412.09265,4575419425187317044,,,related-similar,,A1,false,false,false,false,A1/expansion-registry.json | A1/expansion-round2-registry.json | A1/expansion-round3-registry.json | A1/paper-registry-complete.json,A1/expansion-triage.jsonl
1066,arxiv:2501.02221,1,HIGH,A2,CORD: Generalizable Cooperation via Role Diversity,arxiv:2501.02221,"Cooperative multi-agent reinforcement learning (MARL) aims to develop agents that can collaborate effectively. However, most cooperative MARL methods overfit training agents, making learned policies not generalize well to unseen collaborators, which is a critical issue for real-world deployment. Some methods attempt to address the generalization problem but require prior knowledge or predefined policies of new teammates, limiting real-world applications. To this end, we propose a hierarchical MARL approach to enable generalizable cooperation via role diversity, namely CORD. CORD's high-level controller assigns roles to low-level agents by maximizing the role entropy with constraints. We show this constrained objective can be decomposed into causal influence in role that enables reasonable role assignment, and role heterogeneity that yields coherent, non-redundant role clusters. Evaluated on a variety of cooperative multi-agent tasks, CORD achieves better performance than baselines, especially in generalization tests. Ablation studies further demonstrate the efficacy of the constrained objective in generalizable cooperation.",high,A2,1,A2=high,A2=Discovers reusable temporal structure in sequential experience for downstream decision making or policy learning.,"A2=The mechanism can turn long robot experience into reusable training units, skill memories, or better-conditioned policy targets.",A2=true,expansion_round_1,,2025,arxiv:2501.02221,,,,,,,A2,false,false,false,false,A2/expansion-pool.json | A2/expansion-pool.jsonl,A2/expansion-triage.jsonl
1079,arxiv:2502.00835,1,HIGH,A8,CAIMAN: Causal Action Influence Detection for Sample-efficient Loco-manipulation,arxiv:2502.00835,"Enabling legged robots to perform non-prehensile loco-manipulation is crucial for enhancing their versatility. Learning behaviors such as whole-body object pushing often requires sophisticated planning strategies or extensive task-specific reward shaping, especially in unstructured environments. In this work, we present CAIMAN, a practical reinforcement learning framework that encourages the agent to gain control over other entities in the environment. CAIMAN leverages causal action influence as an intrinsic motivation objective, allowing legged robots to efficiently acquire object pushing skills even under sparse task rewards. We employ a hierarchical control strategy, combining a low-level locomotion module with a high-level policy that generates task-relevant velocity commands and is trained to maximize the intrinsic reward. To estimate causal action influence, we learn the dynamics of the environment by integrating a kinematic prior with data collected during training. We empirically demonstrate CAIMAN's superior sample efficiency and adaptability to diverse scenarios in simulation, as well as its successful transfer to real-world systems without further fine-tuning. A video demo is available at https://www.youtube.com/watch?v=dNyvT04Cqaw.",high,A8,1,A8=high,A8=Causal action-influence estimation identifies actions and observations that materially affect outcomes and focuses learning on them.,A8=It provides a mechanism for prioritizing causally informative data instead of merely novel or visually similar trajectories.,A8=true,expansion_round_2,,,arxiv:2502.00835 | paperid:665350951272527192,,,,,,,A8,false,false,false,false,A8/work/expansion-round2-novel.jsonl,A8/work/expansion-round2-triage.jsonl
1092,arxiv:2502.06244,1,MEDIUM,A4,PiKE: Adaptive Data Mixing for Large-Scale Multi-Task Learning Under Low Gradient Conflicts,arxiv:2502.06244,Modern foundation models are trained on diverse datasets to enhance generalization across tasks and domains A central challenge in this process is determining how to effectively mix and sample data from multiple sources This naturally leads to a multitask learning (MTL) perspective While prior work in MTL has emphasized mitigating gradient conflicts we observe that largescale pretraining scenariossuch as multilingual or multidomain trainingoften exhibit little to no gradient conflict Motivated by this observation we propose PiKE (Positive gradient interaction-based K-task weights Estimator) an adaptive data mixing algorithm that dynamically adjusts sampling weights during training PiKE exploits nonconflicting gradient interactions to minimize a neartight upper bound on the average loss decrease at each step while incurring negligible computational overhead We provide theoretical convergence guarantees and show that PiKE outperforms static and nonadaptive mixing baselines Furthermore we extend PiKE to promote balanced learning across tasks Extensive experiments on largescale language model pretraining confirm that PiKE achieves faster convergence and improved downstream performance compared to existing approaches,medium,A4,1,A4=medium,A4=Connects trajectory or dataset composition to downstream policy or model behavior.,A4=It provides adjacent evidence for data-efficient training intelligence.,A4=false,expansion_round_1,,,arxiv:2502.06244 | paper:2909279295375016548,,,,,related-paper-expansion,,A4,false,false,false,false,A4/expansion/expansion-registry.jsonl,A4/expansion/expansion-triage.jsonl
1105,arxiv:2502.19645,1,HIGH,A4 | A5 | A7 | A8,Fine-Tuning Vision-Language-Action Models: Optimizing Speed and Success,arxiv:2502.19645,"Recent vision-language-action models (VLAs) build upon pretrained vision-language models and leverage diverse robot datasets to demonstrate strong task execution, language following ability, and semantic generalization. Despite these successes, VLAs struggle with novel robot setups and require fine-tuning to achieve good performance, yet how to most effectively fine-tune them is unclear given many possible strategies. In this work, we study key VLA adaptation design choices such as different action decoding schemes, action representations, and learning objectives for fine-tuning, using OpenVLA as our representative base model. Our empirical analysis informs an Optimized Fine-Tuning (OFT) recipe that integrates parallel decoding, action chunking, a continuous action representation, and a simple L1 regression-based learning objective to altogether improve inference efficiency, policy performance, and flexibility in the model's input-output specifications. We propose OpenVLA-OFT, an instantiation of this recipe, which sets a new state of the art on the LIBERO simulation benchmark, significantly boosting OpenVLA's average success rate across four task suites from 76.5% to 97.1% while increasing action generation throughput by 26×. In real-world evaluations, our fine-tuning recipe enables OpenVLA to successfully execute dexterous, high-frequency control tasks on a bimanual ALOHA robot and outperform other VLAs (π₀ and RDT-1B) fine-tuned using their default recipes, as well as strong imitation learning policies trained from scratch (Diffusion Policy and ACT) by up to 15% (absolute) in average success rate. We release code for OFT and pretrained model checkpoints at https://openvla-oft.github.io/.",high,A4 | A5 | A7 | A8,4,A4=medium | A5=medium | A7=high | A8=medium,"A4=Uses a valuation or attribution signal to estimate the contribution of training examples to model or policy outcomes. | A5=Recent vision-language-action models (VLAs) build upon pretrained vision-language models and leverage diverse robot datasets to demonstrate strong task execution, language following ability, and semantic generalization. | A7=Recent vision-language-action models (VLAs) build upon pretrained vision-language models and leverage diverse robot datasets to demonstrate strong task execution, language following ability, and semantic generalization. | A8=Fine-tuning balances action quality and inference speed while adapting a vision-language-action representation to downstream robot tasks.",A4=It is directly or plausibly transferable to selecting robot experience for policy learning. | A5=This adaptive mixture neighbor tests whether the expansion adds a reusable mechanism for controlling robot experience in policy training. | A7=It provides a route to reuse heterogeneous experience across embodiments or data sources. | A8=It highlights deployment utility as a second axis for judging whether additional fleet data improve a representation.,A4=false | A5=true | A7=true | A8=true,expansion_round_1 | expansion_round_2,,,arxiv:2502.19645 | paper:7068350801447590111 | paperid:7068350801447590111,arxiv:2502.19645,7068350801447590111,,,references | similar,,A4 | A5 | A7 | A8,false,false,false,true,A4/expansion/round4/registry.jsonl | A5/expansion/raw/round2-similar.json | A5/expansion/raw/round3-similar.json | A7/work/expansion-registry.json | A7/work/expansion-registry.jsonl | A8/work/expansion-round2-novel.jsonl,A4/expansion/all-new-expansion-triage.jsonl | A5/expansion/round2-triage.jsonl | A7/work/expansion-triage.jsonl | A8/work/expansion-round2-triage.jsonl
1118,arxiv:2503.05652,1,HIGH,A3,BEHAVIOR Robot Suite: Streamlining Real-World Whole-Body Manipulation for Everyday Household Activities,arxiv:2503.05652,"Real-world household tasks present significant challenges for mobile manipulation robots. An analysis of existing robotics benchmarks reveals that successful task performance hinges on three key whole-body control capabilities: bimanual coordination, stable and precise navigation, and extensive end-effector reachability. Achieving these capabilities requires careful hardware design, but the resulting system complexity further complicates visuomotor policy learning. To address these challenges, we introduce the BEHAVIOR Robot Suite (BRS), a comprehensive framework for whole-body manipulation in",high,A3,1,A3=high,"A3=The paper develops or evaluates BEHAVIOR Robot Suite: Streamlining Real-World Whole-Body Manipulation for Everyday Household Activities, offering a mechanism related to failure detection, correction, attribution, or robot-data use.",A3=The mechanism is plausibly transferable to the Program A experience-to-policy loop and merits follow-up.,A3=true,expansion_round_3,,2025,arxiv:2503.05652,,,,,firecrawl research related-papers,,A3,false,false,false,false,A3/paper-registry.json | A3/round3-registry.json,A3/round3-triage.jsonl
1131,arxiv:2503.13441,1,HIGH,A7,Humanoid Policy Human Policy,arxiv:2503.13441,"Training manipulation policies for humanoid robots with diverse data enhances their robustness and generalization across tasks and platforms. However, learning solely from robot demonstrations is labor-intensive, requiring expensive tele-operated data collection which is difficult to scale. This paper investigates a more scalable data source, egocentric human demonstrations, to serve as cross-embodiment training data for robot learning. We mitigate the embodiment gap between humanoids and humans from both the data and modeling perspectives. We collect an egocentric task-oriented dataset (PH2D) that is directly aligned with humanoid manipulation demonstrations. We then train a human-humanoid behavior policy, which we term Human Action Transformer (HAT). The state-action space of HAT is unified for both humans and humanoid robots and can be differentiably retargeted to robot actions. Co-trained with smaller-scale robot data, HAT directly models humanoid robots and humans as different embodiments without additional supervision. We show that human data improves both generalization and robustness of HAT with significantly better data collection efficiency. Code and data: https://human-as-robot.github.io/",high,A7,1,A7=high,A7=Unifies human and humanoid state-action spaces and differentiably retargets human demonstrations while co-training with smaller robot data.,A7=It demonstrates human data as a high-coverage source for humanoid policy robustness and generalization.,A7=true,primary_assignment,"Ri-Zhao Qiu, Shiqi Yang, Xuxin Cheng, Chaitanya Chawla, Jialong Li, Tairan He, Ge Yan, David J. Yoon, Ryan Hoque, Lars Paulsen, Ge Yang, Jian Zhang, Sha Yi, Guanya Shi, Xiaolong Wang",2025,arxiv:2503.13441,arxiv:2503.13441,2199713408088641328,cs.AI | cs.CV | cs.RO,q11-human-robot,search-papers,recent,A7,false,true,true,false,A1/expansion-registry.json | A1/paper-registry-complete.json | A1/paper-registry.json | A1/raw/q11-human-robot.json | A3/paper-registry.json | A3/raw/q12-action-labels.txt | A4/canonical-registry.jsonl | A4/raw/q01-direct.json | A7/raw/q03-heterogeneous.json | A7/raw/q09-mechanism-generalization.json | A7/raw/q38-shared-policy.json | A7/work/assigned-papers.json | A7/work/assigned-papers.jsonl | A7/work/expansion-registry.json | A7/work/expansion-registry.jsonl | A7/work/paper-registry.json | A7/work/paper-registry.jsonl | A7/work/read-manifest.json | A7/work/verified-paper-registry.json | A7/work/verified-paper-registry.jsonl | A8/raw/q05-synonyms.json | A8/work/canonical-pool.jsonl,A7/work/abstract-triage.jsonl | A7/work/assigned-abstracts.jsonl
1144,arxiv:2503.21677,1,HIGH,A2,A tale of two goals: leveraging sequentiality in multi-goal scenarios,arxiv:2503.21677,"Several hierarchical reinforcement learning methods leverage planning to create a graph or sequences of intermediate goals, guiding a lower-level goal-conditioned (GC) policy to reach some final goals. The low-level policy is typically conditioned on the current goal, with the aim of reaching it as quickly as possible. However, this approach can fail when an intermediate goal can be reached in multiple ways, some of which may make it impossible to continue toward subsequent goals. To address this issue, we introduce two instances of Markov Decision Process (MDP) where the optimization objective favors policies that not only reach the current goal but also subsequent ones. In the first, the agent is conditioned on both the current and final goals, while in the second, it is conditioned on the next two goals in the sequence. We conduct a series of experiments on navigation and pole-balancing tasks in which sequences of intermediate goals are given. By evaluating policies trained with TD3+HER on both the standard GC-MDP and our proposed MDPs, we show that, in most cases, conditioning on the next two goals improves stability and sample efficiency over other approaches.",high,A2,1,A2=high,A2=Discovers reusable temporal structure in sequential experience for downstream decision making or policy learning.,A2=The mechanism connects temporal structure to data selection or learning efficiency in the Program A loop.,A2=true,expansion_round_1,,2025,arxiv:2503.21677,,,,,,,A2,false,false,false,false,A2/expansion-pool.json | A2/expansion-pool.jsonl,A2/expansion-triage.jsonl
1157,arxiv:2504.11493,1,MEDIUM,A1,Toward Aligning Human and Robot Actions via Multi-Modal Demonstration Learning,arxiv:2504.11493,"Understanding action correspondence between humans and robots is essential for evaluating alignment in decision-making, particularly in human-robot collaboration and imitation learning within unstructured environments. We propose a multimodal demonstration learning framework that explicitly models human demonstrations from RGB video with robot demonstrations in voxelized RGB-D space. Focusing on the ""pick and place"" task from the RH20T dataset, we utilize data from 5 users across 10 diverse scenes. Our approach combines ResNet-based visual encoding for human intention modeling and a Perceiver Transformer for voxel-based robot action prediction. After 2000 training epochs, the human model reaches 71.67% accuracy, and the robot model achieves 71.8% accuracy, demonstrating the framework's potential for aligning complex, multimodal human and robot behaviors in manipulation tasks.",medium,A1,1,A1=medium,A1=The framework models human RGB demonstrations and robot voxelized RGB-D action demonstrations with separate multimodal encoders for correspondence.,"A1=It is a direct cross-embodiment alignment attempt, although the reported task and scale are narrow.",A1=true,primary_assignment,,,arxiv:2504.11493,arxiv:2504.11493,514293747258716012,,q01-direct | q11-human-robot | q14-recent-sync | q16-recent-datasets,search-papers,recent,A1,false,false,false,false,A1/assigned-papers.json | A1/inspection-manifest.json | A1/paper-registry-complete.json | A1/paper-registry.json | A1/raw/q01-direct.json | A1/raw/q11-human-robot.json | A1/raw/q14-recent-sync.json | A1/raw/q16-recent-datasets.json | A4/canonical-registry.jsonl | A4/raw/q37-recent-dedup.json | A6/raw-retrieval/q20-adj-human-activity.json | A6/work/canonical-pool.jsonl,A1/assigned-abstracts.jsonl | A1/triage.jsonl
1170,arxiv:2505.01179,1,HIGH,A1,Fast Flow-based Visuomotor Policies via Conditional Optimal Transport Couplings,arxiv:2505.01179,"Diffusion and flow matching policies have recently demonstrated remarkable performance in robotic applications by accurately capturing multimodal robot trajectory distributions. However, their computationally expensive inference, due to the numerical integration of an ODE or SDE, limits their applicability as real-time controllers for robots. We introduce a methodology that utilizes conditional Optimal Transport couplings between noise and samples to enforce straight solutions in the flow ODE for robot action generation tasks. We show that naively coupling noise and samples fails in conditional tasks and propose incorporating condition variables into the coupling process to improve few-step performance. The proposed few-step policy achieves a 4% higher success rate with a 10x speed-up compared to Diffusion Policy on a diverse set of simulation tasks. Moreover, it produces high-quality and diverse action trajectories within 1-2 steps on a set of real-world robot tasks. Our method also retains the same training complexity as Diffusion Policy and vanilla Flow Matching, in contrast to distillation-based approaches.",high,A1,1,A1=high,"A1=The paper develops or evaluates a temporal correspondence, synchronization, delay, or sequence-representation mechanism for Fast Flow-based Visuomotor Policies via Conditional Optimal Transport Couplings.","A1=Its mechanism is a plausible transfer to multimodal robot experience, action-observation alignment, or temporally aware policy training.",A1=true,expansion_round_2,,,arxiv:2505.01179,arxiv:2505.01179,2159917747424053347,,,related-papers-round2 | related-papers-round3,,A1,false,false,false,false,A1/expansion-round2-registry.json | A1/expansion-round3-registry.json | A1/paper-registry-complete.json,A1/expansion-round2-triage.jsonl
1183,arxiv:2505.07813,1,HIGH,A7,DexWild: Dexterous Human Interactions for In-the-Wild Robot Policies,arxiv:2505.07813,"Large-scale, diverse robot datasets have emerged as a promising path toward enabling dexterous manipulation policies to generalize to novel environments, but acquiring such datasets presents many challenges. While teleoperation provides high-fidelity datasets, its high cost limits its scalability. Instead, what if people could use their own hands, just as they do in everyday life, to collect data? In DexWild, a diverse team of data collectors uses their hands to collect hours of interactions across a multitude of environments and objects. To record this data, we create DexWild-System, a low-cost, mobile, and easy-to-use device. The DexWild learning framework co-trains on both human and robot demonstrations, leading to improved performance compared to training on each dataset individually. This combination results in robust robot policies capable of generalizing to novel environments, tasks, and embodiments with minimal additional robot-specific data. Experimental results demonstrate that DexWild significantly improves performance, achieving a 68.5% success rate in unseen environments-nearly four times higher than policies trained with robot data only-and offering 5.8x better cross-embodiment generalization. Video results, codebases, and instructions at https://dexwild.github.io",high,A7,1,A7=high,A7=Co-trains robot demonstrations with scalable human-hand interactions collected across varied objects and environments.,A7=It tests human data as a scalable source of scene and task diversity for robot policies.,A7=true,primary_assignment,"Tony Tao, Mohan Kumar Srirama, Jason Jingzhou Liu, Kenneth Shaw, Deepak Pathak",2025,arxiv:2505.07813,arxiv:2505.07813,8830959282870358334,cs.AI | cs.CV | cs.LG | cs.RO | cs.SY | eess.SY,,search-papers,recent,A7,false,true,true,false,A7/raw/q02-synonyms.json | A7/work/assigned-papers.json | A7/work/assigned-papers.jsonl | A7/work/paper-registry.json | A7/work/paper-registry.jsonl | A7/work/read-manifest.json | A7/work/verified-paper-registry.json | A7/work/verified-paper-registry.jsonl,A7/work/abstract-triage.jsonl | A7/work/assigned-abstracts.jsonl
1196,arxiv:2505.12628,1,HIGH,A2,Dual-Agent Reinforcement Learning for Automated Feature Generation,arxiv:2505.12628,"Feature generation involves creating new features from raw data to capture complex relationships among the original features, improving model robustness and machine learning performance. Current methods using reinforcement learning for feature generation have made feature exploration more flexible and efficient. However, several challenges remain: first, during feature expansion, a large number of redundant features are generated. When removing them, current methods only retain the best features each round, neglecting those that perform poorly initially but could improve later. Second, the state representation used by current methods fails to fully capture complex feature relationships. Third, there are significant differences between discrete and continuous features in tabular data, requiring different operations for each type. To address these challenges, we propose a novel dual-agent reinforcement learning method for feature generation. Two agents are designed: the first generates new features, and the second determines whether they should be preserved. A self-attention mechanism enhances state representation, and diverse operations distinguish interactions between discrete and continuous features. The experimental results on multiple datasets demonstrate that the proposed method is effective. The code is available at https://github.com/extess0/DARL.",high,A2,1,A2=high,"A2=Encodes or selects compact trajectory segments or latent plans so sequential experience can be retrieved, recombined, or reused.","A2=The mechanism can turn long robot experience into reusable training units, skill memories, or better-conditioned policy targets.",A2=true,expansion_round_1,,2025,arxiv:2505.12628,,,,,,,A2,false,false,false,false,A2/expansion-pool.json | A2/expansion-pool.jsonl,A2/expansion-triage.jsonl
1209,arxiv:2505.20425,1,HIGH,A1,OSVI-WM: One-Shot Visual Imitation for Unseen Tasks using World-Model-Guided Trajectory Generation,arxiv:2505.20425,"Visual imitation learning enables robotic agents to acquire skills by observing expert demonstration videos. In the one-shot setting, the agent generates a policy after observing a single expert demonstration without additional fine-tuning. Existing approaches typically train and evaluate on the same set of tasks, varying only object configurations, and struggle to generalize to unseen tasks with different semantic or structural requirements. While some recent methods attempt to address this, they exhibit low success rates on hard test tasks that, despite being visually similar to some training tasks, differ in context and require distinct responses. Additionally, most existing methods lack an explicit model of environment dynamics, limiting their ability to reason about future states. To address these limitations, we propose a novel framework for one-shot visual imitation learning via world-model-guided trajectory generation. Given an expert demonstration video and the agent's initial observation, our method leverages a learned world model to predict a sequence of latent states and actions. This latent trajectory is then decoded into physical waypoints that guide the agent's execution. Our method is evaluated on two simulated benchmarks and three real-world robotic platforms, where it consistently outperforms prior approaches, with over 30% improvement in some cases. The code is available at https://github.com/raktimgg/osvi-wm.",high,A1,1,A1=high,"A1=The paper develops or evaluates a temporal correspondence, synchronization, delay, or sequence-representation mechanism for OSVI-WM: One-Shot Visual Imitation for Unseen Tasks using World-Model-Guided Trajectory Generation.","A1=Its mechanism is a plausible transfer to multimodal robot experience, action-observation alignment, or temporally aware policy training.",A1=true,expansion_round_1,,,arxiv:2505.20425,arxiv:2505.20425,5725436716286451298,,66,related-citers,recent,A1,false,false,false,false,A1/expansion-inspection-manifest.json | A1/expansion-registry.json | A1/paper-registry-complete.json | A5/canonical-pool.jsonl | A5/paper-registry.json,A1/expansion-triage.jsonl
1222,arxiv:2506.02577,1,HIGH,A5,Reachability Weighted Offline Goal-conditioned Resampling,arxiv:2506.02577,"Offline goal-conditioned reinforcement learning (RL) relies on fixed datasets where many potential goals share the same state and action spaces. However, these potential goals are not explicitly represented in the collected trajectories. To learn a generalizable goal-conditioned policy, it is common to sample goals and state-action pairs uniformly using dynamic programming methods such as Q-learning. Uniform sampling, however, requires an intractably large dataset to cover all possible combinations and creates many unreachable state-goal-action pairs that degrade policy performance. Our key insight is that sampling should favor transitions that enable goal achievement. To this end, we propose Reachability Weighted Sampling (RWS). RWS uses a reachability classifier trained via positive-unlabeled (PU) learning on goal-conditioned state-action values. The classifier maps these values to a reachability score, which is then used as a sampling priority. RWS is a plug-and-play module that integrates seamlessly with standard offline RL algorithms. Experiments on six complex simulated robotic manipulation tasks, including those with a robot arm and a dexterous hand, show that RWS significantly improves performance. In one notable case, performance on the HandBlock-Z task improved by nearly 50 percent relative to the baseline. These results indicate the effectiveness of reachability-weighted sampling.",high,A5,1,A5=high,"A5=To this end, we propose Reachability Weighted Sampling (RWS).","A5=It informs how contribution weights can align training with quality, advantage, density, or task importance in the robot experience-to-policy loop.",A5=true,primary_assignment,"Wenyan Yang, Joni Pajarinen",2025,arxiv:2506.02577 | paper:3032223792504955207,arxiv:2506.02577,paper:3032223792504955207,cs.LG,17 | 4 | 56 | 57 | 61 | 66 | 70,search-papers,general | recent,A5,false,false,false,false,A5/assigned-papers.json | A5/canonical-pool.jsonl | A5/evidence-ledger.jsonl | A5/inspection-manifest.json | A5/paper-registry.json | A5/raw/q04-direct-replay.json | A5/read-manifest.json | A7/raw/q10-mixture-balance.json | A7/work/paper-registry.json | A7/work/paper-registry.jsonl | A7/work/verified-paper-registry.json | A7/work/verified-paper-registry.jsonl,A5/assigned-abstracts.jsonl
1235,arxiv:2506.10288,1,HIGH,A4,ClusterUCB: Efficient Gradient-Based Data Selection for Targeted Fine-Tuning of LLMs,arxiv:2506.10288,"Gradient-based data influence approximation has been leveraged to select useful data samples in the supervised fine-tuning of large language models. However, the computation of gradients throughout the fine-tuning process requires too many resources to be feasible in practice. In this paper, we propose an efficient gradient-based data selection framework with clustering and a modified Upper Confidence Bound (UCB) algorithm. Based on the intuition that data samples with similar gradient features will have similar influences, we first perform clustering on the training data pool. Then, we frame the inter-cluster data selection as a constrained computing budget allocation problem and consider it a multi-armed bandit problem. A modified UCB algorithm is leveraged to solve this problem. Specifically, during the iterative sampling process, historical data influence information is recorded to directly estimate the distributions of each cluster, and a cold start is adopted to balance exploration and exploitation. Experimental results on various benchmarks show that our proposed framework, ClusterUCB, can achieve comparable results to the original gradient-based data selection methods while greatly reducing computing consumption.",high,A4,1,A4=high,A4=Uses data valuation or attribution to estimate example contribution to model or policy outcomes.,A4=It provides adjacent evidence for data-efficient training intelligence.,A4=true,expansion_round_1,,,arxiv:2506.10288 | paper:5658198385946810121,,,,,related-paper-expansion,,A4,false,false,false,false,A4/expansion/expansion-registry.jsonl,A4/expansion/expansion-triage.jsonl
1248,arxiv:2506.14608,1,HIGH,A7,Latent Action Diffusion for Cross-Embodiment Manipulation,arxiv:2506.14608,"End-to-end learning is emerging as a powerful paradigm for robotic manipulation, but its effectiveness is limited by data scarcity and the heterogeneity of action spaces across robot embodiments. In particular, diverse action spaces across different end-effectors create barriers for cross-embodiment learning and skill transfer. We address this challenge through diffusion policies learned in a latent action space that unifies diverse end-effector actions. We first show that we can learn a semantically aligned latent action space for anthropomorphic robotic hands, a human hand, and a parallel jaw gripper using encoders trained with a contrastive loss. Second, we show that by using our proposed latent action space for co-training on manipulation data from different end-effectors, we can utilize a single policy for multi-robot control and obtain up to 25.3% improved manipulation success rates, indicating successful skill transfer despite a significant embodiment gap. Our approach using latent cross-embodiment policies presents a new method to unify different action spaces across embodiments, enabling efficient multi-robot control and data sharing across robot setups. This unified representation significantly reduces the need for extensive data collection for each new robot morphology, accelerates generalization across embodiments, and ultimately facilitates more scalable and efficient robotic learning.",high,A7,1,A7=high,"A7=Learns a contrastively aligned latent action space spanning hands and grippers, then co-trains a diffusion policy in that shared space.",A7=It provides a transferable representation mechanism for combining action data with incompatible native controls.,A7=true,primary_assignment,"Erik Bauer, Elvis Nava, Robert K. Katzschmann",2025,arxiv:2506.14608,arxiv:2506.14608,1651987172922293113,cs.RO,,search-papers,foundational | recent,A7,false,true,true,false,A7/raw/q03-heterogeneous.json | A7/raw/q07-multitask.json | A7/raw/q08-transfer.json | A7/raw/q27-cross-embodiment-foundation.json | A7/raw/q38-shared-policy.json | A7/work/assigned-papers.json | A7/work/assigned-papers.jsonl | A7/work/paper-registry.json | A7/work/paper-registry.jsonl | A7/work/read-manifest.json | A7/work/verified-paper-registry.json | A7/work/verified-paper-registry.jsonl,A7/work/abstract-triage.jsonl | A7/work/assigned-abstracts.jsonl
1261,arxiv:2506.22242,1,HIGH,A1,4D-VLA: Spatiotemporal Vision-Language-Action Pretraining with Cross-Scene Calibration,arxiv:2506.22242,"Leveraging diverse robotic data for pretraining remains a critical challenge. Existing methods typically model the dataset's action distribution using simple observations as inputs. However, these inputs are often incomplete, resulting in a dispersed conditional action distribution-an issue we refer to as coordinate system chaos and state chaos. This inconsistency significantly hampers pretraining efficiency. To address this, we propose 4D-VLA, a novel approach that effectively integrates 4D information into the input to mitigate these sources of chaos. Our model introduces depth and temporal information into visual features with sequential RGB-D inputs, aligning the coordinate systems of the robot and the scene. This alignment endows the model with strong spatiotemporal reasoning capabilities while minimizing training overhead. Additionally, we introduce memory bank sampling, a frame sampling strategy designed to extract informative frames from historical images, further improving effectiveness and efficiency. Experimental results demonstrate that our pretraining method and architectural components substantially enhance model performance. In both simulated and real-world experiments, our model achieves a significant increase in success rate over OpenVLA. To further assess spatial perception and generalization to novel views, we introduce MV-Bench, a multi-view simulation benchmark. Our model consistently outperforms existing methods, demonstrating stronger spatial understanding and adaptability.",high,A1,1,A1=high,A1=4D-VLA adds depth and temporal information to align scene and robot coordinate systems and samples informative historical frames from a memory bank.,A1=Cross-scene calibration and history selection address both spatial correspondence and temporal redundancy in heterogeneous robot data.,A1=true,primary_assignment,,2025,arxiv:2506.22242,arxiv:2506.22242,8112548184577362104,,q12-segmentation | q15-recent-vla,search-papers,recent,A1,false,false,false,false,A1/assigned-papers.json | A1/evidence-read-manifest.json | A1/inspection-manifest.json | A1/paper-registry-complete.json | A1/paper-registry.json | A1/raw/q12-segmentation.json | A1/raw/q15-recent-vla.json | A2/canonical-pool.json | A2/canonical-pool.jsonl | A2/raw/q40-2024-2025-vla.json | A5/canonical-pool.jsonl | A5/paper-registry.json,A1/assigned-abstracts.jsonl | A1/triage.jsonl
1274,arxiv:2507.07969,1,HIGH,A2,Reinforcement Learning with Action Chunking,arxiv:2507.07969,"We present Q-chunking, a simple yet effective recipe for improving reinforcement learning (RL) algorithms for long-horizon, sparse-reward tasks. Our recipe is designed for the offline-to-online RL setting, where the goal is to leverage an offline prior dataset to maximize the sample-efficiency of online learning. Effective exploration and sample-efficient learning remain central challenges in this setting, as it is not obvious how the offline data should be utilized to acquire a good exploratory policy. Our key insight is that action chunking, a technique popularized in imitation learning where sequences of future actions are predicted rather than a single action at each timestep, can be applied to temporal difference (TD)-based RL methods to mitigate the exploration challenge. Q-chunking adopts action chunking by directly running RL in a 'chunked' action space, enabling the agent to (1) leverage temporally consistent behaviors from offline data for more effective online exploration and (2) use unbiased n-step backups for more stable and efficient TD learning. Our experimental results demonstrate that Q-chunking exhibits strong offline performance and online sample efficiency, outperforming prior best offline-to-online methods on a range of long-horizon, sparse-reward manipulation tasks.",high,A2,1,A2=high,"A2=Uses temporally extended actions, keyposes, or learned macro-actions to expose multi-step structure while retaining feedback or planning control.","A2=The mechanism can turn long robot experience into reusable training units, skill memories, or better-conditioned policy targets.",A2=true,expansion_round_1,,2025,arxiv:2507.07969,arxiv:2507.07969,1711437796549922138,,2024 robot learning action chunking temporal abstraction trajectory | action chunking compounding error temporal horizon imitation learning | behavioral cloning action chunking robot imitation learning foundational | hierarchical policy action chunking chunk length prediction robot imitation learning | temporally abstract actions robot learning action chunks,search-papers,true,A2,false,false,false,false,A2/canonical-pool.json | A2/canonical-pool.jsonl | A2/expansion-pool.json | A2/expansion-pool.jsonl | A2/raw/q04-direct.json | A2/raw/q11-action-chunking.json | A2/raw/q18-compounding.json | A2/raw/q36-bc-chunking.json | A2/raw/q38-2024-action-chunking.json,A2/expansion-triage.jsonl
1287,arxiv:2507.15062,1,HIGH,A1,Touch in the Wild: Learning Fine-Grained Manipulation with a Portable Visuo-Tactile Gripper,arxiv:2507.15062,"Handheld grippers are increasingly used to collect human demonstrations due to their ease of deployment and versatility. However, most existing designs lack tactile sensing, despite the critical role of tactile feedback in precise manipulation. We present a portable, lightweight gripper with integrated tactile sensors that enables synchronized collection of visual and tactile data in diverse, real-world, and in-the-wild settings. Building on this hardware, we propose a cross-modal representation learning framework that integrates visual and tactile signals while preserving their distinct characteristics. The learning procedure allows the emergence of interpretable representations that consistently focus on contacting regions relevant for physical interactions. When used for downstream manipulation tasks, these representations enable more efficient and effective policy learning, supporting precise robotic manipulation based on multimodal feedback. We validate our approach on fine-grained tasks such as test tube insertion and pipette-based fluid transfer, demonstrating improved accuracy and robustness under external disturbances. Our project page is available at https://binghao-huang.github.io/touchinthewild/ .",high,A1,1,A1=high,"A1=The paper develops or evaluates a temporal correspondence, synchronization, delay, or sequence-representation mechanism for Touch in the Wild: Learning Fine-Grained Manipulation with a Portable Visuo-Tactile Gripper.","A1=Its mechanism is a plausible transfer to multimodal robot experience, action-observation alignment, or temporally aware policy training.",A1=true,expansion_round_2,,,arxiv:2507.15062,arxiv:2507.15062,4418501308535769853,,,related-papers-round2 | related-papers-round3,,A1,false,false,false,false,A1/expansion-round2-registry.json | A1/expansion-round3-registry.json | A1/paper-registry-complete.json,A1/expansion-round2-triage.jsonl
1300,arxiv:2508.05941,1,HIGH,A6,Latent Policy Barrier: Learning Robust Visuomotor Policies by Staying In-Distribution,arxiv:2508.05941,"Visuomotor policies trained via behavior cloning are vulnerable to covariate shift, where small deviations from expert trajectories can compound into failure. Common strategies to mitigate this issue involve expanding the training distribution through human-in-the-loop corrections or synthetic data augmentation. However, these approaches are often labor-intensive, rely on strong task assumptions, or compromise the quality of imitation. We introduce Latent Policy Barrier, a framework for robust visuomotor policy learning. Inspired by Control Barrier Functions, LPB treats the latent embeddings of expert demonstrations as an implicit barrier separating safe, in-distribution states from unsafe, out-of-distribution (OOD) ones. Our approach decouples the role of precise expert imitation and OOD recovery into two separate modules: a base diffusion policy solely on expert data, and a dynamics model trained on both expert and suboptimal policy rollout data. At inference time, the dynamics model predicts future latent states and optimizes them to stay within the expert distribution. Both simulated and real-world experiments show that LPB improves both policy robustness and data efficiency, enabling reliable manipulation from limited expert data and without additional human correction or annotation.",high,A6,1,A6=high,"A6=Learns or supplies recovery, correction, retry, repair, or replanning behavior from failed or perturbed executions.",A6=Makes failure states informative for robust execution and for deciding what corrective data to collect next.,A6=true,expansion_round_1,,2025,arxiv:2508.05941,arxiv:2508.05941,1851227707938113907,,q17-failure-negative-visuomotor | q33-recent-diffusion-recovery,related-papers,general | recent,A3,false,false,false,false,A3/paper-registry.json | A3/raw/q22-safe-bad-data.txt | A5/canonical-pool.jsonl | A5/paper-registry.json | A6/expansion/canonical-pool.jsonl | A6/raw-retrieval/q17-failure-negative-visuomotor.json | A6/raw-retrieval/q33-recent-diffusion-recovery.json | A6/work/canonical-pool.jsonl | A7/raw/q06-shift.json | A7/work/paper-registry.json | A7/work/paper-registry.jsonl | A7/work/verified-paper-registry.json | A7/work/verified-paper-registry.jsonl | A8/raw/q15-outcome.json | A8/raw/q16-outcome.json | A8/work/canonical-pool.jsonl,A6/expansion/triage.jsonl
1313,arxiv:2508.14542,1,HIGH,A6,Taming VR Teleoperation and Learning from Demonstration for Multi-Task Bimanual Table Service Manipulation,arxiv:2508.14542,"This technical report presents the champion solution of the Table Service Track in the ICRA 2025 What Bimanuals Can Do (WBCD) competition. We tackled a series of demanding tasks under strict requirements for speed, precision, and reliability: unfolding a tablecloth (deformable-object manipulation), placing a pizza into the container (pick-and-place), and opening and closing a food container with the lid. Our solution combines VR-based teleoperation and Learning from Demonstrations (LfD) to balance robustness and autonomy. Most subtasks were executed through high-fidelity remote teleoperation, while the pizza placement was handled by an ACT-based policy trained from 100 in-person teleoperated demonstrations with randomized initial configurations. By carefully integrating scoring rules, task characteristics, and current technical capabilities, our approach achieved both high efficiency and reliability, ultimately securing the first place in the competition.",high,A6,1,A6=high,"A6=Estimates demonstration quality or latent expertise to filter, weight, or optimize learning from mixed-quality experience.",A6=Offers a reusable mechanism for converting sequential experience into better policy or data decisions.,A6=true,expansion_round_1,,,arxiv:2508.14542,arxiv:2508.14542,7320520422454382784,,,related-papers,,A6,false,false,false,false,A6/expansion/canonical-pool.jsonl,A6/expansion/triage.jsonl
1326,arxiv:2509.01819,1,HIGH,A1,ManiFlow: A General Robot Manipulation Policy via Consistency Flow Training,arxiv:2509.01819,"This paper introduces ManiFlow, a visuomotor imitation learning policy for general robot manipulation that generates precise, high-dimensional actions conditioned on diverse visual, language and proprioceptive inputs. We leverage flow matching with consistency training to enable high-quality dexterous action generation in just 1-2 inference steps. To handle diverse input modalities efficiently, we propose DiT-X, a diffusion transformer architecture with adaptive cross-attention and AdaLN-Zero conditioning that enables fine-grained feature interactions between action tokens and multi-modal observations. ManiFlow demonstrates consistent improvements across diverse simulation benchmarks and nearly doubles success rates on real-world tasks across single-arm, bimanual, and humanoid robot setups with increasing dexterity. The extensive evaluation further demonstrates the strong robustness and generalizability of ManiFlow to novel objects and background changes, and highlights its strong scaling capability with larger-scale datasets. Our website: maniflow-policy.github.io.",high,A1,1,A1=high,"A1=The paper develops or evaluates a temporal correspondence, synchronization, delay, or sequence-representation mechanism for ManiFlow: A General Robot Manipulation Policy via Consistency Flow Training.","A1=Its mechanism is a plausible transfer to multimodal robot experience, action-observation alignment, or temporally aware policy training.",A1=true,expansion_round_3,,,arxiv:2509.01819,arxiv:2509.01819,7952613658681093950,,,related-papers-round3,,A1,false,false,false,false,A1/expansion-round3-registry.json | A1/paper-registry-complete.json,A1/expansion-round3-triage.jsonl
1339,arxiv:2509.17057,1,MEDIUM,A4,RoboManipBaselines: A Unified Framework for Imitation Learning in Robotic Manipulation across Real and Simulation Environments,arxiv:2509.17057,"We present RoboManipBaselines, an open-source software framework for imitation learning research in robotic manipulation. The framework supports the entire imitation learning pipeline, including data collection, policy training, and rollout, across both simulation and real-world environments. Its design emphasizes integration through a consistent workflow, generality across diverse environments and robot platforms, extensibility for easily adding new robots, tasks, and policies, and reproducibility through evaluations using publicly available datasets. RoboManipBaselines systematically implements the core components of imitation learning: environment, dataset, and policy. Through a unified interface, the framework supports multiple simulators and real robot environments, as well as multimodal sensors and a wide variety of policy models. We further present benchmark evaluations in both simulation and real-world environments and introduce several research applications, including data augmentation, integration with tactile models, interactive robotic systems, 3D sensing evaluation, and hardware extensions. These results demonstrate that RoboManipBaselines provides a useful foundation for advancing research and experimental validation in robotic manipulation using imitation learning. https://isri-aist.github.io/RoboManipBaselines-ProjectPage",medium,A4,1,A4=medium,A4=Uses a valuation or attribution signal to estimate the contribution of training examples to model or policy outcomes.,A4=It is directly or plausibly transferable to selecting robot experience for policy learning.,A4=true,expansion_round_1,,,arxiv:2509.17057 | paper:4391119205748111945,,,,,,,A4,false,false,false,false,A4/expansion/round3/registry.jsonl,A4/expansion/all-new-expansion-triage.jsonl
1352,arxiv:2509.23111,1,HIGH,A1,Liaohe-CobotMagic-PnP: an Imitation Learning Dataset of Intelligent Robot for Industrial Applications,arxiv:2509.23111,"In Industry 4.0 applications, dynamic environmental interference induces highly nonlinear and strongly coupled interactions between the environmental state and robotic behavior. Effectively representing dynamic environmental states through multimodal sensor data fusion remains a critical challenge in current robotic datasets. To address this, an industrial-grade multimodal interference dataset is presented, designed for robotic perception and control under complex conditions. The dataset integrates multi-dimensional interference features including size, color, and lighting variations, and employs high-precision sensors to synchronously collect visual, torque, and joint-state measurements. Scenarios with geometric similarity exceeding 85% and standardized lighting gradients are included to ensure real-world representativeness. Microsecond-level time-synchronization and vibration-resistant data acquisition protocols, implemented via the Robot Operating System (ROS), guarantee temporal and operational fidelity. Experimental results demonstrate that the dataset enhances model validation robustness and improves robotic operational stability in dynamic, interference-rich environments. The dataset is publicly available at:https://modelscope.cn/datasets/LiaohLAB/Liaohe-CobotMagic-PnP.",high,A1,1,A1=high,"A1=The dataset synchronously records vision, torque, and joint state with microsecond-level timing protocols for imitation learning under interference.",A1=It links timestamp fidelity and multimodal dataset design to robustness in industrial manipulation.,A1=true,primary_assignment,,,arxiv:2509.23111,arxiv:2509.23111,5701131072801358229,,q01-direct | q14-recent-sync | q16-recent-datasets,search-papers,recent,A1,false,false,false,false,A1/assigned-papers.json | A1/inspection-manifest.json | A1/paper-registry-complete.json | A1/paper-registry.json | A1/raw/q01-direct.json | A1/raw/q14-recent-sync.json | A1/raw/q16-recent-datasets.json | A4/canonical-registry.jsonl | A4/raw/q37-recent-dedup.json,A1/assigned-abstracts.jsonl | A1/triage.jsonl
1365,arxiv:2510.01661,1,HIGH,A2,Symskill: Symbol and Skill Co-Invention for Data-Efficient and Reactive Long-Horizon Manipulation,arxiv:2510.01661,"Multi-step manipulation in dynamic environments remains challenging. Imitation learning (IL) is reactive but lacks compositional generalization, since monolithic policies do not decide which skill to reuse when scenes change. Classical task-and-motion planning (TAMP) offers compositionality, but its high planning latency prevents real-time failure recovery. We introduce SymSkill, a unified framework that jointly learns predicates, operators, and skills from unlabeled, unsegmented demonstrations, combining compositional generalization with real-time recovery. Offline, SymSkill learns symbolic abstractions and goal-oriented skills directly from demonstrations. Online, given a conjunction of learned predicates, it uses a symbolic planner to compose and reorder skills to achieve symbolic goals while recovering from failures at both the motion and symbolic levels in real time. Coupled with a compliant controller, SymSkill supports safe execution under human and environmental disturbances. In RoboCasa simulation, SymSkill executes 12 single-step tasks with 85% success and composes them into multi-step plans without additional data. On a real Franka robot, it learns from 5 minutes of play data and performs 12-step tasks from goal specifications. Code and additional analysis are available at https://symskill.github.io/ .",high,A2,1,A2=high,A2=Detects or learns semantically meaningful trajectory segments and uses them as variable-horizon action chunks or keypose-to-keypose control targets.,"A2=Boundary and horizon choices determine the training unit, feedback latency, credit assignment, and compounding-error exposure in long-horizon robot learning.",A2=true,primary_assignment,"Yifei Simon Shao, Yuchen Zheng, Sunan Sun, Pratik Chaudhari, Vijay Kumar, Nadia Figueroa",2025,arxiv:2510.01661,arxiv:2510.01661,4115822896948500689,cs.RO,2025 2026 long horizon robot manipulation temporal abstraction action chunks,search-papers,false,A2,false,false,false,false,A2/assigned-papers.json | A2/assigned-registry-inspected.json | A2/assigned-registry-inspected.jsonl | A2/canonical-pool.json | A2/canonical-pool.jsonl | A2/raw/q43-2025-2026-long-horizon.json | A6/raw-retrieval/q35-found-learn-failures.json | A6/work/canonical-pool.jsonl,A2/assigned-abstracts.jsonl | A2/triage.jsonl
1378,arxiv:2510.11499,1,HIGH,A4,Offline Reinforcement Learning with Generative Trajectory Policies,arxiv:2510.11499,"Generative models have emerged as a powerful class of policies for offline reinforcement learning (RL) due to their ability to capture complex, multi-modal behaviors. However, existing methods face a stark trade-off: slow, iterative models like diffusion policies are computationally expensive, while fast, single-step models like consistency policies often suffer from degraded performance. In this paper, we demonstrate that it is possible to bridge this gap. The key to moving beyond the limitations of individual methods, we argue, lies in a unifying perspective that views modern generative models, including diffusion, flow matching, and consistency models, as specific instances of learning a continuous-time generative trajectory governed by an Ordinary Differential Equation (ODE). This principled foundation provides a clearer design space for generative policies in RL and allows us to propose Generative Trajectory Policies (GTPs), a new and more general policy paradigm that learns the entire solution map of the underlying ODE. To make this paradigm practical for offline RL, we further introduce two key theoretically principled adaptations. Empirical results demonstrate that GTP achieves state-of-the-art performance on D4RL benchmarks - it significantly outperforms prior generative policies, achieving perfect scores on several notoriously hard AntMaze tasks.",high,A4,1,A4=high,"A4=Ranks or weights trajectories/transitions according to return, coverage, value, or policy-improvement utility in offline learning.",A4=It offers a direct or transferable way to connect robot experience choices to learned policy behavior.,A4=true,primary_assignment,,,arxiv:2510.11499 | paper:7915594193979938271,arxiv:2510.11499,7915594193979938271,,q36-recent-offline,semantic-search,,A4,false,false,false,false,A4/assigned-papers.json | A4/assigned-registry-inspected.jsonl | A4/assigned-registry-preinspect.jsonl | A4/canonical-registry.jsonl | A4/raw/q36-recent-offline.json,A4/abstract-triage.jsonl
1391,arxiv:2510.19495,1,HIGH,A3 | A4 | A6 | A8,Using Non-Expert Data to Robustify Imitation Learning via Offline Reinforcement Learning,arxiv:2510.19495,"Imitation learning has proven effective for training robots to perform complex tasks from expert human demonstrations. However, it remains limited by its reliance on high-quality, task-specific data, restricting adaptability to the diverse range of real-world object configurations and scenarios. In contrast, non-expert data -- such as play data, suboptimal demonstrations, partial task completions, or rollouts from suboptimal policies -- can offer broader coverage and lower collection costs. However, conventional imitation learning approaches fail to utilize this data effectively. To address these challenges, we posit that with right design decisions, offline reinforcement learning can be used as a tool to harness non-expert data to enhance the performance of imitation learning policies. We show that while standard offline RL approaches can be ineffective at actually leveraging non-expert data under the sparse data coverage settings typically encountered in the real world, simple algorithmic modifications can allow for the utilization of this data, without significant additional assumptions. Our approach shows that broadening the support of the policy distribution can allow imitation algorithms augmented by offline RL to solve tasks robustly, showing considerably enhanced recovery and generalization behavior. In manipulation tasks, these innovations significantly increase the range of initial conditions where learned policies are successful when non-expert data is incorporated. Moreover, we show that these methods are able to leverage all collected data, including partial or suboptimal demonstrations, to bolster task-directed policy performance. This underscores the importance of algorithmic techniques for using non-expert data for robust policy learning in robotics. Website: https://uwrobotlearning.github.io/RISE-offline/",high,A3 | A4 | A6 | A8,4,A3=high | A4=high | A6=high | A8=high,"A3=Offline RL uses play, partial-success, and non-expert trajectories to broaden coverage while extracting behavior better than naive imitation. | A4=Ranks or weights trajectories/transitions according to return, coverage, value, or policy-improvement utility in offline learning. | A6=Uses failure, recovery, retry, correction, or intervention data to return execution to a viable state or learn corrective behavior. | A8=Offline RL modifications broaden policy support so play, partial, and suboptimal data improve recovery and generalization instead of being discarded.","A3=It gives the training loop a principled role for abundant weak data that would otherwise be discarded. | A4=It offers a direct or transferable way to connect robot experience choices to learned policy behavior. | A6=Shows how imperfect experience can teach robust retry and recovery behavior instead of being discarded. | A8=It shows that experience usefulness depends on how training exploits coverage, not only on whether each demonstration is expert-quality.",A3=true | A4=true | A6=true | A8=true,expansion_round_1 | primary_assignment,Kevin Huang | Rosario Scalise | Cleah Winston | Ayush Agrawal | Yunchu Zhang | Rohan Baijal | Markus Grotz | Byron Boots | Benjamin Burchfiel | Masha Itkina | Paarth Shah | Abhishek Gupta,2025,arxiv:2510.19495 | paper:3302047507518431315 | paperid:3302047507518431315,arxiv:2510.19495,3302047507518431315,cs.AI | cs.LG | cs.RO,q03-direct-partial-success | q03-synonyms | q05-syn-suboptimal-demo | q10-suboptimal | q12-mech-offline-failures | q13-harmful-demo | q20-adj-human-activity | q31-recent-mixed-quality,firecrawl research search-papers | related-papers | semantic-search,recent,A3 | A4 | A6,true,true,false,false,A3/assigned-papers.json | A3/evidence-index.json | A3/paper-registry.json | A3/raw/q03-synonyms.txt | A3/raw/q10-suboptimal.txt | A4/assigned-papers.json | A4/assigned-registry-inspected.jsonl | A4/assigned-registry-preinspect.jsonl | A4/canonical-registry.jsonl | A4/raw/q13-harmful-demo.json | A6/expansion/canonical-pool.jsonl | A6/raw-retrieval/q03-direct-partial-success.json | A6/raw-retrieval/q05-syn-suboptimal-demo.json | A6/raw-retrieval/q12-mech-offline-failures.json | A6/raw-retrieval/q20-adj-human-activity.json | A6/raw-retrieval/q31-recent-mixed-quality.json | A6/registry-assignment.jsonl | A6/work/assigned-registry-inspected.jsonl | A6/work/assigned-registry-preinspect.jsonl | A6/work/canonical-pool.jsonl | A6/work/evidence-index.jsonl | A7/raw/q15-long-tail-failure.json | A7/work/paper-registry.json | A7/work/paper-registry.jsonl | A7/work/verified-paper-registry.json | A7/work/verified-paper-registry.jsonl | A8/work/expansion-novel.jsonl | A8/work/expansion-pool.jsonl,A3/abstract-triage.jsonl | A4/abstract-triage.jsonl | A6/triage.jsonl | A8/work/expansion-triage.jsonl
1404,arxiv:2510.25122,1,HIGH,A1,NanoVLA: Routing Decoupled Vision-Language Understanding for Nano-sized Generalist Robotic Policies,arxiv:2510.25122,"Vision-language-action (VLA) models have significantly advanced robotic manipulation by integrating vision-language models (VLMs), and action decoders into a unified architecture. However, their deployment on resource-constrained edge devices, such as mobile robots or embedded systems (e.g., Jetson Orin Nano), remains challenging due to high computational demands, especially in real-world scenarios where power, latency, and computational resources are critical. To close this gap, we introduce Nano-scale Vision-Language Action (NanoVLA), a family of lightweight VLA architectures that achieve high performance with minimal resources. Our core innovations include: (1) vision-language decoupling that moves conventional early vision and language inputs fusion in VLM to late stage, achieving better performance while enabling caching and reduce inference overhead and latency; (2) long-short action chunking to ensure smooth, coherent multi-step planning without sacrificing real-time responsiveness; (3) dynamic routing that adaptively assigns lightweight or heavy backbones based on task complexity, further optimizing inference efficiency. Experimental results on several benchmarks, as well as real-world deployments, demonstrate that NanoVLA achieves up to 52x faster inference on edge devices compared to previous state-of-the-art VLA models, with 98% less parameters while maintaining or surpassing their task accuracy and generalization. Ablation studies confirm that our decoupling strategy preserves cross-task transferability, and the routing module enhances cost-performance trade-offs, enabling practical, high-precision robotic manipulation on resource-constrained hardware.",high,A1,1,A1=high,"A1=The paper develops or evaluates a temporal correspondence, synchronization, delay, or sequence-representation mechanism for NanoVLA: Routing Decoupled Vision-Language Understanding for Nano-sized Generalist Robotic Policies.","A1=Its mechanism is a plausible transfer to multimodal robot experience, action-observation alignment, or temporally aware policy training.",A1=true,expansion_round_2,,,arxiv:2510.25122,arxiv:2510.25122,1027832950776348839,,,related-papers-round2,,A1,false,false,false,false,A1/expansion-round2-registry.json | A1/paper-registry-complete.json,A1/expansion-round2-triage.jsonl
1417,arxiv:2511.07295,1,MEDIUM,A5,Hard vs. Noise: Resolving Hard-Noisy Sample Confusion in Recommender Systems via Large Language Models,arxiv:2511.07295,"Implicit feedback, employed in training recommender systems, unavoidably confronts noise due to factors such as misclicks and position bias. Previous studies have attempted to identify noisy samples through their diverged data patterns, such as higher loss values, and mitigate their influence through sample dropping or reweighting. However, we observed that noisy samples and hard samples display similar patterns, leading to hard-noisy confusion issue. Such confusion is problematic as hard samples are vital for modeling user preferences. To solve this problem, we propose LLMHNI framework, leveraging two auxiliary user-item relevance signals generated by Large Language Models (LLMs) to differentiate hard and noisy samples. LLMHNI obtains user-item semantic relevance from LLM-encoded embeddings, which is used in negative sampling to select hard negatives while filtering out noisy false negatives. An objective alignment strategy is proposed to project LLM-encoded embeddings, originally for general language tasks, into a representation space optimized for user-item relevance modeling. LLMHNI also exploits LLM-inferred logical relevance within user-item interactions to identify hard and noisy samples. These LLM-inferred interactions are integrated into the interaction graph and guide denoising with cross-graph contrastive alignment. To eliminate the impact of unreliable interactions induced by LLM hallucination, we propose a graph contrastive learning strategy that aligns representations from randomly edge-dropped views to suppress unreliable edges. Empirical results demonstrate that LLMHNI significantly improves denoising and recommendation performance.",medium,A5,1,A5=medium,"A5=However, we observed that noisy samples and hard samples display similar patterns, leading to hard-noisy confusion issue.","A5=It offers a transferable way to focus updates on difficult, rare, or confusable examples while exposing the risk of amplifying noise.",A5=true,primary_assignment,"Tianrui Song, Wen-Shuo Chao, Hao Liu",,arxiv:2511.07295 | paper:3033882166999374279,,paper:3033882166999374279,cs.AI | cs.IR,32,search-papers,general,A5,false,false,false,false,A5/assigned-papers.json | A5/canonical-pool.jsonl | A5/evidence-ledger.jsonl | A5/inspection-manifest.json | A5/paper-registry.json | A5/read-manifest.json,A5/assigned-abstracts.jsonl
1430,arxiv:2511.19528,1,HIGH,A8,"Discover, Learn, and Reinforce: Scaling Vision-Language-Action Pretraining with Diverse RL-Generated Trajectories",arxiv:2511.19528,"Scaling vision-language-action (VLA) model pre-training requires large volumes of diverse, high-quality manipulation trajectories. Most current data is obtained via human teleoperation, which is expensive and difficult to scale. Reinforcement learning (RL) methods learn useful skills through autonomous exploration, making them a viable approach for generating data. However, standard RL training collapses to a narrow execution pattern, limiting its utility for large-scale pre-training. We propose Discover, Lea rn and Reinforce (DLR), an information-theoretic pattern discovery framework that generates multiple distinct, high-success behavioral patterns for VLA pretraining. Empirically, DLR generates a markedly more diverse trajectory corpus on LIBERO. Specifically, it learns multiple distinct, high-success strategies for the same task where standard RL discovers only one, and hence it covers substantially broader regions of the state-action space. When adapted to unseen downstream task suites, VLA models pretrained on our diverse RL data surpass counterparts trained on equal-sized standard RL datasets. Moreover, DLR exhibits positive data-scaling behavior that single-pattern RL lacks. These results position multi-pattern RL as a practical, scalable data engine for embodied foundation models.",high,A8,1,A8=high,A8=RL-generated trajectories diversify vision-language-action pretraining and are filtered or mixed to improve generalist policy learning.,A8=It directly connects active trajectory generation and data mixture design to representation usefulness.,A8=true,expansion_round_3,,2025,arxiv:2511.19528 | paperid:2641200895421430767,arxiv:2511.19528,2641200895421430767,,q30-vla-data | q35-recent-vla,semantic-search,general | recent,A8,false,false,false,false,A4/canonical-registry.jsonl | A4/raw/q30-vla-data.json | A4/raw/q35-recent-vla.json | A5/canonical-pool.jsonl | A5/paper-registry.json | A7/raw/q12-vla-composition.json | A7/work/expansion-registry.json | A7/work/expansion-registry.jsonl | A7/work/paper-registry.json | A7/work/paper-registry.jsonl | A7/work/verified-paper-registry.json | A7/work/verified-paper-registry.jsonl | A8/work/expansion-round3-novel.jsonl,A8/work/expansion-round3-triage.jsonl
1443,arxiv:2512.04958,1,HIGH,A2,Realizable Abstractions: Near-Optimal Hierarchical Reinforcement Learning,arxiv:2512.04958,"The main focus of Hierarchical Reinforcement Learning (HRL) is studying how large Markov Decision Processes (MDPs) can be more efficiently solved when addressed in a modular way, by combining partial solutions computed for smaller subtasks. Despite their very intuitive role for learning, most notions of MDP abstractions proposed in the HRL literature have limited expressive power or do not possess formal efficiency guarantees. This work addresses these fundamental issues by defining Realizable Abstractions, a new relation between generic low-level MDPs and their associated high-level decision processes. The notion we propose avoids non-Markovianity issues and has desirable near-optimality guarantees. Indeed, we show that any abstract policy for Realizable Abstractions can be translated into near-optimal policies for the low-level MDP, through a suitable composition of options. As demonstrated in the paper, these options can be expressed as solutions of specific constrained MDPs. Based on these findings, we propose RARL, a new HRL algorithm that returns compositional and near-optimal low-level policies, taking advantage of the Realizable Abstraction given in the input. We show that RARL is Probably Approximately Correct, it converges in a polynomial number of samples, and it is robust to inaccuracies in the abstraction.",high,A2,1,A2=high,"A2=Finds event, phase, or subtask boundaries by modeling temporal changes in observations, dynamics, language, or latent sequence variables.","A2=The mechanism can turn long robot experience into reusable training units, skill memories, or better-conditioned policy targets.",A2=true,expansion_round_1,,2025,arxiv:2512.04958,,,,,,,A2,false,false,false,false,A2/expansion-pool.json | A2/expansion-pool.jsonl,A2/expansion-triage.jsonl
1456,arxiv:2512.12939,1,MEDIUM,A1,"Continuous Edit Distance, Geodesics and Barycenters of Time-varying Persistence Diagrams",arxiv:2512.12939,"We introduce the Continuous Edit Distance (CED), a geodesic and elastic distance for time-varying persistence diagrams (TVPDs). The CED extends edit-distance ideas to TVPDs by combining local substitution costs with penalized deletions/insertions, controlled by two parameters: α (trade-off between temporal misalignment and diagram discrepancy) and β (gap penalty). We also provide an explicit construction of CED-geodesics. Building on these ingredients, we present two practical barycenter solvers, one stochastic and one greedy, that monotonically decrease the CED Frechet energy. Empirically, the CED is robust to additive perturbations (both temporal and spatial), recovers temporal shifts, and supports temporal pattern search. On real-life datasets, the CED achieves clustering performance comparable or better than standard elastic dissimilarities, while our clustering based on CED-barycenters yields superior classification results. Overall, the CED equips TVPD analysis with a principled distance, interpretable geodesics, and practical barycenters, enabling alignment, comparison, averaging, and clustering directly in the space of TVPDs. A C++ implementation is provided for reproducibility at the following address https://github.com/sebastien-tchitchek/ContinuousEditDistance.",medium,A1,1,A1=medium,"A1=The paper develops or evaluates a temporal correspondence, synchronization, delay, or sequence-representation mechanism for Continuous Edit Distance, Geodesics and Barycenters of Time-varying Persistence Diagrams.","A1=Its adjacent-domain method may provide a transferable alignment idea, but the robot transfer path requires verification.",A1=true,expansion_round_1,,,arxiv:2512.12939,arxiv:2512.12939,9102339612216284943,,,related-similar,,A1,false,false,false,false,A1/expansion-registry.json | A1/paper-registry-complete.json,A1/expansion-triage.jsonl
1469,arxiv:2512.22824,1,HIGH,A5,TEACH: Temporal Variance-Driven Curriculum for Reinforcement Learning,arxiv:2512.22824,"Reinforcement Learning (RL) has achieved significant success in solving single-goal tasks. However, uniform goal selection often results in sample inefficiency in multi-goal settings where agents must learn a universal goal-conditioned policy. Inspired by the adaptive and structured learning processes observed in biological systems, we propose a novel Student-Teacher learning paradigm with a Temporal Variance-Driven Curriculum to accelerate Goal-Conditioned RL. In this framework, the teacher module dynamically prioritizes goals with the highest temporal variance in the policy's confidence score, parameterized by the state-action value (Q) function. The teacher provides an adaptive and focused learning signal by targeting these high-uncertainty goals, fostering continual and efficient progress. We establish a theoretical connection between the temporal variance of Q-values and the evolution of the policy, providing insights into the method's underlying principles. Our approach is algorithm-agnostic and integrates seamlessly with existing RL frameworks. We demonstrate this through evaluation across 11 diverse robotic manipulation and maze navigation tasks. The results show consistent and notable improvements over state-of-the-art curriculum learning and goal-selection methods.",high,A5,1,A5=high,"A5=Inspired by the adaptive and structured learning processes observed in biological systems, we propose a novel Student-Teacher learning paradigm with a Temporal Variance-Driven Curriculum to accelerate Goal-Conditioned RL.","A5=It informs how a robot learner can order tasks, stages, or examples to improve learning efficiency and stability.",A5=true,primary_assignment,"Gaurav Chaudhary, Laxmidhar Behera",,arxiv:2512.22824 | paper:8410854322951799151,,paper:8410854322951799151,cs.LG,59,search-papers,general,A5,false,false,false,false,A5/assigned-papers.json | A5/canonical-pool.jsonl | A5/evidence-ledger.jsonl | A5/inspection-manifest.json | A5/paper-registry.json | A5/read-manifest.json,A5/assigned-abstracts.jsonl
1482,arxiv:2601.03044,1,HIGH,A5 | A6,SOP: A Scalable Online Post-Training System for Vision-Language-Action Models,arxiv:2601.03044,"Vision-language-action (VLA) models achieve strong generalization through large-scale pre-training, but real-world deployment requires expert-level task proficiency in addition to broad generality. Existing post-training approaches for VLA models are typically offline, single-robot, or task-specific, limiting effective on-policy adaptation and scalable learning from real-world interaction. We introduce a Scalable Online Post-training (SOP) system that enables online, distributed, multi-task post-training of generalist VLA models directly in the physical world. SOP tightly couples execution and learning through a closed-loop architecture in which a fleet of robots continuously streams on-policy experience and human intervention signals to a centralized cloud learner, and asynchronously receives updated policies. This design supports prompt on-policy correction, scales experience collection through parallel deployment, and preserves generality during adaptation. SOP is agnostic to the choice of post-training algorithm; we instantiate it with both interactive imitation learning (HG-DAgger) and reinforcement learning (RECAP). Across a range of real-world manipulation tasks including cloth folding, box assembly, and grocery restocking, we show that SOP substantially improves the performance of large pretrained VLA models while maintaining a single shared policy across tasks. Effective post-training can be achieved within hours of real-world interaction, and performance scales near-linearly with the number of robots in the fleet. These results suggest that tightly coupling online learning with fleet-scale deployment is instrumental to enabling efficient, reliable, and scalable post-training of generalist robot policies in the physical world.",high,A5 | A6,2,A5=medium | A6=high,"A5=Vision-language-action (VLA) models achieve strong generalization through large-scale pre-training, but real-world deployment requires expert-level task proficiency in addition to broad generality. | A6=Learns or supplies recovery, correction, retry, repair, or replanning behavior from failed or perturbed executions.",A5=This adaptive mixture neighbor tests whether the expansion adds a reusable mechanism for controlling robot experience in policy training. | A6=Makes failure states informative for robust execution and for deciding what corrective data to collect next.,A5=true | A6=true,expansion_round_1 | expansion_round_2,,2026,arxiv:2601.03044,arxiv:2601.03044,7753146987695993383,,A8 | q04-direct,related-papers,recent,A5 | A6,false,false,false,true,A5/expansion/raw/round2-citers.json | A6/expansion/canonical-pool.jsonl | A7/raw/q36-fleet-diversity.json | A7/work/paper-registry.json | A7/work/paper-registry.jsonl | A7/work/verified-paper-registry.json | A7/work/verified-paper-registry.jsonl | A8/raw/q04-direct.json | A8/work/canonical-pool.jsonl,A5/expansion/round2-triage.jsonl | A6/expansion/triage.jsonl
1495,arxiv:2601.07821,1,HIGH,A3 | A6,Failure-Aware RL: Reliable Offline-to-Online Reinforcement Learning with Self-Recovery for Real-World Manipulation,arxiv:2601.07821,"Post-training algorithms based on deep reinforcement learning can push the limits of robotic models for specific objectives, such as generalizability, accuracy, and robustness. However, Intervention-requiring Failures (IR Failures) (e.g., a robot spilling water or breaking fragile glass) during real-world exploration happen inevitably, hindering the practical deployment of such a paradigm. To tackle this, we introduce Failure-Aware Offline-to-Online Reinforcement Learning (FARL), a new paradigm minimizing failures during real-world reinforcement learning. We create FailureBench, a benchmark that incorporates common failure scenarios requiring human intervention, and propose an algorithm that integrates a world-model-based safety critic and a recovery policy trained offline to prevent failures during online exploration. Extensive simulation and real-world experiments demonstrate the effectiveness of FARL in significantly reducing IR Failures while improving performance and generalization during online reinforcement learning post-training. FARL reduces IR Failures by 73.1% while elevating performance by 11.3% on average during real-world RL post-training. Videos and code are available at https://failure-aware-rl.github.io.",high,A3 | A6,2,A3=high | A6=high,"A3=Failure-aware offline-to-online RL combines offline data with self-recovery for real-world manipulation. | A6=Uses failure, recovery, retry, correction, or intervention data to return execution to a viable state or learn corrective behavior.","A3=It links weak historical data, failure detection, and safe online improvement. | A6=Shows how imperfect experience can teach robust retry and recovery behavior instead of being discarded.",A3=true | A6=true,expansion_round_2 | primary_assignment,"Huanyu Li, Kun Lei, Sheng Zang, Kaizhe Hu, Yongyuan Liang, Bo An, Xiaoli Li, Huazhe Xu",2026,arxiv:2601.07821,arxiv:2601.07821,3561543537752091502,cs.AI | cs.LG | cs.RO,24 | q14-mech-recovery-intervention | q15-failure-detection-recovery | q16-failure-replay | q30-recent-fail-recovery,firecrawl research related-papers | search-papers,general,A3 | A6,true,true,false,false,A3/paper-registry.json | A3/round2-evidence-index.json | A3/round2-registry.json | A5/canonical-pool.jsonl | A5/paper-registry.json | A6/raw-retrieval/q14-mech-recovery-intervention.json | A6/raw-retrieval/q15-failure-detection-recovery.json | A6/raw-retrieval/q16-failure-replay.json | A6/raw-retrieval/q30-recent-fail-recovery.json | A6/registry-assignment.jsonl | A6/work/assigned-registry-inspected.jsonl | A6/work/assigned-registry-preinspect.jsonl | A6/work/canonical-pool.jsonl | A6/work/evidence-index.jsonl,A3/round2-triage.jsonl | A6/triage.jsonl
1508,arxiv:2601.12428,1,MEDIUM,A5,ReWorld: Multi-Dimensional Reward Modeling for Embodied World Models,arxiv:2601.12428,"Recently, video-based world models that learn to simulate the dynamics have gained increasing attention in robot learning. However, current approaches primarily emphasize visual generative quality while overlooking physical fidelity, dynamic consistency, and task logic, especially for contact-rich manipulation tasks, which limits their applicability to downstream tasks. To this end, we introduce ReWorld, a framework aimed to employ reinforcement learning to align the video-based embodied world models with physical realism, task completion capability, embodiment plausibility and visual quality. Specifically, we first construct a large-scale ( 235K) video preference dataset and employ it to train a hierarchical reward model designed to capture multi-dimensional reward consistent with human preferences. We further propose a practical alignment algorithm that post-trains flow-based world models using this reward through a computationally efficient PPO-style algorithm. Comprehensive experiments and theoretical analysis demonstrate that ReWorld significantly improves the physical fidelity, logical coherence, embodiment and visual quality of generated rollouts, outperforming previous methods.",medium,A5,1,A5=medium,"A5=However, current approaches primarily emphasize visual generative quality while overlooking physical fidelity, dynamic consistency, and task logic, especially for contact-rich manipulation tasks, which limits their applicability to downstream tasks.",A5=This adaptive mixture neighbor tests whether the expansion adds a reusable mechanism for controlling robot experience in policy training.,A5=true,expansion_round_3,,,arxiv:2601.12428,arxiv:2601.12428,2464513511920957643,,,,,A5,false,false,false,false,A5/expansion/raw/round3-citers.json,A5/expansion/round3-triage.jsonl
1521,arxiv:2601.16065,1,MEDIUM,A4,DTP: A Simple yet Effective Distracting Token Pruning Framework for Vision-Language Action Models,arxiv:2601.16065,"Vision-Language Action (VLA) models have shown remarkable progress in robotic manipulation by leveraging the powerful perception abilities of Vision-Language Models (VLMs) to understand environments and directly output actions. However, by default, VLA models may overly attend to image tokens in the task-irrelevant region, which we describe as 'distracting tokens'. This behavior can disturb the model from the generation of the desired action tokens in each step, affecting the success rate of tasks. In this paper, we introduce a simple yet effective plug-and-play Distracting Token Pruning (DTP) framework, which dynamically detects and prunes these distracting image tokens. By correcting the model's visual attention patterns, we aim to improve the task success rate, as well as exploring the performance upper boundaries of the model without altering its original architecture or adding additional inputs. Experiments on the SIMPLER Benchmark (Li et al., 2024) show that our method consistently achieving relative improvements in task success rates across different types of novel VLA models, demonstrating generalizability to transformer-based VLAs. Further analysis reveals a negative correlation between the task success rate and the amount of attentions in the task-irrelevant region for all models tested, highlighting a common phenomenon of VLA models that could guide future research. We also publish our code at: https://anonymous.4open.science/r/CBD3.",medium,A4,1,A4=medium,"A4=Selects or removes training examples using utility, gradient, coverage, or representativeness criteria.",A4=It is directly or plausibly transferable to selecting robot experience for policy learning.,A4=false,expansion_round_1,,,arxiv:2601.16065 | paper:6589360930094349440,,,,,,,A4,false,false,false,false,A4/expansion/round4/registry.jsonl,A4/expansion/all-new-expansion-triage.jsonl
1534,arxiv:2601.20870,1,HIGH,A1,STAER: Temporal Aligned Rehearsal for Continual Spiking Neural Network,arxiv:2601.20870,"Spiking Neural Networks (SNNs) are inherently suited for continuous learning due to their event-driven temporal dynamics; however, their application to Class-Incremental Learning (CIL) has been hindered by catastrophic forgetting and the temporal misalignment of spike patterns. In this work, we introduce Spiking Temporal Alignment with Experience Replay (STAER), a novel framework that explicitly preserves temporal structure to bridge the performance gap between SNNs and ANNs. Our approach integrates a differentiable Soft-DTW alignment loss to maintain spike timing fidelity and employs a temporal expansion and contraction mechanism on output logits to enforce robust representation learning. Implemented on a deep ResNet19 spiking backbone, STAER achieves state-of-the-art performance on Sequential-MNIST and Sequential-CIFAR10. Empirical results demonstrate that our method matches or outperforms strong ANN baselines (ER, DER++) while preserving biologically plausible dynamics. Ablation studies further confirm that explicit temporal alignment is critical for representational stability, positioning STAER as a scalable solution for spike-native lifelong learning. Code is available at https://github.com/matteogianferrari/staer.",high,A1,1,A1=high,"A1=The paper develops or evaluates a temporal correspondence, synchronization, delay, or sequence-representation mechanism for STAER: Temporal Aligned Rehearsal for Continual Spiking Neural Network.","A1=Its mechanism is a plausible transfer to multimodal robot experience, action-observation alignment, or temporally aware policy training.",A1=true,expansion_round_1,,,arxiv:2601.20870,arxiv:2601.20870,4728202597294487877,,,related-citers,,A1,false,false,false,false,A1/expansion-registry.json | A1/paper-registry-complete.json,A1/expansion-triage.jsonl
1547,arxiv:2602.00401,1,HIGH,A2,ZEST: Zero-shot Embodied Skill Transfer for Athletic Robot Control,arxiv:2602.00401,"Achieving robust, human-like whole-body control on humanoid robots for agile, contact-rich behaviors remains a central challenge, demanding heavy per-skill engineering and a brittle process of tuning controllers. We introduce ZEST (Zero-shot Embodied Skill Transfer), a streamlined motion-imitation framework that trains policies via reinforcement learning from diverse sources -- high-fidelity motion capture, noisy monocular video, and non-physics-constrained animation -- and deploys them to hardware zero-shot. ZEST generalizes across behaviors and platforms while avoiding contact labels, reference or observation windows, state estimators, and extensive reward shaping. Its training pipeline combines adaptive sampling, which focuses training on difficult motion segments, and an automatic curriculum using a model-based assistive wrench, together enabling dynamic, long-horizon maneuvers. We further provide a procedure for selecting joint-level gains from approximate analytical armature values for closed-chain actuators, along with a refined model of actuators. Trained entirely in simulation with moderate domain randomization, ZEST demonstrates remarkable generality. On Boston Dynamics' Atlas humanoid, ZEST learns dynamic, multi-contact skills (e.g., army crawl, breakdancing) from motion capture. It transfers expressive dance and scene-interaction skills, such as box-climbing, directly from videos to Atlas and the Unitree G1. Furthermore, it extends across morphologies to the Spot quadruped, enabling acrobatics, such as a continuous backflip, through animation. Together, these results demonstrate robust zero-shot deployment across heterogeneous data sources and embodiments, establishing ZEST as a scalable interface between biological movements and their robotic counterparts.",high,A2,1,A2=high,A2=Detects or learns semantically meaningful trajectory segments and uses them as variable-horizon action chunks or keypose-to-keypose control targets.,"A2=Boundary and horizon choices determine the training unit, feedback latency, credit assignment, and compounding-error exposure in long-horizon robot learning.",A2=true,primary_assignment,"Jean Pierre Sleiman, He Li, Alphonsus Adu-Bredu, Robin Deits, Arun Kumar, Kevin Bergamin, Mohak Bhardwaj, Scott Biddlestone, Nicola Burger, Matthew A. Estrada, Francesco Iacobelli, Twan Koolen, Alexander Lambert, Erica Lin, M. Eva Mungai, Zach Nobles, Shane Rozen-Levy, Yuyao Shi, Jiashun Wang, Jakob Welner, Fangzhou Yu, Mike Zhang, Alfred Rizzi, Jessica Hodgins, Sylvain Bertrand, Yeuhi Abe, Scott Kuindersma, Farbod Farshidian",2026,arxiv:2602.00401,arxiv:2602.00401,4458421285252954194,cs.AI | cs.RO,2025 2026 embodied learning trajectory compression skill segmentation,search-papers,false,A2,false,false,false,false,A2/assigned-papers.json | A2/assigned-registry-inspected.json | A2/assigned-registry-inspected.jsonl | A2/canonical-pool.json | A2/canonical-pool.jsonl | A2/raw/q44-2025-2026-compression.json,A2/assigned-abstracts.jsonl | A2/triage.jsonl
1560,arxiv:2602.03310,1,HIGH,A7,RDT2: Exploring the Scaling Limit of UMI Data Towards Zero-Shot Cross-Embodiment Generalization,arxiv:2602.03310,"Vision-Language-Action (VLA) models hold promise for generalist robotics but currently struggle with data scarcity, architectural inefficiencies, and the inability to generalize across different hardware platforms. We introduce RDT2, a robotic foundation model built upon a 7B parameter VLM designed to enable zero-shot deployment on novel embodiments for open-vocabulary tasks. To achieve this, we collected one of the largest open-source robotic datasets--over 10,000 hours of demonstrations in diverse families--using an enhanced, embodiment-agnostic Universal Manipulation Interface (UMI). Our approach employs a novel three-stage training recipe that aligns discrete linguistic knowledge with continuous control via Residual Vector Quantization (RVQ), flow-matching, and distillation for real-time inference. Consequently, RDT2 becomes one of the first models that simultaneously zero-shot generalizes to unseen objects, scenes, instructions, and even robotic platforms. Besides, it outperforms state-of-the-art baselines in dexterous, long-horizon, and dynamic downstream tasks like playing table tennis. See https://rdt-robotics.github.io/rdt2/ for more information.",high,A7,1,A7=high,A7=Uses an embodiment-agnostic manipulation interface and staged linguistic-to-continuous action training to scale across many robot families.,"A7=It is a direct recent test of large heterogeneous data supporting zero-shot shifts in objects, scenes, instructions, and platforms.",A7=true,primary_assignment,"Songming Liu, Bangguo Li, Kai Ma, Lingxuan Wu, Hengkai Tan, Xiao Ouyang, Hang Su, Jun Zhu",2026,arxiv:2602.03310,arxiv:2602.03310,5259393553901753654,cs.AI | cs.CV | cs.LG | cs.RO,q35-recent-vla,search-papers,recent,A7,false,true,true,false,A4/canonical-registry.jsonl | A4/raw/q35-recent-vla.json | A7/raw/q31-recent-heterogeneous.json | A7/work/assigned-papers.json | A7/work/assigned-papers.jsonl | A7/work/paper-registry.json | A7/work/paper-registry.jsonl | A7/work/read-manifest.json | A7/work/verified-paper-registry.json | A7/work/verified-paper-registry.jsonl,A7/work/abstract-triage.jsonl | A7/work/assigned-abstracts.jsonl
1573,arxiv:2602.05441,1,MEDIUM,A4,Benchmarking Affordance Generalization with BusyBox,arxiv:2602.05441,"Vision-Language-Action (VLA) models have been attracting the attention of researchers and practitioners thanks to their promise of generalization. Although single-task policies still offer competitive performance, VLAs are increasingly able to handle commands and environments unseen in their training set. While generalization in vision and language space is undoubtedly important for robust versatile behaviors, a key meta-skill VLAs need to possess is affordance generalization -- the ability to manipulate new objects with familiar physical features. In this work, we present BusyBox, a physical benchmark for systematic semi-automatic evaluation of VLAs' affordance generalization. BusyBox consists of 6 modules with switches, sliders, wires, buttons, a display, and a dial. The modules can be swapped and rotated to create a multitude of BusyBox variations with different visual appearances but the same set of affordances. We empirically demonstrate that generalization across BusyBox variants is highly challenging even for strong open-weights VLAs such as π0.5 and GR00T-N1.6. To encourage the research community to evaluate their own VLAs on BusyBox and to propose new affordance generalization experiments, we have designed BusyBox to be easy to build in most robotics labs. We release the full set of CAD files for 3D-printing its parts as well as a bill of materials for (optionally) assembling its electronics. We also publish a dataset of language-annotated demonstrations that we collected using the common bimanual Mobile Aloha robot on the canonical BusyBox configuration. All of the released materials are available at https://microsoft.github.io/BusyBox.",medium,A4,1,A4=medium,A4=Uses a valuation or attribution signal to estimate the contribution of training examples to model or policy outcomes.,A4=It is directly or plausibly transferable to selecting robot experience for policy learning.,A4=false,expansion_round_1,,,arxiv:2602.05441 | paper:242214318208412631,,,,,,,A4,false,false,false,false,A4/expansion/round4/registry.jsonl,A4/expansion/all-new-expansion-triage.jsonl
1586,arxiv:2602.10106,1,HIGH,A7,EgoHumanoid: Unlocking In-the-Wild Loco-Manipulation with Robot-Free Egocentric Demonstration,arxiv:2602.10106,"Human demonstrations offer rich environmental diversity and scale naturally, making them an appealing alternative to robot teleoperation. While this paradigm has advanced robot-arm manipulation, its potential for the more challenging, data-hungry problem of humanoid loco-manipulation remains largely unexplored. We present EgoHumanoid, the first framework to co-train a vision-language-action policy using abundant egocentric human demonstrations together with a limited amount of robot data, enabling humanoids to perform loco-manipulation across diverse real-world environments. To bridge the embodiment gap between humans and robots, including discrepancies in physical morphology and viewpoint, we introduce a systematic alignment pipeline spanning from hardware design to data processing. A portable system for scalable human data collection is developed, and we establish practical collection protocols to improve transferability. At the core of our human-to-humanoid alignment pipeline lies two key components. The view alignment reduces visual domain discrepancies caused by camera height and perspective variation. The action alignment maps human motions into a unified, kinematically feasible action space for humanoid control. Extensive real-world experiments demonstrate that incorporating robot-free egocentric data significantly outperforms robot-only baselines by 51%, particularly in unseen environments. Our analysis further reveals which behaviors transfer effectively and the potential for scaling human data.",high,A7,1,A7=high,"A7=Human demonstrations offer rich environmental diversity and scale naturally, making them an appealing alternative to robot teleoperation.",A7=It provides a route to reuse heterogeneous experience across embodiments or data sources.,A7=true,expansion_round_1,,,arxiv:2602.10106,,,,,citers,,A7,false,false,false,false,A7/work/expansion-registry.json | A7/work/expansion-registry.jsonl,A7/work/expansion-triage.jsonl
1599,arxiv:2602.12978,1,HIGH,A1,Learning Native Continuation for Action Chunking Flow Policies,arxiv:2602.12978,"Action chunking enables Vision Language Action (VLA) models to run in real time, but naive chunked execution often exhibits discontinuities at chunk boundaries. Real-Time Chunking (RTC) alleviates this issue but is external to the policy, leading to spurious multimodal switching and trajectories that are not intrinsically smooth. We propose Legato, a training-time continuation method for action-chunked flow-based VLA policies. Specifically, Legato initializes denoising from a schedule-shaped mixture of known actions and noise, exposing the model to partial action information. Moreover, Legato reshapes the learned flow dynamics to ensure that the denoising process remains consistent between training and inference under per-step guidance. Legato further uses randomized schedule condition during training to support varying inference delays and achieve controllable smoothness. Empirically, Legato produces smoother trajectories and reduces spurious multimodal switching during execution, leading to less hesitation and shorter task completion time. Extensive real-world experiments show that Legato consistently outperforms RTC across five manipulation tasks, achieving approximately 10% improvements in both trajectory smoothness and task completion time.",high,A1,1,A1=high,"A1=The paper develops or evaluates a temporal correspondence, synchronization, delay, or sequence-representation mechanism for Learning Native Continuation for Action Chunking Flow Policies.","A1=Its mechanism is a plausible transfer to multimodal robot experience, action-observation alignment, or temporally aware policy training.",A1=true,expansion_round_2,,2026,arxiv:2602.12978,arxiv:2602.12978,6006086962067327088,,2024 2025 diffusion policy action chunking trajectory representation,related-papers-round2,false,A1,false,false,false,false,A1/expansion-round2-registry.json | A1/paper-registry-complete.json | A2/canonical-pool.json | A2/canonical-pool.jsonl | A2/raw/q41-2024-2025-diffusion.json,A1/expansion-round2-triage.jsonl
1612,arxiv:2602.16444,1,HIGH,A4 | A6 | A7,RoboGene: Boosting VLA Pre-training via Diversity-Driven Agentic Framework for Real-World Task Generation,arxiv:2602.16444,"The pursuit of general-purpose robotic manipulation is hindered by the scarcity of diverse, real-world interaction data. Unlike data collection from web in vision or language, robotic data collection is an active process incurring prohibitive physical costs. Consequently, automated task curation to maximize data value remains a critical yet under-explored challenge. Existing manual methods are unscalable and biased toward common tasks, while off-the-shelf foundation models often hallucinate physically infeasible instructions. To address this, we introduce RoboGene, an agentic framework designed to automate the generation of diverse, physically plausible manipulation tasks across single-arm, dual-arm, and mobile robots. RoboGene integrates three core components: diversity-driven sampling for broad task coverage, self-reflection mechanisms to enforce physical constraints, and human-in-the-loop refinement for continuous improvement. We conduct extensive quantitative analysis and large-scale real-world experiments, collecting datasets of 18k trajectories and introducing novel metrics to assess task quality, feasibility, and diversity. Results demonstrate that RoboGene significantly outperforms state-of-the-art foundation models (e.g., GPT-4o, Gemini 2.5 Pro). Furthermore, real-world experiments show that VLA models pre-trained with RoboGene achieve higher success rates and superior generalization, underscoring the importance of high-quality task generation. Our project is available at https://robogene-boost-vla.github.io.",high,A4 | A6 | A7,3,A4=medium | A6=high | A7=high,"A4=Connects trajectory or demonstration choice to downstream policy learning, behavior, or offline-RL utility. | A6=Estimates demonstration quality or latent expertise to filter, weight, or optimize learning from mixed-quality experience. | A7=Generates and filters physically plausible tasks using diversity-driven sampling, self-reflection constraints, and human-in-the-loop refinement.",A4=It is directly or plausibly transferable to selecting robot experience for policy learning. | A6=Shows how heterogeneous demonstrations can contribute without treating every transition as equally trustworthy. | A7=It closes the collection loop around systematic task coverage instead of manual head-task bias.,A4=true | A6=true | A7=true,expansion_round_1 | primary_assignment,"Yixue Zhang, Kun Wu, Zhi Gao, Zhen Zhao, Pei Ren, Zhiyuan Xu, Fei Liao, Xinhua Wang, Shichao Fan, Di Wu, Qiuxuan Feng, Meng Li, Zhengping Che, Chang Liu, Jian Tang",2026,arxiv:2602.16444 | paper:3626768946003044836,arxiv:2602.16444,3626768946003044836,cs.AI | cs.LG | cs.RO,23,related-papers | search-papers,general | recent,A7,false,true,true,true,A4/expansion/round3/registry.jsonl | A5/canonical-pool.jsonl | A5/paper-registry.json | A6/expansion/canonical-pool.jsonl | A7/raw/q01-direct-terms.json | A7/raw/q05-synonyms.json | A7/raw/q12-vla-composition.json | A7/raw/q13-novelty-coverage.json | A7/raw/q39-quality-vs-diversity.json | A7/work/assigned-papers.json | A7/work/assigned-papers.jsonl | A7/work/paper-registry.json | A7/work/paper-registry.jsonl | A7/work/read-manifest.json | A7/work/verified-paper-registry.json | A7/work/verified-paper-registry.jsonl,A4/expansion/all-new-expansion-triage.jsonl | A6/expansion/triage.jsonl | A7/work/abstract-triage.jsonl | A7/work/assigned-abstracts.jsonl
1625,arxiv:2602.20231,1,HIGH,A7,UniLACT: Depth-Aware RGB Latent Action Learning for Vision-Language-Action Models,arxiv:2602.20231,"Latent action representations learned from unlabeled videos have recently emerged as a promising paradigm for pretraining vision-language-action (VLA) models without explicit robot action supervision. However, latent actions derived solely from RGB observations primarily encode appearance-driven dynamics and lack explicit 3D geometric structure, which is essential for precise and contact-rich manipulation. To address this limitation, we introduce UniLACT, a transformer-based VLA model that incorporates geometric structure through depth-aware latent pretraining, enabling downstream policies to inherit stronger spatial priors. To facilitate this process, we propose UniLARN, a unified latent action learning framework based on inverse and forward dynamics objectives that learns a shared embedding space for RGB and depth while explicitly modeling their cross-modal interactions. This formulation produces modality-specific and unified latent action representations that serve as pseudo-labels for the depth-aware pretraining of UniLACT. Extensive experiments in both simulation and real-world settings demonstrate the effectiveness of depth-aware unified latent action representations. UniLACT consistently outperforms RGB-based latent action baselines under in-domain and out-of-domain pretraining regimes, as well as on both seen and unseen manipulation tasks.The project page is at https://manishgovind.github.io/unilact-vla/",high,A7,1,A7=high,A7=Latent action representations learned from unlabeled videos have recently emerged as a promising paradigm for pretraining vision-language-action (VLA) models without explicit robot action supervision.,"A7=It expands or measures task, environment, object, or observation coverage for more robust behavior.",A7=true,expansion_round_1,,,arxiv:2602.20231,,,,,citers,,A7,false,false,false,false,A7/work/expansion-registry.json | A7/work/expansion-registry.jsonl,A7/work/expansion-triage.jsonl
1638,arxiv:2603.01474,1,HIGH,A1 | A7,ROSER: Few-Shot Robotic Sequence Retrieval for Scalable Robot Learning,arxiv:2603.01474,"A critical bottleneck in robot learning is the scarcity of task-labeled, segmented training data, despite the abundance of large-scale robotic datasets recorded as long, continuous interaction logs. Existing datasets contain vast amounts of diverse behaviors, yet remain structurally incompatible with modern learning frameworks that require cleanly segmented, task-specific trajectories. We address this data utilization crisis by formalizing robotic sequence retrieval: the task of extracting reusable, task-centric segments from unlabeled logs using only a few reference examples. We introduce ROSER, a lightweight few-shot retrieval framework that learns task-agnostic metric spaces over temporal windows, enabling accurate retrieval with as few as 3-5 demonstrations, without any task-specific training required. To validate our approach, we establish comprehensive evaluation protocols and benchmark ROSER against classical alignment methods, learned embeddings, and language model baselines across three large-scale datasets (e.g., LIBERO, DROID, and nuScenes). Our experiments demonstrate that ROSER consistently outperforms all prior methods in both accuracy and efficiency, achieving sub-millisecond per-match inference while maintaining superior distributional alignment. By reframing data curation as few-shot retrieval, ROSER provides a practical pathway to unlock underutilized robotic datasets, fundamentally improving data availability for robot learning.",high,A1 | A7,2,A1=high | A7=high,"A1=The paper develops or evaluates a temporal correspondence, synchronization, delay, or sequence-representation mechanism for ROSER: Few-Shot Robotic Sequence Retrieval for Scalable Robot Learning. | A7=A critical bottleneck in robot learning is the scarcity of task-labeled, segmented training data, despite the abundance of large-scale robotic datasets recorded as long, continuous interaction logs.","A1=Its mechanism is a plausible transfer to multimodal robot experience, action-observation alignment, or temporally aware policy training. | A7=It expands or measures task, environment, object, or observation coverage for more robust behavior.",A1=true | A7=true,expansion_round_1,,2026,arxiv:2603.01474,arxiv:2603.01474,8751131218435579596,,2024 2025 robot data subsequence selection useful trajectories | sub-trajectory discovery useful subsequences sequential decision making robotics,citers | related-citers,false,A1,false,false,false,false,A1/expansion-inspection-manifest.json | A1/expansion-registry.json | A1/paper-registry-complete.json | A2/canonical-pool.json | A2/canonical-pool.jsonl | A2/raw/q06-synonyms.json | A2/raw/q42-2024-2025-subsequence.json | A7/work/expansion-registry.json | A7/work/expansion-registry.jsonl,A1/expansion-triage.jsonl | A7/work/expansion-triage.jsonl
1651,arxiv:2603.05113,1,HIGH,A5,Decoupling Task and Behavior: A Two-Stage Reward Curriculum in Reinforcement Learning for Robotics,arxiv:2603.05113,"Deep Reinforcement Learning is a promising tool for robotic control, yet practical application is often hindered by the difficulty of designing effective reward functions. Real-world tasks typically require optimizing multiple objectives simultaneously, necessitating precise tuning of their weights to learn a policy with the desired characteristics. To address this, we propose a two-stage reward curriculum where we decouple task-specific objectives from behavioral terms. In our method, we first train the agent on a simplified task-only reward function to ensure effective exploration before introducing the full reward that includes auxiliary behavior-related terms such as energy efficiency. Further, we analyze various transition strategies and demonstrate that reusing samples between phases is critical for training stability. We validate our approach on the DeepMind Control Suite, ManiSkill3, and a mobile robot environment, modified to include auxiliary behavioral objectives. Our method proves to be simple yet effective, substantially outperforming baselines trained directly on the full reward while exhibiting higher robustness to specific reward weightings.",high,A5,1,A5=high,"A5=Deep Reinforcement Learning is a promising tool for robotic control, yet practical application is often hindered by the difficulty of designing effective reward functions.","A5=It informs how a robot learner can order tasks, stages, or examples to improve learning efficiency and stability.",A5=true,primary_assignment,"Kilian Freitag, Knut Åkesson, Morteza Haghir Chehreghani",,arxiv:2603.05113 | paper:4105512212332147420,,paper:4105512212332147420,cs.LG | cs.RO,61,search-papers,recent,A5,false,false,false,false,A5/assigned-papers.json | A5/canonical-pool.jsonl | A5/evidence-ledger.jsonl | A5/inspection-manifest.json | A5/paper-registry.json | A5/read-manifest.json,A5/assigned-abstracts.jsonl
1664,arxiv:2603.09226,1,HIGH,A4 | A7,TRIP-Bag: A Portable Teleoperation System for Plug-and-Play Robotic Arms and Leaders,arxiv:2603.09226,"Large scale, diverse demonstration data for manipulation tasks remains a major challenge in learning-based robot policies. Existing in-the-wild data collection approaches often rely on vision-based pose estimation of hand-held grippers or gloves, which introduces an embodiment gap between the collection platform and the target robot. Teleoperation systems eliminate the embodiment gap, but are typically impractical to deploy outside the laboratory environment. We propose TRIP-Bag (Teleoperation, Recording, Intelligence in a Portable Bag), a portable, puppeteer-style teleoperation system fully contained within a commercial suitcase, as a practical solution for collecting high-fidelity manipulation data across varied settings. With a setup time of under five minutes and direct joint-to-joint teleoperation, TRIP-Bag enables rapid and reliable data collection in any environment. We validated TRIP-Bag's usability through experiments with non-expert users, showing that the system is intuitive and easy to operate. Furthermore, we confirmed the quality of the collected data by training benchmark manipulation policies, demonstrating its value as a practical resource for robot learning.",high,A4 | A7,2,A4=medium | A7=high,"A4=Connects trajectory or demonstration choice to downstream policy learning, behavior, or offline-RL utility. | A7=Large scale, diverse demonstration data for manipulation tasks remains a major challenge in learning-based robot policies.","A4=It is directly or plausibly transferable to selecting robot experience for policy learning. | A7=It informs how data quantity, composition, or offline experience should affect policy training.",A4=true | A7=true,expansion_round_1,,,arxiv:2603.09226 | paper:4507652133971085429,,,,,citers,,A4 | A7,false,false,false,true,A4/expansion/round3/registry.jsonl | A7/work/expansion-registry.json | A7/work/expansion-registry.jsonl,A4/expansion/all-new-expansion-triage.jsonl | A7/work/expansion-triage.jsonl
1677,arxiv:2603.13524,1,MEDIUM,A4,Hide and Seek: Investigating Redundancy in Earth Observation Imagery,arxiv:2603.13524,"The growing availability of Earth Observation (EO) data and recent advances in Computer Vision have driven rapid progress in machine learning for EO, producing domain-specific models at ever-increasing scales. Yet this progress risks overlooking fundamental properties of EO data that distinguish it from other domains. We argue that EO data exhibit a multidimensional redundancy (spectral, temporal, spatial, and semantic) which has a more pronounced impact on the domain and its applications than what current literature reflects. To validate this hypothesis, we conduct a systematic domain-specific investigation examining the existence, consistency, and practical implications of this phenomenon across key dimensions of EO variability. Our findings confirm that redundancy in EO data is both substantial and pervasive: exploiting it yields comparable performance (≈98.5% of baseline) at a fraction of the computational cost (≈4× fewer GFLOPs), at both training and inference. Crucially, these gains are consistent across tasks, geospatial locations, sensors, ground sampling distances, and architectural designs; suggesting that multi-faceted redundancy is a structural property of EO data rather than an artifact of specific experimental choices. These results lay the groundwork for more efficient, scalable, and accessible large-scale EO models.",medium,A4,1,A4=medium,A4=Removes redundant examples to increase information density and reduce wasted training.,A4=It provides adjacent evidence for data-efficient training intelligence.,A4=false,expansion_round_1,,,arxiv:2603.13524 | paper:8784500523063639475,,,,,related-paper-expansion,,A4,false,false,false,false,A4/expansion/expansion-registry.jsonl,A4/expansion/expansion-triage.jsonl
1690,arxiv:2603.18532,1,HIGH,A5 | A7,Scaling Sim-to-Real Reinforcement Learning for Robot VLAs with Generative 3D Worlds,arxiv:2603.18532,"The strong performance of large vision-language models (VLMs) trained with reinforcement learning (RL) has motivated similar approaches for fine-tuning vision-language-action (VLA) models in robotics. Many recent works fine-tune VLAs directly in the real world to avoid addressing the sim-to-real gap. While real-world RL circumvents sim-to-real issues, it inherently limits the generality of the resulting VLA, as scaling scene and object diversity in the physical world is prohibitively difficult. This leads to the paradoxical outcome of transforming a broadly pretrained model into an overfitted, scene-specific policy. Training in simulation can instead provide access to diverse scenes, but designing those scenes is also costly. In this work, we show that VLAs can be RL fine-tuned without sacrificing generality and with reduced labor by leveraging 3D world generative models. Using these models together with a language-driven scene designer, we generate hundreds of diverse interactive scenes containing unique objects and backgrounds, enabling scalable and highly parallel policy learning. Starting from a pretrained imitation baseline, our approach increases simulation success from 9.7% to 79.8% while achieving a 1.25× speedup in task completion time. We further demonstrate successful sim-to-real transfer enabled by the quality of the generated digital twins together with domain randomization, improving real-world success from 21.7% to 75% and achieving a 1.13× speedup. Finally, we further highlight the benefits of leveraging the effectively unlimited data from 3D world generative models through an ablation study showing that increasing scene diversity directly improves zero-shot generalization.",high,A5 | A7,2,A5=low | A7=high,"A5=Starting from a pretrained imitation baseline, our approach increases simulation success from 9.7% to 79.8% while achieving a 1.25× speedup in task completion time. | A7=The strong performance of large vision-language models (VLMs) trained with reinforcement learning (RL) has motivated similar approaches for fine-tuning vision-language-action (VLA) models in robotics.","A5=This adaptive mixture neighbor tests whether the expansion adds a reusable mechanism for controlling robot experience in policy training. | A7=It informs how data quantity, composition, or offline experience should affect policy training.",A5=false | A7=true,expansion_round_1 | expansion_round_3,,,arxiv:2603.18532,arxiv:2603.18532,6332737172220169799,,,citers,,A5 | A7,false,false,false,true,A5/expansion/raw/round3-citers.json | A7/work/expansion-read-manifest.json | A7/work/expansion-registry.json | A7/work/expansion-registry.jsonl,A5/expansion/round3-triage.jsonl | A7/work/expansion-triage.jsonl
1703,arxiv:2604.00557,1,HIGH,A7,Multi-Camera View Scaling for Data-Efficient Robot Imitation Learning,arxiv:2604.00557,"The generalization ability of imitation learning policies for robotic manipulation is fundamentally constrained by the diversity of expert demonstrations, while collecting demonstrations across varied environments is costly and difficult in practice. In this paper, we propose a practical framework that exploits inherent scene diversity without additional human effort by scaling camera views during demonstration collection. Instead of acquiring more trajectories, multiple synchronized camera perspectives are used to generate pseudo-demonstrations from each expert trajectory, which enriches the training distribution and improves viewpoint invariance in visual representations. We analyze how different action spaces interact with view scaling and show that camera-space representations further enhance diversity. In addition, we introduce a multiview action aggregation method that allows single-view policies to benefit from multiple cameras during deployment. Extensive experiments in simulation and real-world manipulation tasks demonstrate significant gains in data efficiency and generalization compared to single-view baselines. Our results suggest that scaling camera views provides a practical and scalable solution for imitation learning, which requires minimal additional hardware setup and integrates seamlessly with existing imitation learning algorithms. The website of our project is https://yichen928.github.io/robotmultiview.",high,A7,1,A7=high,A7=Creates viewpoint pseudo-demonstrations from synchronized cameras and aggregates multiview action evidence to increase visual coverage per trajectory.,A7=It targets a high-leverage coverage axis without proportionally increasing human demonstration effort.,A7=true,primary_assignment,"Yichen Xie, Yixiao Wang, Shuqi Zhao, Cheng-En Wu, Masayoshi Tomizuka, Jianwen Xie, Hao-Shu Fang",2026,arxiv:2604.00557,arxiv:2604.00557,3071927567162765600,cs.CV | cs.LG | cs.RO,62,search-papers,recent,A7,false,true,true,false,A5/canonical-pool.jsonl | A5/paper-registry.json | A7/raw/q09-mechanism-generalization.json | A7/raw/q11-scaling-laws.json | A7/raw/q39-quality-vs-diversity.json | A7/work/assigned-papers.json | A7/work/assigned-papers.jsonl | A7/work/paper-registry.json | A7/work/paper-registry.jsonl | A7/work/read-manifest.json | A7/work/verified-paper-registry.json | A7/work/verified-paper-registry.jsonl,A7/work/abstract-triage.jsonl | A7/work/assigned-abstracts.jsonl
1716,arxiv:2604.13788,1,HIGH,A3,Failure Identification in Imitation Learning Via Statistical and Semantic Filtering,arxiv:2604.13788,"Imitation learning (IL) policies in robotics deliver strong performance in controlled settings but remain brittle in real-world deployments: rare events such as hardware faults, defective parts, unexpected human actions, or any state that lies outside the training distribution can lead to failed executions. Vision-based Anomaly Detection (AD) methods emerged as an appropriate solution to detect these anomalous failure states but do not distinguish failures from benign deviations. We introduce FIDeL (Failure Identification in Demonstration Learning), a policy-independent failure detection modul",high,A3,1,A3=high,A3=Statistical and semantic filters identify true failure states while separating them from benign deviations in demonstrations.,A3=Failure detection that respects semantics can produce safer harmful-data labels than generic visual anomaly detection.,A3=true,primary_assignment,Quentin Rolland | Fabrice Mayran de Chamisso | Jean-Baptiste Mouret,2026,arxiv:2604.13788,arxiv:2604.13788,8858972700162953582,cs.CV | cs.RO,q22-safe-bad-data,firecrawl research search-papers,,A3,false,false,false,false,A3/assigned-papers.json | A3/evidence-index.json | A3/paper-registry.json | A3/raw/q22-safe-bad-data.txt | A6/raw-retrieval/q04-direct-failure-aware-data.json | A6/raw-retrieval/q18-failure-conditioned-bc.json | A6/raw-retrieval/q25-found-failures.json | A6/work/canonical-pool.jsonl,A3/abstract-triage.jsonl
1729,arxiv:2605.00159,1,HIGH,A8,E²DT: Efficient and Effective Decision Transformer with Experience-Aware Sampling for Robotic Manipulation,arxiv:2605.00159,"In reinforcement learning (RL) for robotic manipulation, the Decision Transformer (DT) has emerged as an effective framework for addressing long-horizon tasks. However, DT's performance depends heavily on the coverage of collected experiences. Without an active exploration mechanism, standard DT relies on uniform replay, which leads to poor sample efficiency, limited exploration, and reduced overall effectiveness. At the same time, while excessive exploration can help avoid local optima, it often delays policy convergence and leads to degraded efficiency. To address these limitations, we propose E²DT, a DT-guided k-Determinantal Point Process sampling framework that enables the model to actively shape its own experience selection. Our framework is experience-aware, allowing E²DT to be both efficient, by prioritizing sampling quality, such as high-return, high-uncertainty, and underrepresented trajectories, and effective, by ensuring diversity across trajectory windows to preserve policy optimality. Specifically, DT's internal latent embeddings measure diversity across trajectory windows, while quality is quantified through a composite metric that integrates return-to-go (RTG) quantiles, predictive uncertainty, and stage coverage based on inverse frequency. These two dimensions are integrated into a novel quality-diversity joint kernel that prioritizes the most informative experiences, thereby enabling learning that is both efficient and effective. We evaluate E²DT on challenging robotic manipulation benchmarks in both simulation and real-robot settings. Results show that it consistently outperforms prior methods. These findings demonstrate that coupling policy learning with experience-aware sampling provides a principled path toward robust long-horizon robotic learning.",high,A8,1,A8=high,"A8=It combines latent-embedding diversity with return, predictive uncertainty, and stage-coverage scores in a determinantal point-process sampler for trajectory windows.","A8=It directly couples representation similarity, usefulness, uncertainty, and coverage to prioritize robot experience for long-horizon policy training.",A8=true,primary_assignment,,2026,arxiv:2605.00159,arxiv:2605.00159,6657053851872486137,,A8 | q07-synonyms | q25-recent | q27-recent,search-papers,recent,A8,false,false,false,false,A5/canonical-pool.jsonl | A5/paper-registry.json | A7/raw/q36-fleet-diversity.json | A7/work/paper-registry.json | A7/work/paper-registry.jsonl | A7/work/verified-paper-registry.json | A7/work/verified-paper-registry.jsonl | A8/raw/q07-synonyms.json | A8/raw/q25-recent.json | A8/raw/q27-recent.json | A8/work/assigned-papers.json | A8/work/canonical-pool.jsonl,A8/work/abstract-triage.jsonl | A8/work/assigned-abstracts.jsonl
1742,arxiv:2605.19294,1,HIGH,A1,DEFLECT: Temporal Counterfactual Preference Learning for Delay-Robust Asynchronous VLAs,arxiv:2605.19294,"Vision-Language-Action (VLA) policies increasingly rely on asynchronous inference to hide large-model latency behind ongoing robot motion. While this avoids the stop-and-go behavior of synchronous action-chunk execution, it creates a prediction-execution mismatch: the next chunk is computed from a stale observation at inference start but executed only after the robot and scene have evolved. As a result, actions that fit the prediction-time state can become misaligned with the execution-time state. Existing runtime repair, behavior-cloning, and preference-alignment approaches do not directly teach the policy to resolve this stale-input mismatch. We propose DEFLECT, an offline post-training framework for delay-robust asynchronous VLAs. DEFLECT converts latency-induced mismatch into counterfactual preference supervision: a frozen reference VLA generates a preferred chunk from the future execution-time observation and a rejected chunk from the stale prediction-time observation. The trainable policy scores both chunks under the same deployment-time input, learning to favor execution-time-aligned actions while a supervised fine-tuning anchor preserves the expert action manifold. DEFLECT requires no human preference labels, reward models, online robot rollouts, architectural changes, or additional inference-time computation. Across Kinetix, LIBERO, and three real-robot tasks, DEFLECT improves delay robustness over strong asynchronous VLA baselines, raising high-latency success by up to 6.4 percentage points and achieving a 4.6 percentage-point gain at the longest delay on a real-scale VLA.",high,A1,1,A1=high,A1=DEFLECT contrasts a chunk conditioned on fresh execution-time observations with one generated from stale prediction-time observations and trains preference scores.,A1=It converts temporal misalignment into offline supervision without human labels or online rollouts.,A1=true,primary_assignment,,2026,arxiv:2605.19294,arxiv:2605.19294,3348612275049078337,,q05-failure | q06-delay | q17-recent-failure,search-papers,recent,A1,false,false,false,false,A1/assigned-papers.json | A1/evidence-read-manifest.json | A1/inspection-manifest.json | A1/paper-registry-complete.json | A1/paper-registry.json | A1/raw/q05-failure.json | A1/raw/q06-delay.json | A1/raw/q17-recent-failure.json | A2/canonical-pool.json | A2/canonical-pool.jsonl | A2/raw/q40-2024-2025-vla.json | A2/raw/q45-2026-boundaries.json,A1/assigned-abstracts.jsonl | A1/triage.jsonl
1755,arxiv:2606.01098,1,HIGH,A5,Implicit Drifting Policy: One-Step Action Generation via Conditional Expert Geometry,arxiv:2606.01098,"Generative action policies based on diffusion or flow matching excel in behavior cloning, yet their iterative sampling is prohibitive for high-frequency robot control. While recent one-step formulations alleviate this latency, they inevitably discard the intermediate trajectory evolution that provides crucial action correction. Directly recovering this mechanism by explicitly estimating a training-time drifting field is mathematically ill-posed due to extreme conditional demonstration sparsity. We introduce Implicit Drifting Policy (IDP), a one-step imitation learning framework that brings the training-time correction of Drifting into policy learning without explicit vector field estimation. IDP extracts a conditional expert geometry from the local variation of observation-similar expert actions, and compares it against a global reference geometry to isolate condition-specific constraints. This local geometric structure adaptively weights a scalar potential objective. Combined with an expert-proximal terminal evaluation, IDP directly enforces manifold constraints on the one-step generator during training. Extensive evaluations across 2D, 3D, and real-world manipulation tasks show IDP effectively maintains adherence to valid action manifolds, improving upon explicit drifting methods and achieving competitive performance with strong one-step baselines.",high,A5,1,A5=high,A5=This local geometric structure adaptively weights a scalar potential objective.,"A5=It informs how contribution weights can align training with quality, advantage, density, or task importance in the robot experience-to-policy loop.",A5=true,primary_assignment,"Zemin Yang, Yaoyu He, Yiming Zhong, Yuhao Zhang, Xinge Zhu, Yao Mu, Qingqiu Huang, Yuexin Ma",,arxiv:2606.01098 | paper:9066399753394176765,arxiv:2606.01098,paper:9066399753394176765,cs.AI | cs.RO,12,search-papers,general,A5,false,false,false,false,A1/paper-registry-complete.json | A1/paper-registry.json | A1/raw/q05-failure.json | A5/assigned-papers.json | A5/canonical-pool.jsonl | A5/evidence-ledger.jsonl | A5/inspection-manifest.json | A5/paper-registry.json | A5/read-manifest.json,A5/assigned-abstracts.jsonl
1768,arxiv:2606.14551,1,HIGH,A1,TRACE: Trajectory-Routed Causal Memory for Delayed-Evidence Visuomotor Imitation,arxiv:2606.14551,"Robots under autonomous operation may require decisions based on evidence that is no longer visible. We study delayed-evidence tasks, where an early cue disappears before a later decision point, so visually similar observations can require different actions. In these settings, the current observation is not a sufficient state for control. We introduce TRAjectory-routed Causal Evidence (TRACE), a memory framework for visuomotor imitation policies. TRACE stores task-relevant visual and robot-state evidence, such as object identity, target choice, or route-dependent state, in a fixed-size latent memory that remains bounded over long episodes. Instead of indexing memory by raw time or manually provided task labels, TRACE uses path signatures: compact, order-sensitive features of the executed robot-state trajectory. These signatures do not store the visual cue itself; rather, they provide trajectory-conditioned keys for writing and retrieving the evidence stored when the cue was visible. When the robot later reaches an ambiguous observation, the policy conditions on TRACE memory to recover the missing context and choose the correct branch. TRACE attaches through lightweight adapters to policies, without changing the policy backbone, action head, or imitation objective. Across real-world long-horizon manipulation tasks with visually ambiguous branch points, TRACE improves branch selection and task success over alternative baselines, including short-history and recurrent memory. Project page: https://jeong-zju.github.io/trace",high,A1,1,A1=high,A1=TRACE keys bounded memory retrieval by order-sensitive signatures of executed state trajectories so vanished evidence can be recalled at later ambiguous states.,A1=It uses action history as a correspondence key when current observations no longer identify the correct action branch.,A1=true,primary_assignment,,,arxiv:2606.14551,arxiv:2606.14551,4382906780244847843,,q06-delay,search-papers,,A1,false,false,false,false,A1/assigned-papers.json | A1/evidence-read-manifest.json | A1/inspection-manifest.json | A1/paper-registry-complete.json | A1/paper-registry.json | A1/raw/q06-delay.json,A1/assigned-abstracts.jsonl | A1/triage.jsonl
1781,arxiv:2606.22480,1,HIGH,A1,ARP: Enhancing Quantized Skill Abstractions via Visual Alignment and Iterative Refinement for Robotic Manipulation,arxiv:2606.22480,"Learning visuomotor policies for long-horizon manipulation remains a fundamental challenge. Recent skill-based imitation learning methods based on discrete quantization have shown promising results by representing complex behaviors as temporally extended skills. However, most existing approaches primarily encode action trajectories into latent skills, yielding weak visual-semantic grounding and limiting the ability to leverage visual observations for skill selection. Moreover, discrete tokenization inevitably incurs precision errors during continuous action generation. To alleviate these issues, we propose Aligned Refinement Policy (ARP), a discrete-skill framework that couples semantic grounding with execution-level refinement. Specifically, ARP introduces (i) a visual--action alignment objective that contrastively aligns visual embeddings with pre-quantized action representations in a shared latent space while preserving a state-independent skill decoder, and (ii) a lightweight Iterative Residual Head (IRH) that performs a two-step refinement to recover fine-grained control for precise execution. Extensive experiments show that ARP achieves state-of-the-art performance on the LIBERO and Meta-World benchmarks. Moreover, real-robot experiments on the Kuavo 4 Pro humanoid platform further validate its effectiveness, yielding consistent performance gains over several baselines on two challenging manipulation tasks.",high,A1,1,A1=high,A1=ARP contrastively aligns visual embeddings with pre-quantized action representations and refines generated actions with residual correction.,A1=Visual-action alignment can make temporally extended skills selectable from current observations without losing fine control.,A1=true,primary_assignment,,2026,arxiv:2606.22480,arxiv:2606.22480,5491793550863891849,,q18-phase,search-papers,false,A1,false,false,false,false,A1/assigned-papers.json | A1/inspection-manifest.json | A1/paper-registry-complete.json | A1/paper-registry.json | A1/raw/q18-phase.json | A2/canonical-pool.json | A2/canonical-pool.jsonl | A2/raw/q22-boundary-errors.json,A1/assigned-abstracts.jsonl | A1/triage.jsonl
1794,arxiv:2606.29517,1,HIGH,A8,CORE: Common Outcome Regularities from Action-Free Visual Demonstrations for Robot Manipulation,arxiv:2606.29517,"Robot imitation learning often relies on costly robot demonstrations, while abundant action-free visual demonstrations, such as human videos, are difficult to use because they lack robot-executable actions and suffer from embodiment gaps. We propose CORE, a policy learning framework that extracts Common Outcome Regularities (CORE) from visual demonstrations. Rather than transferring explicit actions across embodiments, CORE exploits a key observation: although successful trajectories for the same task can be diverse, their terminal states often share stable object configurations, spatial relations, and contact constraints. CORE first trains a terminal outcome encoder with contrastive and auxiliary temporal objectives, then aggregates successful terminal embeddings into visual goal prototypes, and finally injects these prototypes as global goal conditions into robot policies. Compared with language instructions, visual goal prototypes provide more concrete geometric and physical constraints for task completion. Across Meta-World, RoboTwin 2.0, and real-world manipulation, CORE improves the average success rate of the corresponding policy backbones by up to +3.9, +11.1, and +17.0 percentage points, respectively, and outperforms text-conditioned variants under the evaluated settings. The project and code are available at https://logssim.github.io/CORE.github.io/.",high,A8,1,A8=high,A8=Contrastive terminal-outcome encoders aggregate successful endpoint embeddings into visual goal prototypes that condition robot policies.,A8=It turns stable outcome representations from diverse demonstrations into reusable guidance for data-efficient policy learning.,A8=true,primary_assignment,,,arxiv:2606.29517,arxiv:2606.29517,1186466401144453217,,A8 | q01-direct | q05-synonyms,search-papers,general,A8,false,false,false,false,A5/canonical-pool.jsonl | A5/paper-registry.json | A6/raw-retrieval/q07-syn-subsequences.json | A6/work/canonical-pool.jsonl | A8/raw/q01-direct.json | A8/raw/q05-synonyms.json | A8/work/assigned-papers.json | A8/work/canonical-pool.jsonl,A8/work/abstract-triage.jsonl | A8/work/assigned-abstracts.jsonl
1807,arxiv:2607.08751,1,HIGH,A7,"DexVerse: A Modular Benchmark for Multi-Task, Multi-Embodiment Dexterous Manipulation",arxiv:2607.08751,"Building general-purpose dexterous manipulation policies requires benchmarks that go beyond isolated tasks to systematically evaluate policies across diverse interaction modes, sensory conditions, and robot embodiments. However, existing benchmarks remain limited in task and data diversity, embodiment coverage, or controllable visual variation, hindering studies of cross-task and cross-embodiment generalization. We present DexVerse, a large-scale and modular benchmark for dexterous manipulation. DexVerse includes 100 tasks spanning a broad range of manipulation skills, including object grasping and relocation, articulated-object interaction, functional tool use, bimanual coordination, non-prehensile control, contact-rich behaviors, multi-goal execution, and long-horizon multi-stage task completion. It supports 3 robot arms and 6 dexterous hands, and is extensible to new tasks, assets, and embodiments. To evaluate visuomotor generalization, DexVerse provides configurable visual variations in textures, background, lighting, and camera viewpoints. We further provide a VR-based teleoperation interface and 3,180 demonstrations with synchronized proprioceptive, RGB, depth, point-cloud, and state observations. We benchmark representative methods, including Diffusion Policy, DP3, OpenVLA, and π0.5, across 19 tasks. Results reveal substantial challenges in task generalization and visuomotor robustness, establishing DexVerse as a promising testbed for general-purpose dexterous manipulation. Project page: https://ycyao216.github.io/DexVerse.site",high,A7,1,A7=high,"A7=Varies task, interaction mode, sensory condition, scene, and embodiment in one benchmark to measure generalization across coverage axes.",A7=It supplies a structured evaluation space for detecting which parts of the long tail remain uncovered.,A7=true,primary_assignment,"Yunchao Yao, Zhuxiu Xu, Tianqi Zhang, Zixian Liu, Sikai Li, Zhenyu Wei, Feng Chen, Dihong Huang, Kechang Wan, Chenyang Ma, Shuqi Zhao, Shenghua Gao, Masayoshi Tomizuka, Yi Ma, Mingyu Ding",2026,arxiv:2607.08751,arxiv:2607.08751,1516772447163495565,cs.RO,,search-papers,recent,A7,false,true,true,false,A7/raw/q01-direct-terms.json | A7/raw/q02-synonyms.json | A7/raw/q04-composition.json | A7/raw/q07-multitask.json | A7/raw/q18-benchmark-failures.json | A7/work/assigned-papers.json | A7/work/assigned-papers.jsonl | A7/work/paper-registry.json | A7/work/paper-registry.jsonl | A7/work/read-manifest.json | A7/work/verified-paper-registry.json | A7/work/verified-paper-registry.jsonl,A7/work/abstract-triage.jsonl | A7/work/assigned-abstracts.jsonl
1820,arxiv:2607.18840,1,HIGH,A2,WorldScape Policy 2.0: Empowering Steerable World Action Modeling with Reasoning-Augmented Memory,arxiv:2607.18840,"World Action Models (WAMs) offer a promising paradigm for robotic manipulation by jointly modeling visual state transitions and robot actions. However, existing WAMs are constrained by limited temporal context, coarse episode-level language supervision, and predominantly text-only conditioning, which hinder task-progress tracking and fine-grained language-video-action grounding while limiting visual-context reasoning and cross-embodiment transfer. In this paper, we introduce WorldScape Policy 2.0, a controllable WAM with reasoning-augmented long short-term memory. Its causal short-term visual memory supplies recent observations as DiT prefill to preserve local interaction dynamics, while its long short-term event memory organizes historical VLM outputs into global-history, local-active, and event-boundary representations for progress-aware retrieval. The retrieved history augments perception and autoregressively generated planning tokens, yielding an implicit subgoal condition for autonomous planning; semantic forcing further transfers event-level instruction semantics into this latent planning pathway. To establish fine-grained multimodal controllability, we construct ManipEvent-5M, an event-grounded embodied pretraining dataset containing nearly 5 million event segments with aligned action trajectories, episode-level task instructions, segment-level subtask captions, goal images, and video demonstrations. These designs provide a unified interface for autonomous planning from high-level instructions and controllable execution from fine-grained text, goal-image, or video-context prompts. Experiments in both simulation and real-world platforms demonstrate superior capabilities in long-horizon autonomous planning, fine-grained instruction following and in-context adaptation.",high,A2,1,A2=high,A2=Detects or learns semantically meaningful trajectory segments and uses them as variable-horizon action chunks or keypose-to-keypose control targets.,"A2=Boundary and horizon choices determine the training unit, feedback latency, credit assignment, and compounding-error exposure in long-horizon robot learning.",A2=true,primary_assignment,"Haisheng Su, Zongdai Liu, Xin Jin, Haoxuan Dou, Chengming Hu, Baorun Li, Zhanwang Liu, Ruiyan Xu, Jianjie Fang, Xin Zhang, Zhenjie Yang, Xue Yang, Chen Gao, Junchi Yan, Yong Li, Wei Wu",2026,arxiv:2607.18840,arxiv:2607.18840,3154446290545260101,cs.RO,2026 robot learning event boundaries temporal segmentation action chunk,search-papers,false,A2,false,false,false,false,A2/assigned-papers.json | A2/assigned-registry-inspected.json | A2/assigned-registry-inspected.jsonl | A2/canonical-pool.json | A2/canonical-pool.jsonl | A2/raw/q45-2026-boundaries.json,A2/assigned-abstracts.jsonl | A2/triage.jsonl
1833,arxiv:2608.03089,1,HIGH,A4,Scalable Frequency- and Length-Aware Subdocument Deduplication for Large Language Model Pretraining,arxiv:2608.03089,"Large-scale pretraining corpora contain substantial duplicate content. Although document-level deduplication is widely used, removing subdocument-level redundancy remains challenging. At corpus scale, suffix-array-based methods are commonly applied independently within shards, leaving cross-shard duplicates undetected and making the resulting retention behavior sensitive to the sharding configuration. Hash-based methods enable global exact duplicate counting, but often rely on fixed copy-retention policies that cannot accommodate heterogeneous repetition patterns. We propose a scalable subdocument deduplication framework that decouples duplicate detection from copy retention. It identifies duplicate groups through natural-boundary segmentation, normalized exact hashing, and distributed aggregation, and then applies an explicit frequency- and length-aware retention policy that allocates an adaptive copy budget to each group, retaining more copies of low-frequency or short repetitions while more aggressively deleting high-frequency or long ones. Experiments on FineWeb-Edu and a code-containing web corpus show that models trained on data processed by our method achieve the best overall performance among the evaluated settings. These results underscore the importance of explicit copy-retention control.",high,A4,1,A4=high,A4=Removes redundant or near-duplicate examples to improve information density and reduce wasted training capacity.,A4=It offers a direct or transferable way to connect robot experience choices to learned policy behavior.,A4=true,primary_assignment,,,arxiv:2608.03089 | paper:7066535919220542299,arxiv:2608.03089,7066535919220542299,,q32-training-data,semantic-search,,A4,false,false,false,false,A4/assigned-papers.json | A4/assigned-registry-inspected.jsonl | A4/assigned-registry-preinspect.jsonl | A4/canonical-registry.jsonl | A4/raw/q32-training-data.json,A4/abstract-triage.jsonl
1846,arxiv:2608.19684,1,HIGH,A8,Learning Hierarchical Skill Policies with Offline Quality-Diversity Reinforcement Learning,arxiv:2608.19684,"Recent studies investigate how to leverage pre-collected datasets to improve the policy performance and sample efficiency of RL. One promising approach to achieve this goal is to employ a two-stage strategy: In the first stage, diverse skills are extracted as a low-level policy from a given dataset, and a high-level policy is trained to solve a specific task in the second stage. Typically, extraction of the low-level policy is performed based on unsupervised learning such as trajectory VAE. However, a limitation of this approach is that the quality of the low-level policy highly depends on the quality of the dataset. To address this issue, we introduce QDOS (Quality-Diversity Offline Skill learning), a unified pipeline for robust offline-to-online learning. Our approach incorporates an Advantage-Weighted Quality-Diversity pretraining objective, which weights the skill extraction and diversity objectives by the estimated advantage of each trajectory segment. This approach allows the model to extract diverse and high-value skills. By providing robust and task-relevant skill representations, QDOS significantly improves the quality of the embedded skill space used by the low-level policy. We further integrate this with a dual dataset reuse strategy, where offline data is used both for skill pretraining and for populating the online replay buffer via pseudo-labeling. Experiments demonstrate that QDOS significantly outperforms strong baselines in structured manipulation tasks and unstructured locomotion tasks, confirming its ability to accelerate exploration and improve final returns in challenging sparse-reward domains.",high,A8,1,A8=high,A8=Advantage-weighted quality-diversity learning extracts low-level skills that are simultaneously high-value and diverse from offline trajectory data.,A8=It provides a reusable skill-space representation that balances policy-relevant quality against exploration coverage.,A8=true,primary_assignment,,,arxiv:2608.19684,arxiv:2608.19684,8881232397816983027,,A8 | q14-mechanism,search-papers,,A8,false,false,false,false,A4/canonical-registry.jsonl | A4/raw/q04-trajectory-influence.json | A8/raw/q14-mechanism.json | A8/work/assigned-papers.json | A8/work/canonical-pool.jsonl,A8/work/abstract-triage.jsonl | A8/work/assigned-abstracts.jsonl
1859,doi:10.1080/17588928.2015.1020053,1,MEDIUM,A8,Active inference and epistemic value.,doi:10.1080/17588928.2015.1020053,"We offer a formal treatment of choice behavior based on the premise that agents minimize the expected free energy of future outcomes. Crucially, the negative free energy or quality of a policy can be decomposed into extrinsic and epistemic (or intrinsic) value. Minimizing…",medium,A8,1,A8=medium,"A8=Active inference selects actions partly for epistemic value, reducing uncertainty while pursuing preferred outcomes.",A8=It offers an adjacent decision-theoretic framing for combining task value and information value.,A8=true,expansion_round_3,,,doi:10.1080/17588928.2015.1020053 | paperid:3736352804713973268 | pmid:25689102,,,,,,,A8,false,false,false,false,A8/work/expansion-round3-novel.jsonl,A8/work/expansion-round3-triage.jsonl
1872,doi:10.1109/tnnls.2023.3339770,1,MEDIUM,A5,Affinity Uncertainty-based Hard Negative Mining in Graph Contrastive Learning,doi:10.1109/tnnls.2023.3339770,"Hard negative mining has shown effective in enhancing self-supervised contrastive learning (CL) on diverse data types, including graph CL (GCL). The existing hardness-aware CL methods typically treat negative instances that are most similar to the anchor instance as hard negatives, which helps improve the CL performance, especially on image data. However, this approach often fails to identify the hard negatives but leads to many false negatives on graph data. This is mainly due to that the learned graph representations are not sufficiently discriminative due to oversmooth representations and/or non-independent and identically distributed (non-i.i.d.) issues in graph data. To tackle this problem, this article proposes a novel approach that builds a discriminative model on collective affinity information (i.e., two sets of pairwise affinities between the negative instances and the anchor instance) to mine hard negatives in GCL. In particular, the proposed approach evaluates how confident/uncertain the discriminative model is about the affinity of each negative instance to an anchor instance to determine its hardness weight relative to the anchor instance. This uncertainty information is then incorporated into the existing GCL loss functions via a weighting term to enhance their performance. The enhanced GCL is theoretically grounded that the resulting GCL loss is equivalent to a triplet loss with an adaptive margin being exponentially proportional to the learned uncertainty of each negative instance. Extensive experiments on ten graph datasets show that our approach does the following: 1) consistently enhances different state-of-the-art (SOTA) GCL methods in both graph and node classification tasks and 2) significantly improves their robustness against adversarial attacks. Code is available at https://github.com/mala-lab/AUGCL.",medium,A5,1,A5=medium,"A5=Hard negative mining has shown effective in enhancing self-supervised contrastive learning (CL) on diverse data types, including graph CL (GCL).","A5=It offers a transferable way to focus updates on difficult, rare, or confusable examples while exposing the risk of amplifying noise.",A5=true,primary_assignment,"Chaoxi Niu, Guansong Pang, Ling Chen",2024,arxiv:2301.13340 | doi:10.1109/tnnls.2023.3339770 | paper:1848255841389671654 | paper:4262314953318008104 | pmid:38190684,,paper:4262314953318008104,,33,search-papers,general,A5,false,false,false,false,A5/assigned-papers.json | A5/canonical-pool.jsonl | A5/evidence-ledger.jsonl | A5/inspection-manifest.json | A5/paper-registry.json,A5/assigned-abstracts.jsonl
1885,doi:10.1186/1471-2105-7-246,1,MEDIUM,A1,Optimizing amino acid substitution matrices with a local alignment kernel.,doi:10.1186/1471-2105-7-246,"BACKGROUND: Detecting remote homologies by direct comparison of protein sequences remains a challenging task. We had previously developed a similarity score between sequences, called a local alignment kernel, that exhibits good performance for this task in combination with a…",medium,A1,1,A1=medium,"A1=The paper develops or evaluates a temporal correspondence, synchronization, delay, or sequence-representation mechanism for Optimizing amino acid substitution matrices with a local alignment kernel.","A1=Its adjacent-domain method may provide a transferable alignment idea, but the robot transfer path requires verification.",A1=true,expansion_round_1,,,doi:10.1186/1471-2105-7-246 | pmcid:PMC1513605 | pmid:16677385,pmcid:PMC1513605,7928890770130937146,,,related-references,,A1,false,false,false,false,A1/expansion-registry.json | A1/paper-registry-complete.json,A1/expansion-triage.jsonl
1898,pmcid:pmc4451827,1,MEDIUM,A2,What constitutes an episode in episodic memory?,pmcid:pmc4451827,The idea of episodic memory implies the existence of a process that segments experience into episodes so that they can be stored in memory. It is therefore surprising that the link between event segmentation and the organization of experiences into episodes in memory has not…,medium,A2,1,A2=medium,"A2=Finds event, phase, or subtask boundaries by modeling temporal changes in observations, dynamics, language, or latent sequence variables.",A2=The adjacent sequence mechanism offers a transferable way to localize or compress useful intervals when robot labels are scarce.,A2=true,expansion_round_1,,,doi:10.1177/0956797610393742 | pmcid:PMC4451827 | pmid:21178116,,,,,,,A2,false,false,false,false,A2/expansion-pool.json | A2/expansion-pool.jsonl,A2/expansion-triage.jsonl
