"pass2_index","canonical_paper_id","assigned_agent","first_pass_classification","source_lane","paper_name","id","abstract","triage_label","lanes","lane_count","triage_labels_by_lane","mechanisms_by_lane","why_it_matters_by_lane","follow_up_by_lane","corpus_stages","authors","year","source_ids","primary_id","paper_id","categories","queries","discovery_methods","designations","primary_readers","metadata_verified_any","body_inspected_any","evidence_read_any","triage_disagreement","source_registry_paths","source_triage_paths"
"2","arxiv:0905.2592","3","HIGH","A2","A sticky HDP-HMM with application to speaker diarization","arxiv:0905.2592","We consider the problem of speaker diarization, the problem of segmenting an audio recording of a meeting into temporal segments corresponding to individual speakers. The problem is rendered particularly difficult by the fact that we are not allowed to assume knowledge of the number of people participating in the meeting. To address this problem, we take a Bayesian nonparametric approach to speaker diarization that builds on the hierarchical Dirichlet process hidden Markov model (HDP-HMM) of Teh et al. [J. Amer. Statist. Assoc. 101 (2006) 1566--1581]. Although the basic HDP-HMM tends to over-segment the audio data---creating redundant states and rapidly switching among them---we describe an augmented HDP-HMM that provides effective control over the switching rate. We also show that this augmentation makes it possible to treat emission distributions nonparametrically. To scale the resulting architecture to realistic diarization problems, we develop a sampling algorithm that employs a truncated approximation of the Dirichlet process to jointly resample the full state sequence, greatly improving mixing rates. Working with a benchmark NIST data set, we show that our Bayesian nonparametric architecture yields state-of-the-art speaker diarization results.","high","A2","1","A2=high","A2=Finds event, phase, or subtask boundaries by modeling temporal changes in observations, dynamics, language, or latent sequence variables.","A2=The mechanism connects temporal structure to data selection or learning efficiency in the Program A loop.","A2=true","expansion_round_1","","2009","arxiv:0905.2592","","","","","","","A2","false","false","false","false","A2/expansion-pool.json | A2/expansion-pool.jsonl","A2/expansion-triage.jsonl"
"15","arxiv:1206.6473","3","MEDIUM","A2","Compositional Planning Using Optimal Option Models","arxiv:1206.6473","In this paper we introduce a framework for option model composition. Option models are temporal abstractions that, like macro-operators in classical planning, jump directly from a start state to an end state. Prior work has focused on constructing option models from primitive actions, by intra-option model learning; or on using option models to construct a value function, by inter-option planning. We present a unified view of intra- and inter-option model learning, based on a major generalisation of the Bellman equation. Our fundamental operation is the recursive composition of option models into other option models. This key idea enables compositional planning over many levels of abstraction. We illustrate our framework using a dynamic programming algorithm that simultaneously constructs optimal option models for multiple subgoals, and also searches over those option models to provide rapid progress towards other subgoals.","medium","A2","1","A2=medium","A2=Uses temporally extended actions, keyposes, or learned macro-actions to expose multi-step structure while retaining feedback or planning control.","A2=The adjacent sequence mechanism offers a transferable way to localize or compress useful intervals when robot labels are scarce.","A2=true","expansion_round_1","","2012","arxiv:1206.6473","arxiv:1206.6473","6076274618132929846","","macro-actions options skills temporal abstraction sequential robot control","search-papers","true","A2","false","false","false","false","A2/canonical-pool.json | A2/canonical-pool.jsonl | A2/expansion-pool.json | A2/expansion-pool.jsonl | A2/raw/q08-synonyms.json","A2/expansion-triage.jsonl"
"28","arxiv:1312.6229","3","MEDIUM","A5","OverFeat: Integrated Recognition, Localization and Detection using Convolutional Networks","arxiv:1312.6229","We present an integrated framework for using Convolutional Networks for classification, localization and detection. We show how a multiscale and sliding window approach can be efficiently implemented within a ConvNet. We also introduce a novel deep learning approach to localization by learning to predict object boundaries. Bounding boxes are then accumulated rather than suppressed in order to increase detection confidence. We show that different tasks can be learned simultaneously using a single shared network. This integrated framework is the winner of the localization task of the ImageNet Large Scale Visual Recognition Challenge 2013 (ILSVRC2013) and obtained very competitive results for the detection and classifications tasks. In post-competition work, we establish a new state of the art for the detection task. Finally, we release a feature extractor from our best model called OverFeat.","medium","A5","1","A5=medium","A5=Bounding boxes are then accumulated rather than suppressed in order to increase detection confidence.","A5=The expansion tests whether this weighting mechanism adds a reusable way to control which robot experience influences policy training.","A5=true","expansion_round_1","","","arxiv:1312.6229","arxiv:1312.6229","2044836330190951501","","","","","A5","false","false","false","false","A5/expansion/raw/round1-references.json | A5/expansion/raw/round1-similar.json","A5/expansion/round1-triage.jsonl"
"41","arxiv:1412.1193","3","MEDIUM","A3 | A4","New insights and perspectives on the natural gradient method","arxiv:1412.1193","Natural gradient descent is an optimization method traditionally motivated from the perspective of information geometry, and works well for many applications as an alternative to stochastic gradient descent. In this paper we critically analyze this method and its properties, and show how it can be viewed as a type of 2nd-order optimization method, with the Fisher information matrix acting as a substitute for the Hessian. In many important cases, the Fisher information matrix is shown to be equivalent to the Generalized Gauss-Newton matrix, which both approximates the Hessian, but also has certain properties that favor its use over the Hessian. This perspective turns out to have significant implications for the design of a practical and robust natural gradient optimizer, as it motivates the use of techniques like trust regions and Tikhonov regularization. Additionally, we make a series of contributions to the understanding of natural gradient and 2nd-order methods, including: a thorough analysis of the convergence speed of stochastic natural gradient descent (and more general stochastic 2nd-order methods) as applied to convex quadratics, a critical examination of the oft-used ""empirical"" approximation of the Fisher matrix, and an analysis of the (approximate) parameterization invariance property possessed by natural gradient methods (which we show also holds for certain other curvature, but notably not the Hessian).","medium","A3 | A4","2","A3=low | A4=medium","A3=The paper develops or analyzes New insights and perspectives on the natural gradient method. | A4=Provides adjacent evidence about how data composition affects learning outcomes.","A3=No direct mechanism connecting the result to noisy robot experience or data-to-policy decisions was established from the expansion abstract. | A4=It extends the A4 mechanism space with adjacent data-centric evidence.","A3=false | A4=false","expansion_round_1","","2014","arxiv:1412.1193 | paper:969847334483433221","","","","","firecrawl research related-papers","","A3","false","false","false","true","A3/expansion-registry.json | A3/paper-registry.json | A4/expansion/round2/registry.jsonl | A4/expansion/round5/registry.jsonl","A3/expansion-triage.jsonl | A4/expansion/all-new-expansion-triage.jsonl"
"54","arxiv:1506.08941","3","HIGH","A2","Language Understanding for Text-based Games Using Deep Reinforcement Learning","arxiv:1506.08941","In this paper, we consider the task of learning control policies for text-based games. In these games, all interactions in the virtual world are through text and the underlying state is not observed. The resulting language barrier makes such environments challenging for automatic game players. We employ a deep reinforcement learning framework to jointly learn state representations and action policies using game rewards as feedback. This framework enables us to map text descriptions into vector representations that capture the semantics of the game states. We evaluate our approach on two game worlds, comparing against baselines using bag-of-words and bag-of-bigrams for state representations. Our algorithm outperforms the baselines on both worlds demonstrating the importance of learning expressive representations.","high","A2","1","A2=high","A2=Encodes or selects compact trajectory segments or latent plans so sequential experience can be retrieved, recombined, or reused.","A2=The mechanism can turn long robot experience into reusable training units, skill memories, or better-conditioned policy targets.","A2=true","expansion_round_1","","2015","arxiv:1506.08941","","","","","","","A2","false","false","false","false","A2/expansion-pool.json | A2/expansion-pool.jsonl","A2/expansion-triage.jsonl"
"67","arxiv:1511.06418","3","HIGH","A2","Binding via Reconstruction Clustering","arxiv:1511.06418","Disentangled distributed representations of data are desirable for machine learning, since they are more expressive and can generalize from fewer examples. However, for complex data, the distributed representations of multiple objects present in the same input can interfere and lead to ambiguities, which is commonly referred to as the binding problem. We argue for the importance of the binding problem to the field of representation learning, and develop a probabilistic framework that explicitly models inputs as a composition of multiple objects. We propose an unsupervised algorithm that uses denoising autoencoders to dynamically bind features together in multi-object inputs through an Expectation-Maximization-like clustering process. The effectiveness of this method is demonstrated on artificially generated datasets of binary images, showing that it can even generalize to bind together new objects never seen by the autoencoder during training.","high","A2","1","A2=high","A2=Encodes or selects compact trajectory segments or latent plans so sequential experience can be retrieved, recombined, or reused.","A2=The mechanism can turn long robot experience into reusable training units, skill memories, or better-conditioned policy targets.","A2=true","expansion_round_1","","2015","arxiv:1511.06418","","","","","","","A2","false","false","false","false","A2/expansion-pool.json | A2/expansion-pool.jsonl","A2/expansion-triage.jsonl"
"80","arxiv:1602.06822","3","HIGH","A2","Understanding Visual Concepts with Continuation Learning","arxiv:1602.06822","We introduce a neural network architecture and a learning algorithm to produce factorized symbolic representations. We propose to learn these concepts by observing consecutive frames, letting all the components of the hidden representation except a small discrete set (gating units) be predicted from the previous frame, and let the factors of variation in the next frame be represented entirely by these discrete gated units (corresponding to symbolic representations). We demonstrate the efficacy of our approach on datasets of faces undergoing 3D transformations and Atari 2600 games.","high","A2","1","A2=high","A2=Encodes or selects compact trajectory segments or latent plans so sequential experience can be retrieved, recombined, or reused.","A2=The mechanism can turn long robot experience into reusable training units, skill memories, or better-conditioned policy targets.","A2=true","expansion_round_1","","2016","arxiv:1602.06822","","","","","","","A2","false","false","false","false","A2/expansion-pool.json | A2/expansion-pool.jsonl","A2/expansion-triage.jsonl"
"93","arxiv:1604.07316","3","MEDIUM","A1 | A3","End to End Learning for Self-Driving Cars","arxiv:1604.07316","We trained a convolutional neural network (CNN) to map raw pixels from a single front-facing camera directly to steering commands. This end-to-end approach proved surprisingly powerful. With minimum training data from humans the system learns to drive in traffic on local roads with or without lane markings and on highways. It also operates in areas with unclear visual guidance such as in parking lots and on unpaved roads. The system automatically learns internal representations of the necessary processing steps such as detecting useful road features with only the human steering angle as the tr","medium","A1 | A3","2","A1=low | A3=medium","A1=The abstract does not expose a clear temporal mechanism connected to the lane. | A3=The paper develops or evaluates End to End Learning for Self-Driving Cars, offering an adjacent mechanism for robot learning or data use.","A1=Its adjacent-domain method may provide a transferable alignment idea, but the robot transfer path requires verification. | A3=The result may transfer to A3 quality estimation or harmful-data handling, but direct relevance is uncertain.","A1=false | A3=false","expansion_round_1 | expansion_round_2","","2016","arxiv:1604.07316","arxiv:1604.07316","3297292179527300949","","","firecrawl research related-papers | related-references","","A1 | A3","false","false","false","true","A1/expansion-registry.json | A1/paper-registry-complete.json | A3/paper-registry.json | A3/round2-registry.json","A1/expansion-triage.jsonl | A3/round2-triage.jsonl"
"106","arxiv:1607.08584","3","HIGH","A1","Connectionist Temporal Modeling for Weakly Supervised Action Labeling","arxiv:1607.08584","We propose a weakly-supervised framework for action labeling in video, where only the order of occurring actions is required during training time. The key challenge is that the per-frame alignments between the input (video) and label (action) sequences are unknown during training. We address this by introducing the Extended Connectionist Temporal Classification (ECTC) framework to efficiently evaluate all possible alignments via dynamic programming and explicitly enforce their consistency with frame-to-frame visual similarities. This protects the model from distractions of visually inconsistent or degenerated alignments without the need of temporal supervision. We further extend our framework to the semi-supervised case when a few frames are sparsely annotated in a video. With less than 1% of labeled frames per video, our method is able to outperform existing semi-supervised approaches and achieve comparable performance to that of fully supervised approaches.","high","A1","1","A1=high","A1=The paper develops or evaluates a temporal correspondence, synchronization, delay, or sequence-representation mechanism for Connectionist Temporal Modeling for Weakly Supervised Action Labeling.","A1=Its mechanism is a plausible transfer to multimodal robot experience, action-observation alignment, or temporally aware policy training.","A1=true","expansion_round_1","","","arxiv:1607.08584","arxiv:1607.08584","2646448794625358026","","","related-references","","A1","false","false","false","false","A1/expansion-registry.json | A1/expansion-round2-registry.json | A1/expansion-round3-registry.json | A1/paper-registry-complete.json","A1/expansion-triage.jsonl"
"119","arxiv:1611.01796","3","HIGH","A2","Modular Multitask Reinforcement Learning with Policy Sketches","arxiv:1611.01796","We describe a framework for multitask deep reinforcement learning guided by policy sketches. Sketches annotate tasks with sequences of named subtasks, providing information about high-level structural relationships among tasks but not how to implement them---specifically not providing the detailed guidance used by much previous work on learning policy abstractions for RL (e.g. intermediate rewards, subtask completion signals, or intrinsic motivations). To learn from sketches, we present a model that associates every subtask with a modular subpolicy, and jointly maximizes reward over full task-specific policies by tying parameters across shared subpolicies. Optimization is accomplished via a decoupled actor--critic training objective that facilitates learning common behaviors from multiple dissimilar reward functions. We evaluate the effectiveness of our approach in three environments featuring both discrete and continuous control, and with sparse rewards that can be obtained only after completing a number of high-level subgoals. Experiments show that using our approach to learn policies guided by sketches gives better performance than existing techniques for learning task-specific or shared policies, while naturally inducing a library of interpretable primitive behaviors that can be recombined to rapidly adapt to new tasks.","high","A2","1","A2=high","A2=Finds event, phase, or subtask boundaries by modeling temporal changes in observations, dynamics, language, or latent sequence variables.","A2=The mechanism connects temporal structure to data selection or learning efficiency in the Program A loop.","A2=true","expansion_round_1","","2016","arxiv:1611.01796","","","","","","","A2","false","false","false","false","A2/expansion-pool.json | A2/expansion-pool.jsonl","A2/expansion-triage.jsonl"
"132","arxiv:1702.07475","3","HIGH","A1","Sequence-based Multimodal Apprenticeship Learning For Robot Perception and Decision Making","arxiv:1702.07475","Apprenticeship learning has recently attracted a wide attention due to its capability of allowing robots to learn physical tasks directly from demonstrations provided by human experts. Most previous techniques assumed that the state space is known a priori or employed simple state representations that usually suffer from perceptual aliasing. Different from previous research, we propose a novel approach named Sequence-based Multimodal Apprenticeship Learning (SMAL), which is capable to simultaneously fusing temporal information and multimodal data, and to integrate robot perception with decision making. To evaluate the SMAL approach, experiments are performed using both simulations and real-world robots in the challenging search and rescue scenarios. The empirical study has validated that our SMAL approach can effectively learn plans for robots to make decisions using sequence of multimodal observations. Experimental results have also showed that SMAL outperforms the baseline methods using individual images.","high","A1","1","A1=high","A1=SMAL fuses temporal sequences from multiple observation modalities so perception and decision making share history rather than isolated frames.","A1=It directly supports learning action-observation relationships from multimodal robot demonstrations.","A1=true","primary_assignment","","","arxiv:1702.07475","arxiv:1702.07475","3902560895416866046","","q01-direct","search-papers","","A1","false","false","false","false","A1/assigned-papers.json | A1/inspection-manifest.json | A1/paper-registry-complete.json | A1/paper-registry.json | A1/raw/q01-direct.json","A1/assigned-abstracts.jsonl | A1/triage.jsonl"
"145","arxiv:1703.04122","3","MEDIUM","A1","Autoregressive Convolutional Neural Networks for Asynchronous Time Series","arxiv:1703.04122","We propose Significance-Offset Convolutional Neural Network, a deep convolutional network architecture for regression of multivariate asynchronous time series. The model is inspired by standard autoregressive (AR) models and gating mechanisms used in recurrent neural networks. It involves an AR-like weighting system, where the final predictor is obtained as a weighted sum of adjusted regressors, while the weights are datadependent functions learnt through a convolutional network. The architecture was designed for applications on asynchronous time series and is evaluated on such datasets: a hedge fund proprietary dataset of over 2 million quotes for a credit derivative index, an artificially generated noisy autoregressive series and UCI household electricity consumption dataset. The proposed architecture achieves promising results as compared to convolutional and recurrent neural networks.","medium","A1","1","A1=medium","A1=The paper develops or evaluates a temporal correspondence, synchronization, delay, or sequence-representation mechanism for Autoregressive Convolutional Neural Networks for Asynchronous Time Series.","A1=Its adjacent-domain method may provide a transferable alignment idea, but the robot transfer path requires verification.","A1=true","expansion_round_3","","","arxiv:1703.04122","arxiv:1703.04122","8781139748991136017","","","related-papers-round3","","A1","false","false","false","false","A1/expansion-round3-registry.json | A1/paper-registry-complete.json","A1/expansion-round3-triage.jsonl"
"158","arxiv:1704.03617","3","HIGH","A2","Representation Stability as a Regularizer for Improved Text Analytics Transfer Learning","arxiv:1704.03617","Although neural networks are well suited for sequential transfer learning tasks, the catastrophic forgetting problem hinders proper integration of prior knowledge. In this work, we propose a solution to this problem by using a multi-task objective based on the idea of distillation and a mechanism that directly penalizes forgetting at the shared representation layer during the knowledge integration phase of training. We demonstrate our approach on a Twitter domain sentiment analysis task with sequential knowledge transfer from four related tasks. We show that our technique outperforms networks fine-tuned to the target task. Additionally, we show both through empirical evidence and examples that it does not forget useful knowledge from the source task that is forgotten during standard fine-tuning. Surprisingly, we find that first distilling a human made rule based sentiment engine into a recurrent neural network and then integrating the knowledge with the target task data leads to a substantial gain in generalization performance. Our experiments demonstrate the power of multi-source transfer techniques in practical text analytics problems when paired with distillation. In particular, for the SemEval 2016 Task 4 Subtask A (Nakov et al., 2016) dataset we surpass the state of the art established during the competition with a comparatively simple model architecture that is not even competitive when trained on only the labeled task specific data.","high","A2","1","A2=high","A2=Finds event, phase, or subtask boundaries by modeling temporal changes in observations, dynamics, language, or latent sequence variables.","A2=The mechanism can turn long robot experience into reusable training units, skill memories, or better-conditioned policy targets.","A2=true","expansion_round_1","","2017","arxiv:1704.03617","","","","","","","A2","false","false","false","false","A2/expansion-pool.json | A2/expansion-pool.jsonl","A2/expansion-triage.jsonl"
"171","arxiv:1706.04652","3","MEDIUM","A5","Learning a visuomotor controller for real world robotic grasping using simulated depth images","arxiv:1706.04652","We want to build robots that are useful in unstructured real world applications, such as doing work in the household. Grasping in particular is an important skill in this domain, yet it remains a challenge. One of the key hurdles is handling unexpected changes or motion in the objects being grasped and kinematic noise or other errors in the robot. This paper proposes an approach to learning a closed-loop controller for robotic grasping that dynamically guides the gripper to the object. We use a wrist-mounted sensor to acquire depth images in front of the gripper and train a convolutional neural network to learn a distance function to true grasps for grasp configurations over an image. The training sensor data is generated in simulation, a major advantage over previous work that uses real robot experience, which is costly to obtain. Despite being trained in simulation, our approach works well on real noisy sensor images. We compare our controller in simulated and real robot experiments to a strong baseline for grasp pose detection, and find that our approach significantly outperforms the baseline in the presence of kinematic noise, perceptual errors and disturbances of the object during grasping.","medium","A5","1","A5=medium","A5=The training sensor data is generated in simulation, a major advantage over previous work that uses real robot experience, which is costly to obtain.","A5=This weighting neighbor tests whether the expansion adds a reusable mechanism for controlling robot experience in policy training.","A5=true","expansion_round_2","","","arxiv:1706.04652","arxiv:1706.04652","5397721844140422956","","","","","A5","false","false","false","false","A5/expansion/raw/round2-references.json","A5/expansion/round2-triage.jsonl"
"184","arxiv:1707.08817","3","HIGH","A5 | A6","Leveraging Demonstrations for Deep Reinforcement Learning on Robotics Problems with Sparse Rewards","arxiv:1707.08817","We propose a general and model-free approach for Reinforcement Learning (RL) on real robotics with sparse rewards. We build upon the Deep Deterministic Policy Gradient (DDPG) algorithm to use demonstrations. Both demonstrations and actual interactions are used to fill a replay buffer and the sampling ratio between demonstrations and transitions is automatically tuned via a prioritized replay mechanism. Typically, carefully engineered shaping rewards are required to enable the agents to efficiently explore on high dimensional control problems such as robotics. They are also required for model-based acceleration methods relying on local solvers such as iLQG (e.g. Guided Policy Search and Normalized Advantage Function). The demonstrations replace the need for carefully engineered rewards, and reduce the exploration problem encountered by classical RL approaches in these domains. Demonstrations are collected by a robot kinesthetically force-controlled by a human demonstrator. Results on four simulated insertion tasks show that DDPG from demonstrations out-performs DDPG, and does not require engineered rewards. Finally, we demonstrate the method on a real robotics task consisting of inserting a clip (flexible object) into a rigid object.","high","A5 | A6","2","A5=high | A6=medium","A5=Both demonstrations and actual interactions are used to fill a replay buffer and the sampling ratio between demonstrations and transitions is automatically tuned via a prioritized replay mechanism. | A6=Infers quality, reward, value, or preferences from mixed-outcome demonstrations to reweight or improve actions.","A5=It informs which stored transitions or demonstrations should be replayed more often when sparse reward, rarity, or learning progress matters. | A6=Turns success, failure, and relative-quality signals into supervision for experience selection or policy improvement.","A5=true | A6=true","primary_assignment","Mel Vecerik, Todd Hester, Jonathan Scholz, Fumin Wang, Olivier Pietquin, Bilal Piot, Nicolas Heess, Thomas Rothörl, Thomas Lampe, Martin Riedmiller","2017","arxiv:1707.08817 | paper:845218178271155190","arxiv:1707.08817","paper:845218178271155190","cs.AI","12 | 13 | 24 | 3 | 4 | 50 | 57 | 58 | 63 | 7 | 8 | q25-found-failures","search-papers","foundational | general | recent","A5 | A6","true","true","false","true","A5/assigned-papers.json | A5/canonical-pool.jsonl | A5/evidence-ledger.jsonl | A5/expansion/raw/round1-references.json | A5/expansion/raw/round2-references.json | A5/expansion/raw/round3-references.json | A5/inspection-manifest.json | A5/paper-registry.json | A5/raw/q04-direct-replay.json | A5/read-manifest.json | A6/raw-retrieval/q25-found-failures.json | A6/registry-assignment.jsonl | A6/work/assigned-registry-inspected.jsonl | A6/work/assigned-registry-preinspect.jsonl | A6/work/canonical-pool.jsonl | A6/work/evidence-index.jsonl | A7/raw/q14-space-coverage.json | A7/work/paper-registry.json | A7/work/paper-registry.jsonl | A7/work/verified-paper-registry.json | A7/work/verified-paper-registry.jsonl","A5/assigned-abstracts.jsonl | A6/triage.jsonl"
"197","arxiv:1710.05268","3","MEDIUM","A6","Self-Supervised Visual Planning with Temporal Skip Connections","arxiv:1710.05268","In order to autonomously learn wide repertoires of complex skills, robots must be able to learn from their own autonomously collected data, without human supervision. One learning signal that is always available for autonomously collected data is prediction: if a robot can learn to predict the future, it can use this predictive model to take actions to produce desired outcomes, such as moving an object to a particular location. However, in complex open-world scenarios, designing a representation for prediction is difficult. In this work, we instead aim to enable self-supervised robotic learning through direct video prediction: instead of attempting to design a good representation, we directly predict what the robot will see next, and then use this model to achieve desired goals. A key challenge in video prediction for robotic manipulation is handling complex spatial arrangements such as occlusions. To that end, we introduce a video prediction model that can keep track of objects through occlusion by incorporating temporal skip-connections. Together with a novel planning criterion and action space formulation, we demonstrate that this model substantially outperforms prior work on video prediction-based control. Our results show manipulation of objects not seen during training, handling multiple objects, and pushing objects around obstructions. These results represent a significant advance in the range and complexity of skills that can be performed entirely with self-supervised robotic learning.","medium","A6","1","A6=medium","A6=Transforms, segments, augments, retrieves, or composes trajectories so useful subsequences and corrective context become training signal.","A6=Offers a reusable mechanism for converting sequential experience into better policy or data decisions.","A6=false","expansion_round_1","","2017","arxiv:1710.05268","arxiv:1710.05268","7605125956347318379","","self-supervised representation learning temporal segmentation robot trajectories","related-papers","true","A6","false","false","false","false","A2/canonical-pool.json | A2/canonical-pool.jsonl | A2/raw/q10-self-supervised.json | A6/expansion/canonical-pool.jsonl","A6/expansion/triage.jsonl"
"210","arxiv:1712.09716","3","HIGH","A8","Multi-Modal Active Perception for Information Gathering in Science Missions","arxiv:1712.09716","Robotic science missions in remote environments, such as deep ocean and outer space, can involve studying phenomena that cannot directly be observed using on-board sensors but must be deduced by combining measurements of correlated variables with domain knowledge. Traditionally, in such missions, robots passively gather data along prescribed paths, while inference, path planning, and other high level decision making is largely performed by a supervisory science team. However, communication constraints hinder these processes, and hence the rate of scientific progress. This paper presents an active perception approach that aims to reduce robots' reliance on human supervision and improve science productivity by encoding scientists' domain knowledge and decision making process on-board. We use Bayesian networks to compactly model critical aspects of scientific knowledge while remaining robust to observation and modeling uncertainty. We then formulate path planning and sensor scheduling as an information gain maximization problem, and propose a sampling-based solution based on Monte Carlo tree search to plan informative sensing actions which exploit the knowledge encoded in the network. The computational complexity of our framework does not grow with the number of observations taken and allows long horizon planning in an anytime manner, making it highly applicable to field robotics. Simulation results show statistically significant performance improvements over baseline methods, and we validate the practicality of our approach through both hardware experiments and simulated experiments with field data gathered during the NASA Mojave Volatiles Prospector science expedition.","high","A8","1","A8=high","A8=Bayesian networks encode domain knowledge and uncertainty while Monte Carlo tree search selects sensing paths and schedules that maximize information gain.","A8=It is a field-robotics example of planning multimodal collection decisions over long horizons under communication and modeling constraints.","A8=true","primary_assignment","","","arxiv:1712.09716","arxiv:1712.09716","9065259934782331103","","A8 | q03-direct | q20-adjacent","search-papers","","A8","false","false","false","false","A8/raw/q03-direct.json | A8/raw/q20-adjacent.json | A8/work/assigned-papers.json | A8/work/canonical-pool.jsonl","A8/work/abstract-triage.jsonl | A8/work/assigned-abstracts.jsonl"
"223","arxiv:1803.02603","3","MEDIUM","A1","Gaussian Process Latent Variable Alignment Learning","arxiv:1803.02603","We present a model that can automatically learn alignments between high-dimensional data in an unsupervised manner. Our proposed method casts alignment learning in a framework where both alignment and data are modelled simultaneously. Further, we automatically infer groupings of different types of sequences within the same dataset. We derive a probabilistic model built on non-parametric priors that allows for flexible warps while at the same time providing means to specify interpretable constraints. We demonstrate the efficacy of our approach with superior quantitative performance to the state-of-the-art approaches and provide examples to illustrate the versatility of our model in automatic inference of sequence groupings, absent from previous approaches, as well as easy specification of high level priors for different modalities of data.","medium","A1","1","A1=medium","A1=The paper develops or evaluates a temporal correspondence, synchronization, delay, or sequence-representation mechanism for Gaussian Process Latent Variable Alignment Learning.","A1=Its adjacent-domain method may provide a transferable alignment idea, but the robot transfer path requires verification.","A1=true","expansion_round_1","","","arxiv:1803.02603","arxiv:1803.02603","2537923099842841942","","","related-citers | related-similar","","A1","false","false","false","false","A1/expansion-registry.json | A1/paper-registry-complete.json","A1/expansion-triage.jsonl"
"236","arxiv:1806.03107","3","MEDIUM","A2","Temporal Difference Variational Auto-Encoder","arxiv:1806.03107","To act and plan in complex environments, we posit that agents should have a mental simulator of the world with three characteristics: (a) it should build an abstract state representing the condition of the world; (b) it should form a belief which represents uncertainty on the world; (c) it should go beyond simple step-by-step simulation, and exhibit temporal abstraction. Motivated by the absence of a model satisfying all these requirements, we propose TD-VAE, a generative sequence model that learns representations containing explicit beliefs about states several steps into the future, and that can be rolled out directly without single-step transitions. TD-VAE is trained on pairs of temporally separated time points, using an analogue of temporal difference learning used in reinforcement learning.","medium","A2","1","A2=medium","A2=Uses temporally extended actions, keyposes, or learned macro-actions to expose multi-step structure while retaining feedback or planning control.","A2=The adjacent sequence mechanism offers a transferable way to localize or compress useful intervals when robot labels are scarce.","A2=true","expansion_round_1","","2018","arxiv:1806.03107","arxiv:1806.03107","238552655190381177","","sequence-to-sequence temporal abstraction plan recognition robotics","search-papers","true","A2","false","false","false","false","A2/canonical-pool.json | A2/canonical-pool.jsonl | A2/expansion-pool.json | A2/expansion-pool.jsonl | A2/raw/q37-seq2seq.json","A2/expansion-triage.jsonl"
"249","arxiv:1809.05819","3","HIGH","A4","Deep Learning with Experience Ranking Convolutional Neural Network for Robot Manipulator","arxiv:1809.05819","Supervised learning, more specifically Convolutional Neural Networks (CNN), has surpassed human ability in some visual recognition tasks such as detection of traffic signs, faces and handwritten numbers. On the other hand, even state-of-the-art reinforcement learning (RL) methods have difficulties in environments with sparse and binary rewards. They requires manually shaping reward functions, which might be challenging to come up with. These tasks, however, are trivial to human. One of the reasons that human are better learners in these tasks is that we are embedded with much prior knowledge of the world. These knowledge might be either embedded in our genes or learned from imitation - a type of supervised learning. For that reason, the best way to narrow the gap between machine and human learning ability should be to mimic how we learn so well in various tasks by a combination of RL and supervised learning. Our method, which integrates Deep Deterministic Policy Gradients and Hindsight Experience Replay (RL method specifically dealing with sparse rewards) with an experience ranking CNN, provides a significant speedup over the learning curve on simulated robotics tasks. Experience ranking allows high-reward transitions to be replayed more frequently, and therefore help learn more efficiently. Our proposed approach can also speed up learning in any other tasks that provide additional information for experience ranking.","high","A4","1","A4=high","A4=Ranks or weights trajectories/transitions according to return, coverage, value, or policy-improvement utility in offline learning.","A4=It offers a direct or transferable way to connect robot experience choices to learned policy behavior.","A4=true","primary_assignment","","","arxiv:1809.05819 | paper:4584661102056338486","arxiv:1809.05819","4584661102056338486","","q31-trajectory-rank","semantic-search","","A4","false","false","false","false","A4/assigned-papers.json | A4/assigned-registry-inspected.jsonl | A4/assigned-registry-preinspect.jsonl | A4/canonical-registry.jsonl | A4/raw/q31-trajectory-rank.json","A4/abstract-triage.jsonl"
"262","arxiv:1810.12894","3","HIGH","A8","Exploration by Random Network Distillation","arxiv:1810.12894","We introduce an exploration bonus for deep reinforcement learning methods that is easy to implement and adds minimal overhead to the computation performed. The bonus is the error of a neural network predicting features of the observations given by a fixed randomly initialized neural network. We also introduce a method to flexibly combine intrinsic and extrinsic rewards. We find that the random network distillation (RND) bonus combined with this increased flexibility enables significant progress on several hard exploration Atari games. In particular we establish state of the art performance on Montezuma's Revenge, a game famously difficult for deep reinforcement learning methods. To the best of our knowledge, this is the first method that achieves better than average human performance on this game without using demonstrations or having access to the underlying state of the game, and occasionally completes the first level.","high","A8","1","A8=high","A8=Prediction error of a fixed random target network gives intrinsic reward for novel observations and decays as they become familiar.","A8=It is a practical novelty signal for directing collection toward underrepresented observations.","A8=true","expansion_round_2","","","arxiv:1810.12894 | paperid:5092370357304930339","","","","","","","A8","false","false","false","false","A8/work/expansion-round2-novel.jsonl","A8/work/expansion-round2-triage.jsonl | A8/work/expansion-round3-triage.jsonl"
"275","arxiv:1812.05159","3","MEDIUM","A4","An Empirical Study of Example Forgetting during Deep Neural Network Learning","arxiv:1812.05159","Inspired by the phenomenon of catastrophic forgetting, we investigate the learning dynamics of neural networks as they train on single classification tasks. Our goal is to understand whether a related phenomenon occurs when data does not undergo a clear distributional shift. We define a `forgetting event' to have occurred when an individual training example transitions from being classified correctly to incorrectly over the course of learning. Across several benchmark data sets, we find that: (i) certain examples are forgotten with high frequency, and some not at all; (ii) a data set's (un)forgettable examples generalize across neural architectures; and (iii) based on forgetting dynamics, a significant fraction of examples can be omitted from the training data set while still maintaining state-of-the-art generalization performance.","medium","A4","1","A4=medium","A4=Connects trajectory or dataset composition to downstream policy or model behavior.","A4=It provides adjacent evidence for data-efficient training intelligence.","A4=true","expansion_round_1","","","arxiv:1812.05159 | paper:3762721288688704089","","","","","related-paper-expansion","","A4","false","false","false","false","A4/expansion/expansion-registry.jsonl | A4/expansion/round2/registry.jsonl | A4/expansion/round5/registry.jsonl","A4/expansion/expansion-triage.jsonl"
"288","arxiv:1903.03698","3","HIGH","A8","Skew-Fit: State-Covering Self-Supervised Reinforcement Learning","arxiv:1903.03698","Autonomous agents that must exhibit flexible and broad capabilities will need to be equipped with large repertoires of skills. Defining each skill with a manually-designed reward function limits this repertoire and imposes a manual engineering burden. Self-supervised agents that set their own goals can automate this process, but designing appropriate goal setting objectives can be difficult, and often involves heuristic design decisions. In this paper, we propose a formal exploration objective for goal-reaching policies that maximizes state coverage. We show that this objective is equivalent to maximizing goal reaching performance together with the entropy of the goal distribution, where goals correspond to full state observations. To instantiate this principle, we present an algorithm called Skew-Fit for learning a maximum-entropy goal distributions. We prove that, under regularity conditions, Skew-Fit converges to a uniform distribution over the set of valid states, even when we do not know this set beforehand. Our experiments show that combining Skew-Fit for learning goal distributions with existing goal-reaching methods outperforms a variety of prior methods on open-sourced visual goal-reaching tasks. Moreover, we demonstrate that Skew-Fit enables a real-world robot to learn to open a door, entirely from scratch, from pixels, and without any manually-designed reward function.","high","A8","1","A8=high","A8=A generative density model is skewed toward low-density states so the agent repeatedly expands its state-space coverage.","A8=It gives a direct novelty-driven collection rule for filling underrepresented regions.","A8=true","expansion_round_2","","","arxiv:1903.03698 | paperid:1672300590211320900","","","","","","","A8","false","false","false","false","A8/work/expansion-round2-novel.jsonl","A8/work/expansion-round2-triage.jsonl"
"301","arxiv:1905.02780","3","HIGH","A3","Uncertainty-Aware Data Aggregation for Deep Imitation Learning","arxiv:1905.02780","Estimating statistical uncertainties allows autonomous agents to communicate their confidence during task execution and is important for applications in safety-critical domains such as autonomous driving. In this work, we present the uncertainty-aware imitation learning (UAIL) algorithm for improving end-to-end control systems via data aggregation. UAIL applies Monte Carlo Dropout to estimate uncertainty in the control output of end-to-end systems, using states where it is uncertain to selectively acquire new training data. In contrast to prior data aggregation algorithms that force human expe","high","A3","1","A3=high","A3=Monte Carlo dropout identifies uncertain control states and selectively acquires corrective demonstrations.","A3=It links uncertainty estimation to deciding what the robot should collect next.","A3=true","expansion_round_1","Yuchen Cui | David Isele | Scott Niekum | Kikuo Fujimura","2019","arxiv:1905.02780","","paper:1748253429801098325","cs.LG | cs.RO | stat.ML","15","firecrawl research related-papers","general","A3","false","false","false","false","A3/expansion-evidence-index.json | A3/expansion-registry.json | A3/paper-registry.json | A5/canonical-pool.jsonl | A5/paper-registry.json","A3/expansion-triage.jsonl"
"314","arxiv:1906.05862","3","HIGH","A2","Sub-policy Adaptation for Hierarchical Reinforcement Learning","arxiv:1906.05862","Hierarchical reinforcement learning is a promising approach to tackle long-horizon decision-making problems with sparse rewards. Unfortunately, most methods still decouple the lower-level skill acquisition process and the training of a higher level that controls the skills in a new task. Leaving the skills fixed can lead to significant sub-optimality in the transfer setting. In this work, we propose a novel algorithm to discover a set of skills, and continuously adapt them along with the higher level even when training on a new task. Our main contributions are two-fold. First, we derive a new hierarchical policy gradient with an unbiased latent-dependent baseline, and we introduce Hierarchical Proximal Policy Optimization (HiPPO), an on-policy method to efficiently train all levels of the hierarchy jointly. Second, we propose a method for training time-abstractions that improves the robustness of the obtained skills to environment changes. Code and results are available at sites.google.com/view/hippo-rl","high","A2","1","A2=high","A2=Encodes or selects compact trajectory segments or latent plans so sequential experience can be retrieved, recombined, or reused.","A2=The mechanism connects temporal structure to data selection or learning efficiency in the Program A loop.","A2=true","expansion_round_1","","2019","arxiv:1906.05862","","","","","","","A2","false","false","false","false","A2/expansion-pool.json | A2/expansion-pool.jsonl","A2/expansion-triage.jsonl"
"327","arxiv:1907.09021","3","HIGH","A1","TARN: Temporal Attentive Relation Network for Few-Shot and Zero-Shot Action Recognition","arxiv:1907.09021","In this paper we propose a novel Temporal Attentive Relation Network (TARN) for the problems of few-shot and zero-shot action recognition. At the heart of our network is a meta-learning approach that learns to compare representations of variable temporal length, that is, either two videos of different length (in the case of few-shot action recognition) or a video and a semantic representation such as word vector (in the case of zero-shot action recognition). By contrast to other works in few-shot and zero-shot action recognition, we a) utilise attention mechanisms so as to perform temporal alignment, and b) learn a deep-distance measure on the aligned representations at video segment level. We adopt an episode-based training scheme and train our network in an end-to-end manner. The proposed method does not require any fine-tuning in the target domain or maintaining additional representations as is the case of memory networks. Experimental results show that the proposed architecture outperforms the state of the art in few-shot action recognition, and achieves competitive results in zero-shot action recognition.","high","A1","1","A1=high","A1=The paper develops or evaluates a temporal correspondence, synchronization, delay, or sequence-representation mechanism for TARN: Temporal Attentive Relation Network for Few-Shot and Zero-Shot Action Recognition.","A1=Its mechanism is a plausible transfer to multimodal robot experience, action-observation alignment, or temporally aware policy training.","A1=true","expansion_round_3","","","arxiv:1907.09021","arxiv:1907.09021","3594545401278342612","","","related-papers-round3","","A1","false","false","false","false","A1/expansion-round3-registry.json | A1/paper-registry-complete.json","A1/expansion-round3-triage.jsonl"
"340","arxiv:1910.00775","3","HIGH","A2","Variational Temporal Abstraction","arxiv:1910.00775","We introduce a variational approach to learning and inference of temporally hierarchical structure and representation for sequential data. We propose the Variational Temporal Abstraction (VTA), a hierarchical recurrent state space model that can infer the latent temporal structure and thus perform the stochastic state transition hierarchically. We also propose to apply this model to implement the jumpy-imagination ability in imagination-augmented agent-learning in order to improve the efficiency of the imagination. In experiments, we demonstrate that our proposed method can model 2D and 3D visual sequence datasets with interpretable temporal structure discovery and that its application to jumpy imagination enables more efficient agent-learning in a 3D navigation task.","high","A2","1","A2=high","A2=Uses temporally extended actions, keyposes, or learned macro-actions to expose multi-step structure while retaining feedback or planning control.","A2=The mechanism can turn long robot experience into reusable training units, skill memories, or better-conditioned policy targets.","A2=true","expansion_round_1","","1910","arxiv:1910.00775","arxiv:1910.00775","6139120720604269269","","sequence-to-sequence temporal abstraction plan recognition robotics","search-papers","true","A2","false","false","false","false","A2/canonical-pool.json | A2/canonical-pool.jsonl | A2/expansion-pool.json | A2/expansion-pool.jsonl | A2/raw/q37-seq2seq.json","A2/expansion-triage.jsonl"
"353","arxiv:1912.04443","3","HIGH","A1","AVID: Learning Multi-Stage Tasks via Pixel-Level Translation of Human Videos","arxiv:1912.04443","Robotic reinforcement learning (RL) holds the promise of enabling robots to learn complex behaviors through experience. However, realizing this promise for long-horizon tasks in the real world requires mechanisms to reduce human burden in terms of defining the task and scaffolding the learning process. In this paper, we study how these challenges can be alleviated with an automated robotic learning framework, in which multi-stage tasks are defined simply by providing videos of a human demonstrator and then learned autonomously by the robot from raw image observations. A central challenge in imitating human videos is the difference in appearance between the human and robot, which typically requires manual correspondence. We instead take an automated approach and perform pixel-level image translation via CycleGAN to convert the human demonstration into a video of a robot, which can then be used to construct a reward function for a model-based RL algorithm. The robot then learns the task one stage at a time, automatically learning how to reset each stage to retry it multiple times without human-provided resets. This makes the learning process largely automatic, from intuitive task specification via a video to automated training with minimal human intervention. We demonstrate that our approach is capable of learning complex tasks, such as operating a coffee machine, directly from raw image observations, requiring only 20 minutes to provide human demonstrations and about 180 minutes of robot interaction.","high","A1","1","A1=high","A1=The paper develops or evaluates a temporal correspondence, synchronization, delay, or sequence-representation mechanism for AVID: Learning Multi-Stage Tasks via Pixel-Level Translation of Human Videos.","A1=Its mechanism is a plausible transfer to multimodal robot experience, action-observation alignment, or temporally aware policy training.","A1=true","expansion_round_1","","","arxiv:1912.04443","arxiv:1912.04443","2729250871240918155","","","related-references","","A1","false","false","false","false","A1/expansion-registry.json | A1/expansion-round3-registry.json | A1/paper-registry-complete.json","A1/expansion-triage.jsonl"
"366","arxiv:2003.02692","3","HIGH","A1","Self-Supervised Visual Learning by Variable Playback Speeds Prediction of a Video","arxiv:2003.02692","We propose a self-supervised visual learning method by predicting the variable playback speeds of a video. Without semantic labels, we learn the spatio-temporal visual representation of the video by leveraging the variations in the visual appearance according to different playback speeds under the assumption of temporal coherence. To learn the spatio-temporal visual variations in the entire video, we have not only predicted a single playback speed but also generated clips of various playback speeds and directions with randomized starting points. Hence the visual representation can be successfully learned from the meta information (playback speeds and directions) of the video. We also propose a new layer dependable temporal group normalization method that can be applied to 3D convolutional networks to improve the representation learning performance where we divide the temporal features into several groups and normalize each one using the different corresponding parameters. We validate the effectiveness of our method by fine-tuning it to the action recognition and video retrieval tasks on UCF-101 and HMDB-51.","high","A1","1","A1=high","A1=The paper develops or evaluates a temporal correspondence, synchronization, delay, or sequence-representation mechanism for Self-Supervised Visual Learning by Variable Playback Speeds Prediction of a Video.","A1=Its mechanism is a plausible transfer to multimodal robot experience, action-observation alignment, or temporally aware policy training.","A1=true","expansion_round_1","","","arxiv:2003.02692","arxiv:2003.02692","375130457246937923","","","related-similar","","A1","false","false","false","false","A1/expansion-registry.json | A1/paper-registry-complete.json","A1/expansion-triage.jsonl"
"379","arxiv:2005.03210","3","MEDIUM","A3","Shared Autonomy with Learned Latent Actions","arxiv:2005.03210","Assistive robots enable people with disabilities to conduct everyday tasks on their own. However, these tasks can be complex, containing both coarse reaching motions and fine-grained manipulation. For example, when eating, not only does one need to move to the correct food item, but they must also precisely manipulate the food in different ways (e.g., cutting, stabbing, scooping). Shared autonomy methods make robot teleoperation safer and more precise by arbitrating user inputs with robot controls. However, these works have focused mainly on the high-level task of reaching a goal from a discre","medium","A3","1","A3=medium","A3=The paper develops or evaluates Shared Autonomy with Learned Latent Actions, offering an adjacent mechanism for robot learning or data collection.","A3=The result may transfer to A3 quality estimation or harmful-data handling, but direct relevance is uncertain.","A3=false","expansion_round_3","","2020","arxiv:2005.03210","","","","","firecrawl research related-papers","","A3","false","false","false","false","A3/paper-registry.json | A3/round3-registry.json","A3/round3-triage.jsonl"
"392","arxiv:2007.05929","3","HIGH","A8","Data-Efficient Reinforcement Learning with Self-Predictive Representations","arxiv:2007.05929","While deep reinforcement learning excels at solving tasks where large amounts of data can be collected through virtually unlimited interaction with the environment, learning from limited interaction remains a key challenge. We posit that an agent can learn more efficiently if we augment reward maximization with self-supervised objectives based on structure in its visual input and sequential interaction with the environment. Our method, Self-Predictive Representations(SPR), trains an agent to predict its own latent state representations multiple steps into the future. We compute target representations for future states using an encoder which is an exponential moving average of the agent's parameters and we make predictions using a learned transition model. On its own, this future prediction objective outperforms prior methods for sample-efficient deep RL from pixels. We further improve performance by adding data augmentation to the future prediction loss, which forces the agent's representations to be consistent across multiple views of an observation. Our full self-supervised objective, which combines future prediction and data augmentation, achieves a median human-normalized score of 0.415 on Atari in a setting limited to 100k steps of environment interaction, which represents a 55% relative improvement over the previous state-of-the-art. Notably, even in this limited data regime, SPR exceeds expert human scores on 7 out of 26 games. The code associated with this work is available at https://github.com/mila-iqia/spr","high","A8","1","A8=high","A8=Self-predictive representations forecast future latent states and improve sample-efficient reinforcement learning.","A8=Predictive representation quality can score whether collected transitions encode useful dynamics.","A8=true","expansion_round_3","","","arxiv:2007.05929 | paperid:7629806434285632367","","","","","","","A8","false","false","false","false","A8/work/expansion-round3-novel.jsonl","A8/work/expansion-round3-triage.jsonl"
"405","arxiv:2010.03133","3","HIGH","A2","Provable Hierarchical Imitation Learning via EM","arxiv:2010.03133","Due to recent empirical successes, the options framework for hierarchical reinforcement learning is gaining increasing popularity. Rather than learning from rewards which suffers from the curse of dimensionality, we consider learning an options-type hierarchical policy from expert demonstrations. Such a problem is referred to as hierarchical imitation learning. Converting this problem to parameter inference in a latent variable model, we theoretically characterize the EM approach proposed by Daniel et al. (2016). The population level algorithm is analyzed as an intermediate step, which is nontrivial due to the samples being correlated. If the expert policy can be parameterized by a variant of the options framework, then under regularity conditions, we prove that the proposed algorithm converges with high probability to a norm ball around the true parameter. To our knowledge, this is the first performance guarantee for an hierarchical imitation learning algorithm that only observes primitive state-action pairs.","high","A2","1","A2=high","A2=Encodes or selects compact trajectory segments or latent plans so sequential experience can be retrieved, recombined, or reused.","A2=The mechanism can turn long robot experience into reusable training units, skill memories, or better-conditioned policy targets.","A2=true","expansion_round_1","","2020","arxiv:2010.03133","","","","","","","A2","false","false","false","false","A2/expansion-pool.json | A2/expansion-pool.jsonl","A2/expansion-triage.jsonl"
"418","arxiv:2010.11944","3","HIGH","A2","Accelerating Reinforcement Learning with Learned Skill Priors","arxiv:2010.11944","Intelligent agents rely heavily on prior experience when learning a new task, yet most modern reinforcement learning (RL) approaches learn every task from scratch. One approach for leveraging prior knowledge is to transfer skills learned on prior tasks to the new task. However, as the amount of prior experience increases, the number of transferable skills grows too, making it challenging to explore the full set of available skills during downstream learning. Yet, intuitively, not all skills should be explored with equal probability; for example information about the current state can hint which skills are promising to explore. In this work, we propose to implement this intuition by learning a prior over skills. We propose a deep latent variable model that jointly learns an embedding space of skills and the skill prior from offline agent experience. We then extend common maximum-entropy RL approaches to use skill priors to guide downstream learning. We validate our approach, SPiRL (Skill-Prior RL), on complex navigation and robotic manipulation tasks and show that learned skill priors are essential for effective skill transfer from rich datasets. Videos and code are available at https://clvrai.com/spirl.","high","A2","1","A2=high","A2=Encodes or selects compact trajectory segments or latent plans so sequential experience can be retrieved, recombined, or reused.","A2=The mechanism can turn long robot experience into reusable training units, skill memories, or better-conditioned policy targets.","A2=true","expansion_round_1","","2020","arxiv:2010.11944","","","","","","","A2","false","false","false","false","A2/expansion-pool.json | A2/expansion-pool.jsonl","A2/expansion-triage.jsonl"
"431","arxiv:2012.06733","3","HIGH","A3 | A4 | A6 | A8","Human-in-the-Loop Imitation Learning using Remote Teleoperation","arxiv:2012.06733","Imitation Learning is a promising paradigm for learning complex robot manipulation skills by reproducing behavior from human demonstrations. However, manipulation tasks often contain bottleneck regions that require a sequence of precise actions to make meaningful progress, such as a robot inserting a pod into a coffee machine to make coffee. Trained policies can fail in these regions because small deviations in actions can lead the policy into states not covered by the demonstrations. Intervention-based policy learning is an alternative that can address this issue -- it allows human operators to monitor trained policies and take over control when they encounter failures. In this paper, we build a data collection system tailored to 6-DoF manipulation settings, that enables remote human operators to monitor and intervene on trained policies. We develop a simple and effective algorithm to train the policy iteratively on new data collected by the system that encourages the policy to learn how to traverse bottlenecks through the interventions. We demonstrate that agents trained on data collected by our intervention-based system and algorithm outperform agents trained on an equivalent number of samples collected by non-interventional demonstrators, and further show that our method outperforms multiple state-of-the-art baselines for learning from the human interventions on a challenging robot threading task and a coffee making task. Additional results and videos at https://sites.google.com/stanford.edu/iwr .","high","A3 | A4 | A6 | A8","4","A3=high | A4=medium | A6=high | A8=high","A3=The paper develops or evaluates Human-in-the-Loop Imitation Learning using Remote Teleoperation, offering a mechanism related to failure detection, correction, attribution, or robot-data use. | A4=Connects trajectory or demonstration choice to downstream policy learning, behavior, or offline-RL utility. | A6=Uses failure, recovery, retry, correction, or intervention data to return execution to a viable state or learn corrective behavior. | A8=Remote teleoperation supplies corrective demonstrations on learner-visited states and aggregates them for continual policy improvement.","A3=The mechanism is plausibly transferable to the Program A experience-to-policy loop and merits follow-up. | A4=It is directly or plausibly transferable to selecting robot experience for policy learning. | A6=Shows how imperfect experience can teach robust retry and recovery behavior instead of being discarded. | A8=It is a practical human-in-the-loop collection mechanism for fleet states where autonomy is uncertain or failing.","A3=true | A4=true | A6=true | A8=true","expansion_round_1 | expansion_round_2 | expansion_round_3 | primary_assignment","Ajay Mandlekar, Danfei Xu, Roberto MartÃ­n-MartÃ­n, Yuke Zhu, Li Fei-Fei, Silvio Savarese","2020","arxiv:2012.06733 | paper:646370602949243623 | paperid:646370602949243623","arxiv:2012.06733","646370602949243623","cs.AI | cs.LG | cs.RO","q03-direct-partial-success | q04-direct-failure-aware-data | q29-found-corrections | q35-found-learn-failures","firecrawl research related-papers | related-papers","","A3 | A6","true","true","false","true","A3/paper-registry.json | A3/round3-registry.json | A4/expansion/round3/registry.jsonl | A6/expansion/canonical-pool.jsonl | A6/raw-retrieval/q03-direct-partial-success.json | A6/raw-retrieval/q04-direct-failure-aware-data.json | A6/raw-retrieval/q29-found-corrections.json | A6/raw-retrieval/q35-found-learn-failures.json | A6/registry-assignment.jsonl | A6/work/assigned-registry-inspected.jsonl | A6/work/assigned-registry-preinspect.jsonl | A6/work/canonical-pool.jsonl | A6/work/evidence-index.jsonl | A8/work/expansion-round2-novel.jsonl","A3/round3-triage.jsonl | A4/expansion/all-new-expansion-triage.jsonl | A6/triage.jsonl | A8/work/expansion-round2-triage.jsonl"
"444","arxiv:2102.11271","3","MEDIUM","A8","Reinforcement Learning with Prototypical Representations","arxiv:2102.11271","Learning effective representations in image-based environments is crucial for sample efficient Reinforcement Learning (RL). Unfortunately, in RL, representation learning is confounded with the exploratory experience of the agent -- learning a useful representation requires diverse data, while effective exploration is only possible with coherent representations. Furthermore, we would like to learn representations that not only generalize across tasks but also accelerate downstream exploration for efficient task-specific training. To address these challenges we propose Proto-RL, a self-supervised framework that ties representation learning with exploration through prototypical representations. These prototypes simultaneously serve as a summarization of the exploratory experience of an agent as well as a basis for representing observations. We pre-train these task-agnostic representations and prototypes on environments without downstream task information. This enables state-of-the-art downstream policy learning on a set of difficult continuous control tasks.","medium","A8","1","A8=medium","A8=Prototypes summarize state representations and shape exploration or value learning around distances to representative behavioral states.","A8=Prototype coverage can provide a compact similarity and novelty index for fleet experience, though active collection is indirect.","A8=true","expansion_round_2","","","arxiv:2102.11271 | paperid:2069201991001739392","","","","","","","A8","false","false","false","false","A8/work/expansion-round2-novel.jsonl","A8/work/expansion-round2-triage.jsonl | A8/work/expansion-round3-triage.jsonl"
"457","arxiv:2103.17098","3","HIGH","A6","Ergodic imitation: Learning from what to do and what not to do","arxiv:2103.17098","With growing access to versatile robotics, it is beneficial for end users to be able to teach robots tasks without needing to code a control policy. One possibility is to teach the robot through successful task executions. However, near-optimal demonstrations of a task can be difficult to provide and even successful demonstrations can fail to capture task aspects key to robust skill replication. Here, we propose a learning from demonstration (LfD) approach that enables learning of robust task definitions without the need for near-optimal demonstrations. We present a novel algorithmic framework for learning tasks based on the ergodic metric -- a measure of information content in motion. Moreover, we make use of negative demonstrations -- demonstrations of what not to do -- and show that they can help compensate for imperfect demonstrations, reduce the number of demonstrations needed, and highlight crucial task elements improving robot performance. In a proof-of-concept example of cart-pole inversion, we show that negative demonstrations alone can be sufficient to successfully learn and recreate a skill. Through a human subject study with 24 participants, we show that consistently more information about a task can be captured from combined positive and negative (posneg) demonstrations than from the same amount of just positive demonstrations. Finally, we demonstrate our learning approach on simulated tasks of target reaching and table cleaning with a 7-DoF Franka arm. Our results point towards a future with robust, data-efficient LfD for novice users.","high","A6","1","A6=high","A6=Uses failure, recovery, retry, correction, or intervention data to return execution to a viable state or learn corrective behavior.","A6=Shows how imperfect experience can teach robust retry and recovery behavior instead of being discarded.","A6=true","primary_assignment","Aleksandra Kalinowska, Ahalya Prabhakar, Kathleen Fitzsimons, Todd Murphey","2021","arxiv:2103.17098","arxiv:2103.17098","8859998198916315850","cs.RO","q02-direct-imperfect-demo | q03-direct-partial-success | q05-syn-suboptimal-demo | q08-syn-negative-demo | q17-failure-negative-visuomotor | q25-found-failures | q30-recent-fail-recovery | q35-found-learn-failures","search-papers","general","A6","true","true","false","false","A3/paper-registry.json | A3/raw/q19-foundational-il.txt | A5/canonical-pool.jsonl | A5/paper-registry.json | A5/raw/q03-direct-hard.json | A6/raw-retrieval/q02-direct-imperfect-demo.json | A6/raw-retrieval/q03-direct-partial-success.json | A6/raw-retrieval/q05-syn-suboptimal-demo.json | A6/raw-retrieval/q08-syn-negative-demo.json | A6/raw-retrieval/q17-failure-negative-visuomotor.json | A6/raw-retrieval/q25-found-failures.json | A6/raw-retrieval/q30-recent-fail-recovery.json | A6/raw-retrieval/q35-found-learn-failures.json | A6/registry-assignment.jsonl | A6/work/assigned-registry-inspected.jsonl | A6/work/assigned-registry-preinspect.jsonl | A6/work/canonical-pool.jsonl | A6/work/evidence-index.jsonl","A6/triage.jsonl"
"470","arxiv:2106.05091","3","HIGH","A6","PEBBLE: Feedback-Efficient Interactive Reinforcement Learning via Relabeling Experience and Unsupervised Pre-training","arxiv:2106.05091","Conveying complex objectives to reinforcement learning (RL) agents can often be difficult, involving meticulous design of reward functions that are sufficiently informative yet easy enough to provide. Human-in-the-loop RL methods allow practitioners to instead interactively teach agents through tailored feedback; however, such approaches have been challenging to scale since human feedback is very expensive. In this work, we aim to make this process more sample- and feedback-efficient. We present an off-policy, interactive RL algorithm that capitalizes on the strengths of both feedback and off-policy learning. Specifically, we learn a reward model by actively querying a teacher's preferences between two clips of behavior and use it to train an agent. To enable off-policy learning, we relabel all the agent's past experience when its reward model changes. We additionally show that pre-training our agents with unsupervised exploration substantially increases the mileage of its queries. We demonstrate that our approach is capable of learning tasks of higher complexity than previously considered by human-in-the-loop methods, including a variety of locomotion and robotic manipulation skills. We also show that our method is able to utilize real-time human feedback to effectively prevent reward exploitation and learn new behaviors that are difficult to specify with standard reward functions.","high","A6","1","A6=high","A6=Uses value or reward inference, offline reinforcement learning, or advantage signals to extract task-relevant behavior from heterogeneous trajectories.","A6=Connects trajectory outcomes to policy improvement rather than copying actions independently of consequences.","A6=true","expansion_round_1","","","arxiv:2106.05091","arxiv:2106.05091","3069230523547814147","","","related-papers","","A6","false","false","false","false","A6/expansion/canonical-pool.jsonl","A6/expansion/triage.jsonl"
"483","arxiv:2107.09650","3","MEDIUM","A3","Learning to Share Autonomy Across Repeated Interaction","arxiv:2107.09650","Wheelchair-mounted robotic arms (and other assistive robots) should help their users perform everyday tasks. One way robots can provide this assistance is shared autonomy. Within shared autonomy, both the human and robot maintain control over the robot's motion: as the robot becomes confident it understands what the human wants, it increasingly intervenes to automate the task. But how does the robot know what tasks the human may want to perform in the first place? Today's shared autonomy approaches often rely on prior knowledge: for example, the robot must know the set of possible human goals","medium","A3","1","A3=medium","A3=The paper develops or evaluates Learning to Share Autonomy Across Repeated Interaction, offering an adjacent mechanism for robot learning or data collection.","A3=The result may transfer to A3 quality estimation or harmful-data handling, but direct relevance is uncertain.","A3=false","expansion_round_3","","2021","arxiv:2107.09650","","","","","firecrawl research related-papers","","A3","false","false","false","false","A3/paper-registry.json | A3/round3-registry.json","A3/round3-triage.jsonl"
"496","arxiv:2108.10470","3","MEDIUM","A4","Isaac Gym: High Performance GPU-Based Physics Simulation For Robot Learning","arxiv:2108.10470","Isaac Gym offers a high performance learning platform to train policies for wide variety of robotics tasks directly on GPU. Both physics simulation and the neural network policy training reside on GPU and communicate by directly passing data from physics buffers to PyTorch tensors without ever going through any CPU bottlenecks. This leads to blazing fast training times for complex robotics tasks on a single GPU with 2-3 orders of magnitude improvements compared to conventional RL training that uses a CPU based simulator and GPU for neural networks. We host the results and videos at https://sites.google.com/view/isaacgym-nvidia and isaac gym can be downloaded at https://developer.nvidia.com/isaac-gym.","medium","A4","1","A4=medium","A4=Connects trajectory or demonstration choice to downstream policy learning, behavior, or offline-RL utility.","A4=It is directly or plausibly transferable to selecting robot experience for policy learning.","A4=false","expansion_round_1","","","arxiv:2108.10470 | paper:1694198471617924162","","","","","","","A4","false","false","false","false","A4/expansion/round4/registry.jsonl","A4/expansion/all-new-expansion-triage.jsonl"
"509","arxiv:2109.13841","3","HIGH","A2","Bottom-Up Skill Discovery from Unsegmented Demonstrations for Long-Horizon Robot Manipulation","arxiv:2109.13841","We tackle real-world long-horizon robot manipulation tasks through skill discovery. We present a bottom-up approach to learning a library of reusable skills from unsegmented demonstrations and use these skills to synthesize prolonged robot behaviors. Our method starts with constructing a hierarchical task structure from each demonstration through agglomerative clustering. From the task structures of multi-task demonstrations, we identify skills based on the recurring patterns and train goal-conditioned sensorimotor policies with hierarchical imitation learning. Finally, we train a meta controller to compose these skills to solve long-horizon manipulation tasks. The entire model can be trained on a small set of human demonstrations collected within 30 minutes without further annotations, making it amendable to real-world deployment. We systematically evaluated our method in simulation environments and on a real robot. Our method has shown superior performance over state-of-the-art imitation learning methods in multi-stage manipulation tasks. Furthermore, skills discovered from multi-task demonstrations boost the average task success by 8% compared to those discovered from individual tasks.","high","A2","1","A2=high","A2=Finds event, phase, or subtask boundaries by modeling temporal changes in observations, dynamics, language, or latent sequence variables.","A2=The mechanism can turn long robot experience into reusable training units, skill memories, or better-conditioned policy targets.","A2=true","expansion_round_1","","2021","arxiv:2109.13841","arxiv:2109.13841","249789132978283162","","2024 2025 robot manipulation trajectory segmentation skill discovery | sub-trajectory discovery useful subsequences sequential decision making robotics","search-papers","false","A2","false","false","false","false","A2/canonical-pool.json | A2/canonical-pool.jsonl | A2/expansion-pool.json | A2/expansion-pool.jsonl | A2/raw/q06-synonyms.json | A2/raw/q39-2024-2025-segmentation.json | A6/raw-retrieval/q02-direct-imperfect-demo.json | A6/work/canonical-pool.jsonl","A2/expansion-triage.jsonl"
"522","arxiv:2110.12358","3","HIGH","A1","A Closer Look at Few-Shot Video Classification: A New Baseline and Benchmark","arxiv:2110.12358","The existing few-shot video classification methods often employ a meta-learning paradigm by designing customized temporal alignment module for similarity calculation. While significant progress has been made, these methods fail to focus on learning effective representations, and heavily rely on the ImageNet pre-training, which might be unreasonable for the few-shot recognition setting due to semantics overlap. In this paper, we aim to present an in-depth study on few-shot video classification by making three contributions. First, we perform a consistent comparative study on the existing metric-based methods to figure out their limitations in representation learning. Accordingly, we propose a simple classifier-based baseline without any temporal alignment that surprisingly outperforms the state-of-the-art meta-learning based methods. Second, we discover that there is a high correlation between the novel action class and the ImageNet object class, which is problematic in the few-shot recognition setting. Our results show that the performance of training from scratch drops significantly, which implies that the existing benchmarks cannot provide enough base data. Finally, we present a new benchmark with more base data to facilitate future few-shot video classification without pre-training. The code will be made available at https://github.com/MCG-NJU/FSL-Video.","high","A1","1","A1=high","A1=The paper develops or evaluates a temporal correspondence, synchronization, delay, or sequence-representation mechanism for A Closer Look at Few-Shot Video Classification: A New Baseline and Benchmark.","A1=Its mechanism is a plausible transfer to multimodal robot experience, action-observation alignment, or temporally aware policy training.","A1=true","expansion_round_3","","","arxiv:2110.12358","arxiv:2110.12358","5393968608217819054","","","related-papers-round3","","A1","false","false","false","false","A1/expansion-round3-registry.json | A1/paper-registry-complete.json","A1/expansion-round3-triage.jsonl"
"535","arxiv:2112.03227","3","MEDIUM","A4 | A5","CALVIN: A Benchmark for Language-Conditioned Policy Learning for Long-Horizon Robot Manipulation Tasks","arxiv:2112.03227","General-purpose robots coexisting with humans in their environment must learn to relate human language to their perceptions and actions to be useful in a range of daily tasks. Moreover, they need to acquire a diverse repertoire of general-purpose skills that allow composing long-horizon tasks by following unconstrained language instructions. In this paper, we present CALVIN (Composing Actions from Language and Vision), an open-source simulated benchmark to learn long-horizon language-conditioned tasks. Our aim is to make it possible to develop agents that can solve many robotic manipulation tasks over a long horizon, from onboard sensors, and specified only via human language. CALVIN tasks are more complex in terms of sequence length, action space, and language than existing vision-and-language task datasets and supports flexible specification of sensor suites. We evaluate the agents in zero-shot to novel language instructions and to novel environments and objects. We show that a baseline model based on multi-context imitation learning performs poorly on CALVIN, suggesting that there is significant room for developing innovative agents that learn to relate human language to their world models with this benchmark.","medium","A4 | A5","2","A4=medium | A5=medium","A4=Connects trajectory or demonstration choice to downstream policy learning, behavior, or offline-RL utility. | A5=General-purpose robots coexisting with humans in their environment must learn to relate human language to their perceptions and actions to be useful in a range of daily tasks.","A4=It is directly or plausibly transferable to selecting robot experience for policy learning. | A5=The expansion tests whether this curriculum mechanism adds a reusable way to control which robot experience influences policy training.","A4=true | A5=true","expansion_round_1","","","arxiv:2112.03227 | paper:7608722997349453291","arxiv:2112.03227","7608722997349453291","","","","","A4 | A5","false","false","false","false","A4/expansion/round3/registry.jsonl | A4/expansion/round4/registry.jsonl | A5/expansion/inspection-manifest.json | A5/expansion/raw/round1-references.json | A5/expansion/raw/round2-similar.json | A5/expansion/raw/round3-similar.json | A5/expansion/read-manifest.json","A4/expansion/all-new-expansion-triage.jsonl | A5/expansion/round1-triage.jsonl"
"548","arxiv:2201.13372","3","MEDIUM","A3","Robust supervised learning with coordinate gradient descent","arxiv:2201.13372","This paper considers the problem of supervised learning with linear methods when both features and labels can be corrupted, either in the form of heavy tailed data and/or corrupted rows. We introduce a combination of coordinate gradient descent as a learning algorithm together with robust estimators of the partial derivatives. This leads to robust statistical learning methods that have a numerical complexity nearly identical to non-robust ones based on empirical risk minimization. The main idea is simple: while robust learning with gradient descent requires the computational cost of robustly e","medium","A3","1","A3=medium","A3=The paper develops or evaluates Robust supervised learning with coordinate gradient descent, providing an adjacent mechanism for robust learning, attribution, evaluation, or data selection.","A3=It may transfer to robot experience curation or training intelligence, but its direct relevance requires verification.","A3=false","expansion_round_1","","2022","arxiv:2201.13372","","","","","firecrawl research related-papers","","A3","false","false","false","false","A3/expansion-registry.json | A3/paper-registry.json","A3/expansion-triage.jsonl"
"561","arxiv:2203.12601","3","HIGH","A8","R3M: A Universal Visual Representation for Robot Manipulation","arxiv:2203.12601","We study how visual representations pre-trained on diverse human video data can enable data-efficient learning of downstream robotic manipulation tasks. Concretely, we pre-train a visual representation using the Ego4D human video dataset using a combination of time-contrastive learning, video-language alignment, and an L1 penalty to encourage sparse and compact representations. The resulting representation, R3M, can be used as a frozen perception module for downstream policy learning. Across a suite of 12 simulated robot manipulation tasks, we find that R3M improves task success by over 20% compared to training from scratch and by over 10% compared to state-of-the-art visual representations like CLIP and MoCo. Furthermore, R3M enables a Franka Emika Panda arm to learn a range of manipulation tasks in a real, cluttered apartment given just 20 demonstrations. Code and pre-trained models are available at https://tinyurl.com/robotr3m.","high","A8","1","A8=high","A8=Self-supervised video pretraining learns visual representations from human activity videos and transfers them to robot manipulation tasks.","A8=It provides a strong representation-quality baseline for measuring whether collected data encode transferable manipulation structure.","A8=true","expansion_round_2","","","arxiv:2203.12601 | paperid:7623018724325131746","","","","","","","A8","false","false","false","false","A8/work/expansion-round2-novel.jsonl","A8/work/expansion-round2-triage.jsonl"
"574","arxiv:2204.13423","3","HIGH","A1","Hybrid Relation Guided Set Matching for Few-shot Action Recognition","arxiv:2204.13423","Current few-shot action recognition methods reach impressive performance by learning discriminative features for each video via episodic training and designing various temporal alignment strategies. Nevertheless, they are limited in that (a) learning individual features without considering the entire task may lose the most relevant information in the current episode, and (b) these alignment strategies may fail in misaligned instances. To overcome the two limitations, we propose a novel Hybrid Relation guided Set Matching (HyRSM) approach that incorporates two key components: hybrid relation module and set matching metric. The purpose of the hybrid relation module is to learn task-specific embeddings by fully exploiting associated relations within and cross videos in an episode. Built upon the task-specific features, we reformulate distance measure between query and support videos as a set matching problem and further design a bidirectional Mean Hausdorff Metric to improve the resilience to misaligned instances. By this means, the proposed HyRSM can be highly informative and flexible to predict query categories under the few-shot settings. We evaluate HyRSM on six challenging benchmarks, and the experimental results show its superiority over the state-of-the-art methods by a convincing margin. Project page: https://hyrsm-cvpr2022.github.io/.","high","A1","1","A1=high","A1=The paper develops or evaluates a temporal correspondence, synchronization, delay, or sequence-representation mechanism for Hybrid Relation Guided Set Matching for Few-shot Action Recognition.","A1=Its mechanism is a plausible transfer to multimodal robot experience, action-observation alignment, or temporally aware policy training.","A1=true","expansion_round_3","","","arxiv:2204.13423","arxiv:2204.13423","8679237001429107828","","","related-papers-round3","","A1","false","false","false","false","A1/expansion-round3-registry.json | A1/paper-registry-complete.json","A1/expansion-round3-triage.jsonl"
"587","arxiv:2206.03597","3","HIGH","A2","Meta-Learning Parameterized Skills","arxiv:2206.03597","We propose a novel parameterized skill-learning algorithm that aims to learn transferable parameterized skills and synthesize them into a new action space that supports efficient learning in long-horizon tasks. We propose to leverage off-policy Meta-RL combined with a trajectory-centric smoothness term to learn a set of parameterized skills. Our agent can use these learned skills to construct a three-level hierarchical framework that models a Temporally-extended Parameterized Action Markov Decision Process. We empirically demonstrate that the proposed algorithms enable an agent to solve a set of difficult long-horizon (obstacle-course and robot manipulation) tasks.","high","A2","1","A2=high","A2=Discovers reusable temporal structure in sequential experience for downstream decision making or policy learning.","A2=The mechanism can turn long robot experience into reusable training units, skill memories, or better-conditioned policy targets.","A2=true","expansion_round_1","","2022","arxiv:2206.03597","","","","","","","A2","false","false","false","false","A2/expansion-pool.json | A2/expansion-pool.jsonl","A2/expansion-triage.jsonl"
"600","arxiv:2208.00478","3","HIGH","A5","Robot Policy Learning from Demonstration Using Advantage Weighting and Early Termination","arxiv:2208.00478","Learning robotic tasks in the real world is still highly challenging and effective practical solutions remain to be found. Traditional methods used in this area are imitation learning and reinforcement learning, but they both have limitations when applied to real robots. Combining reinforcement learning with pre-collected demonstrations is a promising approach that can help in learning control policies to solve robotic tasks. In this paper, we propose an algorithm that uses novel techniques to leverage offline expert data using offline and online training to obtain faster convergence and improved performance. The proposed algorithm (AWET) weights the critic losses with a novel agent advantage weight to improve over the expert data. In addition, AWET makes use of an automatic early termination technique to stop and discard policy rollouts that are not similar to expert trajectories -- to prevent drifting far from the expert data. In an ablation study, AWET showed improved and promising performance when compared to state-of-the-art baselines on four standard robotic tasks.","high","A5","1","A5=high","A5=The proposed algorithm (AWET) weights the critic losses with a novel agent advantage weight to improve over the expert data.","A5=It informs how contribution weights can align training with quality, advantage, density, or task importance in the robot experience-to-policy loop.","A5=true","primary_assignment","Abdalkarim Mohtasib, Gerhard Neumann, Heriberto Cuayahuitl","","arxiv:2208.00478 | paper:6436735899685906844","arxiv:2208.00478","paper:6436735899685906844","cs.LG | cs.RO","1 | 16 | 51 | 52 | 56 | 66 | 7 | 70","search-papers","general | recent","A5","false","false","false","false","A4/canonical-registry.jsonl | A4/raw/q13-harmful-demo.json | A5/assigned-papers.json | A5/canonical-pool.jsonl | A5/evidence-ledger.jsonl | A5/expansion/raw/round3-similar.json | A5/inspection-manifest.json | A5/paper-registry.json | A5/raw/q01-direct.json | A5/read-manifest.json | A6/raw-retrieval/q08-syn-negative-demo.json | A6/raw-retrieval/q16-failure-replay.json | A6/raw-retrieval/q25-found-failures.json | A6/raw-retrieval/q27-found-offline-rl.json | A6/work/canonical-pool.jsonl | A8/raw/q10-mechanism.json | A8/work/canonical-pool.jsonl","A5/assigned-abstracts.jsonl"
"613","arxiv:2210.01379","3","HIGH","A3 | A6","Extraneousness-Aware Imitation Learning","arxiv:2210.01379","Visual imitation learning provides an effective framework to learn skills from demonstrations. However, the quality of the provided demonstrations usually significantly affects the ability of an agent to acquire desired skills. Therefore, the standard visual imitation learning assumes near-optimal demonstrations, which are expensive or sometimes prohibitive to collect. Previous works propose to learn from noisy demonstrations; however, the noise is usually assumed to follow a context-independent distribution such as a uniform or gaussian distribution. In this paper, we consider another crucial yet underexplored setting -- imitation learning with task-irrelevant yet locally consistent segments in the demonstrations (e.g., wiping sweat while cutting potatoes in a cooking tutorial). We argue that such noise is common in real world data and term them ""extraneous"" segments. To tackle this problem, we introduce Extraneousness-Aware Imitation Learning (EIL), a self-supervised approach that learns visuomotor policies from third-person demonstrations with extraneous subsequences. EIL learns action-conditioned observation embeddings in a self-supervised manner and retrieves task-relevant observations across visual demonstrations while excluding the extraneous ones. Experimental results show that EIL outperforms strong baselines and achieves comparable policies to those trained with perfect demonstration on both simulated and real-world robot control tasks. The project page can be found at https://sites.google.com/view/eil-website.","high","A3 | A6","2","A3=high | A6=high","A3=Context-dependent extraneousness estimation identifies demonstration content that is irrelevant or harmful to the target task. | A6=Selects, segments, repairs, or stitches trajectory prefixes and subsequences so training emphasizes feasible and informative behavior.","A3=It relaxes simplistic independent-noise assumptions and targets nuisance behavior embedded in otherwise valid demonstrations. | A6=Provides a way to preserve useful partial progress while suppressing harmful or redundant trajectory content.","A3=true | A6=true","primary_assignment","Ray Chen Zheng, Kaizhe Hu, Zhecheng Yuan, Boyuan Chen, Huazhe Xu","2022","arxiv:2210.01379","arxiv:2210.01379","4679223243883710682","cs.AI | cs.RO","q01-direct | q06-syn-noisy-demo | q20-adj-human-activity | q20-foundational-robust","firecrawl research search-papers | related-papers","false","A3 | A6","true","true","false","false","A2/canonical-pool.json | A2/canonical-pool.jsonl | A2/raw/q03-direct.json | A2/raw/q21-bad-segments.json | A3/assigned-papers.json | A3/evidence-index.json | A3/expansion-registry.json | A3/paper-registry.json | A3/raw/q01-direct.txt | A3/raw/q20-foundational-robust.txt | A6/expansion/canonical-pool.jsonl | A6/raw-retrieval/q06-syn-noisy-demo.json | A6/raw-retrieval/q20-adj-human-activity.json | A6/registry-assignment.jsonl | A6/work/assigned-registry-inspected.jsonl | A6/work/assigned-registry-preinspect.jsonl | A6/work/canonical-pool.jsonl | A6/work/evidence-index.jsonl","A3/abstract-triage.jsonl | A6/triage.jsonl"
"626","arxiv:2210.10047","3","HIGH","A6","From Play to Policy: Conditional Behavior Generation from Uncurated Robot Data","arxiv:2210.10047","While large-scale sequence modeling from offline data has led to impressive performance gains in natural language and image generation, directly translating such ideas to robotics has been challenging. One critical reason for this is that uncurated robot demonstration data, i.e. play data, collected from non-expert human demonstrators are often noisy, diverse, and distributionally multi-modal. This makes extracting useful, task-centric behaviors from such data a difficult generative modeling problem. In this work, we present Conditional Behavior Transformers (C-BeT), a method that combines the multi-modal generation ability of Behavior Transformer with future-conditioned goal specification. On a suite of simulated benchmark tasks, we find that C-BeT improves upon prior state-of-the-art work in learning from play data by an average of 45.7%. Further, we demonstrate for the first time that useful task-centric behaviors can be learned on a real-world robot purely from play data without any task labels or reward information. Robot videos are best viewed on our project website: https://play-to-policy.github.io","high","A6","1","A6=high","A6=Estimates demonstration quality or latent expertise to filter, weight, or optimize learning from mixed-quality experience.","A6=Shows how heterogeneous demonstrations can contribute without treating every transition as equally trustworthy.","A6=true","expansion_round_1","","","arxiv:2210.10047","arxiv:2210.10047","2634927809235544032","","","related-papers","","A6","false","false","false","false","A6/expansion/canonical-pool.jsonl","A6/expansion/triage.jsonl"
"639","arxiv:2211.06839","3","MEDIUM","A6","Out-of-Dynamics Imitation Learning from Multimodal Demonstrations","arxiv:2211.06839","Existing imitation learning works mainly assume that the demonstrator who collects demonstrations shares the same dynamics as the imitator. However, the assumption limits the usage of imitation learning, especially when collecting demonstrations for the imitator is difficult. In this paper, we study out-of-dynamics imitation learning (OOD-IL), which relaxes the assumption to that the demonstrator and the imitator have the same state spaces but could have different action spaces and dynamics. OOD-IL enables imitation learning to utilize demonstrations from a wide range of demonstrators but introduces a new challenge: some demonstrations cannot be achieved by the imitator due to the different dynamics. Prior works try to filter out such demonstrations by feasibility measurements, but ignore the fact that the demonstrations exhibit a multimodal distribution since the different demonstrators may take different policies in different dynamics. We develop a better transferability measurement to tackle this newly-emerged challenge. We firstly design a novel sequence-based contrastive clustering algorithm to cluster demonstrations from the same mode to avoid the mutual interference of demonstrations from different modes, and then learn the transferability of each demonstration with an adversarial-learning based algorithm in each cluster. Experiment results on several MuJoCo environments, a driving environment, and a simulated robot environment show that the proposed transferability measurement more accurately finds and down-weights non-transferable demonstrations and outperforms prior works on the final imitation learning performance. We show the videos of our experiment results on our website.","medium","A6","1","A6=medium","A6=Studies how non-ideal sequential experience or feedback can improve decision-making beyond success-only imitation.","A6=Offers an adjacent conceptual transfer for representing and using imperfect robot experience.","A6=true","primary_assignment","Yiwen Qiu, Jialong Wu, Zhangjie Cao, Mingsheng Long","2022","arxiv:2211.06839","arxiv:2211.06839","5830356925107734507","cs.LG | cs.RO","q03-direct-partial-success","search-papers","","A6","true","true","false","false","A6/raw-retrieval/q03-direct-partial-success.json | A6/registry-assignment.jsonl | A6/work/assigned-registry-inspected.jsonl | A6/work/assigned-registry-preinspect.jsonl | A6/work/canonical-pool.jsonl | A6/work/evidence-index.jsonl","A6/triage.jsonl"
"652","arxiv:2212.06817","3","MEDIUM","A1 | A4 | A5 | A8","RT-1: Robotics Transformer for Real-World Control at Scale","arxiv:2212.06817","By transferring knowledge from large, diverse, task-agnostic datasets, modern machine learning models can solve specific downstream tasks either zero-shot or with small task-specific datasets to a high level of performance. While this capability has been demonstrated in other fields such as computer vision, natural language processing or speech recognition, it remains to be shown in robotics, where the generalization capabilities of the models are particularly critical due to the difficulty of collecting real-world robotic data. We argue that one of the keys to the success of such general robotic models lies with open-ended task-agnostic training, combined with high-capacity architectures that can absorb all of the diverse, robotic data. In this paper, we present a model class, dubbed Robotics Transformer, that exhibits promising scalable model properties. We verify our conclusions in a study of different model classes and their ability to generalize as a function of the data size, model size, and data diversity based on a large-scale data collection on real robots performing real-world tasks. The project's website and videos can be found at robotics-transformer1.github.io","medium","A1 | A4 | A5 | A8","4","A1=low | A4=medium | A5=low | A8=medium","A1=The abstract does not expose a clear temporal mechanism connected to the lane. | A4=Connects trajectory or demonstration choice to downstream policy learning, behavior, or offline-RL utility. | A5=By transferring knowledge from large, diverse, task-agnostic datasets, modern machine learning models can solve specific downstream tasks either zero-shot or with small task-specific datasets to a high level of performance. | A8=A tokenized vision-language-action transformer learns multi-task control from a large heterogeneous fleet dataset.","A1=Its mechanism is a plausible transfer to multimodal robot experience, action-observation alignment, or temporally aware policy training. | A4=It is directly or plausibly transferable to selecting robot experience for policy learning. | A5=The expansion tests whether this adaptive mixture mechanism adds a reusable way to control which robot experience influences policy training. | A8=It provides a canonical scale-and-diversity benchmark for testing whether selected data improve generalization.","A1=false | A4=false | A5=false | A8=true","expansion_round_1 | expansion_round_2","","2022","arxiv:2212.06817 | paper:936854425268785734 | paperid:936854425268785734","arxiv:2212.06817","936854425268785734","","","related-papers | related-papers-round2","foundational","A1","false","false","false","true","A1/expansion-round2-registry.json | A1/paper-registry-complete.json | A4/expansion/round2/registry.jsonl | A4/expansion/round3/registry.jsonl | A4/expansion/round4/registry.jsonl | A4/expansion/round5/registry.jsonl | A5/expansion/raw/round1-references.json | A5/expansion/raw/round2-references.json | A5/expansion/raw/round2-similar.json | A5/expansion/raw/round3-similar.json | A7/raw/q11-scaling-laws.json | A7/work/expansion-registry.json | A7/work/expansion-registry.jsonl | A7/work/paper-registry.json | A7/work/paper-registry.jsonl | A7/work/verified-paper-registry.json | A7/work/verified-paper-registry.jsonl | A8/work/expansion-novel.jsonl | A8/work/expansion-pool.jsonl","A1/expansion-round2-triage.jsonl | A4/expansion/all-new-expansion-triage.jsonl | A5/expansion/round1-triage.jsonl | A8/work/expansion-triage.jsonl"
"665","arxiv:2301.11734","3","HIGH","A3 | A4 | A5","Improving Behavioural Cloning with Positive Unlabeled Learning","arxiv:2301.11734","Learning control policies offline from pre-recorded datasets is a promising avenue for solving challenging real-world problems. However, available datasets are typically of mixed quality, with a limited number of the trajectories that we would consider as positive examples; i.e., high-quality demonstrations. Therefore, we propose a novel iterative learning algorithm for identifying expert trajectories in unlabeled mixed-quality robotics datasets given a minimal set of positive examples, surpassing existing algorithms in terms of accuracy. We show that applying behavioral cloning to the resulting filtered dataset outperforms several competitive offline reinforcement learning and imitation learning baselines. We perform experiments on a range of simulated locomotion tasks and on two challenging manipulation tasks on a real robotic system; in these experiments, our method showcases state-of-the-art performance. Our website: https://sites.google.com/view/offline-policy-learning-pubc.","high","A3 | A4 | A5","3","A3=high | A4=high | A5=high","A3=Positive-unlabeled learning iteratively identifies expert trajectories from mixed-quality robotics data given few positive examples. | A4=Ranks or weights trajectories/transitions according to return, coverage, value, or policy-improvement utility in offline learning. | A5=Learning control policies offline from pre-recorded datasets is a promising avenue for solving challenging real-world problems.","A3=It offers a low-label route to quality estimation when only a small trusted set is available. | A4=It offers a direct or transferable way to connect robot experience choices to learned policy behavior. | A5=It supplies an adjacent-domain sampling, weighting, or selection mechanism whose transfer to robot experience should be checked during inspection.","A3=true | A4=true | A5=true","primary_assignment","Qiang Wang | Robert McCarthy | David Cordova Bulens | Kevin McGuinness | Noel E. O'Connor | Nico Gürtler | Felix Widmaier | Francisco Roldan Sanchez | Stephen J. Redmond","2023","arxiv:2301.11734 | paper:6078945623267100079","arxiv:2301.11734","6078945623267100079","cs.LG | cs.RO","51 | q04-mislabeled | q13-harmful-demo","firecrawl research search-papers | search-papers | semantic-search","false | general","A3 | A4 | A5","false","false","false","false","A2/canonical-pool.json | A2/canonical-pool.jsonl | A2/raw/q21-bad-segments.json | A3/assigned-papers.json | A3/evidence-index.json | A3/expansion-registry.json | A3/paper-registry.json | A3/raw/q04-mislabeled.txt | A3/round2-registry.json | A4/assigned-papers.json | A4/assigned-registry-inspected.jsonl | A4/assigned-registry-preinspect.jsonl | A4/canonical-registry.jsonl | A4/raw/q13-harmful-demo.json | A5/assigned-papers.json | A5/canonical-pool.jsonl | A5/evidence-ledger.jsonl | A5/inspection-manifest.json | A5/paper-registry.json | A5/read-manifest.json | A6/raw-retrieval/q11-mech-quality-weighted.json | A6/raw-retrieval/q18-failure-conditioned-bc.json | A6/raw-retrieval/q31-recent-mixed-quality.json | A6/work/canonical-pool.jsonl","A3/abstract-triage.jsonl | A4/abstract-triage.jsonl | A5/assigned-abstracts.jsonl"
"678","arxiv:2302.04659","3","MEDIUM","A4","ManiSkill2: A Unified Benchmark for Generalizable Manipulation Skills","arxiv:2302.04659","Generalizable manipulation skills, which can be composed to tackle long-horizon and complex daily chores, are one of the cornerstones of Embodied AI. However, existing benchmarks, mostly composed of a suite of simulatable environments, are insufficient to push cutting-edge research works because they lack object-level topological and geometric variations, are not based on fully dynamic simulation, or are short of native support for multiple types of manipulation tasks. To this end, we present ManiSkill2, the next generation of the SAPIEN ManiSkill benchmark, to address critical pain points often encountered by researchers when using benchmarks for generalizable manipulation skills. ManiSkill2 includes 20 manipulation task families with 2000+ object models and 4M+ demonstration frames, which cover stationary/mobile-base, single/dual-arm, and rigid/soft-body manipulation tasks with 2D/3D-input data simulated by fully dynamic engines. It defines a unified interface and evaluation protocol to support a wide range of algorithms (e.g., classic sense-plan-act, RL, IL), visual observations (point cloud, RGBD), and controllers (e.g., action type and parameterization). Moreover, it empowers fast visual input learning algorithms so that a CNN-based policy can collect samples at about 2000 FPS with 1 GPU and 16 processes on a regular workstation. It implements a render server infrastructure to allow sharing rendering resources across all environments, thereby significantly reducing memory usage. We open-source all codes of our benchmark (simulator, environments, and baselines) and host an online challenge open to interdisciplinary researchers.","medium","A4","1","A4=medium","A4=Uses a valuation or attribution signal to estimate the contribution of training examples to model or policy outcomes.","A4=It is directly or plausibly transferable to selecting robot experience for policy learning.","A4=true","expansion_round_1","","","arxiv:2302.04659 | paper:5425872833540371298","","","","","","","A4","false","false","false","false","A4/expansion/round3/registry.jsonl","A4/expansion/all-new-expansion-triage.jsonl"
"691","arxiv:2303.02982","3","HIGH","A1","CLIP-guided Prototype Modulating for Few-shot Action Recognition","arxiv:2303.02982","Learning from large-scale contrastive language-image pre-training like CLIP has shown remarkable success in a wide range of downstream tasks recently, but it is still under-explored on the challenging few-shot action recognition (FSAR) task. In this work, we aim to transfer the powerful multimodal knowledge of CLIP to alleviate the inaccurate prototype estimation issue due to data scarcity, which is a critical problem in low-shot regimes. To this end, we present a CLIP-guided prototype modulating framework called CLIP-FSAR, which consists of two key components: a video-text contrastive objective and a prototype modulation. Specifically, the former bridges the task discrepancy between CLIP and the few-shot video task by contrasting videos and corresponding class text descriptions. The latter leverages the transferable textual concepts from CLIP to adaptively refine visual prototypes with a temporal Transformer. By this means, CLIP-FSAR can take full advantage of the rich semantic priors in CLIP to obtain reliable prototypes and achieve accurate few-shot classification. Extensive experiments on five commonly used benchmarks demonstrate the effectiveness of our proposed method, and CLIP-FSAR significantly outperforms existing state-of-the-art methods under various settings. The source code and models will be publicly available at https://github.com/alibaba-mmai-research/CLIP-FSAR.","high","A1","1","A1=high","A1=The paper develops or evaluates a temporal correspondence, synchronization, delay, or sequence-representation mechanism for CLIP-guided Prototype Modulating for Few-shot Action Recognition.","A1=Its mechanism is a plausible transfer to multimodal robot experience, action-observation alignment, or temporally aware policy training.","A1=true","expansion_round_3","","","arxiv:2303.02982","arxiv:2303.02982","4571804848027351162","","","related-papers-round3","","A1","false","false","false","false","A1/expansion-round3-registry.json | A1/paper-registry-complete.json","A1/expansion-round3-triage.jsonl"
"704","arxiv:2303.16084","3","HIGH","A1","Rethinking matching-based few-shot action recognition","arxiv:2303.16084","Few-shot action recognition, i.e. recognizing new action classes given only a few examples, benefits from incorporating temporal information. Prior work either encodes such information in the representation itself and learns classifiers at test time, or obtains frame-level features and performs pairwise temporal matching. We first evaluate a number of matching-based approaches using features from spatio-temporal backbones, a comparison missing from the literature, and show that the gap in performance between simple baselines and more complicated methods is significantly reduced. Inspired by this, we propose Chamfer++, a non-temporal matching function that achieves state-of-the-art results in few-shot action recognition. We show that, when starting from temporal features, our parameter-free and interpretable approach can outperform all other matching-based and classifier methods for one-shot action recognition on three common datasets without using temporal information in the matching stage. Project page: https://jbertrand89.github.io/matching-based-fsar","high","A1","1","A1=high","A1=The paper develops or evaluates a temporal correspondence, synchronization, delay, or sequence-representation mechanism for Rethinking matching-based few-shot action recognition.","A1=Its mechanism is a plausible transfer to multimodal robot experience, action-observation alignment, or temporally aware policy training.","A1=true","expansion_round_1","","","arxiv:2303.16084","arxiv:2303.16084","99986376223958472","","","related-citers","","A1","false","false","false","false","A1/expansion-inspection-manifest.json | A1/expansion-registry.json | A1/paper-registry-complete.json","A1/expansion-triage.jsonl"
"717","arxiv:2304.13705","3","HIGH","A1 | A4 | A5 | A6 | A7 | A8","Learning Fine-Grained Bimanual Manipulation with Low-Cost Hardware","arxiv:2304.13705","Fine manipulation tasks, such as threading cable ties or slotting a battery, are notoriously difficult for robots because they require precision, careful coordination of contact forces, and closed-loop visual feedback. Performing these tasks typically requires high-end robots, accurate sensors, or careful calibration, which can be expensive and difficult to set up. Can learning enable low-cost and imprecise hardware to perform these fine manipulation tasks? We present a low-cost system that performs end-to-end imitation learning directly from real demonstrations, collected with a custom teleoperation interface. Imitation learning, however, presents its own challenges, particularly in high-precision domains: errors in the policy can compound over time, and human demonstrations can be non-stationary. To address these challenges, we develop a simple yet novel algorithm, Action Chunking with Transformers (ACT), which learns a generative model over action sequences. ACT allows the robot to learn 6 difficult tasks in the real world, such as opening a translucent condiment cup and slotting a battery with 80-90% success, with only 10 minutes worth of demonstrations. Project website: https://tonyzhaozh.github.io/aloha/","high","A1 | A4 | A5 | A6 | A7 | A8","6","A1=low | A4=medium | A5=high | A6=high | A7=high | A8=medium","A1=The abstract does not expose a clear temporal mechanism connected to the lane. | A4=Connects trajectory or demonstration choice to downstream policy learning, behavior, or offline-RL utility. | A5=Fine manipulation tasks, such as threading cable ties or slotting a battery, are notoriously difficult for robots because they require precision, careful coordination of contact forces, and closed-loop visual feedback. | A6=Estimates demonstration quality or latent expertise to filter, weight, or optimize learning from mixed-quality experience. | A7=Fine manipulation tasks, such as threading cable ties or slotting a battery, are notoriously difficult for robots because they require precision, careful coordination of contact forces, and closed-loop visual feedback. | A8=Low-cost bimanual hardware collects synchronized demonstrations and learns fine-grained action representations for dexterous tasks.","A1=Its mechanism is a plausible transfer to multimodal robot experience, action-observation alignment, or temporally aware policy training. | A4=It is directly or plausibly transferable to selecting robot experience for policy learning. | A5=This curriculum neighbor tests whether the expansion adds a reusable mechanism for controlling robot experience in policy training. | A6=Offers a reusable mechanism for converting sequential experience into better policy or data decisions. | A7=It provides a route to reuse heterogeneous experience across embodiments or data sources. | A8=It shows how affordable heterogeneous hardware can broaden the representation and embodiment coverage of a fleet.","A1=false | A4=true | A5=true | A6=true | A7=true | A8=false","expansion_round_1 | expansion_round_2","","","arxiv:2304.13705 | paper:4093597848784466370 | paperid:4093597848784466370","arxiv:2304.13705","4093597848784466370","","","related-papers | related-references | similar","","A1","false","false","false","true","A1/expansion-registry.json | A1/expansion-round2-registry.json | A1/expansion-round3-registry.json | A1/paper-registry-complete.json | A4/expansion/round3/registry.jsonl | A4/expansion/round4/registry.jsonl | A5/expansion/raw/round2-references.json | A5/expansion/raw/round2-similar.json | A6/expansion/canonical-pool.jsonl | A7/work/expansion-registry.json | A7/work/expansion-registry.jsonl | A8/work/expansion-novel.jsonl | A8/work/expansion-pool.jsonl","A1/expansion-triage.jsonl | A4/expansion/all-new-expansion-triage.jsonl | A5/expansion/round2-triage.jsonl | A6/expansion/triage.jsonl | A7/work/expansion-triage.jsonl | A8/work/expansion-triage.jsonl"
"730","arxiv:2305.16309","3","HIGH","A7","Imitating Task and Motion Planning with Visuomotor Transformers","arxiv:2305.16309","Imitation learning is a powerful tool for training robot manipulation policies, allowing them to learn from expert demonstrations without manual programming or trial-and-error. However, common methods of data collection, such as human supervision, scale poorly, as they are time-consuming and labor-intensive. In contrast, Task and Motion Planning (TAMP) can autonomously generate large-scale datasets of diverse demonstrations. In this work, we show that the combination of large-scale datasets generated by TAMP supervisors and flexible Transformer models to fit them is a powerful paradigm for robot manipulation. To that end, we present a novel imitation learning system called OPTIMUS that trains large-scale visuomotor Transformer policies by imitating a TAMP agent. OPTIMUS introduces a pipeline for generating TAMP data that is specifically curated for imitation learning and can be used to train performant transformer-based policies. In this paper, we present a thorough study of the design decisions required to imitate TAMP and demonstrate that OPTIMUS can solve a wide variety of challenging vision-based manipulation tasks with over 70 different objects, ranging from long-horizon pick-and-place tasks, to shelf and articulated object manipulation, achieving 70 to 80% success rates. Video results and code at https://mihdalal.github.io/optimus/","high","A7","1","A7=high","A7=Imitation learning is a powerful tool for training robot manipulation policies, allowing them to learn from expert demonstrations without manual programming or trial-and-error.","A7=It provides a route to reuse heterogeneous experience across embodiments or data sources.","A7=true","expansion_round_1","","","arxiv:2305.16309","","","","","references","","A7","false","false","false","false","A7/work/expansion-read-manifest.json | A7/work/expansion-registry.json | A7/work/expansion-registry.jsonl","A7/work/expansion-triage.jsonl"
"743","arxiv:2306.13085","3","HIGH","A4","Harnessing Mixed Offline Reinforcement Learning Datasets via Trajectory Weighting","arxiv:2306.13085","Most offline reinforcement learning (RL) algorithms return a target policy maximizing a trade-off between (1) the expected performance gain over the behavior policy that collected the dataset, and (2) the risk stemming from the out-of-distribution-ness of the induced state-action occupancy. It follows that the performance of the target policy is strongly related to the performance of the behavior policy and, thus, the trajectory return distribution of the dataset. We show that in mixed datasets consisting of mostly low-return trajectories and minor high-return trajectories, state-of-the-art offline RL algorithms are overly restrained by low-return trajectories and fail to exploit high-performing trajectories to the fullest. To overcome this issue, we show that, in deterministic MDPs with stochastic initial states, the dataset sampling can be re-weighted to induce an artificial dataset whose behavior policy has a higher return. This re-weighted sampling strategy may be combined with any offline RL algorithm. We further analyze that the opportunity for performance improvement over the behavior policy correlates with the positive-sided variance of the returns of the trajectories in the dataset. We empirically show that while CQL, IQL, and TD3+BC achieve only a part of this potential policy improvement, these same algorithms combined with our reweighted sampling strategy fully exploit the dataset. Furthermore, we empirically demonstrate that, despite its theoretical limitation, the approach may still be efficient in stochastic environments. The code is available at https://github.com/Improbable-AI/harness-offline-rl.","high","A4","1","A4=high","A4=Ranks or weights trajectories/transitions according to return, coverage, value, or policy-improvement utility in offline learning.","A4=It offers a direct or transferable way to connect robot experience choices to learned policy behavior.","A4=true","primary_assignment","","2023","arxiv:2306.13085 | paper:1205672755311335077","arxiv:2306.13085","1205672755311335077","","q04-trajectory-influence | q10-loss-pruning | q18-offline-rl","semantic-search","general","A4","false","false","false","false","A4/assigned-papers.json | A4/assigned-registry-inspected.jsonl | A4/assigned-registry-preinspect.jsonl | A4/canonical-registry.jsonl | A4/raw/q04-trajectory-influence.json | A4/raw/q10-loss-pruning.json | A4/raw/q18-offline-rl.json | A5/canonical-pool.jsonl | A5/paper-registry.json | A6/raw-retrieval/q31-recent-mixed-quality.json | A6/work/canonical-pool.jsonl | A7/raw/q10-mixture-balance.json | A7/raw/q23-offline-support.json | A7/work/paper-registry.json | A7/work/paper-registry.jsonl | A7/work/verified-paper-registry.json | A7/work/verified-paper-registry.jsonl","A4/abstract-triage.jsonl"
"756","arxiv:2307.07907","3","HIGH","A7","Seeing is not Believing: Robust Reinforcement Learning against Spurious Correlation","arxiv:2307.07907","Robustness has been extensively studied in reinforcement learning (RL) to handle various forms of uncertainty such as random perturbations, rare events, and malicious attacks. In this work, we consider one critical type of robustness against spurious correlation, where different portions of the state do not have correlations induced by unobserved confounders. These spurious correlations are ubiquitous in real-world tasks, for instance, a self-driving car usually observes heavy traffic in the daytime and light traffic at night due to unobservable human activity. A model that learns such useless or even harmful correlation could catastrophically fail when the confounder in the test case deviates from the training one. Although motivated, enabling robustness against spurious correlation poses significant challenges since the uncertainty set, shaped by the unobserved confounder and causal structure, is difficult to characterize and identify. Existing robust algorithms that assume simple and unstructured uncertainty sets are therefore inadequate to address this challenge. To solve this issue, we propose Robust State-Confounded Markov Decision Processes (RSC-MDPs) and theoretically demonstrate its superiority in avoiding learning spurious correlations compared with other robust RL counterparts. We also design an empirical algorithm to learn the robust optimal policy for RSC-MDPs, which outperforms all baselines in eight realistic self-driving and manipulation tasks.","high","A7","1","A7=high","A7=Robustness has been extensively studied in reinforcement learning (RL) to handle various forms of uncertainty such as random perturbations, rare events, and malicious attacks.","A7=It helps diagnose or reduce behavior-distribution mismatch and spurious dependence under deployment shift.","A7=true","expansion_round_1","","","arxiv:2307.07907","","","","","references","","A7","false","false","false","false","A7/work/expansion-registry.json | A7/work/expansion-registry.jsonl","A7/work/expansion-triage.jsonl"
"769","arxiv:2308.13661","3","HIGH","A8","Go Beyond Imagination: Maximizing Episodic Reachability with World Models","arxiv:2308.13661","Efficient exploration is a challenging topic in reinforcement learning, especially for sparse reward tasks. To deal with the reward sparsity, people commonly apply intrinsic rewards to motivate agents to explore the state space efficiently. In this paper, we introduce a new intrinsic reward design called GoBI - Go Beyond Imagination, which combines the traditional lifelong novelty motivation with an episodic intrinsic reward that is designed to maximize the stepwise reachability expansion. More specifically, we apply learned world models to generate predicted future states with random actions. States with more unique predictions that are not in episodic memory are assigned high intrinsic rewards. Our method greatly outperforms previous state-of-the-art methods on 12 of the most challenging Minigrid navigation tasks and improves the sample efficiency on locomotion tasks from DeepMind Control Suite.","high","A8","1","A8=high","A8=A world model chooses actions that maximize reachability of diverse future states rather than only imagined novelty.","A8=It guards against selecting novel but unreachable fleet targets and improves useful coverage.","A8=true","expansion_round_3","","","arxiv:2308.13661 | paperid:5309104395445778943","","","","","","","A8","false","false","false","false","A8/work/expansion-round3-novel.jsonl","A8/work/expansion-round3-triage.jsonl"
"782","arxiv:2310.06171","3","HIGH","A1","Memory-Consistent Neural Networks for Imitation Learning","arxiv:2310.06171","Imitation learning considerably simplifies policy synthesis compared to alternative approaches by exploiting access to expert demonstrations. For such imitation policies, errors away from the training samples are particularly critical. Even rare slip-ups in the policy action outputs can compound quickly over time, since they lead to unfamiliar future states where the policy is still more likely to err, eventually causing task failures. We revisit simple supervised ``behavior cloning'' for conveniently training the policy from nothing more than pre-recorded demonstrations, but carefully design the model class to counter the compounding error phenomenon. Our ``memory-consistent neural network'' (MCNN) outputs are hard-constrained to stay within clearly specified permissible regions anchored to prototypical ``memory'' training samples. We provide a guaranteed upper bound for the sub-optimality gap induced by MCNN policies. Using MCNNs on 10 imitation learning tasks, with MLP, Transformer, and Diffusion backbones, spanning dexterous robotic manipulation and driving, proprioceptive inputs and visual inputs, and varying sizes and types of demonstration data, we find large and consistent gains in performance, validating that MCNNs are better-suited than vanilla deep neural networks for imitation learning applications. Website: https://sites.google.com/view/mcnn-imitation","high","A1","1","A1=high","A1=The paper develops or evaluates a temporal correspondence, synchronization, delay, or sequence-representation mechanism for Memory-Consistent Neural Networks for Imitation Learning.","A1=Its mechanism is a plausible transfer to multimodal robot experience, action-observation alignment, or temporally aware policy training.","A1=true","expansion_round_2","","2023","arxiv:2310.06171","arxiv:2310.06171","4152575440356959648","","","related-papers-round2","","A1","false","false","false","false","A1/expansion-round2-registry.json | A1/paper-registry-complete.json | A7/raw/q15-long-tail-failure.json | A7/work/paper-registry.json | A7/work/paper-registry.jsonl | A7/work/verified-paper-registry.json | A7/work/verified-paper-registry.jsonl","A1/expansion-round2-triage.jsonl"
"795","arxiv:2310.16014","3","HIGH","A6","Human-in-the-Loop Task and Motion Planning for Imitation Learning","arxiv:2310.16014","Imitation learning from human demonstrations can teach robots complex manipulation skills, but is time-consuming and labor intensive. In contrast, Task and Motion Planning (TAMP) systems are automated and excel at solving long-horizon tasks, but they are difficult to apply to contact-rich tasks. In this paper, we present Human-in-the-Loop Task and Motion Planning (HITL-TAMP), a novel system that leverages the benefits of both approaches. The system employs a TAMP-gated control mechanism, which selectively gives and takes control to and from a human teleoperator. This enables the human teleoperator to manage a fleet of robots, maximizing data collection efficiency. The collected human data is then combined with an imitation learning framework to train a TAMP-gated policy, leading to superior performance compared to training on full task demonstrations. We compared HITL-TAMP to a conventional teleoperation system -- users gathered more than 3x the number of demos given the same time budget. Furthermore, proficient agents (75%+ success) could be trained from just 10 minutes of non-expert teleoperation data. Finally, we collected 2.1K demos with HITL-TAMP across 12 contact-rich, long-horizon tasks and show that the system often produces near-perfect agents. Videos and additional results at https://hitltamp.github.io .","high","A6","1","A6=high","A6=Estimates demonstration quality or latent expertise to filter, weight, or optimize learning from mixed-quality experience.","A6=Shows how heterogeneous demonstrations can contribute without treating every transition as equally trustworthy.","A6=true","expansion_round_1","","","arxiv:2310.16014","arxiv:2310.16014","8526441971270990701","","","related-papers","","A6","false","false","false","false","A6/expansion/canonical-pool.jsonl","A6/expansion/triage.jsonl"
"808","arxiv:2311.07226","3","MEDIUM","A1 | A6","Large Language Models for Robotics: A Survey","arxiv:2311.07226","The human ability to learn, generalize, and control complex manipulation tasks through multi-modality feedback suggests a unique capability, which we refer to as dexterity intelligence. Understanding and assessing this intelligence is a complex task. Amidst the swift progress and extensive proliferation of large language models (LLMs), their applications in the field of robotics have garnered increasing attention. LLMs possess the ability to process and generate natural language, facilitating efficient interaction and collaboration with robots. Researchers and engineers in the field of robotics have recognized the immense potential of LLMs in enhancing robot intelligence, human-robot interaction, and autonomy. Therefore, this comprehensive review aims to summarize the applications of LLMs in robotics, delving into their impact and contributions to key areas such as robot control, perception, decision-making, and planning. This survey first provides an overview of the background and development of LLMs for robotics, followed by a discussion of their benefits and recent advancements in LLM-based robotic models. It then explores various techniques, employed in perception, decision-making, control, and interaction, as well as cross-module coordination in practical tasks. Finally, we review current applications of LLMs in robotics and outline potential challenges they may face in the near future. Embodied intelligence represents the future of intelligent systems, and LLM-based robotics is one of the most promising yet challenging paths toward achieving it.","medium","A1 | A6","2","A1=low | A6=medium","A1=The abstract does not expose a clear temporal mechanism connected to the lane. | A6=Provides a policy, data, or control mechanism with a plausible path to learning from robot experience.","A1=Its mechanism is a plausible transfer to multimodal robot experience, action-observation alignment, or temporally aware policy training. | A6=Offers a reusable mechanism for converting sequential experience into better policy or data decisions.","A1=false | A6=false","expansion_round_1 | expansion_round_3","","","arxiv:2311.07226","arxiv:2311.07226","91019993632972099","","","related-papers | related-papers-round3","","A1","false","false","false","true","A1/expansion-round3-registry.json | A1/paper-registry-complete.json | A6/expansion/canonical-pool.jsonl","A1/expansion-round3-triage.jsonl | A6/expansion/triage.jsonl"
"821","arxiv:2312.09394","3","HIGH","A4 | A5","HiER: Highlight Experience Replay for Boosting Off-Policy Reinforcement Learning Agents","arxiv:2312.09394","Even though reinforcement-learning-based algorithms achieved superhuman performance in many domains, the field of robotics poses significant challenges as the state and action spaces are continuous, and the reward function is predominantly sparse. Furthermore, on many occasions, the agent is devoid of access to any form of demonstration. Inspired by human learning, in this work, we propose a method named highlight experience replay (HiER) that creates a secondary highlight replay buffer for the most relevant experiences. For the weights update, the transitions are sampled from both the standard and the highlight experience replay buffer. It can be applied with or without the techniques of hindsight experience replay (HER) and prioritized experience replay (PER). Our method significantly improves the performance of the state-of-the-art, validated on 8 tasks of three robotic benchmarks. Furthermore, to exploit the full potential of HiER, we propose HiER+ in which HiER is enhanced with an arbitrary data collection curriculum learning method. Our implementation, the qualitative results, and a video presentation are available on the project site: http://www.danielhorvath.eu/hier/.","high","A4 | A5","2","A4=high | A5=high","A4=Ranks or weights trajectories/transitions according to return, coverage, value, or policy-improvement utility in offline learning. | A5=Inspired by human learning, in this work, we propose a method named highlight experience replay (HiER) that creates a secondary highlight replay buffer for the most relevant experiences.","A4=It offers a direct or transferable way to connect robot experience choices to learned policy behavior. | A5=It informs which stored transitions or demonstrations should be replayed more often when sparse reward, rarity, or learning progress matters.","A4=true | A5=true","primary_assignment","Dániel Horváth, Jesús Bujalance Martín, Ferenc Gábor Erdős, Zoltán Istenes, Fabien Moutarde","","arxiv:2312.09394 | paper:9087744138860461314","arxiv:2312.09394","9087744138860461314","cs.RO","13 | 18 | 24 | 36 | 4 | 40 | 50 | 57 | 58 | 61 | 63 | 65 | 8 | q26-per-replay","search-papers | semantic-search","foundational | general | recent","A4 | A5","false","false","false","false","A4/assigned-papers.json | A4/assigned-registry-inspected.jsonl | A4/assigned-registry-preinspect.jsonl | A4/canonical-registry.jsonl | A4/raw/q26-per-replay.json | A5/assigned-papers.json | A5/canonical-pool.jsonl | A5/evidence-ledger.jsonl | A5/inspection-manifest.json | A5/paper-registry.json | A5/raw/q04-direct-replay.json | A5/read-manifest.json","A4/abstract-triage.jsonl | A5/assigned-abstracts.jsonl"
"834","arxiv:2401.16013","3","HIGH","A6","SERL: A Software Suite for Sample-Efficient Robotic Reinforcement Learning","arxiv:2401.16013","In recent years, significant progress has been made in the field of robotic reinforcement learning (RL), enabling methods that handle complex image observations, train in the real world, and incorporate auxiliary data, such as demonstrations and prior experience. However, despite these advances, robotic RL remains hard to use. It is acknowledged among practitioners that the particular implementation details of these algorithms are often just as important (if not more so) for performance as the choice of algorithm. We posit that a significant challenge to widespread adoption of robotic RL, as well as further development of robotic RL methods, is the comparative inaccessibility of such methods. To address this challenge, we developed a carefully implemented library containing a sample efficient off-policy deep RL method, together with methods for computing rewards and resetting the environment, a high-quality controller for a widely-adopted robot, and a number of challenging example tasks. We provide this library as a resource for the community, describe its design choices, and present experimental results. Perhaps surprisingly, we find that our implementation can achieve very efficient learning, acquiring policies for PCB board assembly, cable routing, and object relocation between 25 to 50 minutes of training per policy on average, improving over state-of-the-art results reported for similar tasks in the literature. These policies achieve perfect or near-perfect success rates, extreme robustness even under perturbations, and exhibit emergent recovery and correction behaviors. We hope that these promising results and our high-quality open-source implementation will provide a tool for the robotics community to facilitate further developments in robotic RL. Our code, documentation, and videos can be found at https://serl-robot.github.io/","high","A6","1","A6=high","A6=Learns or supplies recovery, correction, retry, repair, or replanning behavior from failed or perturbed executions.","A6=Makes failure states informative for robust execution and for deciding what corrective data to collect next.","A6=true","expansion_round_1","","","arxiv:2401.16013","arxiv:2401.16013","6961083835529188407","","","related-papers","","A6","false","false","false","false","A6/expansion/canonical-pool.jsonl","A6/expansion/triage.jsonl"
"847","arxiv:2402.06287","3","MEDIUM","A4","AI, Meet Human: Learning Paradigms for Hybrid Decision Making Systems","arxiv:2402.06287","Everyday we increasingly rely on machine learning models to automate and support high-stake tasks and decisions. This growing presence means that humans are now constantly interacting with machine learning-based systems, training and using models everyday. Several different techniques in computer science literature account for the human interaction with machine learning systems, but their classification is sparse and the goals varied. This survey proposes a taxonomy of Hybrid Decision Making Systems, providing both a conceptual and technical framework for understanding how current computer science literature models interaction between humans and machines.","medium","A4","1","A4=medium","A4=Provides adjacent evidence about how data composition affects learning outcomes.","A4=It extends the A4 mechanism space with adjacent data-centric evidence.","A4=false","expansion_round_1","","","arxiv:2402.06287 | paper:2472852458430292686","","","","","","","A4","false","false","false","false","A4/expansion/round2/registry.jsonl | A4/expansion/round5/registry.jsonl","A4/expansion/all-new-expansion-triage.jsonl"
"860","arxiv:2402.15567","3","HIGH","A8","Foundation Policies with Hilbert Representations","arxiv:2402.15567","Unsupervised and self-supervised objectives, such as next token prediction, have enabled pre-training generalist models from large amounts of unlabeled data. In reinforcement learning (RL), however, finding a truly general and scalable unsupervised pre-training objective for generalist policies from offline data remains a major open question. While a number of methods have been proposed to enable generic self-supervised RL, based on principles such as goal-conditioned RL, behavioral cloning, and unsupervised skill learning, such methods remain limited in terms of either the diversity of the discovered behaviors, the need for high-quality demonstration data, or the lack of a clear adaptation mechanism for downstream tasks. In this work, we propose a novel unsupervised framework to pre-train generalist policies that capture diverse, optimal, long-horizon behaviors from unlabeled offline data such that they can be quickly adapted to any arbitrary new tasks in a zero-shot manner. Our key insight is to learn a structured representation that preserves the temporal structure of the underlying environment, and then to span this learned latent space with directional movements, which enables various zero-shot policy ""prompting"" schemes for downstream tasks. Through our experiments on simulated robotic locomotion and manipulation benchmarks, we show that our unsupervised policies can solve goal-conditioned and general RL tasks in a zero-shot fashion, even often outperforming prior methods designed specifically for each setting. Our code and videos are available at https://seohong.me/projects/hilp/.","high","A8","1","A8=high","A8=Hilbert-space representations encode trajectories and support scalable policy learning and similarity across heterogeneous robot data.","A8=It provides a mathematically structured representation space for measuring usefulness and retrieval across a fleet.","A8=true","expansion_round_2","","","arxiv:2402.15567 | paperid:5015667586962360733","","","","","","","A8","false","false","false","false","A8/work/expansion-round2-novel.jsonl","A8/work/expansion-round2-triage.jsonl"
"873","arxiv:2403.12910","3","HIGH","A6","Yell At Your Robot: Improving On-the-Fly from Language Corrections","arxiv:2403.12910","Hierarchical policies that combine language and low-level control have been shown to perform impressively long-horizon robotic tasks, by leveraging either zero-shot high-level planners like pretrained language and vision-language models (LLMs/VLMs) or models trained on annotated robotic demonstrations. However, for complex and dexterous skills, attaining high success rates on long-horizon tasks still represents a major challenge -- the longer the task is, the more likely it is that some stage will fail. Can humans help the robot to continuously improve its long-horizon task performance through intuitive and natural feedback? In this paper, we make the following observation: high-level policies that index into sufficiently rich and expressive low-level language-conditioned skills can be readily supervised with human feedback in the form of language corrections. We show that even fine-grained corrections, such as small movements (""move a bit to the left""), can be effectively incorporated into high-level policies, and that such corrections can be readily obtained from humans observing the robot and making occasional suggestions. This framework enables robots not only to rapidly adapt to real-time language feedback, but also incorporate this feedback into an iterative training scheme that improves the high-level policy's ability to correct errors in both low-level execution and high-level decision-making purely from verbal feedback. Our evaluation on real hardware shows that this leads to significant performance improvement in long-horizon, dexterous manipulation tasks without the need for any additional teleoperation. Videos and code are available at https://yay-robot.github.io/.","high","A6","1","A6=high","A6=Learns or supplies recovery, correction, retry, repair, or replanning behavior from failed or perturbed executions.","A6=Makes failure states informative for robust execution and for deciding what corrective data to collect next.","A6=true","expansion_round_1","","","arxiv:2403.12910","arxiv:2403.12910","8696560765610843315","","","related-papers","","A6","false","false","false","false","A6/expansion/canonical-pool.jsonl","A6/expansion/triage.jsonl"
"886","arxiv:2404.04698","3","HIGH","A1","CEAR: Comprehensive Event Camera Dataset for Rapid Perception of Agile Quadruped Robots","arxiv:2404.04698","When legged robots perform agile movements, traditional RGB cameras often produce blurred images, posing a challenge for rapid perception. Event cameras have emerged as a promising solution for capturing rapid perception and coping with challenging lighting conditions thanks to their low latency, high temporal resolution, and high dynamic range. However, integrating event cameras into agile-legged robots is still largely unexplored. Notably, no dataset including event cameras has yet been developed for the context of agile quadruped robots. To bridge this gap, we introduce CEAR, a dataset comprising data from an event camera, an RGB-D camera, an IMU, a LiDAR, and joint encoders, all mounted on a dynamic quadruped, Mini Cheetah robot. This comprehensive dataset features more than 100 sequences from real-world environments, encompassing various indoor and outdoor environments, different lighting conditions, a range of robot gaits (e.g., trotting, bounding, pronking), as well as acrobatic movements like backflip. To our knowledge, this is the first event camera dataset capturing the dynamic and diverse quadruped robot motions under various setups, developed to advance research in rapid perception for quadruped robots.","high","A1","1","A1=high","A1=The paper develops or evaluates a temporal correspondence, synchronization, delay, or sequence-representation mechanism for CEAR: Comprehensive Event Camera Dataset for Rapid Perception of Agile Quadruped Robots.","A1=Its mechanism is a plausible transfer to multimodal robot experience, action-observation alignment, or temporally aware policy training.","A1=true","expansion_round_1","","","arxiv:2404.04698","arxiv:2404.04698","7361997795189334446","","","related-similar","","A1","false","false","false","false","A1/expansion-registry.json | A1/paper-registry-complete.json","A1/expansion-triage.jsonl"
"899","arxiv:2404.18201","3","MEDIUM","A7","What Foundation Models can Bring for Robot Learning in Manipulation : A Survey","arxiv:2404.18201","The realization of universal robots is an ultimate goal of researchers. However, a key hurdle in achieving this goal lies in the robots' ability to manipulate objects in their unstructured surrounding environments according to different tasks. The learning-based approach is considered an effective way to address generalization. The impressive performance of foundation models in the fields of computer vision and natural language suggests the potential of embedding foundation models into manipulation tasks as a viable path toward achieving general manipulation capability. However, we believe achieving general manipulation capability requires an overarching framework akin to auto driving. This framework should encompass multiple functional modules, with different foundation models assuming distinct roles in facilitating general manipulation capability. This survey focuses on the contributions of foundation models to robot learning for manipulation. We propose a comprehensive framework and detail how foundation models can address challenges in each module of the framework. What's more, we examine current approaches, outline challenges, suggest future research directions, and identify potential risks associated with integrating foundation models into this domain.","medium","A7","1","A7=medium","A7=The realization of universal robots is an ultimate goal of researchers.","A7=It expands or measures task, environment, object, or observation coverage for more robust behavior.","A7=false","expansion_round_1","","","arxiv:2404.18201","","","","","citers","","A7","false","false","false","false","A7/work/expansion-registry.json | A7/work/expansion-registry.jsonl","A7/work/expansion-triage.jsonl"
"912","arxiv:2405.14073","3","HIGH","A8","PEAC: Unsupervised Pre-training for Cross-Embodiment Reinforcement Learning","arxiv:2405.14073","Designing generalizable agents capable of adapting to diverse embodiments has achieved significant attention in Reinforcement Learning (RL), which is critical for deploying RL agents in various real-world applications. Previous Cross-Embodiment RL approaches have focused on transferring knowledge across embodiments within specific tasks. These methods often result in knowledge tightly coupled with those tasks and fail to adequately capture the distinct characteristics of different embodiments. To address this limitation, we introduce the notion of Cross-Embodiment Unsupervised RL (CEURL), which leverages unsupervised learning to enable agents to acquire embodiment-aware and task-agnostic knowledge through online interactions within reward-free environments. We formulate CEURL as a novel Controlled Embodiment Markov Decision Process (CE-MDP) and systematically analyze CEURL's pre-training objectives under CE-MDP. Based on these analyses, we develop a novel algorithm Pre-trained Embodiment-Aware Control (PEAC) for handling CEURL, incorporating an intrinsic reward function specifically designed for cross-embodiment pre-training. PEAC not only provides an intuitive optimization strategy for cross-embodiment pre-training but also can integrate flexibly with existing unsupervised RL methods, facilitating cross-embodiment exploration and skill discovery. Extensive experiments in both simulated (e.g., DMC and Robosuite) and real-world environments (e.g., legged locomotion) demonstrate that PEAC significantly improves adaptation performance and cross-embodiment generalization, demonstrating its effectiveness in overcoming the unique challenges of CEURL. The project page and code are in https://yingchengyang.github.io/ceurl.","high","A8","1","A8=high","A8=Unsupervised interaction pretraining learns action-conditioned representations designed to transfer across robot embodiments.","A8=It offers a direct test of whether selected experience captures embodiment-invariant structure.","A8=true","expansion_round_2","","","arxiv:2405.14073 | paperid:5702220505253714103","","","","","","","A8","false","false","false","false","A8/work/expansion-round2-novel.jsonl","A8/work/expansion-round2-triage.jsonl"
"925","arxiv:2406.02523","3","HIGH","A1 | A4 | A8","RoboCasa: Large-Scale Simulation of Everyday Tasks for Generalist Robots","arxiv:2406.02523","Recent advancements in Artificial Intelligence (AI) have largely been propelled by scaling. In Robotics, scaling is hindered by the lack of access to massive robot datasets. We advocate using realistic physical simulation as a means to scale environments, tasks, and datasets for robot learning methods. We present RoboCasa, a large-scale simulation framework for training generalist robots in everyday environments. RoboCasa features realistic and diverse scenes focusing on kitchen environments. We provide thousands of 3D assets across over 150 object categories and dozens of interactable furniture and appliances. We enrich the realism and diversity of our simulation with generative AI tools, such as object assets from text-to-3D models and environment textures from text-to-image models. We design a set of 100 tasks for systematic evaluation, including composite tasks generated by the guidance of large language models. To facilitate learning, we provide high-quality human demonstrations and integrate automated trajectory generation methods to substantially enlarge our datasets with minimal human burden. Our experiments show a clear scaling trend in using synthetically generated robot data for large-scale imitation learning and show great promise in harnessing simulation data in real-world tasks. Videos and open-source code are available at https://robocasa.ai/","high","A1 | A4 | A8","3","A1=high | A4=medium | A8=medium","A1=The paper develops or evaluates a temporal correspondence, synchronization, delay, or sequence-representation mechanism for RoboCasa: Large-Scale Simulation of Everyday Tasks for Generalist Robots. | A4=Uses a valuation or attribution signal to estimate the contribution of training examples to model or policy outcomes. | A8=A large procedurally generated simulator supplies diverse household scenes, tasks, and demonstrations for generalist robot policies.","A1=Its mechanism is a plausible transfer to multimodal robot experience, action-observation alignment, or temporally aware policy training. | A4=It is directly or plausibly transferable to selecting robot experience for policy learning. | A8=It provides scalable candidate coverage for novelty-driven collection before committing scarce physical fleet time.","A1=true | A4=false | A8=true","expansion_round_1","","2024","arxiv:2406.02523 | paper:3991226472929008973 | paperid:3991226472929008973","arxiv:2406.02523","3991226472929008973","","","related-papers | related-similar","recent","A1","false","false","false","true","A1/expansion-registry.json | A1/paper-registry-complete.json | A4/expansion/round2/registry.jsonl | A4/expansion/round5/registry.jsonl | A7/raw/q01-direct-terms.json | A7/raw/q04-composition.json | A7/raw/q11-scaling-laws.json | A7/raw/q32-recent-scaling.json | A7/work/paper-registry.json | A7/work/paper-registry.jsonl | A7/work/verified-paper-registry.json | A7/work/verified-paper-registry.jsonl | A8/work/expansion-novel.jsonl | A8/work/expansion-pool.jsonl","A1/expansion-triage.jsonl | A4/expansion/all-new-expansion-triage.jsonl | A8/work/expansion-triage.jsonl"
"938","arxiv:2406.14473","3","MEDIUM","A4","Data-Centric AI in the Age of Large Language Models","arxiv:2406.14473","This position paper proposes a data-centric viewpoint of AI research, focusing on large language models (LLMs). We start by making the key observation that data is instrumental in the developmental (e.g., pretraining and fine-tuning) and inferential stages (e.g., in-context learning) of LLMs, and yet it receives disproportionally low attention from the research community. We identify four specific scenarios centered around data, covering data-centric benchmarks and data curation, data attribution, knowledge transfer, and inference contextualization. In each scenario, we underscore the importance of data, highlight promising research directions, and articulate the potential impacts on the research community and, where applicable, the society as a whole. For instance, we advocate for a suite of data-centric benchmarks tailored to the scale and complexity of data for LLMs. These benchmarks can be used to develop new data curation methods and document research efforts and results, which can help promote openness and transparency in AI and LLM research.","medium","A4","1","A4=medium","A4=Uses data valuation or attribution to estimate example contribution to model or policy outcomes.","A4=It provides adjacent evidence for data-efficient training intelligence.","A4=false","expansion_round_1","","","arxiv:2406.14473 | paper:2700270876797888686","","","","","related-paper-expansion","","A4","false","false","false","false","A4/expansion/expansion-registry.jsonl","A4/expansion/expansion-triage.jsonl"
"951","arxiv:2407.12381","3","HIGH","A4","Flow Matching Imitation Learning for Multi-Support Manipulation","arxiv:2407.12381","Humanoid robots could benefit from using their upper bodies for support contacts, enhancing their workspace, stability, and ability to perform contact-rich and pushing tasks. In this paper, we propose a unified approach that combines an optimization-based multi-contact whole-body controller with Flow Matching, a recently introduced method capable of generating multi-modal trajectory distributions for imitation learning. In simulation, we show that Flow Matching is more appropriate for robotics than Diffusion and traditional behavior cloning. On a real full-size humanoid robot (Talos), we demonstrate that our approach can learn a whole-body non-prehensile box-pushing task and that the robot can close dishwasher drawers by adding contacts with its free hand when needed for balance. We also introduce a shared autonomy mode for assisted teleoperation, providing automatic contact placement for tasks not covered in the demonstrations. Full experimental videos are available at: https://hucebot.github.io/flowmultisupportwebsite/","high","A4","1","A4=high","A4=Ranks or weights trajectories/transitions according to return, coverage, value, or policy-improvement utility in offline learning.","A4=It offers a direct or transferable way to connect robot experience choices to learned policy behavior.","A4=true","primary_assignment","","","arxiv:2407.12381 | paper:310153991478210003","arxiv:2407.12381","310153991478210003","","q31-trajectory-rank","semantic-search","","A4","false","false","false","false","A4/assigned-papers.json | A4/assigned-registry-inspected.jsonl | A4/assigned-registry-preinspect.jsonl | A4/canonical-registry.jsonl | A4/raw/q31-trajectory-rank.json","A4/abstract-triage.jsonl"
"964","arxiv:2408.05541","3","HIGH","A4","P3: A Policy-Driven, Pace-Adaptive, and Diversity-Promoted Framework for data pruning in LLM Training","arxiv:2408.05541","In the rapidly advancing field of Large Language Models (LLMs), effectively leveraging existing datasets during fine-tuning to maximize the model's potential is of paramount importance. This paper introduces P3, an adaptive framework aimed at optimizing the task-specific fine-tuning process through iterative data pruning. P3 consists of three key components: (1) Policy-driven Difficulty Measurement, which dynamically assesses data difficulty based on the model's real-time performance, replacing static metrics with adaptable evaluations; (2) Pace-Adaptive Selection, leveraging self-paced learning to progressively introduce more challenging data, thereby enhancing model capability; (3) Diversity Promotion, incorporating Determinantal Point Process (DPP) to ensure data diversity across epochs, enriching the learning process. We validate P3 on the reasoning scenarios, APPS and MATH, demonstrating significant improvements over traditional data pruning methods. By advancing dynamic data selection and utilization strategies, P3 contributes both a theoretical framework and concrete approach to fully exploit existing data for LLMs' performance improvement, offering utility across diverse tasks.","high","A4","1","A4=high","A4=Constructs a smaller or weighted training subset by matching gradients, coverage, representativeness, or expected utility.","A4=It offers a direct or transferable way to connect robot experience choices to learned policy behavior.","A4=true","primary_assignment","","","arxiv:2408.05541 | paper:2730221948405730068","arxiv:2408.05541","2730221948405730068","","q10-loss-pruning","semantic-search","","A4","false","false","false","false","A4/assigned-papers.json | A4/assigned-registry-inspected.jsonl | A4/assigned-registry-preinspect.jsonl | A4/canonical-registry.jsonl | A4/raw/q10-loss-pruning.json","A4/abstract-triage.jsonl"
"977","arxiv:2409.01725","3","HIGH","A1","4D-CAT: Synthesis of 4D Coronary Artery Trees from Systole and Diastole","arxiv:2409.01725","The three-dimensional vascular model reconstructed from CT images is widely used in medical diagnosis. At different phases, the beating of the heart can cause deformation of vessels, resulting in different vascular imaging states and false positive diagnostic results. The 4D model can simulate a complete cardiac cycle. Due to the dose limitation of contrast agent injection in patients, it is valuable to synthesize a 4D coronary artery trees through finite phases imaging. In this paper, we propose a method for generating a 4D coronary artery trees, which maps the systole to the diastole through deformation field prediction, interpolates on the timeline, and the motion trajectory of points are obtained. Specifically, the centerline is used to represent vessels and to infer deformation fields using cube-based sorting and neural networks. Adjacent vessel points are aggregated and interpolated based on the deformation field of the centerline point to obtain displacement vectors of different phases. Finally, the proposed method is validated through experiments to achieve the registration of non-rigid vascular points and the generation of 4D coronary trees.","high","A1","1","A1=high","A1=The paper develops or evaluates a temporal correspondence, synchronization, delay, or sequence-representation mechanism for 4D-CAT: Synthesis of 4D Coronary Artery Trees from Systole and Diastole.","A1=Its mechanism is a plausible transfer to multimodal robot experience, action-observation alignment, or temporally aware policy training.","A1=true","expansion_round_1","","","arxiv:2409.01725","arxiv:2409.01725","263561550987285071","","","related-citers","","A1","false","false","false","false","A1/expansion-registry.json | A1/paper-registry-complete.json","A1/expansion-triage.jsonl"
"990","arxiv:2409.16978","3","MEDIUM","A3","Towards User-Focused Research in Training Data Attribution for Human-Centered Explainable AI","arxiv:2409.16978","Explainable AI (XAI) aims to make AI systems more transparent, yet many practices emphasise mathematical rigour over practical user needs. We propose an alternative to this model-centric approach by following a design thinking process for the emerging XAI field of training data attribution (TDA), which risks repeating solutionist patterns seen in other subfields. However, because TDA is in its early stages, there is a valuable opportunity to shape its direction through user-centred practices. We engage directly with machine learning developers via a needfinding interview study (N=6) and a scen","medium","A3","1","A3=medium","A3=The paper develops or evaluates Towards User-Focused Research in Training Data Attribution for Human-Centered Explainable AI, providing an adjacent mechanism for robust learning, attribution, evaluation, or data selection.","A3=It may transfer to robot experience curation or training intelligence, but its direct relevance requires verification.","A3=false","expansion_round_1","","2024","arxiv:2409.16978","","","","","firecrawl research related-papers","","A3","false","false","false","false","A3/expansion-registry.json | A3/paper-registry.json","A3/expansion-triage.jsonl"
"1003","arxiv:2410.04855","3","HIGH","A2","Unsupervised Skill Discovery for Robotic Manipulation through Automatic Task Generation","arxiv:2410.04855","Learning skills that interact with objects is of major importance for robotic manipulation. These skills can indeed serve as an efficient prior for solving various manipulation tasks. We propose a novel Skill Learning approach that discovers composable behaviors by solving a large and diverse number of autonomously generated tasks. Our method learns skills allowing the robot to consistently and robustly interact with objects in its environment. The discovered behaviors are embedded in primitives which can be composed with Hierarchical Reinforcement Learning to solve unseen manipulation tasks. In particular, we leverage Asymmetric Self-Play to discover behaviors and Multiplicative Compositional Policies to embed them. We compare our method to Skill Learning baselines and find that our skills are more interactive. Furthermore, the learned skills can be used to solve a set of unseen manipulation tasks, in simulation as well as on a real robotic platform.","high","A2","1","A2=high","A2=Discovers reusable temporal structure in sequential experience for downstream decision making or policy learning.","A2=The mechanism can turn long robot experience into reusable training units, skill memories, or better-conditioned policy targets.","A2=true","expansion_round_1","","2024","arxiv:2410.04855","","","","","","","A2","false","false","false","false","A2/expansion-pool.json | A2/expansion-pool.jsonl","A2/expansion-triage.jsonl"
"1016","arxiv:2410.17246","3","HIGH","A1","Learning Precise, Contact-Rich Manipulation through Uncalibrated Tactile Skins","arxiv:2410.17246","While visuomotor policy learning has advanced robotic manipulation, precisely executing contact-rich tasks remains challenging due to the limitations of vision in reasoning about physical interactions. To address this, recent work has sought to integrate tactile sensing into policy learning. However, many existing approaches rely on optical tactile sensors that are either restricted to recognition tasks or require complex dimensionality reduction steps for policy learning. In this work, we explore learning policies with magnetic skin sensors, which are inherently low-dimensional, highly sensitive, and inexpensive to integrate with robotic platforms. To leverage these sensors effectively, we present the Visuo-Skin (ViSk) framework, a simple approach that uses a transformer-based policy and treats skin sensor data as additional tokens alongside visual information. Evaluated on four complex real-world tasks involving credit card swiping, plug insertion, USB insertion, and bookshelf retrieval, ViSk significantly outperforms both vision-only and optical tactile sensing based policies. Further analysis reveals that combining tactile and visual modalities enhances policy performance and spatial generalization, achieving an average improvement of 27.5% across tasks. https://visuoskin.github.io/","high","A1","1","A1=high","A1=The paper develops or evaluates a temporal correspondence, synchronization, delay, or sequence-representation mechanism for Learning Precise, Contact-Rich Manipulation through Uncalibrated Tactile Skins.","A1=Its mechanism is a plausible transfer to multimodal robot experience, action-observation alignment, or temporally aware policy training.","A1=true","expansion_round_2","","","arxiv:2410.17246","arxiv:2410.17246","7153633365338612044","","","related-papers-round2 | related-papers-round3","","A1","false","false","false","false","A1/expansion-round2-registry.json | A1/expansion-round3-registry.json | A1/paper-registry-complete.json","A1/expansion-round2-triage.jsonl"
"1029","arxiv:2411.00361","3","HIGH","A2","Direct Preference Optimization for Primitive-Enabled Hierarchical RL: A Bilevel Approach","arxiv:2411.00361","Hierarchical reinforcement learning (HRL) enables agents to solve complex, long-horizon tasks by decomposing them into manageable sub-tasks. However, HRL methods face two fundamental challenges: (i) non-stationarity caused by the evolving lower-level policy during training, which destabilizes higher-level learning, and (ii) the generation of infeasible subgoals that lower-level policies cannot achieve. To address these challenges, we introduce DIPPER, a novel HRL framework that formulates goal-conditioned HRL as a bi-level optimization problem and leverages direct preference optimization (DPO) to train the higher-level policy. By learning from stationary preference comparisons over subgoal sequences rather than rewards that depend on the evolving lower-level policy, DIPPER mitigates the impact of non-stationarity on hierarchical learning. To address infeasible subgoals, DIPPER incorporates lower-level value function regularization that encourages the higher-level policy to propose achievable subgoals. We also introduce two novel metrics to quantitatively verify that DIPPER mitigates non-stationarity and infeasible subgoal generation issues in HRL. We perform empirical evaluations on challenging robotic navigation and manipulation benchmarks and show that DIPPER achieves upto 40% improvements over state-of-the-art baselines, demonstrating that preference-based methods can effectively alleviate persistent challenges in hierarchical","high","A2","1","A2=high","A2=Predicts or executes temporally extended action sequences or keypose-conditioned chunks to trade feedback frequency against longer-horizon control.","A2=Boundary and horizon choices determine the training unit, feedback latency, credit assignment, and compounding-error exposure in long-horizon robot learning.","A2=true","primary_assignment","Utsav Singh, Souradip Chakraborty, Wesley A. Suttle, Brian M. Sadler, Derrik E. Asher, Anit Kumar Sahu, Mubarak Shah, Vinay P. Namboodiri, Amrit Singh Bedi","2024","arxiv:2411.00361","arxiv:2411.00361","3637747461730837151","cs.LG","hierarchical reinforcement learning options subgoals initiation termination","search-papers","true","A2","false","false","false","false","A2/assigned-papers.json | A2/assigned-registry-inspected.json | A2/assigned-registry-inspected.jsonl | A2/canonical-pool.json | A2/canonical-pool.jsonl | A2/raw/q32-hierarchical-rl.json","A2/assigned-abstracts.jsonl | A2/triage.jsonl"
"1042","arxiv:2411.17690","3","MEDIUM","A1","Mechanisms of Multimodal Synchronization: Insights from Decoder-Based Video-Text-to-Speech Synthesis","arxiv:2411.17690","Unified decoder-only transformers have shown promise for multimodal generation, yet the mechanisms by which they synchronize modalities with heterogeneous sampling rates remain underexplored. We investigate these mechanisms through video-text-to-speech (VTTS) synthesis-a controlled task requiring fine-grained temporal alignment between sparse text, video, and continuous speech. Using a unified decoder-only transformer, dubbed Visatronic, trained on VoxCeleb2, we study: (i) how modalities contribute complementary information, (ii) how positional encoding strategies enable synchronization across heterogeneous rates, (iii) how modality ordering shapes the trade-off between in-domain performance and cross-domain transfer, (iv) how phoneme-level synchronization metrics provide diagnostic insight into per-phoneme timing errors. Our findings reveal that both ""global sequential indexing'' (unique position IDs across modalities) and ""co-temporal ordered indexing'' (identical IDs for temporally corresponding tokens) achieve strong synchronization performance, with co-temporal ordered indexing providing a simple mechanism without explicit timestamp metadata. Both text and video contribute complementary signals: text ensures intelligibility while video provides temporal cues and emotional expressiveness. Modality ordering reveals a consistent trade-off: video-first ordering achieves stronger in-domain performance while text-first ordering generalizes more robustly to unseen domains. Our findings also reveal, that diverse large-scale training enables transferable synchronization strategies. To enable fine-grained analysis, we also introduce TimeSync, a phoneme-level metric that reveals temporal misalignments overlooked by frame-level metrics. These insights establish VTTS as a valuable testbed for understanding temporal synchronization in unified multimodal decoders.","medium","A1","1","A1=medium","A1=A unified decoder studies global versus co-temporal positional indexing for synchronizing modalities with heterogeneous rates and introduces a fine-grained timing metric.","A1=Its indexing and diagnostic ideas may transfer to multimodal robot transformers, although the evidence comes from VTTS rather than robotics.","A1=true","primary_assignment","","","arxiv:2411.17690","arxiv:2411.17690","2097186268885686044","","q04-neural | q07-audiovisual","search-papers","","A1","false","false","false","false","A1/assigned-papers.json | A1/inspection-manifest.json | A1/paper-registry-complete.json | A1/paper-registry.json | A1/raw/q04-neural.json | A1/raw/q07-audiovisual.json","A1/assigned-abstracts.jsonl | A1/triage.jsonl"
"1055","arxiv:2412.11974","3","HIGH","A2","Emma-X: An Embodied Multimodal Action Model with Grounded Chain of Thought and Look-ahead Spatial Reasoning","arxiv:2412.11974","Traditional reinforcement learning-based robotic control methods are often task-specific and fail to generalize across diverse environments or unseen objects and instructions. Visual Language Models (VLMs) demonstrate strong scene understanding and planning capabilities but lack the ability to generate actionable policies tailored to specific robotic embodiments. To address this, Visual-Language-Action (VLA) models have emerged, yet they face challenges in long-horizon spatial reasoning and grounded task planning. In this work, we propose the Embodied Multimodal Action Model with Grounded Chain of Thought and Look-ahead Spatial Reasoning, Emma-X. Emma-X leverages our constructed hierarchical embodiment dataset based on BridgeV2, containing 60,000 robot manipulation trajectories auto-annotated with grounded task reasoning and spatial guidance. Additionally, we introduce a trajectory segmentation strategy based on gripper states and motion trajectories, which can help mitigate hallucination in grounding subtask reasoning generation. Experimental results demonstrate that Emma-X achieves superior performance over competitive baselines, particularly in real-world robotic tasks requiring spatial reasoning.","high","A2","1","A2=high","A2=Detects or learns semantically meaningful trajectory segments and uses them as variable-horizon action chunks or keypose-to-keypose control targets.","A2=Boundary and horizon choices determine the training unit, feedback latency, credit assignment, and compounding-error exposure in long-horizon robot learning.","A2=true","primary_assignment","Qi Sun, Pengfei Hong, Tej Deep Pala, Vernon Toh, U-Xuan Tan, Deepanway Ghosal, Soujanya Poria","2024","arxiv:2412.11974","arxiv:2412.11974","8293725161428362144","cs.AI | cs.CL | cs.CV | cs.RO","2025 2026 embodied learning trajectory compression skill segmentation","search-papers","false","A2","false","false","false","false","A2/assigned-papers.json | A2/assigned-registry-inspected.json | A2/assigned-registry-inspected.jsonl | A2/canonical-pool.json | A2/canonical-pool.jsonl | A2/raw/q44-2025-2026-compression.json","A2/assigned-abstracts.jsonl | A2/triage.jsonl"
"1068","arxiv:2501.06554","3","HIGH","A2","Hierarchical Reinforcement Learning for Optimal Agent Grouping in Cooperative Systems","arxiv:2501.06554","This paper presents a hierarchical reinforcement learning (RL) approach to address the agent grouping or pairing problem in cooperative multi-agent systems. The goal is to simultaneously learn the optimal grouping and agent policy. By employing a hierarchical RL framework, we distinguish between high-level decisions of grouping and low-level agents' actions. Our approach utilizes the CTDE (Centralized Training with Decentralized Execution) paradigm, ensuring efficient learning and scalable execution. We incorporate permutation-invariant neural networks to handle the homogeneity and cooperation among agents, enabling effective coordination. The option-critic algorithm is adapted to manage the hierarchical decision-making process, allowing for dynamic and optimal policy adjustments.","high","A2","1","A2=high","A2=Discovers reusable temporal structure in sequential experience for downstream decision making or policy learning.","A2=The mechanism connects temporal structure to data selection or learning efficiency in the Program A loop.","A2=true","expansion_round_1","","2025","arxiv:2501.06554","","","","","","","A2","false","false","false","false","A2/expansion-pool.json | A2/expansion-pool.jsonl","A2/expansion-triage.jsonl"
"1081","arxiv:2502.01218","3","HIGH","A2","Provable Ordering and Continuity in Vision-Language Pretraining for Generalizable Embodied Agents","arxiv:2502.01218","Pre-training vision-language representations on human action videos has emerged as a promising approach to reduce reliance on large-scale expert demonstrations for training embodied agents. However, prior methods often employ time contrastive learning based on goal-reaching heuristics, progressively aligning language instructions from the initial to the final frame. This overemphasis on future frames can result in erroneous vision-language associations, as actions may terminate early or include irrelevant moments in the end. To address this issue, we propose Action Temporal Coherence Learning (AcTOL) to learn ordered and continuous vision-language representations without rigid goal-based constraint. AcTOL treats a video as a continuous trajectory where it (1) contrasts semantic differences between frames to reflect their natural ordering, and (2) imposes a local Brownian bridge constraint to ensure smooth transitions across intermediate frames. Extensive imitation learning experiments on both simulated and real robots show that the pretrained features significantly enhance downstream manipulation tasks with high robustness to different linguistic styles of instructions, offering a viable pathway toward generalized embodied agents.","high","A2","1","A2=high","A2=Encodes or selects compact trajectory segments or latent plans so sequential experience can be retrieved, recombined, or reused.","A2=The mechanism can turn long robot experience into reusable training units, skill memories, or better-conditioned policy targets.","A2=true","expansion_round_1","","2025","arxiv:2502.01218","","","","","","","A2","false","false","false","false","A2/expansion-pool.json | A2/expansion-pool.jsonl","A2/expansion-triage.jsonl"
"1094","arxiv:2502.08623","3","HIGH","A3 | A5 | A8","Robot Data Curation with Mutual Information Estimators","arxiv:2502.08623","The performance of imitation learning policies often hinges on the datasets with which they are trained. Consequently, investment in data collection for robotics has grown across both industrial and academic labs. However, despite the marked increase in the quantity of demonstrations collected, little work has sought to assess the quality of said data despite mounting evidence of its importance in other areas such as vision and language. In this work, we take a critical step towards addressing the data quality in robotics. Given a dataset of demonstrations, we aim to estimate the relative quality of individual demonstrations in terms of both action diversity and predictability. To do so, we estimate the average contribution of a trajectory towards the mutual information between states and actions in the entire dataset, which captures both the entropy of the marginal action distribution and the state-conditioned action entropy. Though commonly used mutual information estimators require vast amounts of data often beyond the scale available in robotics, we introduce a novel technique based on k-nearest neighbor estimates of mutual information on top of simple VAE embeddings of states and actions. Empirically, we demonstrate that our approach is able to partition demonstration datasets by quality according to human expert scores across a diverse set of benchmarks spanning simulation and real world environments. Moreover, training policies based on data filtered by our method leads to a 5-10% improvement in RoboMimic and better performance on real ALOHA and Franka setups.","high","A3 | A5 | A8","3","A3=high | A5=high | A8=high","A3=Mutual-information estimators rank demonstrations by their expected information about useful robot behavior. | A5=The performance of imitation learning policies often hinges on the datasets with which they are trained. | A8=It estimates each demonstration's contribution to state-action mutual information using k-nearest-neighbor estimators over VAE embeddings and filters by estimated quality.","A3=Information-based curation can distinguish informative variation from redundant or unhelpful quantity. | A5=The expansion tests whether this weighting mechanism adds a reusable way to control which robot experience influences policy training. | A8=It offers a representation-based usefulness score with reported gains after selecting demonstrations for imitation learning.","A3=true | A5=true | A8=true","expansion_round_1 | primary_assignment","Joey Hejna | Suvir Mirchandani | Ashwin Balakrishna | Annie Xie | Ayzaan Wahid | Jonathan Tompson | Pannag Sanketi | Dhruv Shah | Coline Devin | Dorsa Sadigh","2025","arxiv:2502.08623","arxiv:2502.08623","7446765129651256717","cs.RO","2024 2025 robot data subsequence selection useful trajectories | A8 | q05-synonyms | q06-trajectory-quality | q07-synonyms | q24-recent-quality | q25-recent | q27-recent","firecrawl research search-papers | search-papers","false | recent","A3","false","false","false","false","A2/canonical-pool.json | A2/canonical-pool.jsonl | A2/raw/q42-2024-2025-subsequence.json | A3/assigned-papers.json | A3/evidence-index.json | A3/expansion-registry.json | A3/paper-registry.json | A3/raw/q06-trajectory-quality.txt | A3/raw/q24-recent-quality.txt | A3/round2-registry.json | A4/canonical-registry.jsonl | A4/expansion/expansion-registry.jsonl | A4/raw/q01-direct.json | A4/raw/q08-information-gain.json | A4/raw/q13-harmful-demo.json | A5/expansion/inspection-manifest.json | A5/expansion/raw/round1-citers.json | A5/expansion/raw/round1-similar.json | A5/expansion/read-manifest.json | A8/raw/q05-synonyms.json | A8/raw/q07-synonyms.json | A8/raw/q25-recent.json | A8/raw/q27-recent.json | A8/work/assigned-papers.json | A8/work/canonical-pool.jsonl","A3/abstract-triage.jsonl | A5/expansion/round1-triage.jsonl | A8/work/abstract-triage.jsonl | A8/work/assigned-abstracts.jsonl"
"1107","arxiv:2502.20630","3","HIGH","A2","Subtask-Aware Visual Reward Learning from Segmented Demonstrations","arxiv:2502.20630","Reinforcement Learning (RL) agents have demonstrated their potential across various robotic tasks. However, they still heavily rely on human-engineered reward functions, requiring extensive trial-and-error and access to target behavior information, often unavailable in real-world settings. This paper introduces REDS: REward learning from Demonstration with Segmentations, a novel reward learning framework that leverages action-free videos with minimal supervision. Specifically, REDS employs video demonstrations segmented into subtasks from diverse sources and treats these segments as ground-truth rewards. We train a dense reward function conditioned on video segments and their corresponding subtasks to ensure alignment with ground-truth reward signals by minimizing the Equivalent-Policy Invariant Comparison distance. Additionally, we employ contrastive learning objectives to align video representations with subtasks, ensuring precise subtask inference during online interactions. Our experiments show that REDS significantly outperforms baseline methods on complex robotic manipulation tasks in Meta-World and more challenging real-world tasks, such as furniture assembly in FurnitureBench, with minimal human intervention. Moreover, REDS facilitates generalization to unseen tasks and robot embodiments, highlighting its potential for scalable deployment in diverse environments.","high","A2","1","A2=high","A2=Localizes event, phase, or subtask boundaries by modeling changes in multimodal observations, dynamics, language, or latent sequence structure.","A2=Boundary and horizon choices determine the training unit, feedback latency, credit assignment, and compounding-error exposure in long-horizon robot learning.","A2=true","primary_assignment","Changyeon Kim, Minho Heo, Doohyun Lee, Jinwoo Shin, Honglak Lee, Joseph J. Lim, Kimin Lee","2025","arxiv:2502.20630","arxiv:2502.20630","2372249564863941971","cs.AI | cs.CV | cs.LG | cs.RO","contrastive temporal distance skill boundary detection robotics | robot manipulation demonstration segmentation subtask boundaries temporally extended actions","search-papers","false","A2","false","false","false","false","A2/assigned-papers.json | A2/assigned-registry-inspected.json | A2/assigned-registry-inspected.jsonl | A2/canonical-pool.json | A2/canonical-pool.jsonl | A2/raw/q02-direct.json | A2/raw/q14-contrastive.json","A2/assigned-abstracts.jsonl | A2/triage.jsonl"
"1120","arxiv:2503.06669","3","HIGH","A6 | A7","AgiBot World Colosseo: A Large-scale Manipulation Platform for Scalable and Intelligent Embodied Systems","arxiv:2503.06669","We explore how scalable robot data can address real-world challenges for generalized robotic manipulation. Introducing AgiBot World, a large-scale platform comprising over 1 million trajectories across 217 tasks in five deployment scenarios, we achieve an order-of-magnitude increase in data scale compared to existing datasets. Accelerated by a standardized collection pipeline with human-in-the-loop verification, AgiBot World guarantees high-quality and diverse data distribution. It is extensible from grippers to dexterous hands and visuo-tactile sensors for fine-grained skill acquisition. Building on top of data, we introduce Genie Operator-1 (GO-1), a novel generalist policy that leverages latent action representations to maximize data utilization, demonstrating predictable performance scaling with increased data volume. Policies pre-trained on our dataset achieve an average performance improvement of 30% over those trained on Open X-Embodiment, both in in-domain and out-of-distribution scenarios. GO-1 exhibits exceptional capability in real-world dexterous and long-horizon tasks, achieving over 60% success rate on complex tasks and outperforming prior RDT approach by 32%. By open-sourcing the dataset, tools, and models, we aim to democratize access to large-scale, high-quality robot data, advancing the pursuit of scalable and general-purpose intelligence.","high","A6 | A7","2","A6=medium | A7=high","A6=Estimates demonstration quality or latent expertise to filter, weight, or optimize learning from mixed-quality experience. | A7=Combines standardized human-in-the-loop collection across tasks, scenarios, embodiments, and sensors with a policy that exposes predictable performance scaling.","A6=Shows how heterogeneous demonstrations can contribute without treating every transition as equally trustworthy. | A7=It links collection protocol, diversity, scale, and downstream OOD performance in a large real-robot corpus.","A6=false | A7=true","expansion_round_1 | primary_assignment","AgiBot-World-Contributors, Qingwen Bu, Jisong Cai, Li Chen, Xiuqi Cui, Yan Ding, Siyuan Feng, Shenyuan Gao, Xindong He, Xuan Hu, Xu Huang, Shu Jiang, Yuxin Jiang, Cheng Jing, Hongyang Li, Jialu Li, Chiming Liu, Yi Liu, Yuxiang Lu, Jianlan Luo, Ping Luo, Yao Mu, Yuehan Niu, Yixuan Pan, Jiangmiao Pang, Yu Qiao, Guanghui Ren, Cheng Ruan, Jiaqi Shan, Yongjian Shen, Chengshi Shi, Mingkang Shi, Modi Shi, Chonghao Sima, Jianheng Song, Huijie Wang, Wenhao Wang, Dafeng Wei, Chengen Xie, Guo Xu, Junchi Yan, Cunbiao Yang, Lei Yang, Shukai Yang, Maoqing Yao, Jia Zeng, Chi Zhang, Qinglin Zhang, Bin Zhao, Chengyue Zhao, Jiaqi Zhao, Jianchao Zhu","2025","arxiv:2503.06669","arxiv:2503.06669","2191557420340195570","cs.CV | cs.LG | cs.RO","q24-recent-quality","related-papers | search-papers","recent","A3 | A7","false","true","true","true","A3/paper-registry.json | A3/raw/q24-recent-quality.txt | A6/expansion/canonical-pool.jsonl | A7/raw/q01-direct-terms.json | A7/raw/q02-synonyms.json | A7/raw/q05-synonyms.json | A7/raw/q07-multitask.json | A7/raw/q11-scaling-laws.json | A7/raw/q32-recent-scaling.json | A7/raw/q37-trajectory-composition.json | A7/raw/q39-quality-vs-diversity.json | A7/work/assigned-papers.json | A7/work/assigned-papers.jsonl | A7/work/expansion-registry.json | A7/work/expansion-registry.jsonl | A7/work/paper-registry.json | A7/work/paper-registry.jsonl | A7/work/read-manifest.json | A7/work/verified-paper-registry.json | A7/work/verified-paper-registry.jsonl | A8/raw/q16-outcome.json | A8/work/canonical-pool.jsonl","A6/expansion/triage.jsonl | A7/work/abstract-triage.jsonl | A7/work/assigned-abstracts.jsonl"
"1133","arxiv:2503.14734","3","HIGH","A4 | A8","GR00T N1: An Open Foundation Model for Generalist Humanoid Robots","arxiv:2503.14734","General-purpose robots need a versatile body and an intelligent mind. Recent advancements in humanoid robots have shown great promise as a hardware platform for building generalist autonomy in the human world. A robot foundation model, trained on massive and diverse data sources, is essential for enabling the robots to reason about novel situations, robustly handle real-world variability, and rapidly learn new tasks. To this end, we introduce GR00T N1, an open foundation model for humanoid robots. GR00T N1 is a Vision-Language-Action (VLA) model with a dual-system architecture. The vision-language module (System 2) interprets the environment through vision and language instructions. The subsequent diffusion transformer module (System 1) generates fluid motor actions in real time. Both modules are tightly coupled and jointly trained end-to-end. We train GR00T N1 with a heterogeneous mixture of real-robot trajectories, human videos, and synthetically generated datasets. We show that our generalist robot model GR00T N1 outperforms the state-of-the-art imitation learning baselines on standard simulation benchmarks across multiple robot embodiments. Furthermore, we deploy our model on the Fourier GR-1 humanoid robot for language-conditioned bimanual manipulation tasks, achieving strong performance with high data efficiency.","high","A4 | A8","2","A4=high | A8=medium","A4=Connects trajectory or dataset composition to downstream policy or model behavior. | A8=A multimodal foundation model pretrains on heterogeneous robot and human data and maps language and vision to humanoid actions.","A4=It directly informs curation of robot experience or a transferable policy-data loop. | A8=It supplies a broad embodiment-transfer target for evaluating whether fleet data improve generalist representations.","A4=true | A8=true","expansion_round_1","","","arxiv:2503.14734 | paper:2883908745751492350 | paperid:2883908745751492350","arxiv:2503.14734","paper:2883908745751492350","","60 | 68","related-paper-expansion | related-papers","general | recent","A4 | A8","false","false","false","true","A4/expansion/expansion-registry.jsonl | A4/expansion/round3/registry.jsonl | A4/expansion/round4/registry.jsonl | A5/canonical-pool.jsonl | A5/expansion/raw/round2-similar.json | A5/expansion/raw/round3-similar.json | A5/paper-registry.json | A8/work/expansion-novel.jsonl | A8/work/expansion-pool.jsonl","A4/expansion/expansion-triage.jsonl | A8/work/expansion-triage.jsonl"
"1146","arxiv:2503.22145","3","MEDIUM","A1","Tokenization of Gaze Data","arxiv:2503.22145","A considerable part of the performance of today's large language models (LLM's) and multimodal large language models (MLLM's) depends on their tokenization strategies. While tokenizers are extensively researched for textual and visual input, there is no research on tokenization strategies for gaze data due to its nature. However, a corresponding tokenization strategy would allow using the vision capabilities of pre-trained MLLM's for gaze data, for example, through fine-tuning. In this paper, we aim to close this research gap by analyzing five different tokenizers for gaze data on three different datasets for the forecasting and generation of gaze data through LLMs (cf. fig:teaser). We evaluate the tokenizers regarding their reconstruction and compression abilities. Further, we train an LLM for each tokenization strategy, measuring its generative and predictive performance. Overall, we found that a quantile tokenizer outperforms all others in predicting the gaze positions and k-means is best when predicting gaze velocities.","medium","A1","1","A1=medium","A1=The paper develops or evaluates a temporal correspondence, synchronization, delay, or sequence-representation mechanism for Tokenization of Gaze Data.","A1=Its adjacent-domain method may provide a transferable alignment idea, but the robot transfer path requires verification.","A1=true","expansion_round_1","","","arxiv:2503.22145","arxiv:2503.22145","8712523804497733235","","","related-citers","","A1","false","false","false","false","A1/expansion-registry.json | A1/paper-registry-complete.json","A1/expansion-triage.jsonl"
"1159","arxiv:2504.12609","3","HIGH","A1","Crossing the Human-Robot Embodiment Gap with Sim-to-Real RL using One Human Demonstration","arxiv:2504.12609","Teaching robots dexterous manipulation skills often requires collecting hundreds of demonstrations using wearables or teleoperation, a process that is challenging to scale. Videos of human-object interactions are easier to collect and scale, but leveraging them directly for robot learning is difficult due to the lack of explicit action labels and human-robot embodiment differences. We propose Human2Sim2Robot, a novel real-to-sim-to-real framework for training dexterous manipulation policies using only one RGB-D video of a human demonstrating a task. Our method utilizes reinforcement learning (RL) in simulation to cross the embodiment gap without relying on wearables, teleoperation, or large-scale data collection. From the video, we extract: (1) the object pose trajectory to define an object-centric, embodiment-agnostic reward, and (2) the pre-manipulation hand pose to initialize and guide exploration during RL training. These components enable effective policy learning without any task-specific reward tuning. In the single human demo regime, Human2Sim2Robot outperforms object-aware replay by over 55% and imitation learning by over 68% on grasping, non-prehensile manipulation, and multi-step tasks. Website: https://human2sim2robot.github.io","high","A1","1","A1=high","A1=The paper develops or evaluates a temporal correspondence, synchronization, delay, or sequence-representation mechanism for Crossing the Human-Robot Embodiment Gap with Sim-to-Real RL using One Human Demonstration.","A1=Its mechanism is a plausible transfer to multimodal robot experience, action-observation alignment, or temporally aware policy training.","A1=true","expansion_round_1","","","arxiv:2504.12609","arxiv:2504.12609","5675170532922735442","","63","related-similar","recent","A1","false","false","false","false","A1/expansion-registry.json | A1/paper-registry-complete.json | A5/canonical-pool.jsonl | A5/paper-registry.json","A1/expansion-triage.jsonl"
"1172","arxiv:2505.01974","3","HIGH","A1","KineDex: Learning Tactile-Informed Visuomotor Policies via Kinesthetic Teaching for Dexterous Manipulation","arxiv:2505.01974","Collecting demonstrations enriched with fine-grained tactile information is critical for dexterous manipulation, particularly in contact-rich tasks that require precise force control and physical interaction. While prior works primarily focus on teleoperation or video-based retargeting, they often suffer from kinematic mismatches and the absence of real-time tactile feedback, hindering the acquisition of high-fidelity tactile data. To mitigate this issue, we propose KineDex, a hand-over-hand kinesthetic teaching paradigm in which the operator's motion is directly transferred to the dexterous hand, enabling the collection of physically grounded demonstrations enriched with accurate tactile feedback. To resolve occlusions from human hand, we apply inpainting technique to preprocess the visual observations. Based on these demonstrations, we then train a visuomotor policy using tactile-augmented inputs and implement force control during deployment for precise contact-rich manipulation. We evaluate KineDex on a suite of challenging contact-rich manipulation tasks, including particularly difficult scenarios such as squeezing toothpaste onto a toothbrush, which require precise multi-finger coordination and stable force regulation. Across these tasks, KineDex achieves an average success rate of 74.4%, representing a 57.7% improvement over the variant without force control. Comparative experiments with teleoperation and user studies further validate the advantages of KineDex in data collection efficiency and operability. Specifically, KineDex collects data over twice as fast as teleoperation across two tasks of varying difficulty, while maintaining a near-100% success rate, compared to under 50% for teleoperation.","high","A1","1","A1=high","A1=The paper develops or evaluates a temporal correspondence, synchronization, delay, or sequence-representation mechanism for KineDex: Learning Tactile-Informed Visuomotor Policies via Kinesthetic Teaching for Dexterous Manipulation.","A1=Its mechanism is a plausible transfer to multimodal robot experience, action-observation alignment, or temporally aware policy training.","A1=true","expansion_round_2","","","arxiv:2505.01974","arxiv:2505.01974","7091995957273612236","","","related-papers-round2","","A1","false","false","false","false","A1/expansion-round2-registry.json | A1/paper-registry-complete.json","A1/expansion-round2-triage.jsonl"
"1185","arxiv:2505.08453","3","HIGH","A1 | A8","Parameter Estimation using Reinforcement Learning Causal Curiosity: Limits and Challenges","arxiv:2505.08453","Causal understanding is important in many disciplines of science and engineering, where we seek to understand how different factors in the system causally affect an experiment or situation and pave a pathway towards creating effective or optimising existing models. Examples of use cases are autonomous exploration and modelling of unknown environments or assessing key variables in optimising large complex systems. In this paper, we analyse a Reinforcement Learning approach called Causal Curiosity, which aims to estimate as accurately and efficiently as possible, without directly measuring them, the value of factors that causally determine the dynamics of a system. Whilst the idea presents a pathway forward, measurement accuracy is the foundation of methodology effectiveness. Focusing on the current causal curiosity's robotic manipulator, we present for the first time a measurement accuracy analysis of the future potentials and current limitations of this technique and an analysis of its sensitivity and confounding factor disentanglement capability - crucial for causal analysis. As a result of our work, we promote proposals for an improved and efficient design of Causal Curiosity methods to be applied to real-world complex scenarios.","high","A1 | A8","2","A1=low | A8=high","A1=The abstract does not expose a clear temporal mechanism connected to the lane. | A8=Causal curiosity rewards interventions that improve parameter estimates while exposing limits of naive prediction-error curiosity.","A1=Its mechanism is a plausible transfer to multimodal robot experience, action-observation alignment, or temporally aware policy training. | A8=It directly links causal information gain to selecting system-identification experience.","A1=false | A8=true","expansion_round_1 | expansion_round_3","","","arxiv:2505.08453 | paperid:9031226351075876141","arxiv:2505.08453","9031226351075876141","","","related-citers","","A1","false","false","false","true","A1/expansion-registry.json | A1/paper-registry-complete.json | A8/work/expansion-round3-novel.jsonl","A1/expansion-triage.jsonl | A8/work/expansion-round3-triage.jsonl"
"1198","arxiv:2505.13982","3","HIGH","A1","Adaptive Visuo-Tactile Fusion with Predictive Force Attention for Dexterous Manipulation","arxiv:2505.13982","Effectively utilizing multi-sensory data is important for robots to generalize across diverse tasks. However, the heterogeneous nature of these modalities makes fusion challenging. Existing methods propose strategies to obtain comprehensively fused features but often ignore the fact that each modality requires different levels of attention at different manipulation stages. To address this, we propose a force-guided attention fusion module that adaptively adjusts the weights of visual and tactile features without human labeling. We also introduce a self-supervised future force prediction auxiliary task to reinforce the tactile modality, improve data imbalance, and encourage proper adjustment. Our method achieves an average success rate of 93% across three fine-grained, contactrich tasks in real-world experiments. Further analysis shows that our policy appropriately adjusts attention to each modality at different manipulation stages. The videos can be viewed at https://adaptac-dex.github.io/.","high","A1","1","A1=high","A1=The paper develops or evaluates a temporal correspondence, synchronization, delay, or sequence-representation mechanism for Adaptive Visuo-Tactile Fusion with Predictive Force Attention for Dexterous Manipulation.","A1=Its mechanism is a plausible transfer to multimodal robot experience, action-observation alignment, or temporally aware policy training.","A1=true","expansion_round_2","","","arxiv:2505.13982","arxiv:2505.13982","8872547048161914968","","","related-papers-round2 | related-papers-round3","","A1","false","false","false","false","A1/expansion-round2-registry.json | A1/expansion-round3-registry.json | A1/paper-registry-complete.json","A1/expansion-round2-triage.jsonl"
"1211","arxiv:2505.20503","3","MEDIUM","A5","Embodied AI with Foundation Models for Mobile Service Robots: A Systematic Review","arxiv:2505.20503","Rapid advancements in foundation models, including Large Language Models, Vision-Language Models, Multimodal Large Language Models, and Vision-Language-Action Models, have opened new avenues for embodied AI in mobile service robotics. By combining foundation models with the principles of embodied AI, where intelligent systems perceive, reason, and act through physical interaction, mobile service robots can achieve more flexible understanding, adaptive behavior, and robust task execution in dynamic real-world environments. Despite this progress, embodied AI for mobile service robots continues to face fundamental challenges related to the translation of natural language instructions into executable robot actions, multimodal perception in human-centered environments, uncertainty estimation for safe decision-making, and computational constraints for real-time onboard deployment. In this paper, we present the first systematic review focused specifically on the integration of foundation models in mobile service robotics. We analyze how recent advances in foundation models address these core challenges through language-conditioned control, multimodal sensor fusion, uncertainty-aware reasoning, and efficient model scaling. We further examine real-world applications in domestic assistance, healthcare, and service automation, highlighting how foundation models enable context-aware, socially responsive, and generalizable robot behaviors. Beyond technical considerations, we discuss ethical, societal, and human-interaction implications associated with deploying foundation model-enabled service robots in human environments. Finally, we outline future research directions emphasizing reliability and lifelong adaptation, privacy-aware and resource-constrained deployment, and governance and human-in-the-loop frameworks required for safe, scalable, and trustworthy mobile service robotics.","medium","A5","1","A5=medium","A5=By combining foundation models with the principles of embodied AI, where intelligent systems perceive, reason, and act through physical interaction, mobile service robots can achieve more flexible understanding, adaptive behavior, and robust task execution in dynamic real-worl.","A5=This adaptive mixture neighbor tests whether the expansion adds a reusable mechanism for controlling robot experience in policy training.","A5=true","expansion_round_2","","","arxiv:2505.20503","arxiv:2505.20503","5072644568159972777","","","","","A5","false","false","false","false","A5/expansion/raw/round2-citers.json | A5/expansion/raw/round3-citers.json","A5/expansion/round2-triage.jsonl"
"1224","arxiv:2506.04147","3","HIGH","A2","SLAC: Safe and Efficient Real-Robot Reinforcement Learning via Unsupervised Simulation Pre-Training","arxiv:2506.04147","Building capable household and industrial robots requires mastering the control of versatile, high-degree-of-freedom (DoF) systems such as mobile manipulators. While reinforcement learning (RL) holds promise for autonomously acquiring robot control policies, scaling it to high-DoF embodiments remains challenging. Direct RL in the real world demands both safe exploration and high sample efficiency, which are difficult to achieve in practice. Sim-to-real RL, on the other hand, is often brittle due to the reality gap. This paper introduces SLAC, a method that renders real-world RL feasible for complex embodiments by leveraging a low-fidelity simulator to pretrain a task-agnostic latent action space. SLAC trains this latent action space via a customized unsupervised skill discovery method designed to promote temporal abstraction, disentanglement, and safety, thereby facilitating efficient downstream learning. Once a latent action space is learned, SLAC uses it as the action interface for a novel off-policy RL algorithm to autonomously learn downstream tasks through real-world interactions. We evaluate SLAC against existing methods on a suite of bimanual mobile manipulation tasks, where it achieves state-of-the-art performance. Notably, SLAC learns contact-rich whole-body tasks in under an hour of real-world interactions, without relying on any demonstrations or hand-crafted behavior priors. More information and robot videos at robo-rl.github.io","high","A2","1","A2=high","A2=Uses temporally extended actions, keyposes, or learned macro-actions to expose multi-step structure while retaining feedback or planning control.","A2=The mechanism can turn long robot experience into reusable training units, skill memories, or better-conditioned policy targets.","A2=true","expansion_round_1","","2025","arxiv:2506.04147","","","","","","","A2","false","false","false","false","A2/expansion-pool.json | A2/expansion-pool.jsonl","A2/expansion-triage.jsonl"
"1237","arxiv:2506.10790","3","HIGH","A1","Human-Robot Navigation using Event-based Cameras and Reinforcement Learning","arxiv:2506.10790","This work introduces a robot navigation controller that combines event cameras and other sensors with reinforcement learning to enable real-time human-centered navigation and obstacle avoidance. Unlike conventional image-based controllers, which operate at fixed rates and suffer from motion blur and latency, this approach leverages the asynchronous nature of event cameras to process visual information over flexible time intervals, enabling adaptive inference and control. The framework integrates event-based perception, additional range sensing, and policy optimization via Deep Deterministic Policy Gradient, with an initial imitation learning phase to improve sample efficiency. Promising results are achieved in simulated environments, demonstrating robust navigation, pedestrian following, and obstacle avoidance. A demo video is available at the project website.","high","A1","1","A1=high","A1=The paper develops or evaluates a temporal correspondence, synchronization, delay, or sequence-representation mechanism for Human-Robot Navigation using Event-based Cameras and Reinforcement Learning.","A1=Its mechanism is a plausible transfer to multimodal robot experience, action-observation alignment, or temporally aware policy training.","A1=true","expansion_round_1","","","arxiv:2506.10790","arxiv:2506.10790","7485814310455548123","","","related-references","","A1","false","false","false","false","A1/expansion-inspection-manifest.json | A1/expansion-registry.json | A1/expansion-round2-registry.json | A1/paper-registry-complete.json","A1/expansion-triage.jsonl"
"1250","arxiv:2506.15157","3","HIGH","A3 | A6","Robust Instant Policy: Leveraging Student's t-Regression Model for Robust In-context Imitation Learning of Robot Manipulation","arxiv:2506.15157","Imitation learning (IL) aims to enable robots to perform tasks autonomously by observing a few human demonstrations. Recently, a variant of IL, called In-Context IL, utilized off-the-shelf large language models (LLMs) as instant policies that understand the context from a few given demonstrations to perform a new task, rather than explicitly updating network models with large-scale demonstrations. However, its reliability in the robotics domain is undermined by hallucination issues such as LLM-based instant policy, which occasionally generates poor trajectories that deviate from the given demo","high","A3 | A6","2","A3=high | A6=medium","A3=Student-t regression makes in-context robot imitation less sensitive to hallucinated or poor demonstration-conditioned actions. | A6=Studies how non-ideal sequential experience or feedback can improve decision-making beyond success-only imitation.","A3=It transfers robust estimation to few-shot VLA-style policies where bad examples can immediately steer behavior. | A6=Offers an adjacent conceptual transfer for representing and using imperfect robot experience.","A3=true | A6=true","primary_assignment","Hanbit Oh | Andrea M. Salcedo-Vázquez | Ixchel G. Ramirez-Alpizar | Yukiyasu Domae","2025","arxiv:2506.15157","arxiv:2506.15157","8889269536884780073","cs.CV | cs.RO","q22-safe-bad-data | q31-recent-mixed-quality","firecrawl research search-papers | search-papers","","A3 | A6","true","true","false","true","A3/assigned-papers.json | A3/evidence-index.json | A3/paper-registry.json | A3/raw/q22-safe-bad-data.txt | A6/raw-retrieval/q31-recent-mixed-quality.json | A6/registry-assignment.jsonl | A6/work/assigned-registry-inspected.jsonl | A6/work/assigned-registry-preinspect.jsonl | A6/work/canonical-pool.jsonl | A6/work/evidence-index.jsonl","A3/abstract-triage.jsonl | A6/triage.jsonl"
"1263","arxiv:2506.24113","3","HIGH","A1","Epona: Autoregressive Diffusion World Model for Autonomous Driving","arxiv:2506.24113","Diffusion models have demonstrated exceptional visual quality in video generation, making them promising for autonomous driving world modeling. However, existing video diffusion-based world models struggle with flexible-length, long-horizon predictions and integrating trajectory planning. This is because conventional video diffusion models rely on global joint distribution modeling of fixed-length frame sequences rather than sequentially constructing localized distributions at each timestep. In this work, we propose Epona, an autoregressive diffusion world model that enables localized spatiotemporal distribution modeling through two key innovations: 1) Decoupled spatiotemporal factorization that separates temporal dynamics modeling from fine-grained future world generation, and 2) Modular trajectory and video prediction that seamlessly integrate motion planning with visual modeling in an end-to-end framework. Our architecture enables high-resolution, long-duration generation while introducing a novel chain-of-forward training strategy to address error accumulation in autoregressive loops. Experimental results demonstrate state-of-the-art performance with 7.4% FVD improvement and minutes longer prediction duration compared to prior works. The learned world model further serves as a real-time motion planner, outperforming strong end-to-end planners on NAVSIM benchmarks. Code will be publicly available at https://github.com/Kevin-thu/Epona/https://github.com/Kevin-thu/Epona/.","high","A1","1","A1=high","A1=The paper develops or evaluates a temporal correspondence, synchronization, delay, or sequence-representation mechanism for Epona: Autoregressive Diffusion World Model for Autonomous Driving.","A1=Its mechanism is a plausible transfer to multimodal robot experience, action-observation alignment, or temporally aware policy training.","A1=true","expansion_round_2","","","arxiv:2506.24113","arxiv:2506.24113","5928007629758993501","","","related-papers-round2","","A1","false","false","false","false","A1/expansion-round2-registry.json | A1/paper-registry-complete.json","A1/expansion-round2-triage.jsonl"
"1276","arxiv:2507.08707","3","HIGH","A6","SPLASH! Sample-efficient Preference-based inverse reinforcement learning for Long-horizon Adversarial tasks from Suboptimal Hierarchical demonstrations","arxiv:2507.08707","Inverse Reinforcement Learning (IRL) presents a powerful paradigm for learning complex robotic tasks from human demonstrations. However, most approaches make the assumption that expert demonstrations are available, which is often not the case. Those that allow for suboptimality in the demonstrations are not designed for long-horizon goals or adversarial tasks. Many desirable robot capabilities fall into one or both of these categories, thus highlighting a critical shortcoming in the ability of IRL to produce field-ready robotic agents. We introduce Sample-efficient Preference-based inverse reinforcement learning for Long-horizon Adversarial tasks from Suboptimal Hierarchical demonstrations (SPLASH), which advances the state-of-the-art in learning from suboptimal demonstrations to long-horizon and adversarial settings. We empirically validate SPLASH on a maritime capture-the-flag task in simulation, and demonstrate real-world applicability with sim-to-real translation experiments on autonomous unmanned surface vehicles. We show that our proposed methods allow SPLASH to significantly outperform the state-of-the-art in reward learning from suboptimal demonstrations.","high","A6","1","A6=high","A6=Infers quality, reward, value, or preferences from mixed-outcome demonstrations to reweight or improve actions.","A6=Turns success, failure, and relative-quality signals into supervision for experience selection or policy improvement.","A6=true","primary_assignment","Peter Crowley, Zachary Serlin, Tyler Paine, Makai Mann, Michael Benjamin, Calin Belta","2025","arxiv:2507.08707","arxiv:2507.08707","2702300622065092087","cs.LG | cs.RO","q05-syn-suboptimal-demo | q12-mech-offline-failures | q26-found-irl","related-papers","","A6","true","true","false","false","A6/expansion/canonical-pool.jsonl | A6/raw-retrieval/q05-syn-suboptimal-demo.json | A6/raw-retrieval/q12-mech-offline-failures.json | A6/raw-retrieval/q26-found-irl.json | A6/registry-assignment.jsonl | A6/work/assigned-registry-inspected.jsonl | A6/work/assigned-registry-preinspect.jsonl | A6/work/canonical-pool.jsonl | A6/work/evidence-index.jsonl","A6/triage.jsonl"
"1289","arxiv:2507.17294","3","HIGH","A1","VLA-Touch: Enhancing Vision-Language-Action Models with Dual-Level Tactile Feedback","arxiv:2507.17294","Tactile feedback is generally recognized to be crucial for effective interaction with the physical world. However, state-of-the-art Vision-Language-Action (VLA) models lack the ability to interpret and use tactile signals, limiting their effectiveness in contact-rich tasks. Incorporating tactile feedback into these systems is challenging due to the absence of large multi-modal datasets. We present VLA-Touch, an approach that enhances generalist robot policies with tactile sensing without fine-tuning the base VLA. Our method introduces two key innovations: (1) a pipeline that leverages a pretrained tactile-language model that provides semantic tactile feedback for high-level task planning, and (2) a diffusion-based controller that refines VLA-generated actions with tactile signals for contact-rich manipulation. Through real-world experiments, we demonstrate that our dual-level integration of tactile feedback improves task planning efficiency while enhancing execution precision. Code is open-sourced at https://github.com/jxbi1010/VLA-Touchthis URL.","high","A1","1","A1=high","A1=The paper develops or evaluates a temporal correspondence, synchronization, delay, or sequence-representation mechanism for VLA-Touch: Enhancing Vision-Language-Action Models with Dual-Level Tactile Feedback.","A1=Its mechanism is a plausible transfer to multimodal robot experience, action-observation alignment, or temporally aware policy training.","A1=true","expansion_round_2","","","arxiv:2507.17294","arxiv:2507.17294","7223458891594377732","","","related-papers-round2 | related-papers-round3","","A1","false","false","false","false","A1/expansion-round2-registry.json | A1/expansion-round3-registry.json | A1/paper-registry-complete.json","A1/expansion-round2-triage.jsonl"
"1302","arxiv:2508.06426","3","HIGH","A7 | A8","Shortcut Learning in Generalist Robot Policies: The Role of Dataset Diversity and Fragmentation","arxiv:2508.06426","Generalist robot policies trained on large-scale datasets such as Open X-Embodiment (OXE) demonstrate strong performance across a wide range of tasks. However, they often struggle to generalize beyond the distribution of their training data. In this paper, we investigate the underlying cause of this limited generalization capability. We identify shortcut learning -- the reliance on task-irrelevant features -- as a key impediment to generalization. Through comprehensive theoretical and empirical analysis, we uncover two primary contributors to shortcut learning: (1) limited diversity within individual sub-datasets, and (2) significant distributional disparities across sub-datasets, leading to dataset fragmentation. These issues arise from the inherent structure of large-scale datasets like OXE, which are typically composed of multiple sub-datasets collected independently across varied environments and embodiments. Our findings provide critical insights into dataset collection strategies that can reduce shortcut learning and enhance the generalization ability of generalist robot policies. Moreover, in scenarios where acquiring new large-scale data is impractical, we demonstrate that carefully selected robotic data augmentation strategies can effectively reduce shortcut learning in existing offline datasets, thereby improving generalization capabilities of generalist robot policies, e.g., π₀, in both simulation and real-world environments. More information at https://lucky-light-sun.github.io/proj/shortcut-learning-in-grps/.","high","A7 | A8","2","A7=high | A8=high","A7=Diagnoses shortcut learning caused by narrow sub-datasets and distributional fragmentation, then uses targeted augmentation to reduce spurious cues. | A8=Controlled dataset interventions expose spurious shortcuts caused by limited diversity and fragmented task coverage in generalist policies.","A7=It explains why simply aggregating many datasets can fail and identifies composition as a causal generalization variable. | A8=It identifies failure modes that a collection planner must detect before declaring representation similarity or dataset growth useful.","A7=true | A8=true","expansion_round_1 | primary_assignment","Youguang Xing, Xu Luo, Junlin Xie, Lianli Gao, Hengtao Shen, Jingkuan Song","2025","arxiv:2508.06426 | paperid:323961973431496472","arxiv:2508.06426","323961973431496472","cs.AI | cs.CV | cs.RO","23","related-papers | search-papers","general | recent","A7","false","true","true","false","A5/canonical-pool.jsonl | A5/paper-registry.json | A7/raw/q01-direct-terms.json | A7/raw/q04-composition.json | A7/raw/q09-mechanism-generalization.json | A7/raw/q18-benchmark-failures.json | A7/raw/q30-recent-generalist.json | A7/raw/q39-quality-vs-diversity.json | A7/work/assigned-papers.json | A7/work/assigned-papers.jsonl | A7/work/expansion-registry.json | A7/work/expansion-registry.jsonl | A7/work/paper-registry.json | A7/work/paper-registry.jsonl | A7/work/read-manifest.json | A7/work/verified-paper-registry.json | A7/work/verified-paper-registry.jsonl | A8/work/expansion-novel.jsonl | A8/work/expansion-pool.jsonl","A7/work/abstract-triage.jsonl | A7/work/assigned-abstracts.jsonl | A8/work/expansion-triage.jsonl"
"1315","arxiv:2508.15669","3","HIGH","A6","Exploiting Policy Idling for Dexterous Manipulation","arxiv:2508.15669","Learning-based methods for dexterous manipulation have made notable progress in recent years. However, learned policies often still lack reliability and exhibit limited robustness to important factors of variation. One failure pattern that can be observed across many settings is that policies idle, i.e. they cease to move beyond a small region of states when they reach certain states. This policy idling is often a reflection of the training data. For instance, it can occur when the data contains small actions in areas where the robot needs to perform high-precision motions, e.g., when preparing to grasp an object or object insertion. Prior works have tried to mitigate this phenomenon e.g. by filtering the training data or modifying the control frequency. However, these approaches can negatively impact policy performance in other ways. As an alternative, we investigate how to leverage the detectability of idling behavior to inform exploration and policy improvement. Our approach, Pause-Induced Perturbations (PIP), applies perturbations at detected idling states, thus helping it to escape problematic basins of attraction. On a range of challenging simulated dual-arm tasks, we find that this simple approach can already noticeably improve test-time performance, with no additional supervision or training. Furthermore, since the robot tends to idle at critical points in a movement, we also find that learning from the resulting episodes leads to better iterative policy improvement compared to prior approaches. Our perturbation strategy also leads to a 15-35% improvement in absolute success rate on a real-world insertion task that requires complex multi-finger manipulation.","high","A6","1","A6=high","A6=Learns or supplies recovery, correction, retry, repair, or replanning behavior from failed or perturbed executions.","A6=Makes failure states informative for robust execution and for deciding what corrective data to collect next.","A6=true","expansion_round_1","","","arxiv:2508.15669","arxiv:2508.15669","2334916860060130719","","q12-remove-trajectories","related-papers","","A6","false","false","false","false","A4/canonical-registry.jsonl | A4/raw/q12-remove-trajectories.json | A6/expansion/canonical-pool.jsonl","A6/expansion/triage.jsonl"
"1328","arxiv:2509.04018","3","HIGH","A6","FPC-VLA: A Vision-Language-Action Framework with a Supervisor for Failure Prediction and Correction","arxiv:2509.04018","Robotic manipulation is a fundamental component of automation. However, traditional perception-planning pipelines often fall short in open-ended tasks due to limited flexibility, while the architecture of a single end-to-end Vision-Language-Action (VLA) offers promising capabilities but lacks crucial mechanisms for anticipating and recovering from failure. To address these challenges, we propose FPC-VLA, a dual-model framework that integrates VLA with a supervisor for failure prediction and correction. The supervisor evaluates action viability through vision-language queries and generates corrective strategies when risks arise, trained efficiently without manual labeling. A dual-stream fusion module further refines actions by leveraging past predictions. Evaluation results on multiple simulation platforms (SIMPLER and LIBERO) and robot embodiments (WidowX, Google Robot, Franka) show that FPC-VLA outperforms state-of-the-art models in both zero-shot and fine-tuned settings. Successful real-world deployments on diverse, long-horizon tasks confirm FPC-VLA's strong generalization and practical utility for building more reliable autonomous systems.","high","A6","1","A6=high","A6=Uses a recovery, correction, failure-analysis, or imperfect-demonstration mechanism to improve robot execution from non-ideal experience.","A6=Adds an independently discovered A6 mechanism or an important variant for experience/data/training design.","A6=true","expansion_round_1","Yifan Yang, Zhixiang Duan, Tianshi Xie, Fuyu Cao, Pinxi Shen, Peili Song, Piaopiao Jin, Guokang Sun, Shaoqing Xu, Yangwei You, Jingtai Liu","2025","arxiv:2509.04018","arxiv:2509.04018","6080234596721161276","cs.RO","q15-failure-detection-recovery | q32-recent-vla-recovery","related-papers","","A6","false","true","false","false","A6/expansion/canonical-pool.jsonl | A6/expansion/selected-registry.jsonl | A6/raw-retrieval/q15-failure-detection-recovery.json | A6/raw-retrieval/q32-recent-vla-recovery.json | A6/work/canonical-pool.jsonl","A6/expansion-triage.jsonl | A6/expansion/triage.jsonl"
"1341","arxiv:2509.17666","3","HIGH","A6","Robust and Resilient Soft Robotic Object Insertion with Compliance-Enabled Contact Formation and Failure Recovery","arxiv:2509.17666","Object insertion tasks are prone to failure under pose uncertainty and environmental variation, often requiring manual fine-tuning or controller retraining. We present a novel approach for robust and resilient object insertion using a passively compliant soft wrist that enables safe contact absorption through large deformations, without high-frequency control or force sensing. Our method structures insertion as compliance-enabled contact formations, sequential contact states that progressively constrain degrees of freedom, and integrates automated failure recovery strategies. Our key insight is that wrist compliance permits safe, repeated recovery attempts; hence, we refer to it as compliance-enabled failure recovery. We employ a pre-trained vision-language model (VLM) that assesses each skill execution from terminal poses and images, identifies failure modes, and proposes recovery actions by selecting skills and updating goals. In simulation, our method achieved an 83% success rate, recovering from failures induced by randomized conditions, including grasp misalignments up to 5 degrees, hole-pose errors up to 20 mm, fivefold increases in friction, and unseen square/rectangular pegs, and we further validated the approach on a real robot. Project page is available at https://omron-sinicx.github.io/compliance-enabled-failure-recovery/.","high","A6","1","A6=high","A6=Learns or supplies recovery, correction, retry, repair, or replanning behavior from failed or perturbed executions.","A6=Makes failure states informative for robust execution and for deciding what corrective data to collect next.","A6=true","expansion_round_1","","","arxiv:2509.17666","arxiv:2509.17666","5692064662442592903","","","related-papers","","A6","false","false","false","false","A6/expansion/canonical-pool.jsonl","A6/expansion/triage.jsonl"
"1354","arxiv:2509.23308","3","MEDIUM","A8","Distributed Multi-Robot Multi-Target Simultaneous Search and Tracking in an Unknown Non-convex Environment","arxiv:2509.23308","In unknown non-convex environments, such as indoor and underground spaces, deploying a fleet of robots to explore the surroundings while simultaneously searching for and tracking targets of interest to maintain high-precision data collection represents a fundamental challenge that urgently requires resolution in applications such as environmental monitoring and rescue operations. Current research has made significant progress in addressing environmental exploration, information search, and target tracking problems, but has yet to establish a framework for simultaneously optimizing these tasks in complex environments. In this paper, we propose a novel motion planning algorithm framework that integrates three control strategies: a frontier-based exploration strategy, a guaranteed coverage strategy based on Lloyd's algorithm, and a sensor-based multi-target tracking strategy. By incorporating these three strategies, the proposed algorithm balances coverage search and high-precision active tracking during exploration. Our approach is validated through a series of MATLAB simulations, demonstrating validity and superiority over standard approaches.","medium","A8","1","A8=medium","A8=A multi-robot planner combines frontier exploration, guaranteed coverage, and sensor-based target tracking to allocate sampling effort across an unknown environment.","A8=It is relevant to fleet-level coverage and resource allocation, although the objective is environmental sensing rather than policy-training data value.","A8=true","primary_assignment","","","arxiv:2509.23308","arxiv:2509.23308","7011629086519844105","","A8 | q28-recent","search-papers","recent","A8","false","false","false","false","A8/raw/q28-recent.json | A8/work/assigned-papers.json | A8/work/canonical-pool.jsonl","A8/work/abstract-triage.jsonl | A8/work/assigned-abstracts.jsonl"
"1367","arxiv:2510.03011","3","HIGH","A1","3D-CovDiffusion: 3D-Aware Diffusion Policy for Coverage Path Planning","arxiv:2510.03011","Diffusion models have shown strong potential for robot skill learning, yet their role in coverage path planning remains underexplored. In industrial surface processing (painting, polishing, spray coating), high coverage requires globally ordered, temporally coherent trajectories rather than stitching unordered local segments. We reformulate coverage path planning as conditional sequence generation and adopt a geometry-conditioned diffusion framework that synthesizes continuous trajectories directly from raw 3D point clouds. Our method produces temporally ordered trajectory chunks and avoids post-hoc heuristic ordering or stitching in prior learning-based methods via simple sequential concatenation, improving sequence-level consistency. A single shared policy generalizes across different geometries without category-specific architectures. Extensive benchmarks show substantial gains over prior learning-based baselines: 98.2% lower point-wise Chamfer Distance (lower is better), 97.0% lower jerk (smoother trajectories), and +67.5 percentage points overlapping surface coverage on average.","high","A1","1","A1=high","A1=The paper develops or evaluates a temporal correspondence, synchronization, delay, or sequence-representation mechanism for 3D-CovDiffusion: 3D-Aware Diffusion Policy for Coverage Path Planning.","A1=Its mechanism is a plausible transfer to multimodal robot experience, action-observation alignment, or temporally aware policy training.","A1=true","expansion_round_2","","","arxiv:2510.03011","arxiv:2510.03011","6239140313018226750","","","related-papers-round2 | related-papers-round3","","A1","false","false","false","false","A1/expansion-round2-registry.json | A1/expansion-round3-registry.json | A1/paper-registry-complete.json","A1/expansion-round2-triage.jsonl"
"1380","arxiv:2510.13324","3","HIGH","A1","Tactile-Conditioned Diffusion Policy for Force-Aware Robotic Manipulation","arxiv:2510.13324","Contact-rich manipulation depends on applying the correct grasp forces throughout the manipulation task, especially when handling fragile or deformable objects. Most existing imitation learning approaches often treat visuotactile feedback only as an additional observation, leaving applied forces as an uncontrolled consequence of gripper commands. In this work, we present Force-Aware Robotic Manipulation (FARM), an imitation learning framework that integrates high-dimensional tactile data to infer tactile-conditioned force signals, which in turn define a matching force-based action space. We collect human demonstrations using a modified version of the handheld Universal Manipulation Interface (UMI) gripper that integrates a GelSight Mini visual tactile sensor. For deploying the learned policies, we developed an actuated variant of the UMI gripper with geometry matching our handheld version. During policy rollouts, the proposed FARM diffusion policy jointly predicts robot pose, grip width, and grip force. FARM outperforms several baselines across three tasks with distinct force requirements -- high-force, low-force, and dynamic force adaptation -- demonstrating the advantages of its two key components: leveraging force-grounded, high-dimensional tactile observations and a force-based control space. The codebase and design files are open-sourced and available at https://tactile-farm.github.io .","high","A1","1","A1=high","A1=The paper develops or evaluates a temporal correspondence, synchronization, delay, or sequence-representation mechanism for Tactile-Conditioned Diffusion Policy for Force-Aware Robotic Manipulation.","A1=Its mechanism is a plausible transfer to multimodal robot experience, action-observation alignment, or temporally aware policy training.","A1=true","expansion_round_3","","","arxiv:2510.13324","arxiv:2510.13324","6017560110960776984","","","related-papers-round3","","A1","false","false","false","false","A1/expansion-round3-registry.json | A1/paper-registry-complete.json","A1/expansion-round3-triage.jsonl"
"1393","arxiv:2510.20542","3","MEDIUM","A8","A Unified Framework for Zero-Shot Reinforcement Learning","arxiv:2510.20542","Zero-shot reinforcement learning (RL) has emerged as a setting for developing general agents, capable of solving downstream tasks without additional training or planning at test-time. While conventional RL optimizes policies for fixed rewards, zero-shot RL requires learning representations that enable immediate adaptation to arbitrary reward functions. As the field matures, the growing diversity of approaches demands a foundational framework reconciling different perspectives under a common unifying structure. In this work, we introduce a formal, unified framework for zero-shot RL, allowing for rigorous comparisons across methods. We propose a taxonomy organizing the algorithmic landscape along two levels: representation, distinguishing between compositional and direct methods based on their exploitation of action-value function decompositions; and learning paradigm, differentiating between reward-free and pseudo reward-free training. Additionally, we propose a unified view of existing error bounds, decomposing the total error into three primary contributing components: inference, reward, and approximation, serving as a foundation for more grounded comparisons of zero-shot methods.","medium","A8","1","A8=medium","A8=A unified representation and task-conditioning framework transfers policies to unseen reinforcement-learning tasks without task-specific training.","A8=It supplies a transfer-oriented usefulness target, though active collection is indirect.","A8=true","expansion_round_3","","","arxiv:2510.20542 | paperid:6088143797967557920","","","","","","","A8","false","false","false","false","A8/work/expansion-round3-novel.jsonl","A8/work/expansion-round3-triage.jsonl"
"1406","arxiv:2510.26656","3","MEDIUM","A8","Heuristic Adaptation of Potentially Misspecified Domain Support for Likelihood-Free Inference in Stochastic Dynamical Systems","arxiv:2510.26656","In robotics, likelihood-free inference (LFI) can provide the domain distribution that adapts a learnt agent in a parametric set of deployment conditions. LFI assumes an arbitrary support for sampling, which remains constant as the initial generic prior is iteratively refined to more descriptive posteriors. However, a potentially misspecified support can lead to suboptimal, yet falsely certain, posteriors. To address this issue, we propose three heuristic LFI variants: EDGE, MODE, and CENTRE. Each interprets the posterior mode shift over inference steps in its own way and, when integrated into an LFI step, adapts the support alongside posterior inference. We first expose the support misspecification issue and evaluate our heuristics using stochastic dynamical benchmarks. We then evaluate the impact of heuristic support adaptation on parameter inference and policy learning for a dynamic deformable linear object (DLO) manipulation task. Inference results in a finer length and stiffness classification for a parametric set of DLOs. When the resulting posteriors are used as domain distributions for sim-based policy learning, they lead to more robust object-centric agent performance.","medium","A8","1","A8=medium","A8=Adaptive domain support expands or contracts around simulator outputs to improve likelihood-free inference under uncertain dynamics.","A8=It offers an adjacent mechanism for deciding where additional system-identification data are needed.","A8=true","expansion_round_3","","","arxiv:2510.26656 | paperid:9064982686782035014","","","","","","","A8","false","false","false","false","A8/work/expansion-round3-novel.jsonl","A8/work/expansion-round3-triage.jsonl"
"1419","arxiv:2511.08583","3","HIGH","A1","SeFA-Policy: Fast and Accurate Visuomotor Policy Learning with Selective Flow Alignment","arxiv:2511.08583","Developing efficient and accurate visuomotor policies poses a central challenge in robotic imitation learning. While recent rectified flow approaches have advanced visuomotor policy learning, they suffer from a key limitation: After iterative distillation, generated actions may deviate from the ground-truth actions corresponding to the current visual observation, leading to accumulated error as the reflow process repeats and unstable task execution. We present Selective Flow Alignment (SeFA), an efficient and accurate visuomotor policy learning framework. SeFA resolves this challenge by a selective flow alignment strategy, which leverages expert demonstrations to selectively correct generated actions and restore consistency with observations, while preserving multimodality. This design introduces a consistency correction mechanism that ensures generated actions remain observation-aligned without sacrificing the efficiency of one-step flow inference. Extensive experiments across both simulated and real-world manipulation tasks show that SeFA Policy surpasses state-of-the-art diffusion-based and flow-based policies, achieving superior accuracy and robustness while reducing inference latency by over 98%. By unifying rectified flow efficiency with observation-consistent action generation, SeFA provides a scalable and dependable solution for real-time visuomotor policy learning. Code is available on https://github.com/RongXueZoe/SeFA.","high","A1","1","A1=high","A1=SeFA selectively corrects generated flow actions against expert actions for the current observation while preserving multimodal generation.","A1=Observation-consistency correction is a model-side response to action drift and temporal mismatch during fast generative control.","A1=true","primary_assignment","","","arxiv:2511.08583","arxiv:2511.08583","649234180091566534","","q05-failure | q06-delay | q18-phase","search-papers","recent","A1","false","false","false","false","A1/assigned-papers.json | A1/expansion-registry.json | A1/expansion-round2-registry.json | A1/expansion-round3-registry.json | A1/inspection-manifest.json | A1/paper-registry-complete.json | A1/paper-registry.json | A1/raw/q05-failure.json | A1/raw/q06-delay.json | A1/raw/q18-phase.json | A5/canonical-pool.jsonl | A5/paper-registry.json","A1/assigned-abstracts.jsonl | A1/triage.jsonl"
"1432","arxiv:2511.20050","3","MEDIUM","A8","Active3D: Active High-Fidelity 3D Reconstruction via Hierarchical Uncertainty Quantification","arxiv:2511.20050","In this paper, we present an active exploration framework for high-fidelity 3D reconstruction that incrementally builds a multi-level uncertainty space and selects next-best-views through an uncertainty-driven motion planner. We introduce a hybrid implicit-explicit representation that fuses neural fields with Gaussian primitives to jointly capture global structural priors and locally observed details. Based on this hybrid state, we derive a hierarchical uncertainty volume that quantifies both implicit global structure quality and explicit local surface confidence. To focus optimization on the most informative regions, we propose an uncertainty-driven keyframe selection strategy that anchors high-entropy viewpoints as sparse attention nodes, coupled with a viewpoint-space sliding window for uncertainty-aware local refinement. The planning module formulates next-best-view selection as an Expected Hybrid Information Gain problem and incorporates a risk-sensitive path planner to ensure efficient and safe exploration. Extensive experiments on challenging benchmarks demonstrate that our approach consistently achieves state-of-the-art accuracy, completeness, and rendering quality, highlighting its effectiveness for real-world active reconstruction and robotic perception tasks.","medium","A8","1","A8=medium","A8=A hierarchical uncertainty volume over implicit and explicit scene representations drives expected-hybrid-information-gain viewpoint selection with risk-sensitive planning.","A8=It transfers a multiscale representation-quality and next-best-view mechanism to fleet perception and environment coverage.","A8=true","primary_assignment","","","arxiv:2511.20050","arxiv:2511.20050","5789255500855350391","","A8 | q03-direct | q20-adjacent","search-papers","","A8","false","false","false","false","A8/raw/q03-direct.json | A8/raw/q20-adjacent.json | A8/work/assigned-papers.json | A8/work/canonical-pool.jsonl","A8/work/abstract-triage.jsonl | A8/work/assigned-abstracts.jsonl"
"1445","arxiv:2512.05953","3","HIGH","A1","Correspondence-Oriented Imitation Learning: Flexible Visuomotor Control with 3D Conditioning","arxiv:2512.05953","We introduce Correspondence-Oriented Imitation Learning (COIL), a conditional policy learning framework for visuomotor control with a flexible task representation in 3D. At the core of our approach, each task is defined by the intended motion of keypoints selected on objects in the scene. Instead of assuming a fixed number of keypoints or uniformly spaced time intervals, COIL supports task specifications with variable spatial and temporal granularity, adapting to different user intents and task requirements. To robustly ground this correspondence-oriented task representation into actions, we design a conditional policy with a spatio-temporal attention mechanism that effectively fuses information across multiple input modalities. The policy is trained via a scalable self-supervised pipeline using demonstrations collected in simulation, with correspondence labels automatically generated in hindsight. COIL generalizes across tasks, objects, and motion patterns, achieving superior performance compared to prior methods on real-world manipulation tasks under both sparse and dense specifications.","high","A1","1","A1=high","A1=COIL conditions policy learning on variable-granularity 3D keypoint correspondences with spatiotemporal attention and hindsight-generated labels.","A1=Explicit spatial-temporal correspondence gives a flexible alternative to fixed-rate action labels.","A1=true","primary_assignment","","","arxiv:2512.05953","arxiv:2512.05953","8496228684782664599","","q14-recent-sync | q18-phase","search-papers","recent","A1","false","false","false","false","A1/assigned-papers.json | A1/inspection-manifest.json | A1/paper-registry-complete.json | A1/paper-registry.json | A1/raw/q14-recent-sync.json | A1/raw/q18-phase.json","A1/assigned-abstracts.jsonl | A1/triage.jsonl"
"1458","arxiv:2512.14115","3","HIGH","A1","Joint Multimodal Contrastive Learning for Robust Spoken Term Detection and Keyword Spotting","arxiv:2512.14115","Acoustic Word Embeddings (AWEs) improve the efficiency of speech retrieval tasks such as Spoken Term Detection (STD) and Keyword Spotting (KWS). However, existing approaches suffer from limitations, including unimodal supervision, disjoint optimization of audio-audio and audio-text alignment, and the need for task-specific models. To address these shortcomings, we propose a joint multimodal contrastive learning framework that unifies both acoustic and cross-modal supervision in a shared embedding space. Our approach simultaneously optimizes: (i) audio-text contrastive learning, inspired by the CLAP loss, to align audio and text representations and (ii) audio-audio contrastive learning, via Deep Word Discrimination (DWD) loss, to enhance intra-class compactness and inter-class separation. The proposed method outperforms existing AWE baselines on word discrimination task while flexibly supporting both STD and KWS. To our knowledge, this is the first comprehensive approach of its kind.","high","A1","1","A1=high","A1=The paper develops or evaluates a temporal correspondence, synchronization, delay, or sequence-representation mechanism for Joint Multimodal Contrastive Learning for Robust Spoken Term Detection and Keyword Spotting.","A1=Its mechanism is a plausible transfer to multimodal robot experience, action-observation alignment, or temporally aware policy training.","A1=true","expansion_round_1","","","arxiv:2512.14115","arxiv:2512.14115","7229651332889906963","","","related-citers","","A1","false","false","false","false","A1/expansion-registry.json | A1/paper-registry-complete.json","A1/expansion-triage.jsonl"
"1471","arxiv:2512.23239","3","HIGH","A4","RS-Prune: Training-Free Data Pruning at High Ratios for Efficient Remote Sensing Diffusion Foundation Models","arxiv:2512.23239","Diffusion-based remote sensing (RS) generative foundation models are cruial for downstream tasks. However, these models rely on large amounts of globally representative data, which often contain redundancy, noise, and class imbalance, reducing training efficiency and preventing convergence. Existing RS diffusion foundation models typically aggregate multiple classification datasets or apply simplistic deduplication, overlooking the distributional requirements of generation modeling and the heterogeneity of RS imagery. To address these limitations, we propose a training-free, two-stage data pruning approach that quickly select a high-quality subset under high pruning ratios, enabling a preliminary foundation model to converge rapidly and serve as a versatile backbone for generation, downstream fine-tuning, and other applications. Our method jointly considers local information content with global scene-level diversity and representativeness. First, an entropy-based criterion efficiently removes low-information samples. Next, leveraging RS scene classification datasets as reference benchmarks, we perform scene-aware clustering with stratified sampling to improve clustering effectiveness while reducing computational costs on large-scale unlabeled data. Finally, by balancing cluster-level uniformity and sample representativeness, the method enables fine-grained selection under high pruning ratios while preserving overall diversity and representativeness. Experiments show that, even after pruning 85% of the training data, our method significantly improves convergence and generation quality. Furthermore, diffusion foundation models trained with our method consistently achieve state-of-the-art performance across downstream tasks, including super-resolution and semantic image synthesis. This data pruning paradigm offers practical guidance for developing RS generative foundation models.","high","A4","1","A4=high","A4=Constructs a smaller or weighted training subset by matching gradients, coverage, representativeness, or expected utility.","A4=It offers a direct or transferable way to connect robot experience choices to learned policy behavior.","A4=true","primary_assignment","","","arxiv:2512.23239 | paper:1625956046822943882","arxiv:2512.23239","1625956046822943882","","q32-training-data","semantic-search","","A4","false","false","false","false","A4/assigned-papers.json | A4/assigned-registry-inspected.jsonl | A4/assigned-registry-preinspect.jsonl | A4/canonical-registry.jsonl | A4/raw/q32-training-data.json","A4/abstract-triage.jsonl"
"1484","arxiv:2601.03309","3","MEDIUM","A4","VLM4VLA: Revisiting Vision-Language-Models in Vision-Language-Action Models","arxiv:2601.03309","Vision-Language-Action (VLA) models, which integrate pretrained large Vision-Language Models (VLM) into their policy backbone, are gaining significant attention for their promising generalization capabilities. This paper revisits a fundamental yet seldom systematically studied question: how VLM choice and competence translate to downstream VLA policies performance? We introduce VLM4VLA, a minimal adaptation pipeline that converts general-purpose VLMs into VLA policies using only a small set of new learnable parameters for fair and efficient comparison. Despite its simplicity, VLM4VLA proves surprisingly competitive with more sophisticated network designs. Through extensive empirical studies on various downstream tasks across three benchmarks, we find that while VLM initialization offers a consistent benefit over training from scratch, a VLM's general capabilities are poor predictors of its downstream task performance. This challenges common assumptions, indicating that standard VLM competence is necessary but insufficient for effective embodied control. We further investigate the impact of specific embodied capabilities by fine-tuning VLMs on seven auxiliary embodied tasks (e.g., embodied QA, visual pointing, depth estimation). Contrary to intuition, improving a VLM's performance on specific embodied skills does not guarantee better downstream control performance. Finally, modality-level ablations identify the visual module in VLM, rather than the language component, as the primary performance bottleneck. We demonstrate that injecting control-relevant supervision into the vision encoder of the VLM yields consistent gains, even when the encoder remains frozen during downstream fine-tuning. This isolates a persistent domain gap between current VLM pretraining objectives and the requirements of embodied action-planning.","medium","A4","1","A4=medium","A4=Connects trajectory or demonstration choice to downstream policy learning, behavior, or offline-RL utility.","A4=It is directly or plausibly transferable to selecting robot experience for policy learning.","A4=false","expansion_round_1","","","arxiv:2601.03309 | paper:8411701676264790405","","","","","","","A4","false","false","false","false","A4/expansion/round4/registry.jsonl","A4/expansion/all-new-expansion-triage.jsonl"
"1497","arxiv:2601.08828","3","MEDIUM","A4","Motion Attribution for Video Generation","arxiv:2601.08828","Despite the rapid progress of video generation models, the role of data in influencing motion is poorly understood. We present Motive (MOTIon attribution for Video gEneration), a motion-centric, gradient-based data attribution framework that scales to modern, large, high-quality video datasets and models. We use this to study which fine-tuning clips improve or degrade temporal dynamics. Motive isolates temporal dynamics from static appearance via motion-weighted loss masks, yielding efficient and scalable motion-specific influence computation. On text-to-video models, Motive identifies clips that strongly affect motion and guides data curation that improves temporal consistency and physical plausibility. With Motive-selected high-influence data, our method improves both motion smoothness and dynamic degree on VBench, achieving a 74.1% human preference win rate compared with the pretrained base model. To our knowledge, this is the first framework to attribute motion rather than visual appearance in video generative models and to use it to curate fine-tuning data.","medium","A4","1","A4=medium","A4=Uses a valuation or attribution signal to estimate the contribution of training examples to model or policy outcomes.","A4=It extends the A4 mechanism space with adjacent data-centric evidence.","A4=false","expansion_round_1","","","arxiv:2601.08828 | paper:3561240917455415462","","","","","","","A4","false","false","false","false","A4/expansion/round2/registry.jsonl | A4/expansion/round5/registry.jsonl","A4/expansion/all-new-expansion-triage.jsonl"
"1510","arxiv:2601.12988","3","HIGH","A2","PaperGuide: Making Small Language-Model Paper-Reading Agents More Efficient","arxiv:2601.12988","The accelerating growth of the scientific literature makes it increasingly difficult for researchers to track new advances through manual reading alone. Recent progress in large language models (LLMs) has therefore spurred interest in autonomous agents that can read scientific papers and extract task-relevant information. However, most existing approaches rely either on heavily engineered prompting or on a conventional SFT-RL training pipeline, both of which often lead to excessive and low-yield exploration. Drawing inspiration from cognitive science, we propose PaperCompass, a framework that mitigates these issues by separating high-level planning from fine-grained execution. PaperCompass first drafts an explicit plan that outlines the intended sequence of actions, and then performs detailed reasoning to instantiate each step by selecting the parameters for the corresponding function calls. To train such behavior, we introduce Draft-and-Follow Policy Optimization (DFPO), a tailored RL method that jointly optimizes both the draft plan and the final solution. DFPO can be viewed as a lightweight form of hierarchical reinforcement learning, aimed at narrowing the `knowing-doing' gap in LLMs. We provide a theoretical analysis that establishes DFPO's favorable optimization properties, supporting a stable and reliable training process. Experiments on paper-based question answering (Paper-QA) benchmarks show that PaperCompass improves efficiency over strong baselines without sacrificing performance, achieving results comparable to much larger models.","high","A2","1","A2=high","A2=Discovers reusable temporal structure in sequential experience for downstream decision making or policy learning.","A2=The mechanism connects temporal structure to data selection or learning efficiency in the Program A loop.","A2=true","expansion_round_1","","2026","arxiv:2601.12988","","","","","","","A2","false","false","false","false","A2/expansion-pool.json | A2/expansion-pool.jsonl","A2/expansion-triage.jsonl"
"1523","arxiv:2601.16651","3","MEDIUM","A4","Select or Project? Evaluating Lower-dimensional Vectors for LLM Training Data Explanations","arxiv:2601.16651","Gradient-based methods for instance-based explanation for large language models (LLMs) are hindered by the immense dimensionality of model gradients. In practice, influence estimation is restricted to a subset of model parameters to make computation tractable, but this subset is often chosen ad hoc and rarely justified by systematic evaluation. This paper investigates if it is better to create low-dimensional representations by selecting a small, architecturally informed subset of model components or by projecting the full gradients into a lower-dimensional space. Using a novel benchmark, we show that a greedily selected subset of components captures the information about training data influence needed for a retrieval task more effectively than either the full gradient or random projection. We further find that this approach is more computationally efficient than random projection, demonstrating that targeted component selection is a practical strategy for making instance-based explanations of large models more computationally feasible.","medium","A4","1","A4=medium","A4=Uses a valuation or attribution signal to estimate the contribution of training examples to model or policy outcomes.","A4=It extends the A4 mechanism space with adjacent data-centric evidence.","A4=false","expansion_round_1","","","arxiv:2601.16651 | paper:7766025288941855685","","","","","","","A4","false","false","false","false","A4/expansion/round2/registry.jsonl | A4/expansion/round5/registry.jsonl","A4/expansion/all-new-expansion-triage.jsonl"
"1536","arxiv:2601.21449","3","MEDIUM","A4","Nimbus: A Unified Embodied Synthetic Data Generation Framework","arxiv:2601.21449","Scaling data volume and diversity is critical for generalizing embodied intelligence. While synthetic data generation offers a scalable alternative to expensive physical data acquisition, existing pipelines remain fragmented and task-specific. This isolation leads to significant engineering inefficiency and system instability, failing to support the sustained, high-throughput data generation required for foundation model training. To address these challenges, we present Nimbus, a unified synthetic data generation framework designed to integrate heterogeneous navigation and manipulation pipelines. Nimbus introduces a modular four-layer architecture featuring a decoupled execution model that separates trajectory planning, rendering, and storage into asynchronous stages. By implementing dynamic pipeline scheduling, global load balancing, distributed fault tolerance, and backend-specific rendering optimizations, the system maximizes resource utilization across CPU, GPU, and I/O resources. Our evaluation demonstrates that Nimbus achieves a 2-3X improvement in end-to-end throughput compared to unoptimized baselines and ensuring robust, long-term operation in large-scale distributed environments. This framework serves as the production backbone for the InternData suite, enabling seamless cross-domain data synthesis.","medium","A4","1","A4=medium","A4=Uses a valuation or attribution signal to estimate the contribution of training examples to model or policy outcomes.","A4=It extends the A4 mechanism space with adjacent data-centric evidence.","A4=true","expansion_round_1","","","arxiv:2601.21449 | paper:6055723287966812960","","","","","","","A4","false","false","false","false","A4/expansion/round3/registry.jsonl | A4/expansion/round4/registry.jsonl","A4/expansion/all-new-expansion-triage.jsonl"
"1549","arxiv:2602.00557","3","HIGH","A4 | A5","ConLA: Contrastive Latent Action Learning from Human Videos for Robotic Manipulation","arxiv:2602.00557","Vision-Language-Action (VLA) models achieve preliminary generalization through pretraining on large scale robot teleoperation datasets. However, acquiring datasets that comprehensively cover diverse tasks and environments is extremely costly and difficult to scale. In contrast, human demonstration videos offer a rich and scalable source of diverse scenes and manipulation behaviors, yet their lack of explicit action supervision hinders direct utilization. Prior work leverages VQ-VAE based frameworks to learn latent actions from human videos in an unsupervised manner. Nevertheless, since the training objective primarily focuses on reconstructing visual appearances rather than capturing inter-frame dynamics, the learned representations tend to rely on spurious visual cues, leading to shortcut learning and entangled latent representations that hinder transferability. To address this, we propose ConLA, an unsupervised pretraining framework for learning robotic policies from human videos. ConLA introduces a contrastive disentanglement mechanism that leverages action category priors and temporal cues to isolate motion dynamics from visual content, effectively mitigating shortcut learning. Extensive experiments show that ConLA achieves strong performance across diverse benchmarks. Notably, by pretraining solely on human videos, our method for the first time surpasses the performance obtained with real robot trajectory pretraining, highlighting its ability to extract pure and semantically consistent latent action representations for scalable robot learning.","high","A4 | A5","2","A4=medium | A5=high","A4=Connects trajectory or demonstration choice to downstream policy learning, behavior, or offline-RL utility. | A5=However, acquiring datasets that comprehensively cover diverse tasks and environments is extremely costly and difficult to scale.","A4=It is directly or plausibly transferable to selecting robot experience for policy learning. | A5=This adaptive mixture neighbor tests whether the expansion adds a reusable mechanism for controlling robot experience in policy training.","A4=false | A5=true","expansion_round_1 | expansion_round_3","","2026","arxiv:2602.00557 | paper:3930903093973535694","arxiv:2602.00557","3930903093973535694","","contrastive temporal distance skill boundary detection robotics","search-papers","false","A4 | A5","false","false","false","true","A2/canonical-pool.json | A2/canonical-pool.jsonl | A2/raw/q14-contrastive.json | A4/expansion/round4/registry.jsonl | A5/expansion/raw/round3-citers.json","A4/expansion/all-new-expansion-triage.jsonl | A5/expansion/round3-triage.jsonl"
"1562","arxiv:2602.03793","3","MEDIUM","A4","BridgeV2W: Bridging Video Generation Models to Embodied World Models via Embodiment Masks","arxiv:2602.03793","Embodied world models have emerged as a promising paradigm in robotics, most of which leverage large-scale Internet videos or pretrained video generation models to enrich visual and motion priors. However, they still face key challenges: a misalignment between coordinate-space actions and pixel-space videos, sensitivity to camera viewpoint, and non-unified architectures across embodiments. To this end, we present BridgeV2W, which converts coordinate-space actions into pixel-aligned embodiment masks rendered from the URDF and camera parameters. These masks are then injected into a pretrained video generation model via a ControlNet-style pathway, which aligns the action control signals with predicted videos, adds view-specific conditioning to accommodate camera viewpoints, and yields a unified world model architecture across embodiments. To mitigate overfitting to static backgrounds, BridgeV2W further introduces a flow-based motion loss that focuses on learning dynamic and task-relevant regions. Experiments on single-arm (DROID) and dual-arm (AgiBot-G1) datasets, covering diverse and challenging conditions with unseen viewpoints and scenes, show that BridgeV2W improves video generation quality compared to prior state-of-the-art methods. We further demonstrate the potential of BridgeV2W on downstream real-world tasks, including policy evaluation and goal-conditioned planning. More results can be found on our project website at https://BridgeV2W.github.io .","medium","A4","1","A4=medium","A4=Uses a valuation or attribution signal to estimate the contribution of training examples to model or policy outcomes.","A4=It is directly or plausibly transferable to selecting robot experience for policy learning.","A4=false","expansion_round_1","","","arxiv:2602.03793 | paper:2663177220024853359","","","","","","","A4","false","false","false","false","A4/expansion/round4/registry.jsonl","A4/expansion/all-new-expansion-triage.jsonl"
"1575","arxiv:2602.06556","3","MEDIUM","A4","LIBERO-X: Robustness Litmus for Vision-Language-Action Models","arxiv:2602.06556","Reliable benchmarking is critical for advancing Vision-Language-Action (VLA) models, as it reveals their generalization, robustness, and alignment of perception with language-driven manipulation tasks. However, existing benchmarks often provide limited or misleading assessments due to insufficient evaluation protocols that inadequately capture real-world distribution shifts. This work systematically rethinks VLA benchmarking from both evaluation and data perspectives, introducing LIBERO-X, a benchmark featuring: 1) A hierarchical evaluation protocol with progressive difficulty levels targeting three core capabilities: spatial generalization, object recognition, and task instruction understanding. This design enables fine-grained analysis of performance degradation under increasing environmental and task complexity; 2) A high-diversity training dataset collected via human teleoperation, where each scene supports multiple fine-grained manipulation objectives to bridge the train-evaluation distribution gap. Experiments with representative VLA models reveal significant performance drops under cumulative perturbations, exposing persistent limitations in scene comprehension and instruction grounding. By integrating hierarchical evaluation with diverse training data, LIBERO-X offers a more reliable foundation for assessing and advancing VLA development.","medium","A4","1","A4=medium","A4=Uses a valuation or attribution signal to estimate the contribution of training examples to model or policy outcomes.","A4=It is directly or plausibly transferable to selecting robot experience for policy learning.","A4=false","expansion_round_1","","2026","arxiv:2602.06556 | paper:5066739504208455011","arxiv:2602.06556","5066739504208455011","","","search-papers","recent","A4","false","false","false","false","A4/expansion/round4/registry.jsonl | A7/raw/q18-benchmark-failures.json | A7/work/paper-registry.json | A7/work/paper-registry.jsonl | A7/work/verified-paper-registry.json | A7/work/verified-paper-registry.jsonl","A4/expansion/all-new-expansion-triage.jsonl"
"1588","arxiv:2602.10458","3","MEDIUM","A5","Found-RL: foundation model-enhanced reinforcement learning for autonomous driving","arxiv:2602.10458","Reinforcement Learning (RL) has emerged as a dominant paradigm for end-to-end autonomous driving (AD). However, RL suffers from sample inefficiency and a lack of semantic interpretability in complex scenarios. Foundation Models, particularly Vision-Language Models (VLMs), can mitigate this by offering rich, context-aware knowledge, yet their high inference latency hinders deployment in high-frequency RL training loops. To bridge this gap, we present Found-RL, a platform tailored to efficiently enhance RL for AD using foundation models. A core innovation is the asynchronous batch inference framework, which decouples heavy VLM reasoning from the simulation loop, effectively resolving latency bottlenecks to support real-time learning. We introduce diverse supervision mechanisms: Value-Margin Regularization (VMR) and Advantage-Weighted Action Guidance (AWAG) to effectively distill expert-like VLM action suggestions into the RL policy. Additionally, we adopt high-throughput CLIP for dense reward shaping. We address CLIP's dynamic blindness via Conditional Contrastive Action Alignment, which conditions prompts on discretized speed/command and yields a normalized, margin-based bonus from context-specific action-anchor scoring. Found-RL provides an end-to-end pipeline for fine-tuned VLM integration and shows that a lightweight RL model can achieve near-VLM performance compared with billion-parameter VLMs while sustaining real-time inference (approx. 500 FPS). Code, data, and models will be publicly available at https://github.com/ys-qu/found-rl.","medium","A5","1","A5=medium","A5=However, RL suffers from sample inefficiency and a lack of semantic interpretability in complex scenarios.","A5=This weighting neighbor tests whether the expansion adds a reusable mechanism for controlling robot experience in policy training.","A5=true","expansion_round_2","","","arxiv:2602.10458","arxiv:2602.10458","3597251663767946375","","","","","A5","false","false","false","false","A5/expansion/raw/round2-citers.json","A5/expansion/round2-triage.jsonl"
"1601","arxiv:2602.13718","3","HIGH","A1","HybridFlow: A Two-Step Generative Policy for Robotic Manipulation","arxiv:2602.13718","Limited by inference latency, existing robot manipulation policies lack sufficient real-time interaction capability with the environment. Although faster generation methods such as flow matching are gradually replacing diffusion methods, researchers are pursuing even faster generation suitable for interactive robot control. MeanFlow, as a one-step variant of flow matching, has shown strong potential in image generation, but its precision in action generation does not meet the stringent requirements of robotic manipulation. We therefore propose HybridFlow, a 3-stage method with 2-NFE: Global Jump in MeanFlow mode, ReNoise for distribution alignment, and Local Refine in ReFlow mode. This method balances inference speed and generation quality by leveraging the rapid advantage of MeanFlow one-step generation while ensuring action precision with minimal generation steps. Through real-world experiments, HybridFlow outperforms the 16-step Diffusion Policy by 15--25% in success rate while reducing inference time from 152ms to 19ms (8× speedup, ∼52Hz); it also achieves 70.0% success on unseen-color OOD grasping and 66.3% on deformable object folding. We envision HybridFlow as a practical low-latency method to enhance real-world interaction capabilities of robotic manipulation policies.","high","A1","1","A1=high","A1=The paper develops or evaluates a temporal correspondence, synchronization, delay, or sequence-representation mechanism for HybridFlow: A Two-Step Generative Policy for Robotic Manipulation.","A1=Its mechanism is a plausible transfer to multimodal robot experience, action-observation alignment, or temporally aware policy training.","A1=true","expansion_round_2","","","arxiv:2602.13718","arxiv:2602.13718","3707839407077832969","","","related-papers-round2","","A1","false","false","false","false","A1/expansion-round2-registry.json | A1/paper-registry-complete.json","A1/expansion-round2-triage.jsonl"
"1614","arxiv:2602.17206","3","HIGH","A1","SoftDTW-CUDA-Torch: Memory-Efficient GPU-Accelerated Soft Dynamic Time Warping for PyTorch","arxiv:2602.17206","We present softdtw-cuda-torch, an open-source PyTorch library for computing Soft Dynamic Time Warping (SoftDTW) on GPUs. Our implementation addresses three key limitations of existing GPU implementations of SoftDTW: a hard sequence-length cap of 1024, numerical instability in the backward pass for small smoothing parameters, and excessive GPU memory consumption from materializing pairwise distance tensors. We introduce (1) tiled anti-diagonal kernel execution that removes the sequence-length constraint, (2) a log-space back-ward pass that prevents floating-point overflow, and (3) a fused distance-computation mode that eliminates the O(BN M ) intermediate distance tensor, achieving up to 98% memory reduction compared to prior work. The library supports arbitrary sequence lengths, full PyTorch autograd integration, and Soft-DTW Barycenter computation. Code is available at https://github.com/BGU-CS-VIL/sdtw-cuda-torch.","high","A1","1","A1=high","A1=The paper develops or evaluates a temporal correspondence, synchronization, delay, or sequence-representation mechanism for SoftDTW-CUDA-Torch: Memory-Efficient GPU-Accelerated Soft Dynamic Time Warping for PyTorch.","A1=Its mechanism is a plausible transfer to multimodal robot experience, action-observation alignment, or temporally aware policy training.","A1=true","expansion_round_1","","","arxiv:2602.17206","arxiv:2602.17206","6772537711166709981","","","related-citers","","A1","false","false","false","false","A1/expansion-registry.json | A1/paper-registry-complete.json","A1/expansion-triage.jsonl"
"1627","arxiv:2602.21013","3","MEDIUM","A4","Notes-to-Self: Scratchpad Augmented VLAs for Memory Dependent Manipulation Tasks","arxiv:2602.21013","Many dexterous manipulation tasks are non-markovian in nature, yet little attention has been paid to this fact in the recent upsurge of the vision-language-action (VLA) paradigm. Although they are successful in bringing internet-scale semantic understanding to robotics, existing VLAs are primarily ""stateless"" and struggle with memory-dependent long horizon tasks. In this work, we explore a way to impart both spatial and temporal memory to a VLA by incorporating a language scratchpad. The scratchpad makes it possible to memorize task-specific information, such as object positions, and it allows the model to keep track of a plan and progress towards subgoals within that plan. We evaluate this approach on a split of memory-dependent tasks from the ClevrSkills environment, on MemoryBench, as well as on a challenging real-world pick-and-place task. We show that incorporating a language scratchpad significantly improves generalization on these tasks for both non-recurrent and recurrent models.","medium","A4","1","A4=medium","A4=Connects trajectory or demonstration choice to downstream policy learning, behavior, or offline-RL utility.","A4=It is directly or plausibly transferable to selecting robot experience for policy learning.","A4=false","expansion_round_1","","","arxiv:2602.21013 | paper:6957931964033169182","","","","","","","A4","false","false","false","false","A4/expansion/round4/registry.jsonl","A4/expansion/all-new-expansion-triage.jsonl"
"1640","arxiv:2603.02115","3","HIGH","A6","Robometer: Scaling General-Purpose Robotic Reward Models via Trajectory Comparisons","arxiv:2603.02115","General-purpose robot reward models are typically trained to predict absolute task progress from expert demonstrations, providing only local, frame-level supervision. While effective for expert demonstrations, this paradigm scales poorly to large-scale robotics datasets where failed and suboptimal trajectories are abundant and assigning dense progress labels is ambiguous. We introduce Robometer, a scalable reward modeling framework that combines intra-trajectory progress supervision with inter-trajectory preference supervision. Robometer is trained with a dual objective: a frame-level progress loss that anchors reward magnitude on expert data, and a trajectory-comparison preference loss that imposes global ordering constraints across trajectories of the same task, enabling effective learning from both real and augmented failed trajectories. To support this formulation at scale, we curate RBM-1M, a reward-learning dataset comprising over one million trajectories spanning diverse robot embodiments and tasks, including substantial suboptimal and failure data. Across benchmarks and real-world evaluations, Robometer learns more generalizable reward functions than prior methods and improves robot learning performance across a diverse set of downstream applications. Code, model weights, and videos at https://robometer.github.io/.","high","A6","1","A6=high","A6=Learns or supplies recovery, correction, retry, repair, or replanning behavior from failed or perturbed executions.","A6=Makes failure states informative for robust execution and for deciding what corrective data to collect next.","A6=true","expansion_round_1","","2026","arxiv:2603.02115","arxiv:2603.02115","4584501003080664393","","q01-direct-failed-recovery | q04-direct-failure-aware-data | q07-syn-subsequences | q13-mech-reward-preference","related-papers","false","A3","false","false","false","false","A2/canonical-pool.json | A2/canonical-pool.jsonl | A2/raw/q12-compression.json | A2/raw/q42-2024-2025-subsequence.json | A3/paper-registry.json | A3/raw/q24-recent-quality.txt | A5/canonical-pool.jsonl | A5/expansion/raw/round2-citers.json | A5/paper-registry.json | A6/expansion/canonical-pool.jsonl | A6/raw-retrieval/q01-direct-failed-recovery.json | A6/raw-retrieval/q04-direct-failure-aware-data.json | A6/raw-retrieval/q07-syn-subsequences.json | A6/raw-retrieval/q13-mech-reward-preference.json | A6/work/canonical-pool.jsonl | A7/raw/q32-recent-scaling.json | A7/work/paper-registry.json | A7/work/paper-registry.jsonl | A7/work/verified-paper-registry.json | A7/work/verified-paper-registry.jsonl | A8/raw/q02-direct.json | A8/work/canonical-pool.jsonl | A8/work/expansion-pool.jsonl","A6/expansion/triage.jsonl"
"1653","arxiv:2603.05670","3","HIGH","A5 | A7 | A8","TransMASK: Masked State Representation through Learned Transformation","arxiv:2603.05670","Humans train robots to complete tasks in one environment, and expect robots to perform those same tasks in new environments. As humans, we know which aspects of the environment (i.e., the state) are relevant to the task. But there are also things that do not matter; e.g., the color of the table or the presence of clutter in the background. Ideally, the robot's policy learns to ignore these irrelevant state components. Achieving this invariance improves generalization: the robot knows not to factor irrelevant variables into its control decisions, making the policy more robust to environment changes. In this paper we therefore propose a self-supervised method to learn a mask which, when multiplied by the observed state, transforms that state into a latent representation that is biased towards relevant elements. Our method -- which we call TransMASK -- can be combined with a variety of imitation learning frameworks (such as diffusion policies) without any additional labels or alterations to the loss function. To achieve this, we recognize that the learned policy updates to better match the human's true policy. This true policy only depends on the relevant parts of the state; hence, as the gradients pass back through the learned policy and our proposed mask, they increase the value for elements that cause the robot to better imitate the human. We can therefore train TransMASK at the same time as we learn the policy. By normalizing the magnitude of each row in TransMASK, we force the mask to align with the Jacobian of the expert policy: columns that correspond to relevant states have large magnitudes, while columns for irrelevant states approach zero magnitude. We compare our approach to other methods that extract relevant states for downstream imitation learning. See our project website: https://collab.me.vt.edu/TransMASK/","high","A5 | A7 | A8","3","A5=medium | A7=high | A8=high","A5=Humans train robots to complete tasks in one environment, and expect robots to perform those same tasks in new environments. | A7=Humans train robots to complete tasks in one environment, and expect robots to perform those same tasks in new environments. | A8=A learned transformation predicts masked state components to force representations to encode dynamics-relevant structure.","A5=The expansion tests whether this adaptive mixture mechanism adds a reusable way to control which robot experience influences policy training. | A7=It helps diagnose or reduce behavior-distribution mismatch and spurious dependence under deployment shift. | A8=It offers a self-supervised way to score whether a representation captures information needed for action and state prediction.","A5=true | A7=true | A8=true","expansion_round_1","","","arxiv:2603.05670 | paperid:3454566144229056718","arxiv:2603.05670","3454566144229056718","","","citers | related-papers","","A5 | A7 | A8","false","false","false","true","A5/expansion/raw/round1-citers.json | A7/work/expansion-read-manifest.json | A7/work/expansion-registry.json | A7/work/expansion-registry.jsonl | A8/work/expansion-novel.jsonl | A8/work/expansion-pool.jsonl","A5/expansion/round1-triage.jsonl | A7/work/expansion-triage.jsonl | A8/work/expansion-triage.jsonl"
"1666","arxiv:2603.09741","3","HIGH","A1","ENIGMA-360: An Ego-Exo Dataset for Human Behavior Understanding in Industrial Scenarios","arxiv:2603.09741","Understanding human behavior from complementary egocentric (ego) and exocentric (exo) points of view enables the development of systems that can support workers in industrial environments and enhance their safety. However, progress in this area is hindered by the lack of datasets capturing both views in realistic industrial scenarios. To address this gap, we propose ENIGMA-360, a new ego-exo dataset acquired in a real industrial scenario. The dataset is composed of 180 egocentric and 180 exocentric procedural videos temporally synchronized offering complementary information of the same scene. The 360 videos have been labeled with temporal and spatial annotations, enabling the study of different aspects of human behavior in industrial domain. We provide baseline experiments for 3 foundational tasks for human behavior understanding: 1) Temporal Action Segmentation, 2) Keystep Recognition and 3) Egocentric Human-Object Interaction Detection, showing the limits of state-of-the-art approaches on this challenging scenario. These results highlight the need for new models capable of robust ego-exo understanding in real-world environments. We publicly release the dataset and its annotations at https://fpv-iplab.github.io/ENIGMA-360/.","high","A1","1","A1=high","A1=The paper develops or evaluates a temporal correspondence, synchronization, delay, or sequence-representation mechanism for ENIGMA-360: An Ego-Exo Dataset for Human Behavior Understanding in Industrial Scenarios.","A1=Its mechanism is a plausible transfer to multimodal robot experience, action-observation alignment, or temporally aware policy training.","A1=true","expansion_round_1","","","arxiv:2603.09741","arxiv:2603.09741","6320764400594930505","","","related-citers","","A1","false","false","false","false","A1/expansion-registry.json | A1/paper-registry-complete.json","A1/expansion-triage.jsonl"
"1679","arxiv:2603.13708","3","MEDIUM","A4","RSEdit: Text-Guided Image Editing for Remote Sensing","arxiv:2603.13708","In this paper, we explore text-guided image editing in the remote sensing domain using generative modeling. We propose , a collection of models from U-Net to DiT with various configurations. Specifically, we present the first comprehensive study of conditioning strategies for building image editing models from off-the-shelf text-to-image ones. Our experiments show that achieves the best instruction-faithful edits while preserving geospatial structure. We release the code at https://github.com/Bili-Sakura/RSEdit-Preview and checkpoints at https://huggingface.co/collections/BiliSakura/rsedit.","medium","A4","1","A4=medium","A4=Connects trajectory or dataset composition to downstream policy or model behavior.","A4=It provides adjacent evidence for data-efficient training intelligence.","A4=false","expansion_round_1","","","arxiv:2603.13708 | paper:7503712413045177055","","","","","related-paper-expansion","","A4","false","false","false","false","A4/expansion/expansion-registry.jsonl","A4/expansion/expansion-triage.jsonl"
"1692","arxiv:2603.19199","3","HIGH","A1 | A7","FASTER: Rethinking Real-Time Flow VLAs","arxiv:2603.19199","Real-time execution is crucial for deploying Vision-Language-Action (VLA) models in the physical world. Existing asynchronous inference methods primarily optimize trajectory smoothness, but neglect the critical latency in reacting to environmental changes. By rethinking the notion of reaction in action chunking policies, this paper presents a systematic analysis of the factors governing reaction time. We show that reaction time follows a uniform distribution determined jointly by the Time to First Action (TTFA) and the execution horizon. Moreover, we reveal that the standard practice of applying a constant schedule in flow-based VLAs can be inefficient and forces the system to complete all sampling steps before any movement can start, forming the bottleneck in reaction latency. To overcome this issue, we propose Fast Action Sampling for ImmediaTE Reaction (FASTER). By introducing a Horizon-Aware Schedule, FASTER adaptively prioritizes near-term actions during flow sampling, compressing the denoising of the immediate reaction by tenfold (e.g., in π0.5 and X-VLA) into a single step, while preserving the quality of long-horizon trajectory. Coupled with a streaming client-server pipeline, FASTER substantially reduces the effective reaction latency on real robots, especially when deployed on consumer-grade GPUs. Real-world experiments, including a highly dynamic table tennis task, prove that FASTER unlocks substantially improved real-time responsiveness for generalist policies, enabling rapid generation of accurate and smooth trajectories.","high","A1 | A7","2","A1=high | A7=high","A1=The paper develops or evaluates a temporal correspondence, synchronization, delay, or sequence-representation mechanism for FASTER: Rethinking Real-Time Flow VLAs. | A7=Real-time execution is crucial for deploying Vision-Language-Action (VLA) models in the physical world.","A1=Its mechanism is a plausible transfer to multimodal robot experience, action-observation alignment, or temporally aware policy training. | A7=It expands or measures task, environment, object, or observation coverage for more robust behavior.","A1=true | A7=true","expansion_round_1","","","arxiv:2603.19199","arxiv:2603.19199","3183297137730665025","","","citers | related-citers","","A1","false","false","false","false","A1/expansion-inspection-manifest.json | A1/expansion-registry.json | A1/paper-registry-complete.json | A7/work/expansion-registry.json | A7/work/expansion-registry.jsonl","A1/expansion-triage.jsonl | A7/work/expansion-triage.jsonl"
"1705","arxiv:2604.03037","3","HIGH","A5","ARM: Advantage Reward Modeling for Long-Horizon Manipulation","arxiv:2604.03037","Long-horizon robotic manipulation remains challenging for reinforcement learning (RL) because sparse rewards provide limited guidance for credit assignment. Practical policy improvement thus relies on richer intermediate supervision, such as dense progress rewards, which are costly to obtain and ill-suited to non-monotonic behaviors such as backtracking and recovery. To address this, we propose Advantage Reward Modeling (ARM), a framework that shifts from hard-to-quantify absolute progress to estimating relative advantage. We introduce a cost-effective tri-state labeling strategy -- Progressive, Regressive, and Stagnant -- that reduces human cognitive overhead while ensuring high cross-annotator consistency. By training on these intuitive signals, ARM enables automated progress annotation for both complete demonstrations and fragmented DAgger-style data. Integrating ARM into an offline RL pipeline allows for adaptive action-reward reweighting, effectively filtering suboptimal samples. Our approach achieves a 99.4% success rate on a challenging long-horizon towel-folding task, demonstrating improved stability and data efficiency over current VLA baselines with near-zero human intervention during policy training.","high","A5","1","A5=high","A5=To address this, we propose Advantage Reward Modeling (ARM), a framework that shifts from hard-to-quantify absolute progress to estimating relative advantage.","A5=It informs how contribution weights can align training with quality, advantage, density, or task importance in the robot experience-to-policy loop.","A5=true","primary_assignment","Yiming Mao, Zixi Yu, Weixin Mao, Yinhao Li, Qirui Hu, Zihan Lan, Minzhao Zhu, Hua Chen","2026","arxiv:2604.03037 | paper:865580360297157854","arxiv:2604.03037","paper:865580360297157854","cs.AI | cs.CV | cs.RO","16 | 6","search-papers","general","A5","false","false","false","false","A2/canonical-pool.json | A2/canonical-pool.jsonl | A2/raw/q07-synonyms.json | A2/raw/q20-sparse-reward.json | A4/canonical-registry.jsonl | A4/raw/q12-remove-trajectories.json | A5/assigned-papers.json | A5/canonical-pool.jsonl | A5/evidence-ledger.jsonl | A5/inspection-manifest.json | A5/paper-registry.json | A5/read-manifest.json","A5/assigned-abstracts.jsonl"
"1718","arxiv:2604.15938","3","HIGH","A5","VADF: Vision-Adaptive Diffusion Policy Framework for Efficient Robotic Manipulation","arxiv:2604.15938","Diffusion policies are becoming mainstream in robotic manipulation but suffer from hard negative class imbalance due to uniform sampling and lack of sample difficulty awareness, leading to slow training convergence and frequent inference timeout failures. We propose VADF (Vision-Adaptive Diffusion Policy Framework), a vision-driven dual-adaptive framework that significantly reduces convergence steps and achieves early success in inference, with model-agnostic design enabling seamless integration into any diffusion policy architecture. During training, we introduce Adaptive Loss Network (ALN), a lightweight MLP-based loss predictor that quantifies per-step sample difficulty in real time. Guided by hard negative mining, it performs weighted sampling to prioritize high-loss regions, enabling adaptive weight updates and faster convergence. In inference, we design the Hierarchical Vision Task Segmenter (HVTS), which decomposes high-level task instructions into multi-stage low-level sub-instructions based on visual input. It adaptively segments action sequences into simple and complex subtasks by assigning shorter noise schedules with longer direct execution sequences to simple actions, and longer noise steps with shorter execution sequences to complex ones, thereby dramatically reducing computational overhead and significantly improving the early success rate.","high","A5","1","A5=high","A5=Diffusion policies are becoming mainstream in robotic manipulation but suffer from hard negative class imbalance due to uniform sampling and lack of sample difficulty awareness, leading to slow training convergence and frequent inference timeout failures.","A5=It offers a transferable way to focus updates on difficult, rare, or confusable examples while exposing the risk of amplifying noise.","A5=true","primary_assignment","Xinglei Yu, Zhenyang Liu, Shufeng Nan, Simo Wu, Yanwei Fu","","arxiv:2604.15938 | paper:8214799405811397525","","paper:8214799405811397525","cs.RO","72","search-papers","recent","A5","false","false","false","false","A5/assigned-papers.json | A5/canonical-pool.jsonl | A5/evidence-ledger.jsonl | A5/inspection-manifest.json | A5/paper-registry.json | A5/read-manifest.json","A5/assigned-abstracts.jsonl"
"1731","arxiv:2605.01544","3","HIGH","A3","An Efficient Metric for Data Quality Measurement in Imitation Learning","arxiv:2605.01544","Imitation learning (IL) has seen remarkable progress, yet field deployment of IL-powered robots remains hindered by the challenge of out-of-distribution (OOD) scenarios. Fine-tuning pre-trained policies with end-user demonstrations collected in deployment environments is a promising strategy to address this challenge. However, end-user demonstrations are frequently of poor quality, characterized by excessive corrective motions, oscillations, and abrupt adjustments that degrade both learned and fine-tuned policy performance. Existing automated approaches for curating demonstration data require","high","A3","1","A3=high","A3=A lightweight metric scores end-user demonstrations using motion defects such as corrections, oscillations, and abrupt adjustments.","A3=It directly targets scalable pre-training quality estimation for deployment-collected robot data.","A3=true","primary_assignment","Noushad Sojib | Momotaz Begum","2026","arxiv:2605.01544","arxiv:2605.01544","2422072650335842074","cs.RO","q01-direct | q05-quality-scoring | q06-trajectory-quality","firecrawl research search-papers","false","A3","false","false","false","false","A2/canonical-pool.json | A2/canonical-pool.jsonl | A2/raw/q21-bad-segments.json | A3/assigned-papers.json | A3/evidence-index.json | A3/paper-registry.json | A3/raw/q01-direct.txt | A3/raw/q05-quality-scoring.txt | A3/raw/q06-trajectory-quality.txt | A4/canonical-registry.jsonl | A4/raw/q01-direct.json | A4/raw/q33-recent-robot.json | A4/raw/q38-recent-coreset.json | A8/raw/q09-mechanism.json | A8/work/canonical-pool.jsonl","A3/abstract-triage.jsonl"
"1744","arxiv:2605.20811","3","HIGH","A7","Demo-JEPA: Joint-Embedding Predictive Architecture for One-shot Cross-Embodiment Imitation","arxiv:2605.20811","Robotic imitation learning is often treated as reproducing demonstrated actions, but actions are inherently embodiment-specific. When demonstrations come from humans or robots with different morphology, kinematics, or action spaces, this action-centric view requires shared action spaces, heuristic retargeting, or large-scale multi-embodiment co-training. We instead view demonstrations as implicit specifications of future goals: the target agent should infer what state the demonstrator is trying to realize, rather than how the demonstrator executes it. We propose Demo-JEPA, a cross-embodiment imitation framework that decouples demonstration intent from embodiment-specific execution. Built on a JEPA-based world model, Demo-JEPA translates source visual demonstrations into target-compatible future latent trajectories in a shared predictive representation space. The target agent then uses these latent trajectories as subgoals and realizes them through planning under its own learned forward dynamics. Because Demo-JEPA avoids action-level correspondence and requires only visual demonstrations plus the target agent's own interaction experience, it supports flexible imitation across heterogeneous embodiments. Experiments on RLBench and real-world manipulation tasks show that Demo-JEPA matches specialized in-domain planners and generalizes to unseen tasks and embodiment configurations where prior methods fail.","high","A7","1","A7=high","A7=Maps visual demonstrations into shared future latent trajectories and lets each target embodiment realize them with its own dynamics.","A7=It demonstrates how intent-level coverage can replace direct action correspondence across embodiments.","A7=true","primary_assignment","Jingyang He, Guangrun Li, Jieyu Zhang, Chengkai Hou, Zhengping Che, Shanghang Zhang","2026","arxiv:2605.20811","arxiv:2605.20811","7449242363637890492","cs.RO","q11-human-robot","search-papers","recent","A7","false","true","true","false","A1/paper-registry-complete.json | A1/paper-registry.json | A1/raw/q11-human-robot.json | A7/raw/q03-heterogeneous.json | A7/raw/q38-shared-policy.json | A7/work/assigned-papers.json | A7/work/assigned-papers.jsonl | A7/work/paper-registry.json | A7/work/paper-registry.jsonl | A7/work/read-manifest.json | A7/work/verified-paper-registry.json | A7/work/verified-paper-registry.jsonl","A7/work/abstract-triage.jsonl | A7/work/assigned-abstracts.jsonl"
"1757","arxiv:2606.04708","3","HIGH","A8","VISTA: Vision-Grounded and Physics-Validated Adaptation of UMI data for VLA Training","arxiv:2606.04708","Universal Manipulation Interface (UMI) enables scalable real-world robot data collection without hardware-specific teleoperation, yet leveraging UMI data to train large-scale Vision-Language-Action (VLA) models remains fundamentally challenging. We identify two critical mismatches: wrist-mounted fisheye views, with severe radial distortion and local gripper-centric perspectives, are out-of-distribution for pretrained VLMs; and human-collected trajectories frequently violate kinematic limits, incur collisions, or exceed controller bandwidth, teaching VLA policies physically infeasible actions. To address the challenges, we present VISTA, a framework that bridges this dual gap through three synergistic components. (i) UMI-VQA, the first large-scale VQA dataset tailored to wrist-mounted fisheye observations, aligns VLM representations to the distorted visual regime via auxiliary vision-language supervision. (ii) A systematic physical-validation pipeline performs a data-completeness pre-check and scores each valid trajectory for trajectory continuity, self-collision risk, and execution fidelity before it enters training. (iii) A two-stage co-training recipe jointly learns vision-language grounding on UMI-VQA and action prediction on validated trajectories. Our experiments empirically show that incorporating UMI-VQA consistently improves downstream policy performance, and that physical-validation scores are strongly predictive of deployment success. On diverse simulation and real-world manipulation tasks, VISTA significantly outperforms strong baselines including π0.5, LingBot-VLA, and Wall-X. We release the physical-validation pipeline, UMI-VQA, validated trajectory data, and the pre-trained model for the community.","high","A8","1","A8=high","A8=It adapts distorted human-collected visual data with auxiliary grounding and scores trajectories for completeness, continuity, collisions, and execution fidelity before training.","A8=It links representation alignment and physical validity scores to whether collected trajectories predict deployment success.","A8=true","primary_assignment","","2026","arxiv:2606.04708","arxiv:2606.04708","4264930226721549444","","A8 | q26-recent","search-papers","recent","A3","false","false","false","false","A3/paper-registry.json | A3/raw/q24-recent-quality.txt | A3/raw/q25-recent-vla.txt | A5/canonical-pool.jsonl | A5/paper-registry.json | A8/raw/q26-recent.json | A8/work/assigned-papers.json | A8/work/canonical-pool.jsonl","A8/work/abstract-triage.jsonl | A8/work/assigned-abstracts.jsonl"
"1770","arxiv:2606.15514","3","HIGH","A8","Reinforcement Learning-Guided Retrieval with Soft Fusion for Robust Multimodal Imitation Learning under Missing Modalities","arxiv:2606.15514","Robotic systems perceive the world through multiple input modalities -- including visual camera streams and natural language instructions -- and must select appropriate actions based on these signals. However, assuming the permanent availability of all input devices is unrealistic, as sensors may fail, become occluded, or drop out entirely during deployment. Robust handling of such missing-modality scenarios is therefore essential for real-world robot operation. This paper introduces RL4IL, a reinforcement learning guided method for imitation learning that selects the most suitable action for a given observation by identifying the most relevant expert demonstrations from a training library. A reinforcement learning policy, trained via Proximal Policy Optimisation over Breadth-First Search candidate sets, ranks candidate demonstrations and a soft cross-attention fusion head aggregates their action signals to produce the final prediction. When a modality is missing at inference time, a dedicated per-modality RL retrieval policy identifies donor demonstrations from the training library, and a soft imputation head reconstructs the missing embedding via cross-attention over the top-ranked donors -- without requiring any retraining of the system. Experiments on three LIBERO benchmark suites demonstrate that RL4IL substantially outperforms state-of-the-art imitation learning methods under sensor dropout conditions, while requiring no policy network training. The code can be found at https://github.com/h-ismkhan/Reinforcement-Learning-via-kNN-for-Robotic-Learning-with-Missing-Camera","high","A8","1","A8=high","A8=An RL retrieval policy ranks donor demonstrations and fuses their embeddings and actions to handle missing input modalities without retraining.","A8=It directly tests similarity-based reuse of a demonstration library under observation uncertainty and sensor dropout.","A8=true","primary_assignment","","","arxiv:2606.15514","arxiv:2606.15514","1947274157565656853","","A8 | q05-synonyms","search-papers","","A8","false","false","false","false","A8/raw/q05-synonyms.json | A8/work/assigned-papers.json | A8/work/canonical-pool.jsonl","A8/work/abstract-triage.jsonl | A8/work/assigned-abstracts.jsonl"
"1783","arxiv:2606.23617","3","HIGH","A8","RECALL: Recovery Experience Collection for Active Lifelong Learning in Vision-Language-Action Models","arxiv:2606.23617","Vision-Language-Action (VLA) models are commonly fine-tuned through passive imitation learning, where additional demonstrations are collected for tasks where the policy performs poorly. This approach incurs several downsides: it requires the robot to fail before data collection is triggered, provides little guidance about which states require supervision, and wastes demonstrator effort on redundant parts of the task where the policy already performs well. In this paper, we propose an active, continual learning paradigm for VLAs. We demonstrate that active, uncertainty-guided data collection leads to more efficient fine-tuning than when using passively-collected demonstrations. However, we also find that fine-tuning only on actively-collected recovery data leads to catastrophic forgetting. We evaluate techniques for continual learning, including replay-based data mixing and elastic weight consolidation, and identify tradeoffs between plasticity to uncertainty-guided recovery data and retention of previously learned behaviors. Overall, our work contributes an empirical study of active continual learning for autoregressive VLAs, establishing that uncertainty-guided recovery demonstrations can improve adaptation efficiency while also revealing open challenges when targeted new data is incorporated into large robot policies.","high","A8","1","A8=high","A8=It triggers uncertainty-guided recovery demonstrations at weak states and mixes replay or elastic-weight consolidation to limit catastrophic forgetting.","A8=It directly addresses what a lifelong robot should collect next and the training tradeoff between targeted adaptation and retention.","A8=true","primary_assignment","","2026","arxiv:2606.23617","arxiv:2606.23617","2979027912599204902","","A8 | q03-direct | q25-recent","search-papers","recent","A3","false","false","false","false","A3/paper-registry.json | A3/raw/q18-active-learning.txt | A4/canonical-registry.jsonl | A4/raw/q13-harmful-demo.json | A5/canonical-pool.jsonl | A5/paper-registry.json | A6/raw-retrieval/q01-direct-failed-recovery.json | A6/raw-retrieval/q30-recent-fail-recovery.json | A6/raw-retrieval/q32-recent-vla-recovery.json | A6/work/canonical-pool.jsonl | A7/raw/q10-mixture-balance.json | A7/work/paper-registry.json | A7/work/paper-registry.jsonl | A7/work/verified-paper-registry.json | A7/work/verified-paper-registry.jsonl | A8/raw/q03-direct.json | A8/raw/q25-recent.json | A8/work/assigned-papers.json | A8/work/canonical-pool.jsonl","A8/work/abstract-triage.jsonl | A8/work/assigned-abstracts.jsonl"
"1796","arxiv:2607.01225","3","HIGH","A5","Language-Critique Imitation Learning from Suboptimal Demonstrations","arxiv:2607.01225","Prior work on imitation learning from suboptimal demonstrations typically relies on compressed supervision signals such as confidence estimates, discriminator scores, or importance weights. These scalar signals are inherently limited, as they cannot explicitly express intermediate reasoning about task progress, failure modes, or corrective actions. We propose a language-critique framework for imitation learning from suboptimal demonstrations that instead leverages natural language as a structured supervision signal, avoiding the collapse of expressive feedback into scalars. Our method first constructs language labels from demonstrations that explicitly describe current progress, identify suboptimal behaviors, and provide fine-grained corrective guidance. We then introduce a language-critique loss that directly trains policies using these structured signals without reducing them to scalars, and instantiate it for both behavior cloning and diffusion policies, yielding LC-BC and LC-DP. We further provide a theoretical result showing that the proposed objective upper-bounds the expert performance gap under standard assumptions. Empirically, we evaluate on diverse continuous control tasks spanning navigation, manipulation, and gameplay, where our methods consistently outperform strong imitation learning and offline reinforcement learning baselines. These results demonstrate that language can serve as a powerful and structured form of supervision for learning robust policies from suboptimal data.","high","A5","1","A5=high","A5=Prior work on imitation learning from suboptimal demonstrations typically relies on compressed supervision signals such as confidence estimates, discriminator scores, or importance weights.","A5=It informs how contribution weights can align training with quality, advantage, density, or task importance in the robot experience-to-policy loop.","A5=true","primary_assignment","Chih-Han Yang, Dai-Jie Wu, Yun-Ping Huang, Ping-Chun Hsieh, Kenneth Marino, Shao-Hua Sun","2026","arxiv:2607.01225 | paper:3191642339254174440","arxiv:2607.01225","paper:3191642339254174440","cs.AI | cs.LG","1 | 11 | 27 | 51 | 6","search-papers","general","A5","false","false","false","false","A4/canonical-registry.jsonl | A4/raw/q38-recent-coreset.json | A5/assigned-papers.json | A5/canonical-pool.jsonl | A5/evidence-ledger.jsonl | A5/inspection-manifest.json | A5/paper-registry.json | A5/read-manifest.json | A6/raw-retrieval/q05-syn-suboptimal-demo.json | A6/raw-retrieval/q11-mech-quality-weighted.json | A6/work/canonical-pool.jsonl","A5/assigned-abstracts.jsonl"
"1809","arxiv:2607.09428","3","HIGH","A8","Multimodal Scenario Similarity Search for Autonomous Driving","arxiv:2607.09428","Large-scale autonomous-driving datasets contain vast numbers of recorded scenarios, creating a need for efficient retrieval methods that can identify situations similar to a given query. Existing approaches typically rely on either visual representations or motion-based descriptions, making it difficult to understand their relative strengths and limitations for scenario retrieval. In this work, we present a multimodal framework for autonomous-driving scenario retrieval that combines visual and trajectory-based representations within a unified retrieval pipeline. We investigate two trajectory-based approaches: Exo-Trajectory, an explicit matching method based on surrounding-agent motion, and ScenarioFormer, a transformer-based representation learned from object trajectories using contrastive learning. We compare these approaches against strong vision-based baselines and analyze their behavior across a diverse set of driving scenarios. Experimental results show that trajectory representations provide strong retrieval performance for motion-centric events such as cut-ins, turning maneuvers, and traffic queueing, while visual embeddings excel when appearance cues are informative. Most importantly, combining visual and trajectory information consistently improves retrieval quality, yielding the best overall performance. These findings demonstrate that appearance and motion capture are complementary notions of scenario similarity and motivate multimodal retrieval systems for autonomous-driving data mining, dataset curation, and scenario-based validation.","high","A8","1","A8=high","A8=It combines visual and trajectory-based embeddings so retrieval uses appearance and motion representations according to the scenario's informative cues.","A8=It directly supports multimodal similarity search for dataset mining, curation, and safety-critical scenario collection.","A8=true","primary_assignment","","","arxiv:2607.09428","arxiv:2607.09428","4006638545805040945","","A8 | q06-synonyms | q19-adjacent","search-papers","","A8","false","false","false","false","A8/raw/q06-synonyms.json | A8/raw/q19-adjacent.json | A8/work/assigned-papers.json | A8/work/canonical-pool.jsonl","A8/work/abstract-triage.jsonl | A8/work/assigned-abstracts.jsonl"
"1822","arxiv:2607.19745","3","HIGH","A6","EgoRecovery: Acquiring Failure Recovery Ability Through Human Recovery Demonstration","arxiv:2607.19745","Robust embodied robots should be able to recover from failures and retry tasks in order to operate reliably in unstructured and noisy real-world environments. Achieving this capability requires training policies on data that captures recovery behaviors. However, collecting such data through robot teleoperation is difficult to scale, as it is time-consuming to induce diverse failure states, perform corrective actions, and reset the environment. This challenge is further exacerbated by the high diversity of failure modes, which demands substantially more recovery data than success demonstrations. In this work, we show that egocentric human data capturing failure recovery processes provides a scalable alternative. By efficiently arranging task-level failure configurations and recording short recovery segments, human operators can generate more than 10x as much valid recovery data per hour compared to robot teleoperation under our protocol. To address the embodiment gap between human and robot, we propose EgoRecovery, a co-training framework for learning recovery behavior, where human recovery demonstrations are aligned to a compact corrective-intent space shared with robot data, which captures the timing and magnitude of correction. Only a small number of robot recovery demonstrations are required to connect this intent to executable robot actions. At deployment, a learned recovery gate predicts when correction is needed from robot observations and activates the corrective intent only in recovery states. Experiments on real-world recovery tasks show that EgoRecovery improves success from failure starts over robot-only recovery, direct co-training with human recovery data, and direct intent-transfer baselines.","high","A6","1","A6=high","A6=Uses failure, recovery, retry, correction, or intervention data to return execution to a viable state or learn corrective behavior.","A6=Shows how imperfect experience can teach robust retry and recovery behavior instead of being discarded.","A6=true","primary_assignment","Zuhao Ge, Yuchen Zhou, Weitao Zhou, Minglei Li, Xinyu Li, Chao Wu, Hanwen Zhao, Haotian Wang, Zuxuan Wu, Xiaosong Jia, Yu-Gang Jiang","2026","arxiv:2607.19745","arxiv:2607.19745","8708928308217574538","cs.CV | cs.RO","q01-direct-failed-recovery | q14-mech-recovery-intervention | q30-recent-fail-recovery","search-papers","false","A6","true","true","false","false","A2/canonical-pool.json | A2/canonical-pool.jsonl | A2/raw/q17-failure-boundaries.json | A6/raw-retrieval/q01-direct-failed-recovery.json | A6/raw-retrieval/q14-mech-recovery-intervention.json | A6/raw-retrieval/q30-recent-fail-recovery.json | A6/registry-assignment.jsonl | A6/work/assigned-registry-inspected.jsonl | A6/work/assigned-registry-preinspect.jsonl | A6/work/canonical-pool.jsonl | A6/work/evidence-index.jsonl","A6/triage.jsonl"
"1835","arxiv:2608.04425","3","HIGH","A2","SSC: A Verifiable Structured Representation for Bimanual Manipulation Labelling","arxiv:2608.04425","Subtask labels decompose a long-horizon manipulation demonstration into shorter semantic segments for policy training and evaluation. Natural language descriptions are easy to read, but their linguistic variability makes automatic verification difficult. Rigid template formats, such as BEHAVIOR-1K's skillannotation, are linguistically over-segmented, hindering both readability and annotation consistency. We propose the Structured Subtask Chain (SSC), a state-transition representation that bridges these extremes. A demonstration is a sequence of Structured Subtask Template (SST) entries. Each SST stores core action components (subject, predicate, object), flexible conditions (adverbial modifiers such as spatial or instrumental phrases), a base-motion field separate from arm actions, and an after-state scene graph. Built on this format, SSC supports three vision-language assisted functions: rendering SSTs as natural language, checking the assembled chain against four state-transition rules, and completing underspecified fields through a query resolution cascade. We instantiate the pipeline on BEHAVIOR-1K (50 tasks, 3 episodes per task, 2,357 annotated action cells) for logic verification and content completion, evaluating 13 selected state-of-the-art VL models as candidate verifiers and reporting labelling anomalies.","high","A2","1","A2=high","A2=Detects or learns semantically meaningful trajectory segments and uses them as variable-horizon action chunks or keypose-to-keypose control targets.","A2=Boundary and horizon choices determine the training unit, feedback latency, credit assignment, and compounding-error exposure in long-horizon robot learning.","A2=true","primary_assignment","Yupu Lu, Shuang Wu, Sihan Chen, Ruihua Han, Yichen Zhang, Marcus Kalander, Jia Pan","2026","arxiv:2608.04425","arxiv:2608.04425","8521346178484047786","cs.RO","robot manipulation demonstration segmentation subtask boundaries temporally extended actions","search-papers","false","A2","false","false","false","false","A2/assigned-papers.json | A2/assigned-registry-inspected.json | A2/assigned-registry-inspected.jsonl | A2/canonical-pool.json | A2/canonical-pool.jsonl | A2/raw/q02-direct.json","A2/assigned-abstracts.jsonl | A2/triage.jsonl"
"1848","arxiv:2608.26058","3","HIGH","A7","One Policy, Many Embodiments: Unified Camera-Centric Action Geometry Pre-training for Heterogeneous Embodied Manipulation","arxiv:2608.26058","Scaling generalist vision-language-action (VLA) policies is severely bottlenecked by the inherent heterogeneity of embodied data, which spans diverse robot morphologies, camera configurations, and low-level action spaces. Existing paradigms typically address this mismatch through explicit action retargeting, human-to-robot video synthesis, or dataset-specific adaptation branches, fundamentally hindering the joint learning of a unified policy. We introduce UCAG-P, a camera-centric unified action formulation that structurally aligns heterogeneous embodied datasets into a shared geometric action space. Rather than treating robot-specific commands as the shared policy target, UCAG-P represents manipulation through camera-observable anchor motion in image and camera-frame coordinates, treating robot arms, humanoids, and human hands as different embodiments of a common action schema. A geometry-conditioned action translator combines predicted motion with target-embodiment kinematics to produce executable controls. The resulting decoupled architecture allows a shared VLA policy to learn transferable manipulation geometry while retaining embodiment-specific controllability. UCAG-P is trained on 4.03K hours of robot and simulation data and 2.34K hours of human demonstrations. A single checkpoint reaches 98.3% on LIBERO, 88.7% and 89.2% on RoboTwin Easy and Hard, 82.0% zero-shot on LIBERO-Plus, and 62.0% on RoboCasa GR-1, without benchmark-specific fine-tuning.","high","A7","1","A7=high","A7=Represents behavior through camera-observable anchor motion and translates shared geometric predictions into target-embodiment controls.","A7=It makes heterogeneous human, humanoid, and robot data comparable without forcing native action spaces to match.","A7=true","primary_assignment","Xiaomi Embodied Intelligence Team, University of Macau, :, Shaoqing Xu, Fang Li, Guozhi Zhan, Zhixiang Duan, Yuhan Wang, Yuechen Luo, Shengyin Jiang, Hanbing Li, Zhiying Du, Longlong Wang, Longmei Jiang, Weixiang Liang, Ying Gong, Yong Pan, Ziping Zhao, Zhiyuan Chen, Yangwei You, Kun Ma, Qinyuan Liu, Hangjun Ye, Zhi-xin Yang","2026","arxiv:2608.26058","arxiv:2608.26058","1979391020150354898","cs.RO","q30-vla-data","search-papers","recent","A7","false","true","true","false","A4/canonical-registry.jsonl | A4/raw/q30-vla-data.json | A7/raw/q07-multitask.json | A7/raw/q08-transfer.json | A7/raw/q31-recent-heterogeneous.json | A7/raw/q38-shared-policy.json | A7/work/assigned-papers.json | A7/work/assigned-papers.jsonl | A7/work/paper-registry.json | A7/work/paper-registry.jsonl | A7/work/read-manifest.json | A7/work/verified-paper-registry.json | A7/work/verified-paper-registry.jsonl","A7/work/abstract-triage.jsonl | A7/work/assigned-abstracts.jsonl"
"1861","doi:10.1093/bioinformatics/bth141","3","MEDIUM","A1","Protein homology detection using string alignment kernels.","doi:10.1093/bioinformatics/bth141","MOTIVATION: Remote homology detection between protein sequences is a central problem in computational biology. Discriminative methods involving support vector machines (SVMs) are currently the most effective methods for the problem of superfamily recognition in the Structural…","medium","A1","1","A1=medium","A1=The paper develops or evaluates a temporal correspondence, synchronization, delay, or sequence-representation mechanism for Protein homology detection using string alignment kernels.","A1=Its adjacent-domain method may provide a transferable alignment idea, but the robot transfer path requires verification.","A1=true","expansion_round_1","","","doi:10.1093/bioinformatics/bth141 | pmid:14988126","pmid:14988126","2694473537651908628","","","related-references","","A1","false","false","false","false","A1/expansion-registry.json | A1/paper-registry-complete.json","A1/expansion-triage.jsonl"
"1874","doi:10.1109/tnnls.2026.3717134","3","HIGH","A4 | A5","Expert Behavior Prior Reinforcement Learning","doi:10.1109/tnnls.2026.3717134","Behavior prior reinforcement learning (BPRL) has emerged as a promising paradigm to improve sample efficiency in online reinforcement learning (RL) by leveraging policy priors derived from offline demonstrations. However, most existing BPRL methods rely on static offline datasets, which often suffer from low data diversity and suboptimal trajectory quality. This reliance restricts the effectiveness of policy priors, hindering both policy exploitation and stability during online training. Consequently, agents are prone to inefficient exploration and unstable learning dynamics. To address these limitations, we deviate from existing offline pre-training methods and propose an Expert Behavior Prior (EBP) algorithm. Specifically, we introduce a Q-guided conditional variational autoencoder (Q-CVAE) that learns to generate expert policy priors directly from the online replay buffer. This enables the generation of high-value actions for guiding policy updates without relying on pre-collected expert trajectories. To further enhance policy exploitation, we propose an expert policy guidance (EPG) mechanism that selects expert actions from a generative support set, and we integrate a policy gradient correction (PGC) module to harmonize Q-guidance with expert supervision, promoting stable and consistent policy improvement. Extensive experiments conducted on robotic control (Gym, PyBullet) and industrial control (DMControl) benchmarks demonstrate that EBP significantly outperforms state-of-the-art online RL algorithms, achieving higher sample efficiency and more stable convergence.","high","A4 | A5","2","A4=high | A5=high","A4=Ranks or weights trajectories/transitions according to return, coverage, value, or policy-improvement utility in offline learning. | A5=Specifically, we introduce a Q-guided conditional variational autoencoder (Q-CVAE) that learns to generate expert policy priors directly from the online replay buffer.","A4=It offers a direct or transferable way to connect robot experience choices to learned policy behavior. | A5=It informs which stored transitions or demonstrations should be replayed more often when sparse reward, rarity, or learning progress matters.","A4=true | A5=true","primary_assignment","Gong Gao, Weidong Zhao, Xianhui Liu, Ning Jia","2026","arxiv:2607.21302 | doi:10.1109/TNNLS.2026.3717134 | doi:10.1109/tnnls.2026.3717134 | paper:1033120178847512178 | paper:2950079168762564030 | pmid:42566378","","paper:2950079168762564030","","4 | 65 | q36-recent-offline","search-papers | semantic-search","general | recent","A4 | A5","false","false","false","false","A4/assigned-papers.json | A4/assigned-registry-inspected.jsonl | A4/assigned-registry-preinspect.jsonl | A4/canonical-registry.jsonl | A5/assigned-papers.json | A5/canonical-pool.jsonl | A5/evidence-ledger.jsonl | A5/inspection-manifest.json | A5/paper-registry.json","A4/abstract-triage.jsonl | A5/assigned-abstracts.jsonl"
"1887","doi:10.1186/1759-4499-2-1","3","MEDIUM","A6","Towards Robot Scientists for autonomous scientific discovery.","doi:10.1186/1759-4499-2-1","We review the main components of autonomous scientific discovery, and how they lead to the concept of a Robot Scientist. This is a system which uses techniques from artificial intelligence to automate all aspects of the scientific discovery process: it generates hypotheses fromâ€¦","medium","A6","1","A6=medium","A6=Provides a policy, data, or control mechanism with a plausible path to learning from robot experience.","A6=Offers a reusable mechanism for converting sequential experience into better policy or data decisions.","A6=false","expansion_round_1","","","doi:10.1186/1759-4499-2-1 | pmcid:PMC2813846 | pmid:20119518","pmcid:PMC2813846","2909626764759929792","","","related-papers","","A6","false","false","false","false","A6/expansion/canonical-pool.jsonl","A6/expansion/triage.jsonl"
"1900","pmid:40602234","3","HIGH","A2","Action chunking as conditional policy compression.","pmid:40602234","Many skills in our everyday lives are learned by sequencing actions towards a desired goal. The action sequence can become a ""chunk"" when individual actions are grouped together and executed as one unit, making them more efficient to store and execute. While chunking has been…","high","A2","1","A2=high","A2=Uses temporally extended actions, keyposes, or learned macro-actions to expose multi-step structure while retaining feedback or planning control.","A2=The mechanism connects temporal structure to data selection or learning efficiency in the Program A loop.","A2=true","expansion_round_1","","","doi:10.1016/j.cognition.2025.106201 | pmid:40602234","","","","","","","A2","false","false","false","false","A2/expansion-pool.json | A2/expansion-pool.jsonl","A2/expansion-triage.jsonl"
