pass2_index,paper_id,assigned_agent,first_pass_classification,source_lane,paper_name,id,abstract,triage_label,lanes,lane_count,triage_labels_by_lane,mechanisms_by_lane,why_it_matters_by_lane,follow_up_by_lane,corpus_stages,authors,year,source_ids,primary_id,source_paper_id,categories,queries,discovery_methods,designations,primary_readers,metadata_verified_any,body_inspected_any,evidence_read_any,triage_disagreement,source_registry_paths,source_triage_paths
4,arxiv:1011.0686,5,HIGH,A1 | A2 | A3 | A4 | A5 | A6 | A8,A Reduction of Imitation Learning and Structured Prediction to No-Regret Online Learning,arxiv:1011.0686,"Sequential prediction problems such as imitation learning, where future observations depend on previous predictions (actions), violate the common i.i.d. assumptions made in statistical learning. This leads to poor performance in theory and often in practice. Some recent approaches provide stronger guarantees in this setting, but remain somewhat unsatisfactory as they train either non-stationary or stochastic policies and require a large number of iterations. In this paper, we propose a new iterative algorithm, which trains a stationary deterministic policy, that can be seen as a no regret algorithm in an online learning setting. We show that any such no regret algorithm, combined with additional reduction assumptions, must find a policy with good performance under the distribution of observations it induces in such sequential settings. We demonstrate that this new approach outperforms previous approaches on two challenging imitation learning problems and a benchmark sequence labeling problem.",high,A1 | A2 | A3 | A4 | A5 | A6 | A8,7,A1=low | A2=medium | A3=high | A4=high | A5=medium | A6=medium | A8=high,"A1=The abstract does not expose a clear temporal mechanism connected to the lane. | A2=Discovers reusable temporal structure in sequential experience for downstream decision making or policy learning. | A3=The paper develops or evaluates A Reduction of Imitation Learning and Structured Prediction to No-Regret Online Learning, offering a mechanism related to robot data quality, correction, attribution, or policy improvement. | A4=Connects trajectory or dataset composition to downstream policy or model behavior. | A5=Sequential prediction problems such as imitation learning, where future observations depend on previous predictions (actions), violate the common i.i.d. | A6=Studies how non-ideal sequential experience or feedback can improve decision-making beyond success-only imitation. | A8=DAgger-style online aggregation queries expert labels on states visited by the learner and uses no-regret guarantees to control distribution shift.","A1=Its mechanism is a plausible transfer to multimodal robot experience, action-observation alignment, or temporally aware policy training. | A2=The mechanism can turn long robot experience into reusable training units, skill memories, or better-conditioned policy targets. | A3=The mechanism is plausibly transferable to the Program A experience-to-policy loop and warrants follow-up. | A4=It directly informs curation of robot experience or a transferable policy-data loop. | A5=The expansion tests whether this curriculum mechanism adds a reusable way to control which robot experience influences policy training. | A6=Offers an adjacent conceptual transfer for representing and using imperfect robot experience. | A8=It is a foundational active data-collection baseline for deciding when fleet rollouts need corrective labels.",A1=false | A2=true | A3=true | A4=true | A5=true | A6=true | A8=true,expansion_round_1 | expansion_round_2 | primary_assignment,"Stephane Ross, Geoffrey J. Gordon, J. Andrew Bagnell",2010,arxiv:1011.0686 | paper:3771774981108717184 | paperid:3771774981108717184,arxiv:1011.0686,3771774981108717184,cs.AI | cs.LG | stat.ML,q34-found-original-dagger,firecrawl research related-papers | related-paper-expansion | related-papers | related-references,,A1 | A3 | A6,true,true,false,true,A1/expansion-registry.json | A1/expansion-round2-registry.json | A1/expansion-round3-registry.json | A1/paper-registry-complete.json | A2/expansion-pool.json | A2/expansion-pool.jsonl | A3/paper-registry.json | A3/round2-registry.json | A4/expansion/expansion-registry.jsonl | A4/expansion/round2/registry.jsonl | A4/expansion/round3/registry.jsonl | A4/expansion/round4/registry.jsonl | A4/expansion/round5/registry.jsonl | A5/expansion/raw/round1-references.json | A5/expansion/raw/round1-similar.json | A5/expansion/raw/round2-references.json | A5/expansion/raw/round2-similar.json | A5/expansion/raw/round3-references.json | A5/expansion/raw/round3-similar.json | A6/expansion/canonical-pool.jsonl | A6/raw-retrieval/q34-found-original-dagger.json | A6/registry-assignment.jsonl | A6/work/assigned-registry-inspected.jsonl | A6/work/assigned-registry-preinspect.jsonl | A6/work/canonical-pool.jsonl | A6/work/evidence-index.jsonl | A8/work/expansion-round2-novel.jsonl,A1/expansion-triage.jsonl | A2/expansion-triage.jsonl | A3/round2-triage.jsonl | A4/expansion/expansion-triage.jsonl | A5/expansion/round1-triage.jsonl | A6/triage.jsonl | A8/work/expansion-round2-triage.jsonl
17,arxiv:1207.6083,5,MEDIUM,A4 | A5,Determinantal point processes for machine learning,arxiv:1207.6083,"Determinantal point processes (DPPs) are elegant probabilistic models of repulsion that arise in quantum physics and random matrix theory. In contrast to traditional structured models like Markov random fields, which become intractable and hard to approximate in the presence of negative correlations, DPPs offer efficient and exact algorithms for sampling, marginalization, conditioning, and other inference tasks. We provide a gentle introduction to DPPs, focusing on the intuitions, algorithms, and extensions that are most relevant to the machine learning community, and show how DPPs can be applied to real-world applications like finding diverse sets of high-quality search results, building informative summaries by selecting diverse sentences from documents, modeling non-overlapping human poses in images or video, and automatically building timelines of important news stories.",medium,A4 | A5,2,A4=medium | A5=medium,"A4=Connects trajectory or dataset composition to downstream policy or model behavior. | A5=In contrast to traditional structured models like Markov random fields, which become intractable and hard to approximate in the presence of negative correlations, DPPs offer efficient and exact algorithms for sampling, marginalization, conditioning, and other inference tasks.",A4=It provides adjacent evidence for data-efficient training intelligence. | A5=This adaptive mixture neighbor tests whether the expansion adds a reusable mechanism for controlling robot experience in policy training.,A4=false | A5=true,expansion_round_1 | expansion_round_2,,,arxiv:1207.6083 | paper:4987646516119217140,arxiv:1207.6083,4987646516119217140,,,related-paper-expansion,,A4 | A5,false,false,false,false,A4/expansion/expansion-registry.jsonl | A5/expansion/raw/round2-references.json | A5/expansion/raw/round2-similar.json,A4/expansion/expansion-triage.jsonl | A5/expansion/round2-triage.jsonl
30,arxiv:1402.0567,5,MEDIUM,A4,Efficient Computation of the Shapley Value for Game-Theoretic Network Centrality,arxiv:1402.0567,"The Shapley value---probably the most important normative payoff division scheme in coalitional games---has recently been advocated as a useful measure of centrality in networks. However, although this approach has a variety of real-world applications (including social and organisational networks, biological networks and communication networks), its computational properties have not been widely studied. To date, the only practicable approach to compute Shapley value-based centrality has been via Monte Carlo simulations which are computationally expensive and not guaranteed to give an exact answer. Against this background, this paper presents the first study of the computational aspects of the Shapley value for network centralities. Specifically, we develop exact analytical formulae for Shapley value-based centrality in both weighted and unweighted networks and develop efficient (polynomial time) and exact algorithms based on them. We empirically evaluate these algorithms on two real-life examples (an infrastructure network representing the topology of the Western States Power Grid and a collaboration network from the field of astrophysics) and demonstrate that they deliver significant speedups over the Monte Carlo approach. For instance, in the case of unweighted networks our algorithms are able to return the exact solution about 1600 times faster than the Monte Carlo approximation, even if we allow for a generous 10% error margin for the latter method.",medium,A4,1,A4=medium,A4=Uses a valuation or attribution signal to estimate the contribution of training examples to model or policy outcomes.,A4=It extends the A4 mechanism space with adjacent data-centric evidence.,A4=false,expansion_round_1,,,arxiv:1402.0567 | paper:3156668428113225520,,,,,,,A4,false,false,false,false,A4/expansion/round2/registry.jsonl | A4/expansion/round5/registry.jsonl,A4/expansion/all-new-expansion-triage.jsonl
43,arxiv:1502.05477,5,MEDIUM,A2 | A5 | A8,Trust Region Policy Optimization,arxiv:1502.05477,"We describe an iterative procedure for optimizing policies, with guaranteed monotonic improvement. By making several approximations to the theoretically-justified procedure, we develop a practical algorithm, called Trust Region Policy Optimization (TRPO). This algorithm is similar to natural policy gradient methods and is effective for optimizing large nonlinear policies such as neural networks. Our experiments demonstrate its robust performance on a wide variety of tasks: learning simulated robotic swimming, hopping, and walking gaits; and playing Atari games using images of the screen as input. Despite its approximations that deviate from the theory, TRPO tends to give monotonic improvement, with little tuning of hyperparameters.",medium,A2 | A5 | A8,3,A2=low | A5=medium | A8=low,"A2=Discovers reusable temporal structure in sequential experience for downstream decision making or policy learning. | A5=Our experiments demonstrate its robust performance on a wide variety of tasks: learning simulated robotic swimming, hopping, and walking gaits; and playing Atari games using images of the screen as input. | A8=The abstract does not identify a mechanism specifically for data usefulness, representation similarity, or active fleet collection.","A2=The mechanism can turn long robot experience into reusable training units, skill memories, or better-conditioned policy targets. | A5=This adaptive mixture neighbor tests whether the expansion adds a reusable mechanism for controlling robot experience in policy training. | A8=It is a general policy-optimization baseline rather than an A8 selection mechanism.",A2=false | A5=true | A8=false,expansion_round_1 | expansion_round_2,,2015,arxiv:1502.05477 | paperid:3479099629109485104,arxiv:1502.05477,3479099629109485104,,,,,A2 | A5 | A8,false,false,false,true,A2/expansion-pool.json | A2/expansion-pool.jsonl | A5/expansion/raw/round2-references.json | A5/expansion/raw/round2-similar.json | A8/work/expansion-round2-novel.jsonl,A2/expansion-triage.jsonl | A5/expansion/round2-triage.jsonl | A8/work/expansion-round2-triage.jsonl | A8/work/expansion-round3-triage.jsonl
56,arxiv:1507.00814,5,HIGH,A2 | A8,Incentivizing Exploration In Reinforcement Learning With Deep Predictive Models,arxiv:1507.00814,"Achieving efficient and scalable exploration in complex domains poses a major challenge in reinforcement learning. While Bayesian and PAC-MDP approaches to the exploration problem offer strong formal guarantees, they are often impractical in higher dimensions due to their reliance on enumerating the state-action space. Hence, exploration in complex domains is often performed with simple epsilon-greedy methods. In this paper, we consider the challenging Atari games domain, which requires processing raw pixel inputs and delayed rewards. We evaluate several more sophisticated exploration strategies, including Thompson sampling and Boltzman exploration, and propose a new exploration method based on assigning exploration bonuses from a concurrently learned model of the system dynamics. By parameterizing our learned model with a neural network, we are able to develop a scalable and efficient approach to exploration bonuses that can be applied to tasks with complex, high-dimensional state spaces. In the Atari domain, our method provides the most consistent improvement across a range of games that pose a major challenge for prior methods. In addition to raw game-scores, we also develop an AUC-100 metric for the Atari Learning domain to evaluate the impact of exploration on this benchmark.",high,A2 | A8,2,A2=low | A8=high,"A2=Discovers reusable temporal structure in sequential experience for downstream decision making or policy learning. | A8=A learned predictive model rewards actions whose outcomes are difficult to predict, encouraging exploration of uncertain dynamics.",A2=The mechanism connects temporal structure to data selection or learning efficiency in the Program A loop. | A8=It connects model disagreement or prediction error to the next physical interaction a fleet should attempt.,A2=false | A8=true,expansion_round_1 | expansion_round_2,,2015,arxiv:1507.00814 | paperid:5792422353090077341,,,,,,,A2 | A8,false,false,false,true,A2/expansion-pool.json | A2/expansion-pool.jsonl | A8/work/expansion-round2-novel.jsonl,A2/expansion-triage.jsonl | A8/work/expansion-round2-triage.jsonl | A8/work/expansion-round3-triage.jsonl
69,arxiv:1512.03012,5,MEDIUM,A7,ShapeNet: An Information-Rich 3D Model Repository,arxiv:1512.03012,"We present ShapeNet: a richly-annotated, large-scale repository of shapes represented by 3D CAD models of objects. ShapeNet contains 3D models from a multitude of semantic categories and organizes them under the WordNet taxonomy. It is a collection of datasets providing many semantic annotations for each 3D model such as consistent rigid alignments, parts and bilateral symmetry planes, physical sizes, keywords, as well as other planned annotations. Annotations are made available through a public web-based interface to enable data visualization of object attributes, promote data-driven geometric analysis, and provide a large-scale quantitative benchmark for research in computer graphics and vision. At the time of this technical report, ShapeNet has indexed more than 3,000,000 models, 220,000 models out of which are classified into 3,135 categories (WordNet synsets). In this report we describe the ShapeNet effort as a whole, provide details for all currently available datasets, and summarize future plans.",medium,A7,1,A7=medium,"A7=We present ShapeNet: a richly-annotated, large-scale repository of shapes represented by 3D CAD models of objects.","A7=It expands or measures task, environment, object, or observation coverage for more robust behavior.",A7=false,expansion_round_1,,,arxiv:1512.03012,,,,,references,,A7,false,false,false,false,A7/work/expansion-registry.json | A7/work/expansion-registry.jsonl,A7/work/expansion-triage.jsonl
82,arxiv:1602.07332,5,MEDIUM,A4,Visual Genome: Connecting Language and Vision Using Crowdsourced Dense Image Annotations,arxiv:1602.07332,"Despite progress in perceptual tasks such as image classification, computers still perform poorly on cognitive tasks such as image description and question answering. Cognition is core to tasks that involve not just recognizing, but reasoning about our visual world. However, models used to tackle the rich content in images for cognitive tasks are still being trained using the same datasets designed for perceptual tasks. To achieve success at cognitive tasks, models need to understand the interactions and relationships between objects in an image. When asked ""What vehicle is the person riding?"", computers will need to identify the objects in an image as well as the relationships riding(man, carriage) and pulling(horse, carriage) in order to answer correctly that ""the person is riding a horse-drawn carriage"". In this paper, we present the Visual Genome dataset to enable the modeling of such relationships. We collect dense annotations of objects, attributes, and relationships within each image to learn these models. Specifically, our dataset contains over 100K images where each image has an average of 21 objects, 18 attributes, and 18 pairwise relationships between objects. We canonicalize the objects, attributes, relationships, and noun phrases in region descriptions and questions answer pairs to WordNet synsets. Together, these annotations represent the densest and largest dataset of image descriptions, objects, attributes, relationships, and question answers.",medium,A4,1,A4=medium,A4=Provides adjacent evidence about how data composition affects learning outcomes.,A4=It extends the A4 mechanism space with adjacent data-centric evidence.,A4=false,expansion_round_1,,,arxiv:1602.07332 | paper:1944497159913622901,,,,,,,A4,false,false,false,false,A4/expansion/round4/registry.jsonl,A4/expansion/all-new-expansion-triage.jsonl
95,arxiv:1605.06676,5,MEDIUM,A8,Learning to Communicate with Deep Multi-Agent Reinforcement Learning,arxiv:1605.06676,"We consider the problem of multiple agents sensing and acting in environments with the goal of maximising their shared utility. In these environments, agents must learn communication protocols in order to share information that is needed to solve the tasks. By embracing deep neural networks, we are able to demonstrate end-to-end learning of protocols in complex environments inspired by communication riddles and multi-agent computer vision problems with partial observability. We propose two approaches for learning in these domains: Reinforced Inter-Agent Learning (RIAL) and Differentiable Inter-Agent Learning (DIAL). The former uses deep Q-learning, while the latter exploits the fact that, during learning, agents can backpropagate error derivatives through (noisy) communication channels. Hence, this approach uses centralised learning but decentralised execution. Our experiments introduce new environments for studying the learning of communication protocols and present a set of engineering innovations that are essential for success in these domains.",medium,A8,1,A8=medium,A8=Agents learn communication protocols that coordinate decentralized decisions from shared task information.,"A8=Communication is an adjacent mechanism for sharing fleet coverage and uncertainty, though this paper is not about robot data selection.",A8=true,expansion_round_3,,,arxiv:1605.06676 | paperid:6582236229292210450,,,,,,,A8,false,false,false,false,A8/work/expansion-round3-novel.jsonl,A8/work/expansion-round3-triage.jsonl
108,arxiv:1608.05167,5,MEDIUM,A4,AID: A Benchmark Dataset for Performance Evaluation of Aerial Scene Classification,arxiv:1608.05167,"Aerial scene classification, which aims to automatically label an aerial image with a specific semantic category, is a fundamental problem for understanding high-resolution remote sensing imagery. In recent years, it has become an active task in remote sensing area and numerous algorithms have been proposed for this task, including many machine learning and data-driven approaches. However, the existing datasets for aerial scene classification like UC-Merced dataset and WHU-RS19 are with relatively small sizes, and the results on them are already saturated. This largely limits the development of scene classification algorithms. This paper describes the Aerial Image Dataset (AID): a large-scale dataset for aerial scene classification. The goal of AID is to advance the state-of-the-arts in scene classification of remote sensing images. For creating AID, we collect and annotate more than ten thousands aerial scene images. In addition, a comprehensive review of the existing aerial scene classification techniques as well as recent widely-used deep learning methods is given. Finally, we provide a performance analysis of typical aerial scene classification and deep learning approaches on AID, which can be served as the baseline results on this benchmark.",medium,A4,1,A4=medium,A4=Uses data valuation or attribution to estimate example contribution to model or policy outcomes.,A4=It provides adjacent evidence for data-efficient training intelligence.,A4=true,expansion_round_1,,,arxiv:1608.05167 | paper:3074208613442480613,,,,,related-paper-expansion,,A4,false,false,false,false,A4/expansion/expansion-registry.jsonl,A4/expansion/expansion-triage.jsonl
121,arxiv:1611.04717,5,HIGH,A8,#Exploration: A Study of Count-Based Exploration for Deep Reinforcement Learning,arxiv:1611.04717,"Count-based exploration algorithms are known to perform near-optimally when used in conjunction with tabular reinforcement learning (RL) methods for solving small discrete Markov decision processes (MDPs). It is generally thought that count-based methods cannot be applied in high-dimensional state spaces, since most states will only occur once. Recent deep RL exploration strategies are able to deal with high-dimensional continuous state spaces through complex heuristics, often relying on optimism in the face of uncertainty or intrinsic motivation. In this work, we describe a surprising finding: a simple generalization of the classic count-based approach can reach near state-of-the-art performance on various high-dimensional and/or continuous deep RL benchmarks. States are mapped to hash codes, which allows to count their occurrences with a hash table. These counts are then used to compute a reward bonus according to the classic count-based exploration theory. We find that simple hash functions can achieve surprisingly good results on many challenging tasks. Furthermore, we show that a domain-dependent learned hash code may further improve these results. Detailed analysis reveals important aspects of a good hash function: 1) having appropriate granularity and 2) encoding information relevant to solving the MDP. This exploration strategy achieves near state-of-the-art performance on both continuous control tasks and Atari 2600 games, hence providing a simple yet powerful baseline for solving MDPs that require considerable exploration.",high,A8,1,A8=high,A8=Count-based bonuses favor rarely visited states using visitation estimates to drive exploration toward undercovered regions.,A8=It supplies a simple novelty signal for detecting and filling representation or state-space coverage gaps.,A8=true,expansion_round_2,,,arxiv:1611.04717 | paperid:2045695022920286915,,,,,,,A8,false,false,false,false,A8/work/expansion-round2-novel.jsonl,A8/work/expansion-round2-triage.jsonl | A8/work/expansion-round3-triage.jsonl
134,arxiv:1703.00121,5,MEDIUM,A4,Remote Sensing Image Scene Classification: Benchmark and State of the Art,arxiv:1703.00121,"Remote sensing image scene classification plays an important role in a wide range of applications and hence has been receiving remarkable attention. During the past years, significant efforts have been made to develop various datasets or present a variety of approaches for scene classification from remote sensing images. However, a systematic review of the literature concerning datasets and methods for scene classification is still lacking. In addition, almost all existing datasets have a number of limitations, including the small scale of scene classes and the image numbers, the lack of image variations and diversity, and the saturation of accuracy. These limitations severely limit the development of new approaches especially deep learning-based methods. This paper first provides a comprehensive review of the recent progress. Then, we propose a large-scale dataset, termed ""NWPU-RESISC45"", which is a publicly available benchmark for REmote Sensing Image Scene Classification (RESISC), created by Northwestern Polytechnical University (NWPU). This dataset contains 31,500 images, covering 45 scene classes with 700 images in each class. The proposed NWPU-RESISC45 (i) is large-scale on the scene classes and the total image number, (ii) holds big variations in translation, spatial resolution, viewpoint, object pose, illumination, background, and occlusion, and (iii) has high within-class diversity and between-class similarity. The creation of this dataset will enable the community to develop and evaluate various data-driven algorithms. Finally, several representative methods are evaluated using the proposed dataset and the results are reported as a useful baseline for future research.",medium,A4,1,A4=medium,"A4=Chooses examples using uncertainty, diversity, information gain, or expected utility.",A4=It directly informs curation of robot experience or a transferable policy-data loop.,A4=true,expansion_round_1,,,arxiv:1703.00121 | paper:1120882779621621204,,,,,related-paper-expansion,,A4,false,false,false,false,A4/expansion/expansion-registry.jsonl,A4/expansion/expansion-triage.jsonl
147,arxiv:1703.05407,5,HIGH,A5 | A8,Intrinsic Motivation and Automatic Curricula via Asymmetric Self-Play,arxiv:1703.05407,"We describe a simple scheme that allows an agent to learn about its environment in an unsupervised manner. Our scheme pits two versions of the same agent, Alice and Bob, against one another. Alice proposes a task for Bob to complete; and then Bob attempts to complete the task. In this work we will focus on two kinds of environments: (nearly) reversible environments and environments that can be reset. Alice will ""propose"" the task by doing a sequence of actions and then Bob must undo or repeat them, respectively. Via an appropriate reward structure, Alice and Bob automatically generate a curriculum of exploration, enabling unsupervised training of the agent. When Bob is deployed on an RL task within the environment, this unsupervised training reduces the number of supervised episodes needed to learn, and in some cases converges to a higher reward.",high,A5 | A8,2,A5=low | A8=high,A5=Alice proposes a task for Bob to complete; and then Bob attempts to complete the task. | A8=Asymmetric self-play generates progressively harder goals by having one agent propose tasks that challenge the other agent.,A5=The expansion tests whether this curriculum mechanism adds a reusable way to control which robot experience influences policy training. | A8=It provides an automatic curriculum for selecting novel but learnable fleet experiences.,A5=false | A8=true,expansion_round_1 | expansion_round_2,,,arxiv:1703.05407 | paperid:265848840405736370,arxiv:1703.05407,265848840405736370,,,,,A5 | A8,false,false,false,true,A5/expansion/raw/round1-references.json | A8/work/expansion-round2-novel.jsonl,A5/expansion/round1-triage.jsonl | A8/work/expansion-round2-triage.jsonl
160,arxiv:1704.06888,5,HIGH,A1 | A8,Time-Contrastive Networks: Self-Supervised Learning from Video,arxiv:1704.06888,"We propose a self-supervised approach for learning representations and robotic behaviors entirely from unlabeled videos recorded from multiple viewpoints, and study how this representation can be used in two robotic imitation settings: imitating object interactions from videos of humans, and imitating human poses. Imitation of human behavior requires a viewpoint-invariant representation that captures the relationships between end-effectors (hands or robot grippers) and the environment, object attributes, and body pose. We train our representations using a metric learning loss, where multiple simultaneous viewpoints of the same observation are attracted in the embedding space, while being repelled from temporal neighbors which are often visually similar but functionally different. In other words, the model simultaneously learns to recognize what is common between different-looking images, and what is different between similar-looking images. This signal causes our model to discover attributes that do not change across viewpoint, but do change across time, while ignoring nuisance variables such as occlusions, motion blur, lighting and background. We demonstrate that this representation can be used by a robot to directly mimic human poses without an explicit correspondence, and that it can be used as a reward function within a reinforcement learning algorithm. While representations are learned from an unlabeled collection of task-related videos, robot behaviors such as pouring are learned by watching a single 3rd-person demonstration by a human. Reward functions obtained by following the human demonstrations under the learned representation enable efficient reinforcement learning that is practical for real-world robotic systems. Video results, open-source code and dataset are available at https://sermanet.github.io/imitate",high,A1 | A8,2,A1=high | A8=high,"A1=The paper develops or evaluates a temporal correspondence, synchronization, delay, or sequence-representation mechanism for Time-Contrastive Networks: Self-Supervised Learning from Video. | A8=Metric learning attracts synchronized multiview observations and repels temporal neighbors to learn viewpoint-invariant, temporally discriminative representations.","A1=Its mechanism is a plausible transfer to multimodal robot experience, action-observation alignment, or temporally aware policy training. | A8=It demonstrates how representation quality can preserve task-relevant geometry while discarding nuisance variation for imitation and RL.",A1=true | A8=true,expansion_round_1 | primary_assignment,,2017,arxiv:1704.06888,arxiv:1704.06888,4729283313628431641,,A8 | contrastive temporal distance skill boundary detection robotics | q01-direct | self-supervised representation learning temporal segmentation robot trajectories,related-references | search-papers,true,A1,false,false,false,false,A1/expansion-registry.json | A1/expansion-round3-registry.json | A1/paper-registry-complete.json | A2/canonical-pool.json | A2/canonical-pool.jsonl | A2/raw/q10-self-supervised.json | A2/raw/q14-contrastive.json | A8/raw/q01-direct.json | A8/work/assigned-papers.json | A8/work/canonical-pool.jsonl,A1/expansion-triage.jsonl | A8/work/abstract-triage.jsonl | A8/work/assigned-abstracts.jsonl
173,arxiv:1706.05064,5,HIGH,A2,Zero-Shot Task Generalization with Multi-Task Deep Reinforcement Learning,arxiv:1706.05064,"As a step towards developing zero-shot task generalization capabilities in reinforcement learning (RL), we introduce a new RL problem where the agent should learn to execute sequences of instructions after learning useful skills that solve subtasks. In this problem, we consider two types of generalizations: to previously unseen instructions and to longer sequences of instructions. For generalization over unseen instructions, we propose a new objective which encourages learning correspondences between similar subtasks by making analogies. For generalization over sequential instructions, we present a hierarchical architecture where a meta controller learns to use the acquired skills for executing the instructions. To deal with delayed reward, we propose a new neural architecture in the meta controller that learns when to update the subtask, which makes learning more efficient. Experimental results on a stochastic 3D domain show that the proposed ideas are crucial for generalization to longer instructions as well as unseen instructions.",high,A2,1,A2=high,"A2=Finds event, phase, or subtask boundaries by modeling temporal changes in observations, dynamics, language, or latent sequence variables.",A2=The mechanism connects temporal structure to data selection or learning efficiency in the Program A loop.,A2=true,expansion_round_1,,2017,arxiv:1706.05064,,,,,,,A2,false,false,false,false,A2/expansion-pool.json | A2/expansion-pool.jsonl,A2/expansion-triage.jsonl
186,arxiv:1708.05144,5,MEDIUM,A3,Scalable trust-region method for deep reinforcement learning using Kronecker-factored approximation,arxiv:1708.05144,"In this work, we propose to apply trust region optimization to deep reinforcement learning using a recently proposed Kronecker-factored approximation to the curvature. We extend the framework of natural policy gradient and propose to optimize both the actor and the critic using Kronecker-factored approximate curvature (K-FAC) with trust region; hence we call our method Actor Critic using Kronecker-Factored Trust Region (ACKTR). To the best of our knowledge, this is the first scalable trust region natural gradient method for actor-critic methods. It is also a method that learns non-trivial task",medium,A3,1,A3=medium,"A3=The paper develops or evaluates Scalable trust-region method for deep reinforcement learning using Kronecker-factored approximation, providing an adjacent mechanism for robust learning, attribution, evaluation, or data selection.","A3=It may transfer to robot experience curation or training intelligence, but its direct relevance requires verification.",A3=false,expansion_round_1,,2017,arxiv:1708.05144,,,,,firecrawl research related-papers,,A3,false,false,false,false,A3/expansion-registry.json | A3/paper-registry.json,A3/expansion-triage.jsonl
199,arxiv:1710.09767,5,HIGH,A2,Meta Learning Shared Hierarchies,arxiv:1710.09767,"We develop a metalearning approach for learning hierarchically structured policies, improving sample efficiency on unseen tasks through the use of shared primitives---policies that are executed for large numbers of timesteps. Specifically, a set of primitives are shared within a distribution of tasks, and are switched between by task-specific policies. We provide a concrete metric for measuring the strength of such hierarchies, leading to an optimization problem for quickly reaching high reward on unseen tasks. We then present an algorithm to solve this problem end-to-end through the use of any off-the-shelf reinforcement learning method, by repeatedly sampling new tasks and resetting task-specific policies. We successfully discover meaningful motor primitives for the directional movement of four-legged robots, solely by interacting with distributions of mazes. We also demonstrate the transferability of primitives to solve long-timescale sparse-reward obstacle courses, and we enable 3D humanoid robots to robustly walk and crawl with the same policy.",high,A2,1,A2=high,A2=Discovers reusable temporal structure in sequential experience for downstream decision making or policy learning.,"A2=The mechanism can turn long robot experience into reusable training units, skill memories, or better-conditioned policy targets.",A2=true,expansion_round_1,,2017,arxiv:1710.09767,,,,,,,A2,false,false,false,false,A2/expansion-pool.json | A2/expansion-pool.jsonl,A2/expansion-triage.jsonl
212,arxiv:1802.01557,5,HIGH,A1 | A4 | A5,One-Shot Imitation from Observing Humans via Domain-Adaptive Meta-Learning,arxiv:1802.01557,"Humans and animals are capable of learning a new behavior by observing others perform the skill just once. We consider the problem of allowing a robot to do the same -- learning from a raw video pixels of a human, even when there is substantial domain shift in the perspective, environment, and embodiment between the robot and the observed human. Prior approaches to this problem have hand-specified how human and robot actions correspond and often relied on explicit human pose detection systems. In this work, we present an approach for one-shot learning from a video of a human by using human and robot demonstration data from a variety of previous tasks to build up prior knowledge through meta-learning. Then, combining this prior knowledge and only a single video demonstration from a human, the robot can perform the task that the human demonstrated. We show experiments on both a PR2 arm and a Sawyer arm, demonstrating that after meta-learning, the robot can learn to place, push, and pick-and-place new objects using just one video of a human performing the manipulation.",high,A1 | A4 | A5,3,A1=high | A4=medium | A5=medium,"A1=The paper develops or evaluates a temporal correspondence, synchronization, delay, or sequence-representation mechanism for One-Shot Imitation from Observing Humans via Domain-Adaptive Meta-Learning. | A4=Connects trajectory or demonstration choice to downstream policy learning, behavior, or offline-RL utility. | A5=In this work, we present an approach for one-shot learning from a video of a human by using human and robot demonstration data from a variety of previous tasks to build up prior knowledge through meta-learning.","A1=Its mechanism is a plausible transfer to multimodal robot experience, action-observation alignment, or temporally aware policy training. | A4=It is directly or plausibly transferable to selecting robot experience for policy learning. | A5=The expansion tests whether this adaptive mixture mechanism adds a reusable way to control which robot experience influences policy training.",A1=true | A4=false | A5=true,expansion_round_1 | expansion_round_2,,,arxiv:1802.01557 | paper:3272871769594844662,arxiv:1802.01557,3272871769594844662,,,related-papers-round2,,A1,false,false,false,true,A1/expansion-round2-registry.json | A1/paper-registry-complete.json | A4/expansion/round4/registry.jsonl | A5/expansion/raw/round1-references.json,A1/expansion-round2-triage.jsonl | A4/expansion/all-new-expansion-triage.jsonl | A5/expansion/round1-triage.jsonl
225,arxiv:1803.10122,5,MEDIUM,A4,World Models,arxiv:1803.10122,"We explore building generative neural network models of popular reinforcement learning environments. Our world model can be trained quickly in an unsupervised manner to learn a compressed spatial and temporal representation of the environment. By using features extracted from the world model as inputs to an agent, we can train a very compact and simple policy that can solve the required task. We can even train our agent entirely inside of its own hallucinated dream generated by its world model, and transfer this policy back into the actual environment. An interactive version of this paper is available at https://worldmodels.github.io/",medium,A4,1,A4=medium,"A4=Connects trajectory or demonstration choice to downstream policy learning, behavior, or offline-RL utility.",A4=It is directly or plausibly transferable to selecting robot experience for policy learning.,A4=false,expansion_round_1,,,arxiv:1803.10122 | paper:7625479787946419703,,,,,,,A4,false,false,false,false,A4/expansion/round4/registry.jsonl,A4/expansion/all-new-expansion-triage.jsonl
238,arxiv:1806.04166,5,HIGH,A1,Learning to Decompose and Disentangle Representations for Video Prediction,arxiv:1806.04166,"Our goal is to predict future video frames given a sequence of input frames. Despite large amounts of video data, this remains a challenging task because of the high-dimensionality of video frames. We address this challenge by proposing the Decompositional Disentangled Predictive Auto-Encoder (DDPAE), a framework that combines structured probabilistic models and deep networks to automatically (i) decompose the high-dimensional video that we aim to predict into components, and (ii) disentangle each component to have low-dimensional temporal dynamics that are easier to predict. Crucially, with an appropriately specified generative model of video frames, our DDPAE is able to learn both the latent decomposition and disentanglement without explicit supervision. For the Moving MNIST dataset, we show that DDPAE is able to recover the underlying components (individual digits) and disentanglement (appearance and location) as we would intuitively do. We further demonstrate that DDPAE can be applied to the Bouncing Balls dataset involving complex interactions between multiple objects to predict the video frame directly from the pixels and recover physical states without explicit supervision.",high,A1,1,A1=high,"A1=The paper develops or evaluates a temporal correspondence, synchronization, delay, or sequence-representation mechanism for Learning to Decompose and Disentangle Representations for Video Prediction.","A1=Its mechanism is a plausible transfer to multimodal robot experience, action-observation alignment, or temporally aware policy training.",A1=true,expansion_round_2,,,arxiv:1806.04166,arxiv:1806.04166,721362248846174475,,,related-papers-round2 | related-papers-round3,,A1,false,false,false,false,A1/expansion-round2-registry.json | A1/expansion-round3-registry.json | A1/paper-registry-complete.json,A1/expansion-round2-triage.jsonl
251,arxiv:1809.08875,5,HIGH,A1,A Probabilistic Semi-Supervised Approach to Multi-Task Human Activity Modeling,arxiv:1809.08875,"Human behavior is a continuous stochastic spatio-temporal process which is governed by semantic actions and affordances as well as latent factors. Therefore, video-based human activity modeling is concerned with a number of tasks such as inferring current and future semantic labels, predicting future continuous observations as well as imagining possible future label and feature sequences. In this paper we present a semi-supervised probabilistic deep latent variable model that can represent both discrete labels and continuous observations as well as latent dynamics over time. This allows the model to solve several tasks at once without explicit fine-tuning. We focus here on the tasks of action classification, detection, prediction and anticipation as well as motion prediction and synthesis based on 3D human activity data recorded with Kinect. We further extend the model to capture hierarchical label structure and to model the dependencies between multiple entities, such as a human and objects. Our experiments demonstrate that our principled approach to human activity modeling can be used to detect current and anticipate future semantic labels and to predict and synthesize future label and feature sequences. When comparing our model to state-of-the-art approaches, which are specifically designed for e.g. action classification, we find that our probabilistic formulation outperforms or is comparable to these task specific models.",high,A1,1,A1=high,"A1=The paper develops or evaluates a temporal correspondence, synchronization, delay, or sequence-representation mechanism for A Probabilistic Semi-Supervised Approach to Multi-Task Human Activity Modeling.","A1=Its mechanism is a plausible transfer to multimodal robot experience, action-observation alignment, or temporally aware policy training.",A1=true,expansion_round_2,,,arxiv:1809.08875,arxiv:1809.08875,5371184013696935969,,,related-papers-round2 | related-papers-round3,,A1,false,false,false,false,A1/expansion-round2-registry.json | A1/expansion-round3-registry.json | A1/paper-registry-complete.json,A1/expansion-round2-triage.jsonl
264,arxiv:1811.02790,5,HIGH,A4 | A5 | A7 | A8,RoboTurk: A Crowdsourcing Platform for Robotic Skill Learning through Imitation,arxiv:1811.02790,"Imitation Learning has empowered recent advances in learning robotic manipulation tasks by addressing shortcomings of Reinforcement Learning such as exploration and reward specification. However, research in this area has been limited to modest-sized datasets due to the difficulty of collecting large quantities of task demonstrations through existing mechanisms. This work introduces RoboTurk to address this challenge. RoboTurk is a crowdsourcing platform for high quality 6-DoF trajectory based teleoperation through the use of widely available mobile devices (e.g. iPhone). We evaluate RoboTurk on three manipulation tasks of varying timescales (15-120s) and observe that our user interface is statistically similar to special purpose hardware such as virtual reality controllers in terms of task completion times. Furthermore, we observe that poor network conditions, such as low bandwidth and high delay links, do not substantially affect the remote users' ability to perform task demonstrations successfully on RoboTurk. Lastly, we demonstrate the efficacy of RoboTurk through the collection of a pilot dataset; using RoboTurk, we collected 137.5 hours of manipulation data from remote workers, amounting to over 2200 successful task demonstrations in 22 hours of total system usage. We show that the data obtained through RoboTurk enables policy learning on multi-step manipulation tasks with sparse rewards and that using larger quantities of demonstrations during policy learning provides benefits in terms of both learning consistency and final performance. For additional results, videos, and to download our pilot dataset, visit http://roboturk.stanford.edu/roboturk.stanford.edu",high,A4 | A5 | A7 | A8,4,A4=medium | A5=high | A7=medium | A8=high,"A4=Connects trajectory or demonstration choice to downstream policy learning, behavior, or offline-RL utility. | A5=Imitation Learning has empowered recent advances in learning robotic manipulation tasks by addressing shortcomings of Reinforcement Learning such as exploration and reward specification. | A7=Imitation Learning has empowered recent advances in learning robotic manipulation tasks by addressing shortcomings of Reinforcement Learning such as exploration and reward specification. | A8=A teleoperation interface captures standardized demonstrations at scale and records task, operator, and execution metadata for reusable skill learning.","A4=It is directly or plausibly transferable to selecting robot experience for policy learning. | A5=This adaptive mixture neighbor tests whether the expansion adds a reusable mechanism for controlling robot experience in policy training. | A7=It informs how data quantity, composition, or offline experience should affect policy training. | A8=It demonstrates how structured metadata and broad human collection can increase fleet dataset coverage while retaining provenance.",A4=false | A5=true | A7=true | A8=true,expansion_round_1 | expansion_round_2,,,arxiv:1811.02790 | paper:1286625031619677930 | paperid:1286625031619677930,arxiv:1811.02790,1286625031619677930,,,references | related-papers,,A4 | A5 | A7 | A8,false,false,false,true,A4/expansion/round2/registry.jsonl | A4/expansion/round3/registry.jsonl | A4/expansion/round5/registry.jsonl | A5/expansion/raw/round2-references.json | A7/work/expansion-read-manifest.json | A7/work/expansion-registry.json | A7/work/expansion-registry.jsonl | A8/work/expansion-novel.jsonl | A8/work/expansion-pool.jsonl,A4/expansion/all-new-expansion-triage.jsonl | A5/expansion/round2-triage.jsonl | A7/work/expansion-triage.jsonl | A8/work/expansion-triage.jsonl
277,arxiv:1812.07252,5,MEDIUM,A1 | A4,Sim-to-Real via Sim-to-Sim: Data-efficient Robotic Grasping via Randomized-to-Canonical Adaptation Networks,arxiv:1812.07252,"Real world data, especially in the domain of robotics, is notoriously costly to collect. One way to circumvent this can be to leverage the power of simulation to produce large amounts of labelled data. However, training models on simulated images does not readily transfer to real-world ones. Using domain adaptation methods to cross this ""reality gap"" requires a large amount of unlabelled real-world data, whilst domain randomization alone can waste modeling power. In this paper, we present Randomized-to-Canonical Adaptation Networks (RCANs), a novel approach to crossing the visual reality gap that uses no real-world data. Our method learns to translate randomized rendered images into their equivalent non-randomized, canonical versions. This in turn allows for real images to also be translated into canonical sim images. We demonstrate the effectiveness of this sim-to-real approach by training a vision-based closed-loop grasping reinforcement learning agent in simulation, and then transferring it to the real world to attain 70% zero-shot grasp success on unseen objects, a result that almost doubles the success of learning the same task directly on domain randomization alone. Additionally, by joint finetuning in the real-world with only 5,000 real-world grasps, our method achieves 91%, attaining comparable performance to a state-of-the-art system trained with 580,000 real-world grasps, resulting in a reduction of real-world data by more than 99%.",medium,A1 | A4,2,A1=low | A4=medium,"A1=The abstract does not expose a clear temporal mechanism connected to the lane. | A4=Connects trajectory or demonstration choice to downstream policy learning, behavior, or offline-RL utility.","A1=Its mechanism is a plausible transfer to multimodal robot experience, action-observation alignment, or temporally aware policy training. | A4=It is directly or plausibly transferable to selecting robot experience for policy learning.",A1=false | A4=false,expansion_round_1 | expansion_round_2,,2018,arxiv:1812.07252 | paper:3440124643195345059,arxiv:1812.07252,3440124643195345059,,,related-papers-round2,foundational,A1,false,false,false,true,A1/expansion-round2-registry.json | A1/paper-registry-complete.json | A4/expansion/round4/registry.jsonl | A7/raw/q26-domain-randomization.json | A7/work/paper-registry.json | A7/work/paper-registry.jsonl | A7/work/verified-paper-registry.json | A7/work/verified-paper-registry.jsonl,A1/expansion-round2-triage.jsonl | A4/expansion/all-new-expansion-triage.jsonl
290,arxiv:1903.08225,5,MEDIUM,A1,Cross-task weakly supervised learning from instructional videos,arxiv:1903.08225,"In this paper we investigate learning visual models for the steps of ordinary tasks using weak supervision via instructional narrations and an ordered list of steps instead of strong supervision via temporal annotations. At the heart of our approach is the observation that weakly supervised learning may be easier if a model shares components while learning different steps: `pour egg' should be trained jointly with other tasks involving `pour' and `egg'. We formalize this in a component model for recognizing steps and a weakly supervised learning framework that can learn this model under temporal constraints from narration and the list of steps. Past data does not permit systematic studying of sharing and so we also gather a new dataset, CrossTask, aimed at assessing cross-task sharing. Our experiments demonstrate that sharing across tasks improves performance, especially when done at the component level and that our component model can parse previously unseen tasks by virtue of its compositionality.",medium,A1,1,A1=medium,"A1=The paper develops or evaluates a temporal correspondence, synchronization, delay, or sequence-representation mechanism for Cross-task weakly supervised learning from instructional videos.","A1=Its adjacent-domain method may provide a transferable alignment idea, but the robot transfer path requires verification.",A1=true,expansion_round_1,,,arxiv:1903.08225,arxiv:1903.08225,6038415797831006619,,,related-similar,,A1,false,false,false,false,A1/expansion-registry.json | A1/paper-registry-complete.json,A1/expansion-triage.jsonl
303,arxiv:1905.07088,5,MEDIUM,A3,Sliced Score Matching: A Scalable Approach to Density and Score Estimation,arxiv:1905.07088,"Score matching is a popular method for estimating unnormalized statistical models. However, it has been so far limited to simple, shallow models or low-dimensional data, due to the difficulty of computing the Hessian of log-density functions. We show this difficulty can be mitigated by projecting the scores onto random vectors before comparing them. This objective, called sliced score matching, only involves Hessian-vector products, which can be easily implemented using reverse-mode automatic differentiation. Therefore, sliced score matching is amenable to more complex models and higher dimens",medium,A3,1,A3=medium,"A3=The paper develops or evaluates Sliced Score Matching: A Scalable Approach to Density and Score Estimation, providing an adjacent mechanism for robust learning, attribution, evaluation, or data selection.","A3=It may transfer to robot experience curation or training intelligence, but its direct relevance requires verification.",A3=false,expansion_round_1,,2019,arxiv:1905.07088,,,,,firecrawl research related-papers,,A3,false,false,false,false,A3/expansion-registry.json | A3/paper-registry.json,A3/expansion-triage.jsonl
316,arxiv:1906.08473,5,MEDIUM,A4,Data Cleansing for Models Trained with SGD,arxiv:1906.08473,"Data cleansing is a typical approach used to improve the accuracy of machine learning models, which, however, requires extensive domain knowledge to identify the influential instances that affect the models. In this paper, we propose an algorithm that can suggest influential instances without using any domain knowledge. With the proposed method, users only need to inspect the instances suggested by the algorithm, implying that users do not need extensive knowledge for this procedure, which enables even non-experts to conduct data cleansing and improve the model. The existing methods require the loss function to be convex and an optimal model to be obtained, which is not always the case in modern machine learning. To overcome these limitations, we propose a novel approach specifically designed for the models trained with stochastic gradient descent (SGD). The proposed method infers the influential instances by retracing the steps of the SGD while incorporating intermediate models computed in each step. Through experiments, we demonstrate that the proposed method can accurately infer the influential instances. Moreover, we used MNIST and CIFAR10 to show that the models can be effectively improved by removing the influential instances suggested by the proposed method.",medium,A4,1,A4=medium,A4=Connects trajectory or dataset composition to downstream policy or model behavior.,A4=It directly informs curation of robot experience or a transferable policy-data loop.,A4=false,expansion_round_1,,,arxiv:1906.08473 | paper:5073429845384381009,,,,,related-paper-expansion,,A4,false,false,false,false,A4/expansion/expansion-registry.jsonl | A4/expansion/round2/registry.jsonl | A4/expansion/round3/registry.jsonl | A4/expansion/round5/registry.jsonl,A4/expansion/expansion-triage.jsonl
329,arxiv:1908.01039,5,MEDIUM,A1,Linear Dynamics: Clustering without identification,arxiv:1908.01039,"Linear dynamical systems are a fundamental and powerful parametric model class. However, identifying the parameters of a linear dynamical system is a venerable task, permitting provably efficient solutions only in special cases. This work shows that the eigenspectrum of unknown linear dynamics can be identified without full system identification. We analyze a computationally efficient and provably convergent algorithm to estimate the eigenvalues of the state-transition matrix in a linear dynamical system. When applied to time series clustering, our algorithm can efficiently cluster multi-dimensional time series with temporal offsets and varying lengths, under the assumption that the time series are generated from linear dynamical systems. Evaluating our algorithm on both synthetic data and real electrocardiogram (ECG) signals, we see improvements in clustering quality over existing baselines.",medium,A1,1,A1=medium,"A1=The paper develops or evaluates a temporal correspondence, synchronization, delay, or sequence-representation mechanism for Linear Dynamics: Clustering without identification.","A1=Its adjacent-domain method may provide a transferable alignment idea, but the robot transfer path requires verification.",A1=true,expansion_round_1,,,arxiv:1908.01039,arxiv:1908.01039,5192975177350079084,,,related-similar,,A1,false,false,false,false,A1/expansion-registry.json | A1/paper-registry-complete.json,A1/expansion-triage.jsonl
342,arxiv:1910.03860,5,HIGH,A1,Spatio-Temporal Alignments: Optimal transport through space and time,arxiv:1910.03860,"Comparing data defined over space and time is notoriously hard, because it involves quantifying both spatial and temporal variability, while at the same time taking into account the chronological structure of data. Dynamic Time Warping (DTW) computes an optimal alignment between time series in agreement with the chronological order, but is inherently blind to spatial shifts. In this paper, we propose Spatio-Temporal Alignments (STA), a new differentiable formulation of DTW, in which spatial differences between time samples are accounted for using regularized optimal transport (OT). Our temporal alignments are handled through a smooth variant of DTW called soft-DTW, for which we prove a new property: soft-DTW increases quadratically with time shifts. The cost matrix within soft-DTW that we use are computed using unbalanced OT, to handle the case in which observations are not normalized probabilities. Experiments on handwritten letters and brain imaging data confirm our theoretical findings and illustrate the effectiveness of STA as a dissimilarity for spatio-temporal data.",high,A1,1,A1=high,A1=STA combines soft-DTW chronology with unbalanced optimal transport costs to model spatial variability and temporal shifts jointly.,A1=It offers a principled route to align contact or scene features whose spatial distributions differ across demonstrations.,A1=true,primary_assignment,,,arxiv:1910.03860,arxiv:1910.03860,3265454835860018185,,q03-dtw | q10-foundational-ctw,search-papers,foundational,A1,false,false,false,false,A1/assigned-papers.json | A1/evidence-read-manifest.json | A1/expansion-registry.json | A1/expansion-round3-registry.json | A1/inspection-manifest.json | A1/paper-registry-complete.json | A1/paper-registry.json | A1/raw/q03-dtw.json | A1/raw/q10-foundational-ctw.json,A1/assigned-abstracts.jsonl | A1/triage.jsonl
355,arxiv:1912.12773,5,HIGH,A1,Learning Predictive Models From Observation and Interaction,arxiv:1912.12773,"Learning predictive models from interaction with the world allows an agent, such as a robot, to learn about how the world works, and then use this learned model to plan coordinated sequences of actions to bring about desired outcomes. However, learning a model that captures the dynamics of complex skills represents a major challenge: if the agent needs a good model to perform these skills, it might never be able to collect the experience on its own that is required to learn these delicate and complex behaviors. Instead, we can imagine augmenting the training set with observational data of other agents, such as humans. Such data is likely more plentiful, but represents a different embodiment. For example, videos of humans might show a robot how to use a tool, but (i) are not annotated with suitable robot actions, and (ii) contain a systematic distributional shift due to the embodiment differences between humans and robots. We address the first challenge by formulating the corresponding graphical model and treating the action as an observed variable for the interaction data and an unobserved variable for the observation data, and the second challenge by using a domain-dependent prior. In addition to interaction data, our method is able to leverage videos of passive observations in a driving dataset and a dataset of robotic manipulation videos. A robotic planning agent equipped with our method can learn to use tools in a tabletop robotic manipulation setting by observing humans without ever seeing a robotic video of tool use.",high,A1,1,A1=high,"A1=The paper develops or evaluates a temporal correspondence, synchronization, delay, or sequence-representation mechanism for Learning Predictive Models From Observation and Interaction.","A1=Its mechanism is a plausible transfer to multimodal robot experience, action-observation alignment, or temporally aware policy training.",A1=true,expansion_round_1,,,arxiv:1912.12773,arxiv:1912.12773,940463066769611816,,,related-references,,A1,false,false,false,false,A1/expansion-registry.json | A1/paper-registry-complete.json,A1/expansion-triage.jsonl
368,arxiv:2003.06082,5,HIGH,A8,An Adversarial Objective for Scalable Exploration,arxiv:2003.06082,Model-based curiosity combines active learning approaches to optimal sampling with the information gain based incentives for exploration presented in the curiosity literature. Existing model-based curiosity methods look to approximate prediction uncertainty with approaches which struggle to scale to many prediction-planning pipelines used in robotics tasks. We address these scalability issues with an adversarial curiosity method minimizing a score given by a discriminator network. This discriminator is optimized jointly with a prediction model and enables our active learning approach to sample sequences of observations and actions which result in predictions considered the least realistic by the discriminator. We demonstrate progressively increasing advantages as compute is restricted of our adversarial curiosity approach over leading model-based exploration strategies in simulated environments. We further demonstrate the ability of our adversarial curiosity method to scale to a robotic manipulation prediction-planning pipeline where we improve sample efficiency and prediction performance for a domain transfer problem.,high,A8,1,A8=high,A8=A discriminator identifies observation-action sequences whose predicted outcomes are least realistic and uses them as an information-seeking exploration signal.,A8=It provides a scalable alternative to expensive predictive uncertainty for choosing informative robot experience under compute constraints.,A8=true,primary_assignment,,,arxiv:2003.06082,arxiv:2003.06082,2494685551455670912,,A8 | q03-direct | q12-mechanism,search-papers,,A8,false,false,false,false,A8/raw/q03-direct.json | A8/raw/q12-mechanism.json | A8/work/assigned-papers.json | A8/work/canonical-pool.jsonl,A8/work/abstract-triage.jsonl | A8/work/assigned-abstracts.jsonl
381,arxiv:2005.06676,5,HIGH,A3,Explaining Black Box Predictions and Unveiling Data Artifacts through Influence Functions,arxiv:2005.06676,"Modern deep learning models for NLP are notoriously opaque. This has motivated the development of methods for interpreting such models, e.g., via gradient-based saliency maps or the visualization of attention weights. Such approaches aim to provide explanations for a particular model prediction by highlighting important words in the corresponding input text. While this might be useful for tasks where decisions are explicitly influenced by individual tokens in the input, we suspect that such highlighting is not suitable for tasks where model decisions should be driven by more complex reasoning.",high,A3,1,A3=high,"A3=The paper develops or evaluates Explaining Black Box Predictions and Unveiling Data Artifacts through Influence Functions, offering a mechanism related to failure detection, correction, attribution, or robot-data use.",A3=The mechanism is plausibly transferable to the Program A experience-to-policy loop and merits follow-up.,A3=true,expansion_round_3,,2020,arxiv:2005.06676,arxiv:2005.06676,7676024505517203831,,q21-influence-foundation,firecrawl research related-papers,,A3,false,false,false,false,A3/paper-registry.json | A3/round3-registry.json | A4/canonical-registry.jsonl | A4/expansion/expansion-registry.jsonl | A4/expansion/round2/registry.jsonl | A4/expansion/round5/registry.jsonl | A4/raw/q21-influence-foundation.json,A3/round3-triage.jsonl
394,arxiv:2008.03703,5,MEDIUM,A4,What Neural Networks Memorize and Why: Discovering the Long Tail via Influence Estimation,arxiv:2008.03703,"Deep learning algorithms are well-known to have a propensity for fitting the training data very well and often fit even outliers and mislabeled data points. Such fitting requires memorization of training data labels, a phenomenon that has attracted significant research interest but has not been given a compelling explanation so far. A recent work of Feldman (2019) proposes a theoretical explanation for this phenomenon based on a combination of two insights. First, natural image and data distributions are (informally) known to be long-tailed, that is have a significant fraction of rare and atypical examples. Second, in a simple theoretical model such memorization is necessary for achieving close-to-optimal generalization error when the data distribution is long-tailed. However, no direct empirical evidence for this explanation or even an approach for obtaining such evidence were given. In this work we design experiments to test the key ideas in this theory. The experiments require estimation of the influence of each training example on the accuracy at each test example as well as memorization values of training examples. Estimating these quantities directly is computationally prohibitive but we show that closely-related subsampled influence and memorization values can be estimated much more efficiently. Our experiments demonstrate the significant benefits of memorization for generalization on several standard benchmarks. They also provide quantitative and visually compelling evidence for the theory put forth in (Feldman, 2019).",medium,A4,1,A4=medium,A4=Uses data valuation or attribution to estimate example contribution to model or policy outcomes.,A4=It provides adjacent evidence for data-efficient training intelligence.,A4=true,expansion_round_1,,,arxiv:2008.03703 | paper:7782885515680818146,,,,,related-paper-expansion,,A4,false,false,false,false,A4/expansion/expansion-registry.jsonl | A4/expansion/round2/registry.jsonl | A4/expansion/round3/registry.jsonl | A4/expansion/round5/registry.jsonl,A4/expansion/expansion-triage.jsonl
407,arxiv:2010.05687,5,HIGH,A4,Semantic Change Detection with Asymmetric Siamese Networks,arxiv:2010.05687,"Given two multi-temporal aerial images, semantic change detection aims to locate the land-cover variations and identify their change types with pixel-wise boundaries. This problem is vital in many earth vision related tasks, such as precise urban planning and natural resource management. Existing state-of-the-art algorithms mainly identify the changed pixels by applying homogeneous operations on each input image and comparing the extracted features. However, in changed regions, totally different land-cover distributions often require heterogeneous features extraction procedures w.r.t each input. In this paper, we present an asymmetric siamese network (ASN) to locate and identify semantic changes through feature pairs obtained from modules of widely different structures, which involve areas of various sizes and apply different quantities of parameters to factor in the discrepancy across different land-cover distributions. To better train and evaluate our model, we create a large-scale well-annotated SEmantic Change detectiON Dataset (SECOND), while an Adaptive Threshold Learning (ATL) module and a Separated Kappa (SeK) coefficient are proposed to alleviate the influences of label imbalance in model training and evaluation. The experimental results demonstrate that the proposed model can stably outperform the state-of-the-art algorithms with different encoder backbones.",high,A4,1,A4=high,A4=Uses data valuation or attribution to estimate example contribution to model or policy outcomes.,A4=It provides adjacent evidence for data-efficient training intelligence.,A4=true,expansion_round_1,,,arxiv:2010.05687 | paper:1899803639014470630,,,,,related-paper-expansion,,A4,false,false,false,false,A4/expansion/expansion-registry.jsonl,A4/expansion/expansion-triage.jsonl
420,arxiv:2010.13766,5,HIGH,A5,Contextual Latent-Movements Off-Policy Optimization for Robotic Manipulation Skills,arxiv:2010.13766,"Parameterized movement primitives have been extensively used for imitation learning of robotic tasks. However, the high-dimensionality of the parameter space hinders the improvement of such primitives in the reinforcement learning (RL) setting, especially for learning with physical robots. In this paper we propose a novel view on handling the demonstrated trajectories for acquiring low-dimensional, non-linear latent dynamics, using mixtures of probabilistic principal component analyzers (MPPCA) on the movements' parameter space. Moreover, we introduce a new contextual off-policy RL algorithm, named LAtent-Movements Policy Optimization (LAMPO). LAMPO can provide gradient estimates from previous experience using self-normalized importance sampling, hence, making full use of samples collected in previous learning iterations. These advantages combined provide a complete framework for sample-efficient off-policy optimization of movement primitives for robot learning of high-dimensional manipulation skills. Our experimental results conducted both in simulation and on a real robot show that LAMPO provides sample-efficient policies against common approaches in literature.",high,A5,1,A5=high,"A5=LAMPO can provide gradient estimates from previous experience using self-normalized importance sampling, hence, making full use of samples collected in previous learning iterations.","A5=It informs how contribution weights can align training with quality, advantage, density, or task importance in the robot experience-to-policy loop.",A5=true,primary_assignment,"Samuele Tosatto, Georgia Chalvatzaki, Jan Peters",,arxiv:2010.13766 | paper:1098589559250016729,,paper:1098589559250016729,cs.LG | cs.RO,12,search-papers,general,A5,false,false,false,false,A5/assigned-papers.json | A5/canonical-pool.jsonl | A5/evidence-ledger.jsonl | A5/inspection-manifest.json | A5/paper-registry.json | A5/read-manifest.json,A5/assigned-abstracts.jsonl
433,arxiv:2012.15184,5,MEDIUM,A1,Multi-view Temporal Alignment for Non-parallel Articulatory-to-Acoustic Speech Synthesis,arxiv:2012.15184,"Articulatory-to-acoustic (A2A) synthesis refers to the generation of audible speech from captured movement of the speech articulators. This technique has numerous applications, such as restoring oral communication to people who cannot longer speak due to illness or injury. Most successful techniques so far adopt a supervised learning framework, in which time-synchronous articulatory-and-speech recordings are used to train a supervised machine learning algorithm that can be used later to map articulator movements to speech. This, however, prevents the application of A2A techniques in cases where parallel data is unavailable, e.g., a person has already lost her/his voice and only articulatory data can be captured. In this work, we propose a solution to this problem based on the theory of multi-view learning. The proposed algorithm attempts to find an optimal temporal alignment between pairs of non-aligned articulatory-and-acoustic sequences with the same phonetic content by projecting them into a common latent space where both views are maximally correlated and then applying dynamic time warping. Several variants of this idea are discussed and explored. We show that the quality of speech generated in the non-aligned scenario is comparable to that obtained in the parallel scenario.",medium,A1,1,A1=medium,"A1=The paper develops or evaluates a temporal correspondence, synchronization, delay, or sequence-representation mechanism for Multi-view Temporal Alignment for Non-parallel Articulatory-to-Acoustic Speech Synthesis.","A1=Its adjacent-domain method may provide a transferable alignment idea, but the robot transfer path requires verification.",A1=true,expansion_round_1,,,arxiv:2012.15184,arxiv:2012.15184,8090738307177313111,,,related-citers | related-similar,,A1,false,false,false,false,A1/expansion-registry.json | A1/paper-registry-complete.json,A1/expansion-triage.jsonl
446,arxiv:2103.00806,5,HIGH,A1,Representation Learning for Event-based Visuomotor Policies,arxiv:2103.00806,"Event-based cameras are dynamic vision sensors that provide asynchronous measurements of changes in per-pixel brightness at a microsecond level. This makes them significantly faster than conventional frame-based cameras, and an appealing choice for high-speed navigation. While an interesting sensor modality, this asynchronously streamed event data poses a challenge for machine learning techniques that are more suited for frame-based data. In this paper, we present an event variational autoencoder and show that it is feasible to learn compact representations directly from asynchronous spatiotemporal event data. Furthermore, we show that such pretrained representations can be used for event-based reinforcement learning instead of end-to-end reward driven perception. We validate this framework of learning event-based visuomotor policies by applying it to an obstacle avoidance scenario in simulation. Compared to techniques that treat event data as images, we show that representations learnt from event streams result in faster policy training, adapt to different control capacities, and demonstrate a higher degree of robustness.",high,A1,1,A1=high,"A1=The paper develops or evaluates a temporal correspondence, synchronization, delay, or sequence-representation mechanism for Representation Learning for Event-based Visuomotor Policies.","A1=Its mechanism is a plausible transfer to multimodal robot experience, action-observation alignment, or temporally aware policy training.",A1=true,expansion_round_2,,,arxiv:2103.00806,arxiv:2103.00806,7778312118884684457,,,related-papers-round2,,A1,false,false,false,false,A1/expansion-round2-registry.json | A1/paper-registry-complete.json,A1/expansion-round2-triage.jsonl
459,arxiv:2104.02116,5,HIGH,A1,Action Shuffle Alternating Learning for Unsupervised Action Segmentation,arxiv:2104.02116,"This paper addresses unsupervised action segmentation. Prior work captures the frame-level temporal structure of videos by a feature embedding that encodes time locations of frames in the video. We advance prior work with a new self-supervised learning (SSL) of a feature embedding that accounts for both frame- and action-level structure of videos. Our SSL trains an RNN to recognize positive and negative action sequences, and the RNN's hidden layer is taken as our new action-level feature embedding. The positive and negative sequences consist of action segments sampled from videos, where in the former the sampled action segments respect their time ordering in the video, and in the latter they are shuffled. As supervision of actions is not available and our SSL requires access to action segments, we specify an HMM that explicitly models action lengths, and infer a MAP action segmentation with the Viterbi algorithm. The resulting action segmentation is used as pseudo-ground truth for estimating our action-level feature embedding and updating the HMM. We alternate the above steps within the Generalized EM framework, which ensures convergence. Our evaluation on the Breakfast, YouTube Instructions, and 50Salads datasets gives superior results to those of the state of the art.",high,A1,1,A1=high,"A1=The paper develops or evaluates a temporal correspondence, synchronization, delay, or sequence-representation mechanism for Action Shuffle Alternating Learning for Unsupervised Action Segmentation.","A1=Its mechanism is a plausible transfer to multimodal robot experience, action-observation alignment, or temporally aware policy training.",A1=true,expansion_round_1,,,arxiv:2104.02116,arxiv:2104.02116,5651862759782299032,,,related-similar,,A1,false,false,false,false,A1/expansion-registry.json | A1/expansion-round2-registry.json | A1/expansion-round3-registry.json | A1/paper-registry-complete.json,A1/expansion-triage.jsonl
472,arxiv:2106.09159,5,HIGH,A5,Automatic Curricula via Expert Demonstrations,arxiv:2106.09159,"We propose Automatic Curricula via Expert Demonstrations (ACED), a reinforcement learning (RL) approach that combines the ideas of imitation learning and curriculum learning in order to solve challenging robotic manipulation tasks with sparse reward functions. Curriculum learning solves complicated RL tasks by introducing a sequence of auxiliary tasks with increasing difficulty, yet how to automatically design effective and generalizable curricula remains a challenging research problem. ACED extracts curricula from a small amount of expert demonstration trajectories by dividing demonstrations into sections and initializing training episodes to states sampled from different sections of demonstrations. Through moving the reset states from the end to the beginning of demonstrations as the learning agent improves its performance, ACED not only learns challenging manipulation tasks with unseen initializations and goals, but also discovers novel solutions that are distinct from the demonstrations. In addition, ACED can be naturally combined with other imitation learning methods to utilize expert demonstrations in a more efficient manner, and we show that a combination of ACED with behavior cloning allows pick-and-place tasks to be learned with as few as 1 demonstration and block stacking tasks to be learned with 20 demonstrations.",high,A5,1,A5=high,"A5=We propose Automatic Curricula via Expert Demonstrations (ACED), a reinforcement learning (RL) approach that combines the ideas of imitation learning and curriculum learning in order to solve challenging robotic manipulation tasks with sparse reward functions.","A5=It informs how a robot learner can order tasks, stages, or examples to improve learning efficiency and stability.",A5=true,primary_assignment,"Siyu Dai, Andreas Hofmann, Brian Williams",,arxiv:2106.09159 | paper:8610680491422498836,,paper:8610680491422498836,cs.LG | cs.RO,2 | 3 | 59 | 61,search-papers,general | recent,A5,false,false,false,false,A5/assigned-papers.json | A5/canonical-pool.jsonl | A5/evidence-ledger.jsonl | A5/inspection-manifest.json | A5/paper-registry.json | A5/raw/q02-direct-curriculum.json | A5/raw/q03-direct-hard.json | A5/read-manifest.json,A5/assigned-abstracts.jsonl
485,arxiv:2107.12964,5,MEDIUM,A1,A Physiologically-Adapted Gold Standard for Arousal during Stress,arxiv:2107.12964,"Emotion is an inherently subjective psychophysiological human-state and to produce an agreed-upon representation (gold standard) for continuous emotion requires a time-consuming and costly training procedure of multiple human annotators. There is strong evidence in the literature that physiological signals are sufficient objective markers for states of emotion, particularly arousal. In this contribution, we utilise a dataset which includes continuous emotion and physiological signals - Heartbeats per Minute (BPM), Electrodermal Activity (EDA), and Respiration-rate - captured during a stress inducing scenario (Trier Social Stress Test). We utilise a Long Short-Term Memory, Recurrent Neural Network to explore the benefit of fusing these physiological signals with arousal as the target, learning from various audio, video, and textual based features. We utilise the state-of-the-art MuSe-Toolbox to consider both annotation delay and inter-rater agreement weighting when fusing the target signals. An improvement in Concordance Correlation Coefficient (CCC) is seen across features sets when fusing EDA with arousal, compared to the arousal only gold standard results. Additionally, BERT-based textual features' results improved for arousal plus all physiological signals, obtaining up to .3344 CCC compared to .2118 CCC for arousal only. Multimodal fusion also improves overall CCC with audio plus video features obtaining up to .6157 CCC to recognize arousal plus EDA and BPM.",medium,A1,1,A1=medium,"A1=The paper develops or evaluates a temporal correspondence, synchronization, delay, or sequence-representation mechanism for A Physiologically-Adapted Gold Standard for Arousal during Stress.","A1=Its adjacent-domain method may provide a transferable alignment idea, but the robot transfer path requires verification.",A1=true,expansion_round_1,,,arxiv:2107.12964,arxiv:2107.12964,5093827899216795159,,,related-citers,,A1,false,false,false,false,A1/expansion-registry.json | A1/paper-registry-complete.json,A1/expansion-triage.jsonl
498,arxiv:2109.00137,5,HIGH,A1 | A6,Implicit Behavioral Cloning,arxiv:2109.00137,"We find that across a wide range of robot policy learning scenarios, treating supervised policy learning with an implicit model generally performs better, on average, than commonly used explicit models. We present extensive experiments on this finding, and we provide both intuitive insight and theoretical arguments distinguishing the properties of implicit models compared to their explicit counterparts, particularly with respect to approximating complex, potentially discontinuous and multi-valued (set-valued) functions. On robotic policy learning tasks we show that implicit behavioral cloning policies with energy-based models (EBM) often outperform common explicit (Mean Square Error, or Mixture Density) behavioral cloning policies, including on tasks with high-dimensional action spaces and visual image inputs. We find these policies provide competitive results or outperform state-of-the-art offline reinforcement learning methods on the challenging human-expert tasks from the D4RL benchmark suite, despite using no reward information. In the real world, robots with implicit policies can learn complex and remarkably subtle behaviors on contact-rich tasks from human demonstrations, including tasks with high combinatorial complexity and tasks requiring 1mm precision.",high,A1 | A6,2,A1=low | A6=high,"A1=The abstract does not expose a clear temporal mechanism connected to the lane. | A6=Estimates demonstration quality or latent expertise to filter, weight, or optimize learning from mixed-quality experience.","A1=Its mechanism is a plausible transfer to multimodal robot experience, action-observation alignment, or temporally aware policy training. | A6=Connects trajectory outcomes to policy improvement rather than copying actions independently of consequences.",A1=false | A6=true,expansion_round_1 | expansion_round_2,,,arxiv:2109.00137,arxiv:2109.00137,2633456745520086084,,53,related-papers | related-papers-round2 | related-papers-round3,general,A1,false,false,false,true,A1/expansion-round2-registry.json | A1/expansion-round3-registry.json | A1/paper-registry-complete.json | A5/canonical-pool.jsonl | A5/expansion/raw/round3-references.json | A5/paper-registry.json | A6/expansion/canonical-pool.jsonl,A1/expansion-round2-triage.jsonl | A6/expansion/triage.jsonl
511,arxiv:2110.02565,5,HIGH,A1,A Region-based Collaborative Management Scheme for Dynamic Clustering in Green VANET,arxiv:2110.02565,"Green Vehicular Ad-hoc Network (VANET) is a newly-emerged research area which focuses on reducing harmful impacts of vehicular communication equipments on the natural environment. Recent studies have shown that grouping vehicles into clusters for green communications in VANETs can significantly improve networking efficiency and reduce infrastructure costs. As a dynamic network system, maintaining the network connectivity and reducing the communication overlap are two critical challenges for green VANET clustering. However, most existing work studies connectivity and overlap separately, lacking a deep understanding of the relationship between them. To address this issue, we present a comprehensive analysis that jointly considers the two critical factors in one model. Specifically, we first design a state resemblance prediction (SRP) model based on the historical trajectory feature relevance between vehicles; Combined with the SRP model, we propose the region-based collaborative management scheme (RCMS) to establish the dynamic clustering; Lastly, we take extensive experiments to verify the region-based collaborative management scheme for dynamic clustering. The results demonstrate that the proposed clustering algorithm can achieve high networking efficiency and better communication stability.",high,A1,1,A1=high,"A1=The paper develops or evaluates a temporal correspondence, synchronization, delay, or sequence-representation mechanism for A Region-based Collaborative Management Scheme for Dynamic Clustering in Green VANET.","A1=Its mechanism is a plausible transfer to multimodal robot experience, action-observation alignment, or temporally aware policy training.",A1=true,expansion_round_3,,,arxiv:2110.02565,arxiv:2110.02565,5317740654435006935,,,related-papers-round3,,A1,false,false,false,false,A1/expansion-round3-registry.json | A1/paper-registry-complete.json,A1/expansion-round3-triage.jsonl
524,arxiv:2110.14118,5,HIGH,A7,Object-Aware Regularization for Addressing Causal Confusion in Imitation Learning,arxiv:2110.14118,"Behavioral cloning has proven to be effective for learning sequential decision-making policies from expert demonstrations. However, behavioral cloning often suffers from the causal confusion problem where a policy relies on the noticeable effect of expert actions due to the strong correlation but not the cause we desire. This paper presents Object-aware REgularizatiOn (OREO), a simple technique that regularizes an imitation policy in an object-aware manner. Our main idea is to encourage a policy to uniformly attend to all semantic objects, in order to prevent the policy from exploiting nuisance variables strongly correlated with expert actions. To this end, we introduce a two-stage approach: (a) we extract semantic objects from images by utilizing discrete codes from a vector-quantized variational autoencoder, and (b) we randomly drop the units that share the same discrete code together, i.e., masking out semantic objects. Our experiments demonstrate that OREO significantly improves the performance of behavioral cloning, outperforming various other regularization and causality-based methods on a variety of Atari environments and a self-driving CARLA environment. We also show that our method even outperforms inverse reinforcement learning methods trained with a considerable amount of environment interaction.",high,A7,1,A7=high,A7=Behavioral cloning has proven to be effective for learning sequential decision-making policies from expert demonstrations.,A7=It helps diagnose or reduce behavior-distribution mismatch and spurious dependence under deployment shift.,A7=true,expansion_round_1,,,arxiv:2110.14118,,,,,references,,A7,false,false,false,false,A7/work/expansion-registry.json | A7/work/expansion-registry.jsonl,A7/work/expansion-triage.jsonl
537,arxiv:2112.05132,5,HIGH,A1,Spatio-temporal Relation Modeling for Few-shot Action Recognition,arxiv:2112.05132,"We propose a novel few-shot action recognition framework, STRM, which enhances class-specific feature discriminability while simultaneously learning higher-order temporal representations. The focus of our approach is a novel spatio-temporal enrichment module that aggregates spatial and temporal contexts with dedicated local patch-level and global frame-level feature enrichment sub-modules. Local patch-level enrichment captures the appearance-based characteristics of actions. On the other hand, global frame-level enrichment explicitly encodes the broad temporal context, thereby capturing the relevant object features over time. The resulting spatio-temporally enriched representations are then utilized to learn the relational matching between query and support action sub-sequences. We further introduce a query-class similarity classifier on the patch-level enriched features to enhance class-specific feature discriminability by reinforcing the feature learning at different stages in the proposed framework. Experiments are performed on four few-shot action recognition benchmarks: Kinetics, SSv2, HMDB51 and UCF101. Our extensive ablation study reveals the benefits of the proposed contributions. Furthermore, our approach sets a new state-of-the-art on all four benchmarks. On the challenging SSv2 benchmark, our approach achieves an absolute gain of 3.5% in classification accuracy, as compared to the best existing method in the literature. Our code and models are available at https://github.com/Anirudh257/strm.",high,A1,1,A1=high,"A1=The paper develops or evaluates a temporal correspondence, synchronization, delay, or sequence-representation mechanism for Spatio-temporal Relation Modeling for Few-shot Action Recognition.","A1=Its mechanism is a plausible transfer to multimodal robot experience, action-observation alignment, or temporally aware policy training.",A1=true,expansion_round_3,,,arxiv:2112.05132,arxiv:2112.05132,229946436144483838,,,related-papers-round3,,A1,false,false,false,false,A1/expansion-round3-registry.json | A1/paper-registry-complete.json,A1/expansion-round3-triage.jsonl
550,arxiv:2202.00622,5,MEDIUM,A4,Datamodels: Predicting Predictions from Training Data,arxiv:2202.00622,"We present a conceptual framework, datamodeling, for analyzing the behavior of a model class in terms of the training data. For any fixed ""target"" example x, training set S, and learning algorithm, a datamodel is a parameterized function 2S → R that for any subset of S' ⊂ S -- using only information about which examples of S are contained in S' -- predicts the outcome of training a model on S' and evaluating on x. Despite the potential complexity of the underlying process being approximated (e.g., end-to-end training and evaluation of deep neural networks), we show that even simple linear datamodels can successfully predict model outputs. We then demonstrate that datamodels give rise to a variety of applications, such as: accurately predicting the effect of dataset counterfactuals; identifying brittle predictions; finding semantically similar examples; quantifying train-test leakage; and embedding data into a well-behaved and feature-rich representation space. Data for this paper (including pre-computed datamodels as well as raw predictions from four million trained deep neural networks) is available at https://github.com/MadryLab/datamodels-data .",medium,A4,1,A4=medium,A4=Uses data valuation or attribution to estimate example contribution to model or policy outcomes.,A4=It provides adjacent evidence for data-efficient training intelligence.,A4=false,expansion_round_1,,,arxiv:2202.00622 | paper:5720348325730538219,,,,,related-paper-expansion,,A4,false,false,false,false,A4/expansion/expansion-registry.jsonl | A4/expansion/round2/registry.jsonl | A4/expansion/round5/registry.jsonl,A4/expansion/expansion-triage.jsonl
563,arxiv:2203.15041,5,HIGH,A7,Socially Compliant Navigation Dataset (SCAND): A Large-Scale Dataset of Demonstrations for Social Navigation,arxiv:2203.15041,"Social navigation is the capability of an autonomous agent, such as a robot, to navigate in a 'socially compliant' manner in the presence of other intelligent agents such as humans. With the emergence of autonomously navigating mobile robots in human populated environments (e.g., domestic service robots in homes and restaurants and food delivery robots on public sidewalks), incorporating socially compliant navigation behaviors on these robots becomes critical to ensuring safe and comfortable human robot coexistence. To address this challenge, imitation learning is a promising framework, since it is easier for humans to demonstrate the task of social navigation rather than to formulate reward functions that accurately capture the complex multi objective setting of social navigation. The use of imitation learning and inverse reinforcement learning to social navigation for mobile robots, however, is currently hindered by a lack of large scale datasets that capture socially compliant robot navigation demonstrations in the wild. To fill this gap, we introduce Socially CompliAnt Navigation Dataset (SCAND) a large scale, first person view dataset of socially compliant navigation demonstrations. Our dataset contains 8.7 hours, 138 trajectories, 25 miles of socially compliant, human teleoperated driving demonstrations that comprises multi modal data streams including 3D lidar, joystick commands, odometry, visual and inertial information, collected on two morphologically different mobile robots a Boston Dynamics Spot and a Clearpath Jackal by four different human demonstrators in both indoor and outdoor environments. We additionally perform preliminary analysis and validation through real world robot experiments and show that navigation policies learned by imitation learning on SCAND generate socially compliant behaviors",high,A7,1,A7=high,"A7=Social navigation is the capability of an autonomous agent, such as a robot, to navigate in a 'socially compliant' manner in the presence of other intelligent agents such as humans.",A7=It provides a route to reuse heterogeneous experience across embodiments or data sources.,A7=true,expansion_round_1,,,arxiv:2203.15041,,,,,references,,A7,false,false,false,false,A7/work/expansion-registry.json | A7/work/expansion-registry.jsonl,A7/work/expansion-triage.jsonl
576,arxiv:2205.02300,5,HIGH,A1,P3IV: Probabilistic Procedure Planning from Instructional Videos with Weak Supervision,arxiv:2205.02300,"In this paper, we study the problem of procedure planning in instructional videos. Here, an agent must produce a plausible sequence of actions that can transform the environment from a given start to a desired goal state. When learning procedure planning from instructional videos, most recent work leverages intermediate visual observations as supervision, which requires expensive annotation efforts to localize precisely all the instructional steps in training videos. In contrast, we remove the need for expensive temporal video annotations and propose a weakly supervised approach by learning from natural language instructions. Our model is based on a transformer equipped with a memory module, which maps the start and goal observations to a sequence of plausible actions. Furthermore, we augment our model with a probabilistic generative module to capture the uncertainty inherent to procedure planning, an aspect largely overlooked by previous work. We evaluate our model on three datasets and show our weaklysupervised approach outperforms previous fully supervised state-of-the-art models on multiple metrics.",high,A1,1,A1=high,"A1=The paper develops or evaluates a temporal correspondence, synchronization, delay, or sequence-representation mechanism for P3IV: Probabilistic Procedure Planning from Instructional Videos with Weak Supervision.","A1=Its mechanism is a plausible transfer to multimodal robot experience, action-observation alignment, or temporally aware policy training.",A1=true,expansion_round_1,,,arxiv:2205.02300,arxiv:2205.02300,9134413841358268803,,,related-citers,,A1,false,false,false,false,A1/expansion-registry.json | A1/paper-registry-complete.json,A1/expansion-triage.jsonl
589,arxiv:2206.10324,5,MEDIUM,A5,Online progressive instance-balanced sampling for weakly supervised object detection,arxiv:2206.10324,"Based on multiple instance detection networks (MIDN), plenty of works have contributed tremendous efforts to weakly supervised object detection (WSOD). However, most methods neglect the fact that the overwhelming negative instances exist in each image during the training phase, which would mislead the training and make the network fall into local minima. To tackle this problem, an online progressive instance-balanced sampling (OPIS) algorithm based on hard sampling and soft sampling is proposed in this paper. The algorithm includes two modules: a progressive instance balance (PIB) module and a progressive instance reweighting (PIR) module. The PIB module combining random sampling and IoU-balanced sampling progressively mines hard negative instances while balancing positive instances and negative instances. The PIR module further utilizes classifier scores and IoUs of adjacent refinements to reweight the weights of positive instances for making the network focus on positive instances. Extensive experimental results on the PASCAL VOC 2007 and 2012 datasets demonstrate the proposed method can significantly improve the baseline, which is also comparable to many existing state-of-the-art results. In addition, compared to the baseline, the proposed method requires no extra network parameters and the supplementary training overheads are small, which could be easily integrated into other methods based on the instance classifier refinement paradigm.",medium,A5,1,A5=medium,"A5=However, most methods neglect the fact that the overwhelming negative instances exist in each image during the training phase, which would mislead the training and make the network fall into local minima.","A5=It offers a transferable way to focus updates on difficult, rare, or confusable examples while exposing the risk of amplifying noise.",A5=true,primary_assignment,"M. Chen, Y. Tian, Z. Li, E. Li, Z. Liang",,arxiv:2206.10324 | paper:5915492604484547397,,paper:5915492604484547397,cs.CV,43,search-papers,foundational,A5,false,false,false,false,A5/assigned-papers.json | A5/canonical-pool.jsonl | A5/evidence-ledger.jsonl | A5/inspection-manifest.json | A5/paper-registry.json | A5/read-manifest.json,A5/assigned-abstracts.jsonl
602,arxiv:2209.03855,5,HIGH,A1,SE(3)-DiffusionFields: Learning smooth cost functions for joint grasp and motion optimization through diffusion,arxiv:2209.03855,"Multi-objective optimization problems are ubiquitous in robotics, e.g., the optimization of a robot manipulation task requires a joint consideration of grasp pose configurations, collisions and joint limits. While some demands can be easily hand-designed, e.g., the smoothness of a trajectory, several task-specific objectives need to be learned from data. This work introduces a method for learning data-driven SE(3) cost functions as diffusion models. Diffusion models can represent highly-expressive multimodal distributions and exhibit proper gradients over the entire space due to their score-matching training objective. Learning costs as diffusion models allows their seamless integration with other costs into a single differentiable objective function, enabling joint gradient-based motion optimization. In this work, we focus on learning SE(3) diffusion models for 6DoF grasping, giving rise to a novel framework for joint grasp and motion optimization without needing to decouple grasp selection from trajectory generation. We evaluate the representation power of our SE(3) diffusion models w.r.t. classical generative models, and we showcase the superior performance of our proposed optimization framework in a series of simulated and real-world robotic manipulation tasks against representative baselines.",high,A1,1,A1=high,"A1=The paper develops or evaluates a temporal correspondence, synchronization, delay, or sequence-representation mechanism for SE(3)-DiffusionFields: Learning smooth cost functions for joint grasp and motion optimization through diffusion.","A1=Its mechanism is a plausible transfer to multimodal robot experience, action-observation alignment, or temporally aware policy training.",A1=true,expansion_round_2,,,arxiv:2209.03855,arxiv:2209.03855,3503479315662143829,,,related-papers-round2,,A1,false,false,false,false,A1/expansion-round2-registry.json | A1/paper-registry-complete.json,A1/expansion-round2-triage.jsonl
615,arxiv:2210.01969,5,HIGH,A2,Option-Aware Adversarial Inverse Reinforcement Learning for Robotic Control,arxiv:2210.01969,"Hierarchical Imitation Learning (HIL) has been proposed to recover highly-complex behaviors in long-horizon tasks from expert demonstrations by modeling the task hierarchy with the option framework. Existing methods either overlook the causal relationship between the subtask and its corresponding policy or cannot learn the policy in an end-to-end fashion, which leads to suboptimality. In this work, we develop a novel HIL algorithm based on Adversarial Inverse Reinforcement Learning and adapt it with the Expectation-Maximization algorithm in order to directly recover a hierarchical policy from the unannotated demonstrations. Further, we introduce a directed information term to the objective function to enhance the causality and propose a Variational Autoencoder framework for learning with our objectives in an end-to-end fashion. Theoretical justifications and evaluations on challenging robotic control tasks are provided to show the superiority of our algorithm. The codes are available at https://github.com/LucasCJYSDL/HierAIRL.",high,A2,1,A2=high,A2=Detects or learns semantically meaningful trajectory segments and uses them as variable-horizon action chunks or keypose-to-keypose control targets.,"A2=Boundary and horizon choices determine the training unit, feedback latency, credit assignment, and compounding-error exposure in long-horizon robot learning.",A2=true,primary_assignment,"Jiayu Chen, Tian Lan, Vaneet Aggarwal",2022,arxiv:2210.01969,arxiv:2210.01969,7656074009449177557,cs.AI | cs.LG | cs.RO,subgoal discovery temporal abstraction demonstrations inverse dynamics robotics,search-papers,false,A2,false,false,false,false,A2/assigned-papers.json | A2/assigned-registry-inspected.json | A2/assigned-registry-inspected.jsonl | A2/canonical-pool.json | A2/canonical-pool.jsonl | A2/raw/q16-subgoal.json,A2/assigned-abstracts.jsonl | A2/triage.jsonl
628,arxiv:2210.10469,5,MEDIUM,A6,Robust Offline Reinforcement Learning with Gradient Penalty and Constraint Relaxation,arxiv:2210.10469,"A promising paradigm for offline reinforcement learning (RL) is to constrain the learned policy to stay close to the dataset behaviors, known as policy constraint offline RL. However, existing works heavily rely on the purity of the data, exhibiting performance degradation or even catastrophic failure when learning from contaminated datasets containing impure trajectories of diverse levels. e.g., expert level, medium level, etc., while offline contaminated data logs exist commonly in the real world. To mitigate this, we first introduce gradient penalty over the learned value function to tackle the exploding Q-functions. We then relax the closeness constraints towards non-optimal actions with critic weighted constraint relaxation. Experimental results show that the proposed techniques effectively tame the non-optimal trajectories for policy constraint offline RL methods, evaluated on a set of contaminated D4RL Mujoco and Adroit datasets.",medium,A6,1,A6=medium,"A6=Learns or supplies recovery, correction, retry, repair, or replanning behavior from failed or perturbed executions.",A6=Makes failure states informative for robust execution and for deciding what corrective data to collect next.,A6=true,expansion_round_1,,,arxiv:2210.10469,arxiv:2210.10469,5217643239832290608,,q12-mech-offline-failures,related-papers,,A6,false,false,false,false,A6/expansion/canonical-pool.jsonl | A6/raw-retrieval/q12-mech-offline-failures.json | A6/work/canonical-pool.jsonl,A6/expansion/triage.jsonl
641,arxiv:2211.08701,5,HIGH,A3,Interpretable Self-Aware Neural Networks for Robust Trajectory Prediction,arxiv:2211.08701,"Although neural networks have seen tremendous success as predictive models in a variety of domains, they can be overly confident in their predictions on out-of-distribution (OOD) data. To be viable for safety-critical applications, like autonomous vehicles, neural networks must accurately estimate their epistemic or model uncertainty, achieving a level of system self-awareness. Techniques for epistemic uncertainty quantification often require OOD data during training or multiple neural network forward passes during inference. These approaches may not be suitable for real-time performance on hi",high,A3,1,A3=high,"A3=The paper develops or evaluates Interpretable Self-Aware Neural Networks for Robust Trajectory Prediction, offering a mechanism related to failure detection, correction, attribution, or robot-data use.",A3=The mechanism is plausibly transferable to the Program A experience-to-policy loop and merits follow-up.,A3=true,expansion_round_3,,2022,arxiv:2211.08701,,,,,firecrawl research related-papers,,A3,false,false,false,false,A3/paper-registry.json | A3/round3-registry.json,A3/round3-triage.jsonl
654,arxiv:2212.09478,5,MEDIUM,A1,MM-Diffusion: Learning Multi-Modal Diffusion Models for Joint Audio and Video Generation,arxiv:2212.09478,"We propose the first joint audio-video generation framework that brings engaging watching and listening experiences simultaneously, towards high-quality realistic videos. To generate joint audio-video pairs, we propose a novel Multi-Modal Diffusion model (i.e., MM-Diffusion), with two-coupled denoising autoencoders. In contrast to existing single-modal diffusion models, MM-Diffusion consists of a sequential multi-modal U-Net for a joint denoising process by design. Two subnets for audio and video learn to gradually generate aligned audio-video pairs from Gaussian noises. To ensure semantic consistency across modalities, we propose a novel random-shift based attention block bridging over the two subnets, which enables efficient cross-modal alignment, and thus reinforces the audio-video fidelity for each other. Extensive experiments show superior results in unconditional audio-video generation, and zero-shot conditional tasks (e.g., video-to-audio). In particular, we achieve the best FVD and FAD on Landscape and AIST++ dancing datasets. Turing tests of 10k votes further demonstrate dominant preferences for our model. The code and pre-trained models can be downloaded at https://github.com/researchmm/MM-Diffusion.",medium,A1,1,A1=medium,"A1=The paper develops or evaluates a temporal correspondence, synchronization, delay, or sequence-representation mechanism for MM-Diffusion: Learning Multi-Modal Diffusion Models for Joint Audio and Video Generation.","A1=Its adjacent-domain method may provide a transferable alignment idea, but the robot transfer path requires verification.",A1=true,expansion_round_3,,,arxiv:2212.09478,arxiv:2212.09478,7693866388030252506,,,related-papers-round3,,A1,false,false,false,false,A1/expansion-round3-registry.json | A1/paper-registry-complete.json,A1/expansion-round3-triage.jsonl
667,arxiv:2301.12012,5,HIGH,A3,In-Distribution Barrier Functions: Self-Supervised Policy Filters that Avoid Out-of-Distribution States,arxiv:2301.12012,"Learning-based control approaches have shown great promise in performing complex tasks directly from high-dimensional perception data for real robotic systems. Nonetheless, the learned controllers can behave unexpectedly if the trajectories of the system divert from the training data distribution, which can compromise safety. In this work, we propose a control filter that wraps any reference policy and effectively encourages the system to stay in-distribution with respect to offline-collected safe demonstrations. Our methodology is inspired by Control Barrier Functions (CBFs), which are model-",high,A3,1,A3=high,A3=Self-supervised in-distribution barrier functions filter policy states likely to leave the training distribution.,A3=They provide a behavior-level safeguard against deploying or logging out-of-distribution actions as good data.,A3=true,expansion_round_3,Fernando Castañeda | Haruki Nishimura | Rowan McAllister | Koushil Sreenath | Adrien Gaidon,2023,arxiv:2301.12012,,,cs.LG | cs.RO | cs.SY | eess.SY,,firecrawl research related-papers,,A3,false,false,false,false,A3/paper-registry.json | A3/round3-evidence-index.json | A3/round3-registry.json,A3/round3-triage.jsonl
680,arxiv:2302.05103,5,HIGH,A8,Controllability-Aware Unsupervised Skill Discovery,arxiv:2302.05103,"One of the key capabilities of intelligent agents is the ability to discover useful skills without external supervision. However, the current unsupervised skill discovery methods are often limited to acquiring simple, easy-to-learn skills due to the lack of incentives to discover more complex, challenging behaviors. We introduce a novel unsupervised skill discovery method, Controllability-aware Skill Discovery (CSD), which actively seeks complex, hard-to-control skills without supervision. The key component of CSD is a controllability-aware distance function, which assigns larger values to state transitions that are harder to achieve with the current skills. Combined with distance-maximizing skill discovery, CSD progressively learns more challenging skills over the course of training as our jointly trained distance function reduces rewards for easy-to-achieve skills. Our experimental results in six robotic manipulation and locomotion environments demonstrate that CSD can discover diverse complex skills including object manipulation and locomotion skills with no supervision, significantly outperforming prior unsupervised skill discovery methods. Videos and code are available at https://seohong.me/projects/csd/",high,A8,1,A8=high,A8=Skill discovery optimizes both behavioral diversity and controllability of the resulting states.,A8=It is directly relevant to selecting novel experience that remains actionable for a robot.,A8=true,expansion_round_3,,,arxiv:2302.05103 | paperid:3149515466499510273,,,,,,,A8,false,false,false,false,A8/work/expansion-round3-novel.jsonl,A8/work/expansion-round3-triage.jsonl
693,arxiv:2303.04137,5,HIGH,A1 | A4 | A5 | A6 | A7 | A8,Diffusion Policy: Visuomotor Policy Learning via Action Diffusion,arxiv:2303.04137,"This paper introduces Diffusion Policy, a new way of generating robot behavior by representing a robot's visuomotor policy as a conditional denoising diffusion process. We benchmark Diffusion Policy across 12 different tasks from 4 different robot manipulation benchmarks and find that it consistently outperforms existing state-of-the-art robot learning methods with an average improvement of 46.9%. Diffusion Policy learns the gradient of the action-distribution score function and iteratively optimizes with respect to this gradient field during inference via a series of stochastic Langevin dynamics steps. We find that the diffusion formulation yields powerful advantages when used for robot policies, including gracefully handling multimodal action distributions, being suitable for high-dimensional action spaces, and exhibiting impressive training stability. To fully unlock the potential of diffusion models for visuomotor policy learning on physical robots, this paper presents a set of key technical contributions including the incorporation of receding horizon control, visual conditioning, and the time-series diffusion transformer. We hope this work will help motivate a new generation of policy learning techniques that are able to leverage the powerful generative modeling capabilities of diffusion models. Code, data, and training details is publicly available diffusion-policy.cs.columbia.edu",high,A1 | A4 | A5 | A6 | A7 | A8,6,A1=high | A4=medium | A5=high | A6=medium | A7=high | A8=medium,"A1=The paper develops or evaluates a temporal correspondence, synchronization, delay, or sequence-representation mechanism for Diffusion Policy: Visuomotor Policy Learning via Action Diffusion. | A4=Connects trajectory or demonstration choice to downstream policy learning, behavior, or offline-RL utility. | A5=We benchmark Diffusion Policy across 12 different tasks from 4 different robot manipulation benchmarks and find that it consistently outperforms existing state-of-the-art robot learning methods with an average improvement of 46.9%. | A6=Uses value or reward inference, offline reinforcement learning, or advantage signals to extract task-relevant behavior from heterogeneous trajectories. | A7=This paper introduces Diffusion Policy, a new way of generating robot behavior by representing a robot's visuomotor policy as a conditional denoising diffusion process. | A8=A conditional diffusion model represents multimodal action trajectories and samples temporally coherent visuomotor behavior.","A1=Its mechanism is a plausible transfer to multimodal robot experience, action-observation alignment, or temporally aware policy training. | A4=It is directly or plausibly transferable to selecting robot experience for policy learning. | A5=This weighting neighbor tests whether the expansion adds a reusable mechanism for controlling robot experience in policy training. | A6=Connects trajectory outcomes to policy improvement rather than copying actions independently of consequences. | A7=It expands or measures task, environment, object, or observation coverage for more robust behavior. | A8=Its multimodal action representation is a plausible basis for measuring trajectory similarity and uncertainty, though the paper is not itself an active selector.",A1=true | A4=true | A5=true | A6=false | A7=true | A8=true,expansion_round_1 | expansion_round_2,,2023,arxiv:2303.04137 | paper:3442545716351065472 | paperid:3442545716351065472,arxiv:2303.04137,3442545716351065472,,q12-action-labels,related-papers | related-papers-round2 | related-papers-round3 | similar,,A1,false,false,false,true,A1/expansion-round2-registry.json | A1/expansion-round3-registry.json | A1/paper-registry-complete.json | A3/paper-registry.json | A3/raw/q12-action-labels.txt | A4/expansion/round3/registry.jsonl | A4/expansion/round4/registry.jsonl | A5/expansion/raw/round2-references.json | A5/expansion/raw/round2-similar.json | A6/expansion/canonical-pool.jsonl | A7/work/expansion-registry.json | A7/work/expansion-registry.jsonl | A8/work/expansion-round2-novel.jsonl,A1/expansion-round2-triage.jsonl | A4/expansion/all-new-expansion-triage.jsonl | A5/expansion/round2-triage.jsonl | A6/expansion/triage.jsonl | A7/work/expansion-triage.jsonl | A8/work/expansion-round2-triage.jsonl
706,arxiv:2304.00776,5,HIGH,A2,Chain-of-Thought Predictive Control,arxiv:2304.00776,"We study generalizable policy learning from demonstrations for complex low-level control (e.g., contact-rich object manipulations). We propose a novel hierarchical imitation learning method that utilizes sub-optimal demos. Firstly, we propose an observation space-agnostic approach that efficiently discovers the multi-step subskill decomposition of the demos in an unsupervised manner. By grouping temporarily close and functionally similar actions into subskill-level demo segments, the observations at the segment boundaries constitute a chain of planning steps for the task, which we refer to as the chain-of-thought (CoT). Next, we propose a Transformer-based design that effectively learns to predict the CoT as the subskill-level guidance. We couple action and subskill predictions via learnable prompt tokens and a hybrid masking strategy, which enable dynamically updated guidance at test time and improve feature representation of the trajectory for generalizable policy learning. Our method, Chain-of-Thought Predictive Control (CoTPC), consistently surpasses existing strong baselines on challenging manipulation tasks with sub-optimal demos.",high,A2,1,A2=high,"A2=Localizes event, phase, or subtask boundaries by modeling changes in multimodal observations, dynamics, language, or latent sequence structure.","A2=Boundary and horizon choices determine the training unit, feedback latency, credit assignment, and compounding-error exposure in long-horizon robot learning.",A2=true,primary_assignment,"Zhiwei Jia, Vineet Thumuluri, Fangchen Liu, Linghao Chen, Zhiao Huang, Hao Su",2023,arxiv:2304.00776,arxiv:2304.00776,8396331056550408364,cs.AI | cs.LG | cs.RO,hierarchical policy action chunking chunk length prediction robot imitation learning | sub-trajectory discovery useful subsequences sequential decision making robotics,search-papers,false,A2,false,false,false,false,A2/assigned-papers.json | A2/assigned-registry-inspected.json | A2/assigned-registry-inspected.jsonl | A2/canonical-pool.json | A2/canonical-pool.jsonl | A2/raw/q06-synonyms.json | A2/raw/q11-action-chunking.json,A2/assigned-abstracts.jsonl | A2/triage.jsonl
719,arxiv:2304.14125,5,MEDIUM,A1,Density Invariant Contrast Maximization for Neuromorphic Earth Observations,arxiv:2304.14125,"Contrast maximization (CMax) techniques are widely used in event-based vision systems to estimate the motion parameters of the camera and generate high-contrast images. However, these techniques are noise-intolerance and suffer from the multiple extrema problem which arises when the scene contains more noisy events than structure, causing the contrast to be higher at multiple locations. This makes the task of estimating the camera motion extremely challenging, which is a problem for neuromorphic earth observation, because, without a proper estimation of the motion parameters, it is not possible to generate a map with high contrast, causing important details to be lost. Similar methods that use CMax addressed this problem by changing or augmenting the objective function to enable it to converge to the correct motion parameters. Our proposed solution overcomes the multiple extrema and noise-intolerance problems by correcting the warped event before calculating the contrast and offers the following advantages: it does not depend on the event data, it does not require a prior about the camera motion, and keeps the rest of the CMax pipeline unchanged. This is to ensure that the contrast is only high around the correct motion parameters. Our approach enables the creation of better motion-compensated maps through an analytical compensation technique using a novel dataset from the International Space Station (ISS). Code is available at https://github.com/neuromorphicsystems/eventwarping",medium,A1,1,A1=medium,"A1=The paper develops or evaluates a temporal correspondence, synchronization, delay, or sequence-representation mechanism for Density Invariant Contrast Maximization for Neuromorphic Earth Observations.","A1=Its adjacent-domain method may provide a transferable alignment idea, but the robot transfer path requires verification.",A1=true,expansion_round_1,,,arxiv:2304.14125,arxiv:2304.14125,172679972049406321,,,related-similar,,A1,false,false,false,false,A1/expansion-registry.json | A1/expansion-round2-registry.json | A1/paper-registry-complete.json,A1/expansion-triage.jsonl
732,arxiv:2305.17565,5,HIGH,A8,Self-Supervised Learning of Action Affordances as Interaction Modes,arxiv:2305.17565,"When humans perform a task with an articulated object, they interact with the object only in a handful of ways, while the space of all possible interactions is nearly endless. This is because humans have prior knowledge about what interactions are likely to be successful, i.e., to open a new door we first try the handle. While learning such priors without supervision is easy for humans, it is notoriously hard for machines. In this work, we tackle unsupervised learning of priors of useful interactions with articulated objects, which we call interaction modes. In contrast to the prior art, we use no supervision or privileged information; we only assume access to the depth sensor in the simulator to learn the interaction modes. More precisely, we define a successful interaction as the one changing the visual environment substantially and learn a generative model of such interactions, that can be conditioned on the desired goal state of the object. In our experiments, we show that our model covers most of the human interaction modes, outperforms existing state-of-the-art methods for affordance learning, and can generalize to objects never seen during training. Additionally, we show promising results in the goal-conditional setup, where our model can be quickly fine-tuned to perform a given task. We show in the experiments that such affordance learning predicts interaction which covers most modes of interaction for the querying articulated object and can be fine-tuned to a goal-conditional model. For supplementary: https://actaim.github.io.",high,A8,1,A8=high,A8=Self-supervised interaction outcomes cluster action affordances into modes that predict how objects respond.,A8=Affordance representations support similarity retrieval and selection of interactions that cover missing physical modes.,A8=true,expansion_round_3,,,arxiv:2305.17565 | paperid:5485472034396968717,,,,,,,A8,false,false,false,false,A8/work/expansion-round3-novel.jsonl,A8/work/expansion-round3-triage.jsonl
745,arxiv:2306.15091,5,HIGH,A4,Understanding In-Context Learning via Supportive Pretraining Data,arxiv:2306.15091,"In-context learning (ICL) improves language models' performance on a variety of NLP tasks by simply demonstrating a handful of examples at inference time. It is not well understood why ICL ability emerges, as the model has never been specifically trained on such demonstrations. Unlike prior work that explores implicit mechanisms behind ICL, we study ICL via investigating the pretraining data. Specifically, we first adapt an iterative, gradient-based approach to find a small subset of pretraining data that supports ICL. We observe that a continued pretraining on this small subset significantly improves the model's ICL ability, by up to 18%. We then compare the supportive subset constrastively with random subsets of pretraining data and discover: (1) The supportive pretraining data to ICL do not have a higher domain relevance to downstream tasks. (2) The supportive pretraining data have a higher mass of rarely occurring, long-tail tokens. (3) The supportive pretraining data are challenging examples where the information gain from long-range context is below average, indicating learning to incorporate difficult long-range context encourages ICL. Our work takes a first step towards understanding ICL via analyzing instance-level pretraining data. Our insights have a potential to enhance the ICL ability of language models by actively guiding the construction of pretraining data in the future.",high,A4,1,A4=high,"A4=Chooses examples using uncertainty, diversity, information gain, or expected utility.",A4=It directly informs curation of robot experience or a transferable policy-data loop.,A4=true,expansion_round_1,,,arxiv:2306.15091 | paper:1214213554707587030,,,,,related-paper-expansion,,A4,false,false,false,false,A4/expansion/expansion-registry.jsonl,A4/expansion/expansion-triage.jsonl
758,arxiv:2307.10936,5,HIGH,A8,PASTA: Pretrained Action-State Transformer Agents,arxiv:2307.10936,"Self-supervised learning has brought about a revolutionary paradigm shift in various computing domains, including NLP, vision, and biology. Recent approaches involve pre-training transformer models on vast amounts of unlabeled data, serving as a starting point for efficiently solving downstream tasks. In reinforcement learning, researchers have recently adapted these approaches, developing models pre-trained on expert trajectories. This advancement enables the models to tackle a broad spectrum of tasks, ranging from robotics to recommendation systems. However, existing methods mostly rely on intricate pre-training objectives tailored to specific downstream applications. This paper conducts a comprehensive investigation of models, referred to as pre-trained action-state transformer agents (PASTA). Our study covers a unified methodology and covers an extensive set of general downstream tasks including behavioral cloning, offline RL, sensor failure robustness, and dynamics change adaptation. Our objective is to systematically compare various design choices and offer valuable insights that will aid practitioners in developing robust models. Key highlights of our study include tokenization at the component level for actions and states, the use of fundamental pre-training objectives such as next token prediction or masked language modeling, simultaneous training of models across multiple domains, and the application of various fine-tuning strategies. In this study, the developed models contain fewer than 7 million parameters allowing a broad community to use these models and reproduce our experiments. We hope that this study will encourage further research into the use of transformers with first principle design choices to represent RL trajectories and contribute to robust policy learning.",high,A8,1,A8=high,A8=A pretrained transformer jointly represents action-state sequences and adapts them to downstream control tasks.,A8=It offers a reusable trajectory representation for similarity and transfer-based usefulness scoring.,A8=true,expansion_round_3,,,arxiv:2307.10936 | paperid:4799319957965265432,,,,,,,A8,false,false,false,false,A8/work/expansion-round3-novel.jsonl,A8/work/expansion-round3-triage.jsonl
771,arxiv:2309.00082,5,MEDIUM,A6,RePo: Resilient Model-Based Reinforcement Learning by Regularizing Posterior Predictability,arxiv:2309.00082,"Visual model-based RL methods typically encode image observations into low-dimensional representations in a manner that does not eliminate redundant information. This leaves them susceptible to spurious variations -- changes in task-irrelevant components such as background distractors or lighting conditions. In this paper, we propose a visual model-based RL method that learns a latent representation resilient to such spurious variations. Our training objective encourages the representation to be maximally predictive of dynamics and reward, while constraining the information flow from the observation to the latent representation. We demonstrate that this objective significantly bolsters the resilience of visual model-based RL methods to visual distractors, allowing them to operate in dynamic environments. We then show that while the learned encoder is resilient to spirious variations, it is not invariant under significant distribution shift. To address this, we propose a simple reward-free alignment procedure that enables test time adaptation of the encoder. This allows for quick adaptation to widely differing environments without having to relearn the dynamics and policy. Our effort is a step towards making model-based RL a practical and useful tool for dynamic, diverse domains. We show its effectiveness in simulation benchmarks with significant spurious variations as well as a real-world egocentric navigation task with noisy TVs in the background. Videos and code at https://zchuning.github.io/repo-website/.",medium,A6,1,A6=medium,"A6=Estimates demonstration quality or latent expertise to filter, weight, or optimize learning from mixed-quality experience.",A6=Shows how heterogeneous demonstrations can contribute without treating every transition as equally trustworthy.,A6=false,expansion_round_1,,,arxiv:2309.00082,arxiv:2309.00082,2748529845950540173,,,related-papers,,A6,false,false,false,false,A6/expansion/canonical-pool.jsonl,A6/expansion/triage.jsonl
784,arxiv:2310.07932,5,HIGH,A1 | A7,What Matters to You? Towards Visual Representation Alignment for Robot Learning,arxiv:2310.07932,"When operating in service of people, robots need to optimize rewards aligned with end-user preferences. Since robots will rely on raw perceptual inputs like RGB images, their rewards will inevitably use visual representations. Recently there has been excitement in using representations from pre-trained visual models, but key to making these work in robotics is fine-tuning, which is typically done via proxy tasks like dynamics prediction or enforcing temporal cycle-consistency. However, all these proxy tasks bypass the human's input on what matters to them, exacerbating spurious correlations and ultimately leading to robot behaviors that are misaligned with user preferences. In this work, we propose that robots should leverage human feedback to align their visual representations with the end-user and disentangle what matters for the task. We propose Representation-Aligned Preference-based Learning (RAPL), a method for solving the visual representation alignment problem and visual reward learning problem through the lens of preference-based learning and optimal transport. Across experiments in X-MAGICAL and in robotic manipulation, we find that RAPL's reward consistently generates preferred robot behaviors with high sample efficiency, and shows strong zero-shot generalization when the visual representation is learned from a different embodiment than the robot's.",high,A1 | A7,2,A1=high | A7=high,"A1=The paper develops or evaluates a temporal correspondence, synchronization, delay, or sequence-representation mechanism for What Matters to You? Towards Visual Representation Alignment for Robot Learning. | A7=When operating in service of people, robots need to optimize rewards aligned with end-user preferences.","A1=Its mechanism is a plausible transfer to multimodal robot experience, action-observation alignment, or temporally aware policy training. | A7=It helps diagnose or reduce behavior-distribution mismatch and spurious dependence under deployment shift.",A1=true | A7=true,expansion_round_1,,,arxiv:2310.07932,arxiv:2310.07932,6565287643639005532,,,references | related-references,,A1,false,false,false,false,A1/expansion-registry.json | A1/paper-registry-complete.json | A7/work/expansion-registry.json | A7/work/expansion-registry.jsonl,A1/expansion-triage.jsonl | A7/work/expansion-triage.jsonl
797,arxiv:2310.16917,5,HIGH,A1,MimicTouch: Leveraging Multi-modal Human Tactile Demonstrations for Contact-rich Manipulation,arxiv:2310.16917,"Tactile sensing is critical to fine-grained, contact-rich manipulation tasks, such as insertion and assembly. Prior research has shown the possibility of learning tactile-guided policy from teleoperated demonstration data. However, to provide the demonstration, human users often rely on visual feedback to control the robot. This creates a gap between the sensing modality used for controlling the robot (visual) and the modality of interest (tactile). To bridge this gap, we introduce ""MimicTouch"", a novel framework for learning policies directly from demonstrations provided by human users with their hands. The key innovations are i) a human tactile data collection system which collects multi-modal tactile dataset for learning human's tactile-guided control strategy, ii) an imitation learning-based framework for learning human's tactile-guided control strategy through such data, and iii) an online residual RL framework to bridge the embodiment gap between the human hand and the robot gripper. Through comprehensive experiments, we highlight the efficacy of utilizing human's tactile-guided control strategy to resolve contact-rich manipulation tasks. The project website is at https://sites.google.com/view/MimicTouch.",high,A1,1,A1=high,"A1=The paper develops or evaluates a temporal correspondence, synchronization, delay, or sequence-representation mechanism for MimicTouch: Leveraging Multi-modal Human Tactile Demonstrations for Contact-rich Manipulation.","A1=Its mechanism is a plausible transfer to multimodal robot experience, action-observation alignment, or temporally aware policy training.",A1=true,expansion_round_2,,,arxiv:2310.16917,arxiv:2310.16917,4094141274326574307,,,related-papers-round2 | related-papers-round3,,A1,false,false,false,false,A1/expansion-round2-registry.json | A1/expansion-round3-registry.json | A1/paper-registry-complete.json,A1/expansion-round2-triage.jsonl
810,arxiv:2311.08576,5,MEDIUM,A4,Towards Evaluating AI Systems for Moral Status Using Self-Reports,arxiv:2311.08576,"As AI systems become more advanced and widely deployed, there will likely be increasing debate over whether AI systems could have conscious experiences, desires, or other states of potential moral significance. It is important to inform these discussions with empirical evidence to the extent possible. We argue that under the right circumstances, self-reports, or an AI system's statements about its own internal states, could provide an avenue for investigating whether AI systems have states of moral significance. Self-reports are the main way such states are assessed in humans (""Are you in pain?""), but self-reports from current systems like large language models are spurious for many reasons (e.g. often just reflecting what humans would say). To make self-reports more appropriate for this purpose, we propose to train models to answer many kinds of questions about themselves with known answers, while avoiding or limiting training incentives that bias self-reports. The hope of this approach is that models will develop introspection-like capabilities, and that these capabilities will generalize to questions about states of moral significance. We then propose methods for assessing the extent to which these techniques have succeeded: evaluating self-report consistency across contexts and between similar models, measuring the confidence and resilience of models' self-reports, and using interpretability to corroborate self-reports. We also discuss challenges for our approach, from philosophical difficulties in interpreting self-reports to technical reasons why our proposal might fail. We hope our discussion inspires philosophers and AI researchers to criticize and improve our proposed methodology, as well as to run experiments to test whether self-reports can be made reliable enough to provide information about states of moral significance.",medium,A4,1,A4=medium,A4=Connects trajectory or dataset composition to downstream policy or model behavior.,A4=It provides adjacent evidence for data-efficient training intelligence.,A4=false,expansion_round_1,,,arxiv:2311.08576 | paper:299894920497130260,,,,,related-paper-expansion,,A4,false,false,false,false,A4/expansion/expansion-registry.jsonl,A4/expansion/expansion-triage.jsonl
823,arxiv:2312.11194,5,HIGH,A3 | A6,Aligning Human Intent from Imperfect Demonstrations with Confidence-based Inverse soft-Q Learning,arxiv:2312.11194,"Imitation learning attracts much attention for its ability to allow robots to quickly learn human manipulation skills through demonstrations. However, in the real world, human demonstrations often exhibit random behavior that is not intended by humans. Collecting high-quality human datasets is both challenging and expensive. Consequently, robots need to have the ability to learn behavioral policies that align with human intent from imperfect demonstrations. Previous work uses confidence scores to extract useful information from imperfect demonstrations, which relies on access to ground truth rewards or active human supervision. In this paper, we propose a transition-based method to obtain fine-grained confidence scores for data without the above efforts, which can increase the success rate of the baseline algorithm by 40.3% on average. We develop a generalized confidence-based imitation learning framework for guiding policy learning, called Confidence-based Inverse soft-Q Learning (CIQL), as shown in Fig.1. Based on this, we analyze two ways of processing noise and find that penalization is more aligned with human intent than filtering.",high,A3 | A6,2,A3=high | A6=high,"A3=Confidence-aware inverse soft-Q learning infers intended behavior and downweights random actions in imperfect human demonstrations. | A6=Uses a recovery, correction, failure-analysis, or imperfect-demonstration mechanism to improve robot execution from non-ideal experience.","A3=It separates human intent from execution noise, a central requirement for learning from end-user teaching. | A6=Adds an independently discovered A6 mechanism or an important variant for experience/data/training design.",A3=true | A6=true,expansion_round_1 | primary_assignment,"Xizhou Bu, Wenjuan Li, Zhengxiong Liu, Zhiqiang Ma, Panfeng Huang",2023,arxiv:2312.11194,arxiv:2312.11194,8148875679315622563,cs.RO,q01-direct | q02-direct-imperfect-demo | q02-synonyms | q05-quality-scoring | q06-syn-noisy-demo | q19-foundational-il | q22-safe-bad-data | q30-recent-fail-recovery,firecrawl research search-papers | related-papers,general,A3 | A6,false,true,false,false,A3/assigned-papers.json | A3/evidence-index.json | A3/expansion-registry.json | A3/paper-registry.json | A3/raw/q01-direct.txt | A3/raw/q02-synonyms.txt | A3/raw/q05-quality-scoring.txt | A3/raw/q19-foundational-il.txt | A3/raw/q22-safe-bad-data.txt | A3/round2-registry.json | A4/canonical-registry.jsonl | A4/raw/q01-direct.json | A4/raw/q13-harmful-demo.json | A5/canonical-pool.jsonl | A5/paper-registry.json | A6/expansion/canonical-pool.jsonl | A6/expansion/selected-registry.jsonl | A6/raw-retrieval/q02-direct-imperfect-demo.json | A6/raw-retrieval/q06-syn-noisy-demo.json | A6/raw-retrieval/q30-recent-fail-recovery.json | A6/work/canonical-pool.jsonl,A3/abstract-triage.jsonl | A6/expansion-triage.jsonl | A6/expansion/triage.jsonl
836,arxiv:2402.00853,5,HIGH,A4,LTAU-FF: Loss Trajectory Analysis for Uncertainty in Atomistic Force Fields,arxiv:2402.00853,"Model ensembles are effective tools for estimating prediction uncertainty in deep learning atomistic force fields. However, their widespread adoption is hindered by high computational costs and overconfident error estimates. In this work, we address these challenges by leveraging distributions of per-sample errors obtained during training and employing a distance-based similarity search in the model latent space. Our method, which we call LTAU, efficiently estimates the full probability distribution function (PDF) of errors for any test point using the logged training errors, achieving speeds that are 2--3 orders of magnitudes faster than typical ensemble methods and allowing it to be used for tasks where training or evaluating multiple models would be infeasible. We apply LTAU towards estimating parametric uncertainty in atomistic force fields (LTAU-FF), demonstrating that its improved ensemble diversity produces well-calibrated confidence intervals and predicts errors that correlate strongly with the true errors for data near the training domain. Furthermore, we show that the errors predicted by LTAU-FF can be used in practical applications for detecting out-of-domain data, tuning model performance, and predicting failure during simulations. We believe that LTAU will be a valuable tool for uncertainty quantification (UQ) in atomistic force fields and is a promising method that should be further explored in other domains of machine learning.",high,A4,1,A4=high,"A4=Chooses examples using uncertainty, diversity, information gain, or expected utility.",A4=It provides adjacent evidence for data-efficient training intelligence.,A4=true,expansion_round_1,,,arxiv:2402.00853 | paper:6390854325031546883,,,,,related-paper-expansion,,A4,false,false,false,false,A4/expansion/expansion-registry.jsonl,A4/expansion/expansion-triage.jsonl
849,arxiv:2402.07226,5,HIGH,A2,Stitching Sub-Trajectories with Conditional Diffusion Model for Goal-Conditioned Offline RL,arxiv:2402.07226,"Offline Goal-Conditioned Reinforcement Learning (Offline GCRL) is an important problem in RL that focuses on acquiring diverse goal-oriented skills solely from pre-collected behavior datasets. In this setting, the reward feedback is typically absent except when the goal is achieved, which makes it difficult to learn policies especially from a finite dataset of suboptimal behaviors. In addition, realistic scenarios involve long-horizon planning, which necessitates the extraction of useful skills within sub-trajectories. Recently, the conditional diffusion model has been shown to be a promising approach to generate high-quality long-horizon plans for RL. However, their practicality for the goal-conditioned setting is still limited due to a number of technical assumptions made by the methods. In this paper, we propose SSD (Sub-trajectory Stitching with Diffusion), a model-based offline GCRL method that leverages the conditional diffusion model to address these limitations. In summary, we use the diffusion model that generates future plans conditioned on the target goal and value, with the target value estimated from the goal-relabeled offline dataset. We report state-of-the-art performance in the standard benchmark set of GCRL tasks, and demonstrate the capability to successfully stitch the segments of suboptimal trajectories in the offline data to generate high-quality plans.",high,A2,1,A2=high,A2=Detects or learns semantically meaningful trajectory segments and uses them as variable-horizon action chunks or keypose-to-keypose control targets.,"A2=Boundary and horizon choices determine the training unit, feedback latency, credit assignment, and compounding-error exposure in long-horizon robot learning.",A2=true,primary_assignment,"Sungyoon Kim, Yunseon Choi, Daiki E. Matsunaga, Kee-Eung Kim",2024,arxiv:2402.07226,arxiv:2402.07226,1128999622035738234,cs.AI,offline reinforcement learning trajectory stitching subtrajectory relabeling,search-papers,false,A2,false,false,false,false,A2/assigned-papers.json | A2/assigned-registry-inspected.json | A2/assigned-registry-inspected.jsonl | A2/canonical-pool.json | A2/canonical-pool.jsonl | A2/raw/q28-offline-rl.json,A2/assigned-abstracts.jsonl | A2/triage.jsonl
862,arxiv:2402.16354,5,HIGH,A2,Language-guided Skill Learning with Temporal Variational Inference,arxiv:2402.16354,"We present an algorithm for skill discovery from expert demonstrations. The algorithm first utilizes Large Language Models (LLMs) to propose an initial segmentation of the trajectories. Following that, a hierarchical variational inference framework incorporates the LLM-generated segmentation information to discover reusable skills by merging trajectory segments. To further control the trade-off between compression and reusability, we introduce a novel auxiliary objective based on the Minimum Description Length principle that helps guide this skill discovery process. Our results demonstrate that agents equipped with our method are able to discover skills that help accelerate learning and outperform baseline skill learning approaches on new long-horizon tasks in BabyAI, a grid world navigation environment, as well as ALFRED, a household simulation environment.",high,A2,1,A2=high,"A2=Finds event, phase, or subtask boundaries by modeling temporal changes in observations, dynamics, language, or latent sequence variables.","A2=The mechanism can turn long robot experience into reusable training units, skill memories, or better-conditioned policy targets.",A2=true,expansion_round_1,,2024,arxiv:2402.16354,arxiv:2402.16354,601835423555406706,,2025 2026 embodied learning trajectory compression skill segmentation,search-papers,false,A2,false,false,false,false,A2/canonical-pool.json | A2/canonical-pool.jsonl | A2/expansion-pool.json | A2/expansion-pool.jsonl | A2/raw/q44-2025-2026-compression.json,A2/expansion-triage.jsonl
875,arxiv:2403.13358,5,HIGH,A3 | A5,GeRM: A Generalist Robotic Model with Mixture-of-experts for Quadruped Robot,arxiv:2403.13358,"Multi-task robot learning holds significant importance in tackling diverse and complex scenarios. However, current approaches are hindered by performance issues and difficulties in collecting training datasets. In this paper, we propose GeRM (Generalist Robotic Model). We utilize offline reinforcement learning to optimize data utilization strategies to learn from both demonstrations and sub-optimal data, thus surpassing the limitations of human demonstrations. Thereafter, we employ a transformer-based VLA network to process multi-modal inputs and output actions. By introducing the Mixture-of-Experts structure, GeRM allows faster inference speed with higher whole model capacity, and thus resolves the issue of limited RL parameters, enhancing model performance in multi-task learning while controlling computational costs. Through a series of experiments, we demonstrate that GeRM outperforms other methods across all tasks, while also validating its efficiency in both training and inference processes. Additionally, we uncover its potential to acquire emergent skills. Additionally, we contribute the QUARD-Auto dataset, collected automatically to support our training approach and foster advancements in multi-task quadruped robot learning. This work presents a new paradigm for reducing the cost of collecting robot data and driving progress in the multi-task learning community. You can reach our project and video through the link: https://songwxuan.github.io/GeRM/ .",high,A3 | A5,2,A3=high | A5=high,"A3=The paper develops or evaluates GeRM: A Generalist Robotic Model with Mixture-of-experts for Quadruped Robot, with a mechanism for selecting, weighting, repairing, auditing, or robustifying experience. | A5=Multi-task robot learning holds significant importance in tackling diverse and complex scenarios.","A3=Its related-paper mechanism is plausibly transferable to the Program A data-to-policy loop and merits targeted review. | A5=It informs how contribution weights can align training with quality, advantage, density, or task importance in the robot experience-to-policy loop.",A3=true | A5=true,expansion_round_1 | primary_assignment,"Wenxuan Song, Han Zhao, Pengxiang Ding, Can Cui, Shangke Lyu, Yaning Fan, Donglin Wang",2024,arxiv:2403.13358 | paper:2393891795597193176,arxiv:2403.13358,paper:2393891795597193176,cs.CV | cs.LG | cs.RO,10 | 5 | 71,firecrawl research related-papers | search-papers,general | recent,A3 | A5,false,false,false,false,A3/expansion-registry.json | A3/paper-registry.json | A5/assigned-papers.json | A5/canonical-pool.jsonl | A5/evidence-ledger.jsonl | A5/inspection-manifest.json | A5/paper-registry.json | A5/raw/q05-direct-mixture.json | A5/read-manifest.json | A7/raw/q10-mixture-balance.json | A7/work/paper-registry.json | A7/work/paper-registry.jsonl | A7/work/verified-paper-registry.json | A7/work/verified-paper-registry.jsonl,A3/expansion-triage.jsonl | A5/assigned-abstracts.jsonl
888,arxiv:2404.06570,5,HIGH,A1,MORPHeus: a Multimodal One-armed Robot-assisted Peeling System with Human Users In-the-loop,arxiv:2404.06570,"Meal preparation is an important instrumental activity of daily living (IADL). While existing research has explored robotic assistance in meal preparation tasks such as cutting and cooking, the crucial task of peeling has received less attention. Robot-assisted peeling, conventionally a bimanual task, is challenging to deploy in the homes of care recipients using two wheelchair-mounted robot arms due to ergonomic and transferring challenges. This paper introduces a robot-assisted peeling system utilizing a single robotic arm and an assistive cutting board, inspired by the way individuals with one functional hand prepare meals. Our system incorporates a multimodal active perception module to determine whether an area on the food is peeled, a human-in-the-loop long-horizon planner to perform task planning while catering to a user's preference for peeling coverage, and a compliant controller to peel the food items. We demonstrate the system on 12 food items representing the extremes of different shapes, sizes, skin thickness, surface textures, skin vs flesh colors, and deformability.",high,A1,1,A1=high,"A1=The paper develops or evaluates a temporal correspondence, synchronization, delay, or sequence-representation mechanism for MORPHeus: a Multimodal One-armed Robot-assisted Peeling System with Human Users In-the-loop.","A1=Its mechanism is a plausible transfer to multimodal robot experience, action-observation alignment, or temporally aware policy training.",A1=true,expansion_round_2,,,arxiv:2404.06570,arxiv:2404.06570,6401634938424533291,,,related-papers-round2 | related-papers-round3,,A1,false,false,false,false,A1/expansion-round2-registry.json | A1/expansion-round3-registry.json | A1/paper-registry-complete.json,A1/expansion-round2-triage.jsonl
901,arxiv:2405.02077,5,HIGH,A1,MVP-Shot: Multi-Velocity Progressive-Alignment Framework for Few-Shot Action Recognition,arxiv:2405.02077,"Recent few-shot action recognition (FSAR) methods typically perform semantic matching on learned discriminative features to achieve promising performance. However, most FSAR methods focus on single-scale (e.g., frame-level, segment-level, etc) feature alignment, which ignores that human actions with the same semantic may appear at different velocities. To this end, we develop a novel Multi-Velocity Progressive-alignment (MVP-Shot) framework to progressively learn and align semantic-related action features at multi-velocity levels. Concretely, a Multi-Velocity Feature Alignment (MVFA) module is designed to measure the similarity between features from support and query videos with different velocity scales and then merge all similarity scores in a residual fashion. To avoid the multiple velocity features deviating from the underlying motion semantic, our proposed Progressive Semantic-Tailored Interaction (PSTI) module injects velocity-tailored text information into the video feature via feature interaction on channel and temporal domains at different velocities. The above two modules compensate for each other to make more accurate query sample predictions under the few-shot settings. Experimental results show our method outperforms current state-of-the-art methods on multiple standard few-shot benchmarks (i.e., HMDB51, UCF101, Kinetics, and SSv2-small).",high,A1,1,A1=high,"A1=The paper develops or evaluates a temporal correspondence, synchronization, delay, or sequence-representation mechanism for MVP-Shot: Multi-Velocity Progressive-Alignment Framework for Few-Shot Action Recognition.","A1=Its mechanism is a plausible transfer to multimodal robot experience, action-observation alignment, or temporally aware policy training.",A1=true,expansion_round_3,,,arxiv:2405.02077,arxiv:2405.02077,1714079230872807634,,,related-papers-round3,,A1,false,false,false,false,A1/expansion-round3-registry.json | A1/paper-registry-complete.json,A1/expansion-round3-triage.jsonl
914,arxiv:2405.14199,5,HIGH,A8,Adaptive Teaching in Heterogeneous Agents: Balancing Surprise in Sparse Reward Scenarios,arxiv:2405.14199,"Learning from Demonstration (LfD) can be an efficient way to train systems with analogous agents by enabling ``Student'' agents to learn from the demonstrations of the most experienced ``Teacher'' agent, instead of training their policy in parallel. However, when there are discrepancies in agent capabilities, such as divergent actuator power or joint angle constraints, naively replicating demonstrations that are out of bounds for the Student's capability can limit efficient learning. We present a Teacher-Student learning framework specifically tailored to address the challenge of heterogeneity between the Teacher and Student agents. Our framework is based on the concept of ``surprise'', inspired by its application in exploration incentivization in sparse-reward environments. Surprise is repurposed to enable the Teacher to detect and adapt to differences between itself and the Student. By focusing on maximizing its surprise in response to the environment while concurrently minimizing the Student's surprise in response to the demonstrations, the Teacher agent can effectively tailor its demonstrations to the Student's specific capabilities and constraints. We validate our method by demonstrating improvements in the Student's learning in control tasks within sparse-reward environments.",high,A8,1,A8=high,"A8=An adaptive teacher allocates tasks across heterogeneous agents by balancing surprise, competence, and sparse-reward progress.",A8=It maps naturally to fleet-level task allocation under different robot capabilities and uncertainty.,A8=true,expansion_round_3,,,arxiv:2405.14199 | paperid:5043644925963981072,,,,,,,A8,false,false,false,false,A8/work/expansion-round3-novel.jsonl,A8/work/expansion-round3-triage.jsonl
927,arxiv:2406.05645,5,MEDIUM,A1,Anomaly Multi-classification in Industrial Scenarios: Transferring Few-shot Learning to a New Task,arxiv:2406.05645,"In industrial scenarios, it is crucial not only to identify anomalous items but also to classify the type of anomaly. However, research on anomaly multi-classification remains largely unexplored. This paper proposes a novel and valuable research task called anomaly multi-classification. Given the challenges in applying few-shot learning to this task, due to limited training data and unique characteristics of anomaly images, we introduce a baseline model that combines RelationNet and PatchCore. We propose a data generation method that creates pseudo classes and a corresponding proxy task, aiming to bridge the gap in transferring few-shot learning to industrial scenarios. Furthermore, we utilize contrastive learning to improve the vanilla baseline, achieving much better performance than directly fine-tune a ResNet. Experiments conducted on MvTec AD and MvTec3D AD demonstrate that our approach shows superior performance in this novel task.",medium,A1,1,A1=medium,"A1=The paper develops or evaluates a temporal correspondence, synchronization, delay, or sequence-representation mechanism for Anomaly Multi-classification in Industrial Scenarios: Transferring Few-shot Learning to a New Task.","A1=Its adjacent-domain method may provide a transferable alignment idea, but the robot transfer path requires verification.",A1=true,expansion_round_2,,,arxiv:2406.05645,arxiv:2406.05645,2721773115702940467,,,related-papers-round2,,A1,false,false,false,false,A1/expansion-round2-registry.json | A1/paper-registry-complete.json,A1/expansion-round2-triage.jsonl
940,arxiv:2406.15917,5,HIGH,A5 | A6,To Err is Robotic: Rapid Value-Based Trial-and-Error during Deployment,arxiv:2406.15917,"When faced with a novel scenario, it can be hard to succeed on the first attempt. In these challenging situations, it is important to know how to retry quickly and meaningfully. Retrying behavior can emerge naturally in robots trained on diverse data, but such robot policies will typically only exhibit undirected retrying behavior and may not terminate a suboptimal approach before an unrecoverable mistake. We can improve these robot policies by instilling an explicit ability to try, evaluate, and retry a diverse range of strategies. We introduce Bellman-Guided Retrials, an algorithm that works on top of a base robot policy by monitoring the robot's progress, detecting when a change of plan is needed, and adapting the executed strategy until the robot succeeds. We start with a base policy trained on expert demonstrations of a variety of scenarios. Then, using the same expert demonstrations, we train a value function to estimate task completion. During test time, we use the value function to compare our expected rate of progress to our achieved rate of progress. If our current strategy fails to make progress at a reasonable rate, we recover the robot and sample a new strategy from the base policy while skewing it away from behaviors that have recently failed. We evaluate our method on simulated and real-world environments that contain a diverse suite of scenarios. We find that Bellman-Guided Retrials increases the average absolute success rates of base policies by more than 20% in simulation and 50% in real-world experiments, demonstrating a promising framework for instilling existing trained policies with explicit trial and error capabilities. For evaluation videos and other documentation, go to https://sites.google.com/view/to-err-robotic/home",high,A5 | A6,2,A5=medium | A6=high,"A5=When faced with a novel scenario, it can be hard to succeed on the first attempt. | A6=Uses a recovery, correction, failure-analysis, or imperfect-demonstration mechanism to improve robot execution from non-ideal experience.",A5=This adaptive mixture neighbor tests whether the expansion adds a reusable mechanism for controlling robot experience in policy training. | A6=Adds an independently discovered A6 mechanism or an important variant for experience/data/training design.,A5=true | A6=true,expansion_round_1 | expansion_round_3,"Maximilian Du, Alexander Khazatsky, Tobias Gerstenberg, Chelsea Finn",2024,arxiv:2406.15917,arxiv:2406.15917,7550459696339819542,cs.RO,q01-direct-failed-recovery | q14-mech-recovery-intervention | q17-failure-negative-visuomotor,related-papers,,A6,false,true,false,true,A5/expansion/raw/round3-similar.json | A6/expansion/canonical-pool.jsonl | A6/expansion/selected-registry.jsonl | A6/raw-retrieval/q01-direct-failed-recovery.json | A6/raw-retrieval/q14-mech-recovery-intervention.json | A6/raw-retrieval/q17-failure-negative-visuomotor.json | A6/work/canonical-pool.jsonl,A5/expansion/round3-triage.jsonl | A6/expansion-triage.jsonl | A6/expansion/triage.jsonl
953,arxiv:2407.14744,5,HIGH,A1,A Comprehensive Review of Few-shot Action Recognition,arxiv:2407.14744,"Few-shot action recognition aims to address the high cost and impracticality of manually labeling complex and variable video data in action recognition. It requires accurately classifying human actions in videos using only a few labeled examples per class. Compared to few-shot learning in image scenarios, few-shot action recognition is more challenging due to the intrinsic complexity of video data. Numerous approaches have driven significant advancements in few-shot action recognition, which underscores the need for a comprehensive survey. Unlike early surveys that focus on few-shot image or text classification, we deeply consider the unique challenges of few-shot action recognition. In this survey, we provide a comprehensive review of recent methods and introduce a novel and systematic taxonomy of existing approaches, accompanied by a detailed analysis. We categorize the methods into generative-based and meta-learning frameworks, and further elaborate on the methods within the meta-learning framework, covering aspects: video instance representation, category prototype learning, and generalized video alignment. Additionally, the survey presents the commonly used benchmarks and discusses relevant advanced topics and promising future directions. We hope this survey can serve as a valuable resource for researchers, offering essential guidance to newcomers and stimulating seasoned researchers with fresh insights.",high,A1,1,A1=high,"A1=The paper develops or evaluates a temporal correspondence, synchronization, delay, or sequence-representation mechanism for A Comprehensive Review of Few-shot Action Recognition.","A1=Its mechanism is a plausible transfer to multimodal robot experience, action-observation alignment, or temporally aware policy training.",A1=true,expansion_round_3,,,arxiv:2407.14744,arxiv:2407.14744,6412596575216586142,,,related-papers-round3,,A1,false,false,false,false,A1/expansion-round3-registry.json | A1/paper-registry-complete.json,A1/expansion-round3-triage.jsonl
966,arxiv:2408.05916,5,MEDIUM,A1,Cluster-Segregate-Perturb (CSP): A Model-agnostic Explainability Pipeline for Spatiotemporal Land Surface Forecasting Models,arxiv:2408.05916,"Satellite images have become increasingly valuable for modelling regional climate change effects. Earth surface forecasting represents one such task that integrates satellite images with meteorological data to capture the joint evolution of regional climate change effects. However, understanding the complex relationship between specific meteorological variables and land surface evolution poses a significant challenge. In light of this challenge, our paper introduces a pipeline that integrates principles from both perturbation-based explainability techniques like LIME and global marginal explainability techniques like PDP, besides addressing the constraints of using such techniques when applying them to high-dimensional spatiotemporal deep models. The proposed pipeline simplifies the undertaking of diverse investigative analyses, such as marginal sensitivity analysis, marginal correlation analysis, lag analysis, etc., on complex land surface forecasting models In this study we utilised Convolutional Long Short-Term Memory (ConvLSTM) as the surface forecasting model and did analyses on the Normalized Difference Vegetation Index (NDVI) of the surface forecasts, since meteorological variables like temperature, pressure, and precipitation significantly influence it. The study area encompasses various regions in Europe. Our analyses show that precipitation exhibits the highest sensitivity in the study area, followed by temperature and pressure. Pressure has little to no direct effect on NDVI. Additionally, interesting nonlinear correlations between meteorological variables and NDVI have been uncovered.",medium,A1,1,A1=medium,"A1=The paper develops or evaluates a temporal correspondence, synchronization, delay, or sequence-representation mechanism for Cluster-Segregate-Perturb (CSP): A Model-agnostic Explainability Pipeline for Spatiotemporal Land Surface Forecasting Models.","A1=Its adjacent-domain method may provide a transferable alignment idea, but the robot transfer path requires verification.",A1=true,expansion_round_1,,,arxiv:2408.05916,arxiv:2408.05916,259391721561967316,,,related-citers,,A1,false,false,false,false,A1/expansion-registry.json | A1/paper-registry-complete.json,A1/expansion-triage.jsonl
979,arxiv:2409.03685,5,HIGH,A7,View-Invariant Policy Learning via Zero-Shot Novel View Synthesis,arxiv:2409.03685,"Large-scale visuomotor policy learning is a promising approach toward developing generalizable manipulation systems. Yet, policies that can be deployed on diverse embodiments, environments, and observational modalities remain elusive. In this work, we investigate how knowledge from large-scale visual data of the world may be used to address one axis of variation for generalizable manipulation: observational viewpoint. Specifically, we study single-image novel view synthesis models, which learn 3D-aware scene-level priors by rendering images of the same scene from alternate camera viewpoints given a single input image. For practical application to diverse robotic data, these models must operate zero-shot, performing view synthesis on unseen tasks and environments. We empirically analyze view synthesis models within a simple data-augmentation scheme that we call View Synthesis Augmentation (VISTA) to understand their capabilities for learning viewpoint-invariant policies from single-viewpoint demonstration data. Upon evaluating the robustness of policies trained with our method to out-of-distribution camera viewpoints, we find that they outperform baselines in both simulated and real-world manipulation tasks. Videos and additional visualizations are available at https://s-tian.github.io/projects/vista.",high,A7,1,A7=high,A7=Large-scale visuomotor policy learning is a promising approach toward developing generalizable manipulation systems.,A7=It helps diagnose or reduce behavior-distribution mismatch and spurious dependence under deployment shift.,A7=true,expansion_round_1,,,arxiv:2409.03685,,,,,references,,A7,false,false,false,false,A7/work/expansion-registry.json | A7/work/expansion-registry.jsonl,A7/work/expansion-triage.jsonl
992,arxiv:2409.18038,5,MEDIUM,A1,MMDVS-LF: Multi-Modal Dynamic Vision Sensor and Eye-Tracking Dataset for Line Following,arxiv:2409.18038,"Dynamic Vision Sensors (DVS) offer a unique advantage in control applications due to their high temporal resolution and asynchronous event-based data. Still, their adoption in machine learning algorithms remains limited. To address this gap and promote the development of models that leverage the specific characteristics of DVS data, we introduce the MMDVS-LF: Multi-Modal Dynamic Vision Sensor and Eye-Tracking Dataset for Line Following. This comprehensive dataset is the first to integrate multiple sensor modalities, including DVS recordings and eye-tracking data from a small-scale standardized vehicle. Additionally, the dataset includes RGB video, odometry, Inertial Measurement Unit (IMU) data, and demographic data of drivers performing a Line Following. With its diverse range of data, MMDVS-LF opens new opportunities for developing event-based deep learning algorithms just like the MNIST dataset did for Convolutional Neural Networks.",medium,A1,1,A1=medium,"A1=The paper develops or evaluates a temporal correspondence, synchronization, delay, or sequence-representation mechanism for MMDVS-LF: Multi-Modal Dynamic Vision Sensor and Eye-Tracking Dataset for Line Following.","A1=Its adjacent-domain method may provide a transferable alignment idea, but the robot transfer path requires verification.",A1=true,expansion_round_1,,,arxiv:2409.18038,arxiv:2409.18038,6499593389272194854,,,related-similar,,A1,false,false,false,false,A1/expansion-registry.json | A1/paper-registry-complete.json,A1/expansion-triage.jsonl
1005,arxiv:2410.08852,5,HIGH,A8,Conformalized Interactive Imitation Learning: Handling Expert Shift and Intermittent Feedback,arxiv:2410.08852,"In interactive imitation learning (IL), uncertainty quantification offers a way for the learner (i.e. robot) to contend with distribution shifts encountered during deployment by actively seeking additional feedback from an expert (i.e. human) online. Prior works use mechanisms like ensemble disagreement or Monte Carlo dropout to quantify when black-box IL policies are uncertain; however, these approaches can lead to overconfident estimates when faced with deployment-time distribution shifts. Instead, we contend that we need uncertainty quantification algorithms that can leverage the expert human feedback received during deployment time to adapt the robot's uncertainty online. To tackle this, we draw upon online conformal prediction, a distribution-free method for constructing prediction intervals online given a stream of ground-truth labels. Human labels, however, are intermittent in the interactive IL setting. Thus, from the conformal prediction side, we introduce a novel uncertainty quantification algorithm called intermittent quantile tracking (IQT) that leverages a probabilistic model of intermittent labels, maintains asymptotic coverage guarantees, and empirically achieves desired coverage levels. From the interactive IL side, we develop ConformalDAgger, a new approach wherein the robot uses prediction intervals calibrated by IQT as a reliable measure of deployment-time uncertainty to actively query for more expert feedback. We compare ConformalDAgger to prior uncertainty-aware DAgger methods in scenarios where the distribution shift is (and isn't) present because of changes in the expert's policy. We find that in simulated and hardware deployments on a 7DOF robotic manipulator, ConformalDAgger detects high uncertainty when the expert shifts and increases the number of interventions compared to baselines, allowing the robot to more quickly learn the new behavior.",high,A8,1,A8=high,A8=Online conformal prediction with intermittent quantile tracking calibrates policy prediction intervals and triggers expert queries under deployment shift.,A8=It supplies distribution-free uncertainty calibration for selectively collecting corrective demonstrations when a robot leaves its learned regime.,A8=true,primary_assignment,,,arxiv:2410.08852,arxiv:2410.08852,136342900802933551,,A8 | q08-synonyms | q15-outcome | q17-adjacent,search-papers,general,A8,false,false,false,false,A5/canonical-pool.jsonl | A5/paper-registry.json | A8/raw/q08-synonyms.json | A8/raw/q15-outcome.json | A8/raw/q17-adjacent.json | A8/work/assigned-papers.json | A8/work/canonical-pool.jsonl,A8/work/abstract-triage.jsonl | A8/work/assigned-abstracts.jsonl
1018,arxiv:2410.18647,5,HIGH,A3 | A4 | A6 | A7 | A8,Data Scaling Laws in Imitation Learning for Robotic Manipulation,arxiv:2410.18647,"Data scaling has revolutionized fields like natural language processing and computer vision, providing models with remarkable generalization capabilities. In this paper, we investigate whether similar data scaling laws exist in robotics, particularly in robotic manipulation, and whether appropriate data scaling can yield single-task robot policies that can be deployed zero-shot for any object within the same category in any environment. To this end, we conduct a comprehensive empirical study on data scaling in imitation learning. By collecting data across numerous environments and objects, we study how a policy's generalization performance changes with the number of training environments, objects, and demonstrations. Throughout our research, we collect over 40,000 demonstrations and execute more than 15,000 real-world robot rollouts under a rigorous evaluation protocol. Our findings reveal several intriguing results: the generalization performance of the policy follows a roughly power-law relationship with the number of environments and objects. The diversity of environments and objects is far more important than the absolute number of demonstrations; once the number of demonstrations per environment or object reaches a certain threshold, additional demonstrations have minimal effect. Based on these insights, we propose an efficient data collection strategy. With four data collectors working for one afternoon, we collect sufficient data to enable the policies for two tasks to achieve approximately 90% success rates in novel environments with unseen objects.",high,A3 | A4 | A6 | A7 | A8,5,A3=high | A4=medium | A6=high | A7=high | A8=high,"A3=The paper develops or evaluates Data Scaling Laws in Imitation Learning for Robotic Manipulation, with a mechanism for selecting, weighting, repairing, auditing, or robustifying experience. | A4=Uses a valuation or attribution signal to estimate the contribution of training examples to model or policy outcomes. | A6=Estimates demonstration quality or latent expertise to filter, weight, or optimize learning from mixed-quality experience. | A7=Fits performance scaling against environment and object diversity and finds diversity matters more than extra demonstrations after per-factor saturation. | A8=Scaling experiments relate policy performance to demonstration quantity, diversity, task structure, and model capacity.",A3=Its related-paper mechanism is plausibly transferable to the Program A data-to-policy loop and merits targeted review. | A4=It is directly or plausibly transferable to selecting robot experience for policy learning. | A6=Offers a reusable mechanism for converting sequential experience into better policy or data decisions. | A7=It provides direct evidence for balancing environment/object coverage instead of counting trajectories alone. | A8=It provides an empirical basis for marginal-value estimates when deciding whether to collect more data or target a missing factor.,A3=true | A4=false | A6=true | A7=true | A8=true,expansion_round_1 | primary_assignment,Fanqi Lin | Yingdong Hu | Pingyue Sheng | Chuan Wen | Jiacheng You | Yang Gao,2024,arxiv:2410.18647 | paper:8907449749865847396 | paperid:8907449749865847396,arxiv:2410.18647,8907449749865847396,cs.RO,,firecrawl research related-papers | related-papers | search-papers,recent,A3 | A7,false,true,true,true,A3/expansion-registry.json | A3/paper-registry.json | A4/expansion/round2/registry.jsonl | A4/expansion/round5/registry.jsonl | A6/expansion/canonical-pool.jsonl | A7/raw/q01-direct-terms.json | A7/raw/q02-synonyms.json | A7/raw/q04-composition.json | A7/raw/q09-mechanism-generalization.json | A7/raw/q11-scaling-laws.json | A7/raw/q29-scaling-foundations.json | A7/raw/q32-recent-scaling.json | A7/raw/q33-recent-longtail.json | A7/raw/q39-quality-vs-diversity.json | A7/work/assigned-papers.json | A7/work/assigned-papers.jsonl | A7/work/expansion-registry.json | A7/work/expansion-registry.jsonl | A7/work/paper-registry.json | A7/work/paper-registry.jsonl | A7/work/read-manifest.json | A7/work/verified-paper-registry.json | A7/work/verified-paper-registry.jsonl | A8/work/expansion-novel.jsonl | A8/work/expansion-pool.jsonl,A3/expansion-triage.jsonl | A4/expansion/all-new-expansion-triage.jsonl | A6/expansion/triage.jsonl | A7/work/abstract-triage.jsonl | A7/work/assigned-abstracts.jsonl | A8/work/expansion-triage.jsonl
1031,arxiv:2411.02998,5,HIGH,A2,Accelerating Task Generalisation with Multi-Level Skill Hierarchies,arxiv:2411.02998,"Creating reinforcement learning agents that generalise effectively to new tasks is a key challenge in AI research. This paper introduces Fracture Cluster Options (FraCOs), a multi-level hierarchical reinforcement learning method that achieves state-of-the-art performance on difficult generalisation tasks. FraCOs identifies patterns in agent behaviour and forms options based on the expected future usefulness of those patterns, enabling rapid adaptation to new tasks. In tabular settings, FraCOs demonstrates effective transfer and improves performance as it grows in hierarchical depth. We evaluate FraCOs against state-of-the-art deep reinforcement learning algorithms in several complex procedurally generated environments. Our results show that FraCOs achieves higher in-distribution and out-of-distribution performance than competitors.",high,A2,1,A2=high,A2=Discovers reusable temporal structure in sequential experience for downstream decision making or policy learning.,"A2=The mechanism can turn long robot experience into reusable training units, skill memories, or better-conditioned policy targets.",A2=true,expansion_round_1,,2024,arxiv:2411.02998,,,,,,,A2,false,false,false,false,A2/expansion-pool.json | A2/expansion-pool.jsonl,A2/expansion-triage.jsonl
1044,arxiv:2412.00129,5,MEDIUM,A7,Scaling Particle Collision Data Analysis,arxiv:2412.00129,"For decades, researchers have developed task-specific models to address scientific challenges across diverse disciplines. Recently, large language models (LLMs) have shown enormous capabilities in handling general tasks; however, these models encounter difficulties in addressing real-world scientific problems, particularly in domains involving large-scale numerical data analysis, such as experimental high energy physics. This limitation is primarily due to BPE tokenization's inefficacy with numerical data. In this paper, we propose a task-agnostic architecture, BBT-Neutron, which employs a binary tokenization method to facilitate pretraining on a mixture of textual and large-scale numerical experimental data. We demonstrate the application of BBT-Neutron to Jet Origin Identification (JoI), a critical categorization challenge in high-energy physics that distinguishes jets originating from various quarks or gluons. Our results indicate that BBT-Neutron achieves comparable performance to state-of-the-art task-specific JoI models. Furthermore, we examine the scaling behavior of BBT-Neutron's performance with increasing data volume, suggesting the potential for BBT-Neutron to serve as a foundational model for particle physics data analysis, with possible extensions to a broad spectrum of scientific computing applications for Big Science experiments, industrial manufacturing and spacial computing. The project code is available at https://github.com/supersymmetry-technologies/bbt-neutron.",medium,A7,1,A7=medium,"A7=For decades, researchers have developed task-specific models to address scientific challenges across diverse disciplines.","A7=It informs how data quantity, composition, or offline experience should affect policy training.",A7=true,expansion_round_1,,,arxiv:2412.00129,,,,,citers,,A7,false,false,false,false,A7/work/expansion-registry.json | A7/work/expansion-registry.jsonl,A7/work/expansion-triage.jsonl
1057,arxiv:2412.12829,5,HIGH,A1,2by2: Weakly-Supervised Learning for Global Action Segmentation,arxiv:2412.12829,"This paper presents a simple yet effective approach for the poorly investigated task of global action segmentation, aiming at grouping frames capturing the same action across videos of different activities. Unlike the case of videos depicting all the same activity, the temporal order of actions is not roughly shared among all videos, making the task even more challenging. We propose to use activity labels to learn, in a weakly-supervised fashion, action representations suitable for global action segmentation. For this purpose, we introduce a triadic learning approach for video pairs, to ensure intra-video action discrimination, as well as inter-video and inter-activity action association. For the backbone architecture, we use a Siamese network based on sparse transformers that takes as input video pairs and determine whether they belong to the same activity. The proposed approach is validated on two challenging benchmark datasets: Breakfast and YouTube Instructions, outperforming state-of-the-art methods.",high,A1,1,A1=high,"A1=The paper develops or evaluates a temporal correspondence, synchronization, delay, or sequence-representation mechanism for 2by2: Weakly-Supervised Learning for Global Action Segmentation.","A1=Its mechanism is a plausible transfer to multimodal robot experience, action-observation alignment, or temporally aware policy training.",A1=true,expansion_round_2,,2024,arxiv:2412.12829,arxiv:2412.12829,3066508447900552558,,human activity recognition temporal action segmentation weak supervision,related-papers-round2 | related-papers-round3,false,A1,false,false,false,false,A1/expansion-round2-registry.json | A1/expansion-round3-registry.json | A1/paper-registry-complete.json | A2/canonical-pool.json | A2/canonical-pool.jsonl | A2/raw/q23-human-activity.json,A1/expansion-round2-triage.jsonl
1070,arxiv:2501.08907,5,MEDIUM,A5,PIQL: Projective Implicit Q-Learning with Support Constraint for Offline Reinforcement Learning,arxiv:2501.08907,"Offline Reinforcement Learning (RL) faces a fundamental challenge of extrapolation errors caused by out-of-distribution (OOD) actions. Implicit Q-Learning (IQL) employs expectile regression to achieve in-sample learning. Nevertheless, IQL relies on a fixed expectile hyperparameter and a density-based policy improvement method, both of which impede its adaptability and performance. In this paper, we propose Projective IQL (PIQL), a projective variant of IQL enhanced with a support constraint. In the policy evaluation stage, PIQL substitutes the fixed expectile hyperparameter with a projection-based parameter and extends the one-step value estimation to a multi-step formulation. In the policy improvement stage, PIQL adopts a support constraint instead of a density constraint, ensuring closer alignment with the policy evaluation. Theoretically, we demonstrate that PIQL maintains the expectile regression and in-sample learning framework, guarantees monotonic policy improvement, and introduces a progressively more rigorous criterion for advantageous actions. Experiments on D4RL and NeoRL2 benchmarks demonstrate robust gains across diverse domains, achieving state-of-the-art performance overall.",medium,A5,1,A5=medium,A5=Implicit Q-Learning (IQL) employs expectile regression to achieve in-sample learning.,A5=This weighting neighbor tests whether the expansion adds a reusable mechanism for controlling robot experience in policy training.,A5=true,expansion_round_2,,,arxiv:2501.08907,arxiv:2501.08907,3923853301097914783,,,,,A5,false,false,false,false,A5/expansion/raw/round2-citers.json,A5/expansion/round2-triage.jsonl
1083,arxiv:2502.02663,5,HIGH,A8,Learning to Double Guess: An Active Perception Approach for Estimating the Center of Mass of Arbitrary Objects,arxiv:2502.02663,"Manipulating arbitrary objects in unstructured environments is a significant challenge in robotics, primarily due to difficulties in determining an object's center of mass. This paper introduces U-GRAPH: Uncertainty-Guided Rotational Active Perception with Haptics, a novel framework to enhance the center of mass estimation using active perception. Traditional methods often rely on single interaction and are limited by the inherent inaccuracies of Force-Torque (F/T) sensors. Our approach circumvents these limitations by integrating a Bayesian Neural Network (BNN) to quantify uncertainty and guide the robotic system through multiple, information-rich interactions via grid search and a neural network that scores each action. We demonstrate the remarkable generalizability and transferability of our method with training on a small dataset with limited variation yet still perform well on unseen complex real-world objects.",high,A8,1,A8=high,A8=A Bayesian neural network estimates uncertainty and scores candidate rotational haptic interactions to choose information-rich measurements.,A8=It is a direct active-perception example where uncertainty determines the next robot action and supports transfer to unseen objects.,A8=true,primary_assignment,,,arxiv:2502.02663,arxiv:2502.02663,3844729635549653255,,A8 | q25-recent,search-papers,recent,A8,false,false,false,false,A8/raw/q25-recent.json | A8/work/assigned-papers.json | A8/work/canonical-pool.jsonl,A8/work/abstract-triage.jsonl | A8/work/assigned-abstracts.jsonl
1096,arxiv:2502.11886,5,MEDIUM,A4,LIMR: Less is More for RL Scaling,arxiv:2502.11886,"In this paper, we ask: what truly determines the effectiveness of RL training data for enhancing language models' reasoning capabilities? While recent advances like o1, Deepseek R1, and Kimi1.5 demonstrate RL's potential, the lack of transparency about training data requirements has hindered systematic progress. Starting directly from base models without distillation, we challenge the assumption that scaling up RL training data inherently improves performance. we demonstrate that a strategically selected subset of just 1,389 samples can outperform the full 8,523-sample dataset. We introduce Learning Impact Measurement (LIM), an automated method to evaluate and prioritize training samples based on their alignment with model learning trajectories, enabling efficient resource utilization and scalable implementation. Our method achieves comparable or even superior performance using only 1,389 samples versus the full 8,523 samples dataset. Notably, while recent data-efficient approaches (e.g., LIMO and s1) show promise with 32B-scale models, we find it significantly underperforms at 7B-scale through supervised fine-tuning (SFT). In contrast, our RL-based LIMR achieves 16.7% higher accuracy on AIME24 and outperforms LIMO and s1 by 13.0% and 22.2% on MATH500. These results fundamentally reshape our understanding of RL scaling in LLMs, demonstrating that precise sample selection, rather than data scale, may be the key to unlocking enhanced reasoning capabilities. For reproducible research and future innovation, we are open-sourcing LIMR, including implementation of LIM, training and evaluation code, curated datasets, and trained models at https://github.com/GAIR-NLP/LIMR.",medium,A4,1,A4=medium,A4=Uses data valuation or attribution to estimate example contribution to model or policy outcomes.,A4=It provides adjacent evidence for data-efficient training intelligence.,A4=true,expansion_round_1,,,arxiv:2502.11886 | paper:3124717869130589788,,,,,related-paper-expansion,,A4,false,false,false,false,A4/expansion/expansion-registry.jsonl,A4/expansion/expansion-triage.jsonl
1109,arxiv:2503.00774,5,HIGH,A7,Shadow: Leveraging Segmentation Masks for Cross-Embodiment Policy Transfer,arxiv:2503.00774,"Data collection in robotics is spread across diverse hardware, and this variation will increase as new hardware is developed. Effective use of this growing body of data requires methods capable of learning from diverse robot embodiments. We consider the setting of training a policy using expert trajectories from a single robot arm (the source), and evaluating on a different robot arm for which no data was collected (the target). We present a data editing scheme termed Shadow, in which the robot during training and evaluation is replaced with a composite segmentation mask of the source and target robots. In this way, the input data distribution at train and test time match closely, enabling robust policy transfer to the new unseen robot while being far more data efficient than approaches that require co-training on large amounts of data from diverse embodiments. We demonstrate that an approach as simple as Shadow is effective both in simulation on varying tasks and robots, and on real robot hardware, where Shadow demonstrates an average of over 2x improvement in success rate compared to the strongest baseline.",high,A7,1,A7=high,A7=Replaces robot appearance with source-target segmentation masks so training and deployment input distributions match across embodiments.,A7=It shows a lightweight data-editing route to repair embodiment shift without large target-robot co-training.,A7=true,primary_assignment,"Marion Lepert, Ria Doshi, Jeannette Bohg",2025,arxiv:2503.00774,arxiv:2503.00774,7564030652971480721,cs.RO,5,search-papers,recent,A7,false,true,true,false,A5/canonical-pool.jsonl | A5/paper-registry.json | A7/raw/q03-heterogeneous.json | A7/raw/q08-transfer.json | A7/raw/q38-shared-policy.json | A7/work/assigned-papers.json | A7/work/assigned-papers.jsonl | A7/work/paper-registry.json | A7/work/paper-registry.jsonl | A7/work/read-manifest.json | A7/work/verified-paper-registry.json | A7/work/verified-paper-registry.jsonl,A7/work/abstract-triage.jsonl | A7/work/assigned-abstracts.jsonl
1122,arxiv:2503.07017,5,HIGH,A5 | A7,How to Train Your Robots? The Impact of Demonstration Modality on Imitation Learning,arxiv:2503.07017,"Imitation learning is a promising approach for learning robot policies with user-provided data. The way demonstrations are provided, i.e., demonstration modality, influences the quality of the data. While existing research shows that kinesthetic teaching (physically guiding the robot) is preferred by users for the intuitiveness and ease of use, the majority of existing manipulation datasets were collected through teleoperation via a VR controller or spacemouse. In this work, we investigate how different demonstration modalities impact downstream learning performance as well as user experience. Specifically, we compare low-cost demonstration modalities including kinesthetic teaching, teleoperation with a VR controller, and teleoperation with a spacemouse controller. We experiment with three table-top manipulation tasks with different motion constraints. We evaluate and compare imitation learning performance using data from different demonstration modalities, and collected subjective feedback on user experience. Our results show that kinesthetic teaching is rated the most intuitive for controlling the robot and provides cleanest data for best downstream learning performance. However, it is not preferred as the way for large-scale data collection due to the physical load. Based on such insight, we propose a simple data collection scheme that relies on a small number of kinesthetic demonstrations mixed with data collected through teleoperation to achieve the best overall learning performance while maintaining low data-collection effort.",high,A5 | A7,2,A5=high | A7=high,A5=We experiment with three table-top manipulation tasks with different motion constraints. | A7=Imitation learning is a promising approach for learning robot policies with user-provided data.,"A5=The expansion tests whether this adaptive mixture mechanism adds a reusable way to control which robot experience influences policy training. | A7=It expands or measures task, environment, object, or observation coverage for more robust behavior.",A5=true | A7=true,expansion_round_1,,2025,arxiv:2503.07017,arxiv:2503.07017,8272105184171087616,,robot demonstration segmentation failure recovery boundary detection,references | search-papers,false,A5 | A7,false,false,false,false,A2/canonical-pool.json | A2/canonical-pool.jsonl | A2/raw/q17-failure-boundaries.json | A4/canonical-registry.jsonl | A4/raw/q01-direct.json | A5/expansion/inspection-manifest.json | A5/expansion/raw/round1-citers.json | A5/expansion/read-manifest.json | A7/work/expansion-registry.json | A7/work/expansion-registry.jsonl,A5/expansion/round1-triage.jsonl | A7/work/expansion-triage.jsonl
1135,arxiv:2503.14973,5,HIGH,A2,Behaviour Discovery and Attribution for Explainable Reinforcement Learning,arxiv:2503.14973,"Building trust in reinforcement learning (RL) agents requires understanding why they make certain decisions, especially in high-stakes applications like robotics, healthcare, and finance. Existing explainability methods often focus on single states or entire trajectories, either providing only local, step-wise insights or attributing decisions to coarse, episodelevel summaries. Both approaches miss the recurring strategies and temporally extended patterns that actually drive agent behavior across multiple decisions. We address this gap by proposing a fully offline, reward-free framework for behavior discovery and segmentation, enabling the attribution of actions to meaningful and interpretable behavior segments that capture recurring patterns appearing across multiple trajectories. Our method identifies coherent behavior clusters from state-action sequences and attributes individual actions to these clusters for fine-grained, behavior-centric explanations. Evaluations on four diverse offline RL environments show that our approach discovers meaningful behaviors and outperforms trajectory-level baselines in fidelity, human preference, and cluster coherence. Our code is publicly available.",high,A2,1,A2=high,"A2=Finds event, phase, or subtask boundaries by modeling temporal changes in observations, dynamics, language, or latent sequence variables.","A2=The mechanism can turn long robot experience into reusable training units, skill memories, or better-conditioned policy targets.",A2=true,expansion_round_1,,2025,arxiv:2503.14973,arxiv:2503.14973,9118022028318900073,,episode parsing behavior segmentation offline reinforcement learning | trajectory truncation subsequence selection successful segments offline reinforcement learning,search-papers,false,A2,false,false,false,false,A2/canonical-pool.json | A2/canonical-pool.jsonl | A2/expansion-pool.json | A2/expansion-pool.jsonl | A2/raw/q07-synonyms.json | A2/raw/q19-success-subsequences.json,A2/expansion-triage.jsonl
1148,arxiv:2503.22634,5,MEDIUM,A1 | A5,Empirical Analysis of Sim-and-Real Cotraining of Diffusion Policies for Planar Pushing from Pixels,arxiv:2503.22634,"Cotraining with demonstration data generated both in simulation and on real hardware has emerged as a promising recipe for scaling imitation learning in robotics. This work seeks to elucidate basic principles of this sim-and-real cotraining to inform simulation design, sim-and-real dataset creation, and policy training. Our experiments confirm that cotraining with simulated data can dramatically improve performance, especially when real data is limited. We show that these performance gains scale with additional simulated data up to a plateau; adding more real-world data increases this performance ceiling. The results also suggest that reducing physical domain gaps may be more impactful than visual fidelity for non-prehensile or contact-rich tasks. Perhaps surprisingly, we find that some visual gap can help cotraining -- binary probes reveal that high-performing policies must learn to distinguish simulated domains from real. We conclude by investigating this nuance and mechanisms that facilitate positive transfer between sim-and-real. Focusing narrowly on the canonical task of planar pushing from pixels allows us to be thorough in our study. In total, our experiments span 50+ real-world policies (evaluated on 1000+ trials) and 250 simulated policies (evaluated on 50,000+ trials). Videos and code can be found at https://sim-and-real-cotraining.github.io/.",medium,A1 | A5,2,A1=low | A5=medium,A1=The abstract does not expose a clear temporal mechanism connected to the lane. | A5=Cotraining with demonstration data generated both in simulation and on real hardware has emerged as a promising recipe for scaling imitation learning in robotics.,"A1=Its mechanism is a plausible transfer to multimodal robot experience, action-observation alignment, or temporally aware policy training. | A5=The expansion tests whether this adaptive mixture mechanism adds a reusable way to control which robot experience influences policy training.",A1=false | A5=true,expansion_round_1 | expansion_round_2,,,arxiv:2503.22634,arxiv:2503.22634,3794225775088989514,,,related-papers-round2,,A1,false,false,false,true,A1/expansion-round2-registry.json | A1/paper-registry-complete.json | A5/expansion/inspection-manifest.json | A5/expansion/raw/round1-citers.json | A5/expansion/read-manifest.json,A1/expansion-round2-triage.jsonl | A5/expansion/round1-triage.jsonl
1161,arxiv:2504.14588,5,HIGH,A6,Phoenix: A Motion-based Self-Reflection Framework for Fine-grained Robotic Action Correction,arxiv:2504.14588,"Building a generalizable self-correction system is crucial for robots to recover from failures. Despite advancements in Multimodal Large Language Models (MLLMs) that empower robots with semantic reflection ability for failure, translating semantic reflection into how to correct fine-grained robotic actions remains a significant challenge. To address this gap, we build the Phoenix framework, which leverages motion instruction as a bridge to connect high-level semantic reflection with low-level robotic action correction. In this motion-based self-reflection framework, we start with a dual-process motion adjustment mechanism with MLLMs to translate the semantic reflection into coarse-grained motion instruction adjustment. To leverage this motion instruction for guiding how to correct fine-grained robotic actions, a multi-task motion-conditioned diffusion policy is proposed to integrate visual observations for high-frequency robotic action correction. By combining these two models, we could shift the demand for generalization capability from the low-level manipulation policy to the MLLMs-driven motion adjustment model and facilitate precise, fine-grained robotic action correction. Utilizing this framework, we further develop a lifelong learning method to automatically improve the model's capability from interactions with dynamic environments. The experiments conducted in both the RoboMimic simulation and real-world scenarios prove the superior generalization and robustness of our framework across a variety of manipulation tasks. Our code is released at https://github.com/GeWu-Lab/Motion-based-Self-Reflection-Frameworkhttps://github.com/GeWu-Lab/Motion-based-Self-Reflection-Framework.",high,A6,1,A6=high,"A6=Uses a recovery, correction, failure-analysis, or imperfect-demonstration mechanism to improve robot execution from non-ideal experience.",A6=Adds an independently discovered A6 mechanism or an important variant for experience/data/training design.,A6=true,expansion_round_1,"Wenke Xia, Ruoxuan Feng, Dong Wang, Di Hu",2025,arxiv:2504.14588,arxiv:2504.14588,6417596044333380854,cs.AI | cs.CV | cs.RO,,related-papers,,A6,false,true,false,false,A6/expansion/canonical-pool.jsonl | A6/expansion/selected-registry.jsonl,A6/expansion-triage.jsonl | A6/expansion/triage.jsonl
1174,arxiv:2505.03296,5,HIGH,A5,The Unreasonable Effectiveness of Discrete-Time Gaussian Process Mixtures for Robot Policy Learning,arxiv:2505.03296,"We present Mixture of Discrete-time Gaussian Processes (MiDiGap), a novel approach for flexible policy representation and imitation learning in robot manipulation. MiDiGap enables learning from as few as five demonstrations using only camera observations and generalizes across a wide range of challenging tasks. It excels at long-horizon behaviors such as making coffee, highly constrained motions such as opening doors, dynamic actions such as scooping with a spatula, and multimodal tasks such as hanging a mug. MiDiGap learns these tasks on a CPU in less than a minute and scales linearly to large datasets. We also develop a rich suite of tools for inference-time steering using evidence such as collision signals and robot kinematic constraints. This steering enables novel generalization capabilities, including obstacle avoidance and cross-embodiment policy transfer. MiDiGap achieves state-of-the-art performance on diverse few-shot manipulation benchmarks. On constrained RLBench tasks, it improves policy success by 76 percentage points and reduces trajectory cost by 67%. On multimodal tasks, it improves policy success by 48 percentage points and increases sample efficiency by a factor of 20. In cross-embodiment transfer, it more than doubles policy success. We make the code publicly available at https://midigap.cs.uni-freiburg.de.",high,A5,1,A5=high,"A5=We present Mixture of Discrete-time Gaussian Processes (MiDiGap), a novel approach for flexible policy representation and imitation learning in robot manipulation.","A5=It informs adaptive control of task and data-mixture proportions so policy training can respond to coverage, loss, or capability gaps.",A5=true,primary_assignment,"Jan Ole von Hartz, Adrian Röfer, Joschka Boedecker, Abhinav Valada",2026,arxiv:2505.03296 | paper:1843100135047435983,arxiv:2505.03296,paper:1843100135047435983,cs.AI | cs.LG | cs.RO,71,search-papers,recent,A5,false,false,false,false,A5/assigned-papers.json | A5/canonical-pool.jsonl | A5/evidence-ledger.jsonl | A5/inspection-manifest.json | A5/paper-registry.json | A5/read-manifest.json | A7/raw/q25-foundational-multitask.json | A7/raw/q30-recent-generalist.json | A7/work/paper-registry.json | A7/work/paper-registry.jsonl | A7/work/verified-paper-registry.json | A7/work/verified-paper-registry.jsonl,A5/assigned-abstracts.jsonl
1187,arxiv:2505.09040,5,HIGH,A1,RT-Cache: Training-Free Retrieval for Real-Time Manipulation,arxiv:2505.09040,"Real robots are expected to repeat the same behavior in new environments with very little new data, yet modern controllers either incur heavy per-step inference or require deployment-time fine-tuning. We propose RT-Cache, a training-free retrieval-as-control pipeline that caches diverse image action trajectories in a unified vector memory and, at test time, embeds the current frame to retrieve and replay multi-step snippets, replacing per-step model calls. A hierarchical search keeps lookups sub-second at million scale, shifting cost from compute to storage and enabling real-time control on modest GPUs. Across real-robot tasks and large open logs, RT-Cache achieves higher success and lower completion time than strong retrieval baselines (approximately x2 higher success and 30% faster in our settings), and a single-episode anchoring study shows immediate adaptation to a more complex, contact-rich task without fine-tuning. RT-Cache turns experience into an append-only memory, offering a simple, scalable path to few-shot deployment today and a foundation for multimodal keys and optional integration with high-level policies. Project page: https://rt-cache.github.io/.",high,A1,1,A1=high,"A1=The paper develops or evaluates a temporal correspondence, synchronization, delay, or sequence-representation mechanism for RT-Cache: Training-Free Retrieval for Real-Time Manipulation.","A1=Its mechanism is a plausible transfer to multimodal robot experience, action-observation alignment, or temporally aware policy training.",A1=true,expansion_round_2,,,arxiv:2505.09040,arxiv:2505.09040,7690300414635051696,,A8 | q06-synonyms,related-papers-round2,,A1,false,false,false,false,A1/expansion-round2-registry.json | A1/paper-registry-complete.json | A8/raw/q06-synonyms.json | A8/work/canonical-pool.jsonl,A1/expansion-round2-triage.jsonl
1200,arxiv:2505.14820,5,HIGH,A3 | A6,Imitation Learning via Focused Satisficing,arxiv:2505.14820,"Imitation learning often assumes that demonstrations are close to optimal according to some fixed, but unknown, cost function. However, according to satisficing theory, humans often choose acceptable behavior based on their personal (and potentially dynamic) levels of aspiration, rather than achieving (near-) optimality. For example, a lunar lander demonstration that successfully lands without crashing might be acceptable to a novice despite being slow or jerky. Using a margin-based objective to guide deep reinforcement learning, our focused satisficing approach to imitation learning seeks a policy that surpasses the demonstrator's aspiration levels -- defined over trajectories or portions of trajectories -- on unseen demonstrations without explicitly learning those aspirations. We show experimentally that this focuses the policy to imitate the highest quality (portions of) demonstrations better than existing imitation learning methods, providing much higher rates of guaranteed acceptability to the demonstrator, and competitive true returns on a range of environments.",high,A3 | A6,2,A3=medium | A6=high,"A3=Focused satisficing learns acceptable task behavior from demonstrations that are successful but not necessarily optimal or smooth. | A6=Estimates demonstration quality or latent expertise to filter, weight, or optimize learning from mixed-quality experience.","A3=It prevents quality systems from confusing harmless human variation with failure, though the abstract does not define a curation detector. | A6=Shows how heterogeneous demonstrations can contribute without treating every transition as equally trustworthy.",A3=true | A6=true,expansion_round_1,Rushit N. Shah | Nikolaos Agadakos | Synthia Sasulski | Ali Farajzadeh | Sanjiban Choudhury | Brian Ziebart,2025,arxiv:2505.14820,arxiv:2505.14820,2562121241489670564,cs.AI | cs.LG,27,firecrawl research related-papers | related-papers,general,A3,false,false,false,true,A3/expansion-registry.json | A3/paper-registry.json | A5/canonical-pool.jsonl | A5/paper-registry.json | A6/expansion/canonical-pool.jsonl | A8/raw/q17-adjacent.json | A8/work/canonical-pool.jsonl,A3/expansion-triage.jsonl | A6/expansion/triage.jsonl
1213,arxiv:2505.21182,5,HIGH,A6,Learning What to Do and What Not To Do: Offline Imitation from Expert and Undesirable Demonstrations,arxiv:2505.21182,"Offline imitation learning typically learns from expert and unlabeled demonstrations, yet often overlooks the valuable signal in explicitly undesirable behaviors. In this work, we study offline imitation learning from contrasting behaviors, where the dataset contains both expert and undesirable demonstrations. We propose a novel formulation that optimizes a difference of KL divergences over the state-action visitation distributions of expert and undesirable (or bad) data. Although the resulting objective is a DC (Difference-of-Convex) program, we prove that it becomes convex when expert demonstrations outweigh undesirable demonstrations, enabling a practical and stable non-adversarial training objective. Our method avoids adversarial training and handles both positive and negative demonstrations in a unified framework. Extensive experiments on standard offline imitation learning benchmarks demonstrate that our approach consistently outperforms state-of-the-art baselines.",high,A6,1,A6=high,"A6=Uses failure, recovery, retry, correction, or intervention data to return execution to a viable state or learn corrective behavior.",A6=Shows how imperfect experience can teach robust retry and recovery behavior instead of being discarded.,A6=true,primary_assignment,"Huy Hoang, Tien Mai, Pradeep Varakantham, Tanvi Verma",2025,arxiv:2505.21182,arxiv:2505.21182,5040276007414220243,cs.AI | cs.LG,q08-syn-negative-demo,related-papers,general,A6,true,true,false,false,A3/expansion-evidence-index.json | A3/expansion-registry.json | A3/paper-registry.json | A3/raw/q22-safe-bad-data.txt | A4/canonical-registry.jsonl | A4/raw/q13-harmful-demo.json | A5/canonical-pool.jsonl | A5/paper-registry.json | A6/expansion/canonical-pool.jsonl | A6/raw-retrieval/q08-syn-negative-demo.json | A6/registry-assignment.jsonl | A6/work/assigned-registry-inspected.jsonl | A6/work/assigned-registry-preinspect.jsonl | A6/work/canonical-pool.jsonl | A6/work/evidence-index.jsonl,A6/triage.jsonl
1226,arxiv:2506.04227,5,HIGH,A8,Object-centric 3D Motion Field for Robot Learning from Human Videos,arxiv:2506.04227,"Learning robot control policies from human videos is a promising direction for scaling up robot learning. However, how to extract action knowledge (or action representations) from videos for policy learning remains a key challenge. Existing action representations such as video frames, pixelflow, and pointcloud flow have inherent limitations such as modeling complexity or loss of information. In this paper, we propose to use object-centric 3D motion field to represent actions for robot learning from human videos, and present a novel framework for extracting this representation from videos for zero-shot control. We introduce two novel components in its implementation. First, a novel training pipeline for training a ''denoising'' 3D motion field estimator to extract fine object 3D motions from human videos with noisy depth robustly. Second, a dense object-centric 3D motion field prediction architecture that favors both cross-embodiment transfer and policy generalization to background. We evaluate the system in real world setups. Experiments show that our method reduces 3D motion estimation error by over 50% compared to the latest method, achieve 55% average success rate in diverse tasks where prior approaches fail (≲ 10%), and can even acquire fine-grained manipulation skills like insertion.",high,A8,1,A8=high,A8=Object-centric 3D motion fields extract geometry and motion from human videos to align demonstrations with robot manipulation actions.,A8=It provides a cross-embodiment similarity representation based on object motion rather than human or robot appearance.,A8=true,expansion_round_1,,,arxiv:2506.04227 | paperid:4554221741026694861,,,,,related-papers,,A8,false,false,false,false,A8/work/expansion-novel.jsonl | A8/work/expansion-pool.jsonl,A8/work/expansion-triage.jsonl
1239,arxiv:2506.11293,5,HIGH,A3,Influence Functions for Data Attribution in Linear System Identification and LQR Control,arxiv:2506.11293,"When a controller is designed from an identified model, its performance ultimately depends on the trajectories used for identification, but pinpointing which ones help or hurt remains an open problem. We bring influence functions, a data attribution tool from machine learning, into this setting by chaining two closed form sensitivity analyses across a regularized least squares identification and an infinite horizon LQR pipeline. On the identification side, the quadratic loss admits an exact leave one trajectory out parameter shift and a reusable first order approximation with a Neumann series",high,A3,1,A3=high,A3=Influence functions attribute parameter-identification and control outcomes in linear systems and LQR.,A3=It tests whether data attribution can extend from prediction loss to dynamical control consequences.,A3=true,expansion_round_2,Jiachen Li | Shihao Li | Soovadeep Bakshi | Jiamin Xu | Dongmei Chen,2025,arxiv:2506.11293,,,cs.SY | eess.SY,,firecrawl research related-papers,,A3,false,false,false,false,A3/paper-registry.json | A3/round2-evidence-index.json | A3/round2-registry.json,A3/round2-triage.jsonl
1252,arxiv:2506.15953,5,HIGH,A1,ViTacFormer: Learning Cross-Modal Representation for Visuo-Tactile Dexterous Manipulation,arxiv:2506.15953,"Dexterous manipulation is a cornerstone capability for robotic systems aiming to interact with the physical world in a human-like manner. Although vision-based methods have advanced rapidly, tactile sensing remains crucial for fine-grained control, particularly in unstructured or visually occluded settings. We present ViTacFormer, a representation-learning approach that couples a cross-attention encoder to fuse high-resolution vision and touch with an autoregressive tactile prediction head that anticipates future contact signals. Building on this architecture, we devise an easy-to-challenging curriculum that steadily refines the visual-tactile latent space, boosting both accuracy and robustness. The learned cross-modal representation drives imitation learning for multi-fingered hands, enabling precise and adaptive manipulation. Across a suite of challenging real-world benchmarks, our method achieves approximately 50% higher success rates than prior state-of-the-art systems. To our knowledge, it is also the first to autonomously complete long-horizon dexterous manipulation tasks that demand highly precise control with an anthropomorphic hand, successfully executing up to 11 sequential stages and sustaining continuous operation for 2.5 minutes.",high,A1,1,A1=high,"A1=The paper develops or evaluates a temporal correspondence, synchronization, delay, or sequence-representation mechanism for ViTacFormer: Learning Cross-Modal Representation for Visuo-Tactile Dexterous Manipulation.","A1=Its mechanism is a plausible transfer to multimodal robot experience, action-observation alignment, or temporally aware policy training.",A1=true,expansion_round_2,,,arxiv:2506.15953,arxiv:2506.15953,4598003197670268429,,,related-papers-round2 | related-papers-round3,,A1,false,false,false,false,A1/expansion-round2-registry.json | A1/expansion-round3-registry.json | A1/paper-registry-complete.json,A1/expansion-round2-triage.jsonl
1265,arxiv:2507.03930,5,HIGH,A3 | A5,RwoR: Generating Robot Demonstrations from Human Hand Collection for Policy Learning without Robot,arxiv:2507.03930,"Recent advancements in imitation learning have shown promising results in robotic manipulation, driven by the availability of high-quality training data. To improve data collection efficiency, some approaches focus on developing specialized teleoperation devices for robot control, while others directly use human hand demonstrations to obtain training data. However, the former requires both a robotic system and a skilled operator, limiting scalability, while the latter faces challenges in aligning the visual gap between human hand demonstrations and the deployed robot observations. To address this, we propose a human hand data collection system combined with our hand-to-gripper generative model, which translates human hand demonstrations into robot gripper demonstrations, effectively bridging the observation gap. Specifically, a GoPro fisheye camera is mounted on the human wrist to capture human hand demonstrations. We then train a generative model on a self-collected dataset of paired human hand and UMI gripper demonstrations, which have been processed using a tailored data pre-processing strategy to ensure alignment in both timestamps and observations. Therefore, given only human hand demonstrations, we are able to automatically extract the corresponding SE(3) actions and integrate them with high-quality generated robot demonstrations through our generation pipeline for training robotic policy model. In experiments, the robust manipulation performance demonstrates not only the quality of the generated robot demonstrations but also the efficiency and practicality of our data collection method. More demonstrations can be found at: https://rwor.github.io/",high,A3 | A5,2,A3=high | A5=high,"A3=The paper develops or evaluates RwoR: Generating Robot Demonstrations from Human Hand Collection for Policy Learning without Robot, offering a mechanism related to robot data quality, correction, attribution, or policy improvement. | A5=Recent advancements in imitation learning have shown promising results in robotic manipulation, driven by the availability of high-quality training data.",A3=The mechanism is plausibly transferable to the Program A experience-to-policy loop and warrants follow-up. | A5=This adjacent transfer neighbor tests whether the expansion adds a reusable mechanism for controlling robot experience in policy training.,A3=true | A5=true,expansion_round_2,,2025,arxiv:2507.03930,arxiv:2507.03930,967986658667265628,,A8 | q05-synonyms,firecrawl research related-papers,,A3,false,false,false,false,A3/paper-registry.json | A3/round2-registry.json | A5/expansion/raw/round2-similar.json | A8/raw/q05-synonyms.json | A8/work/canonical-pool.jsonl | A8/work/expansion-pool.jsonl,A3/round2-triage.jsonl | A5/expansion/round2-triage.jsonl
1278,arxiv:2507.09404,5,MEDIUM,A7,Scaling Laws for Optimal Data Mixtures,arxiv:2507.09404,"Large foundation models are typically trained on data from multiple domains, with the data mixture--the proportion of each domain used--playing a critical role in model performance. The standard approach to selecting this mixture relies on trial and error, which becomes impractical for large-scale pretraining. We propose a systematic method to determine the optimal data mixture for any target domain using scaling laws. Our approach accurately predicts the loss of a model of size N trained with D tokens and a specific domain weight vector h. We validate the universality of these scaling laws by demonstrating their predictive power in three distinct and large-scale settings: large language model (LLM), native multimodal model (NMM), and large vision models (LVM) pretraining. We further show that these scaling laws can extrapolate to new data mixtures and across scales: their parameters can be accurately estimated using a few small-scale training runs, and used to estimate the performance at larger scales and unseen domain weights. The scaling laws allow to derive the optimal domain weights for any target domain under a given training budget (N,D), providing a principled alternative to costly trial-and-error methods.",medium,A7,1,A7=medium,"A7=Fits scaling laws that predict loss as a function of model/data scale and domain-mixture weights, enabling target-conditioned mixture optimization.","A7=Although not robotics-specific, it supplies a principled way to choose data composition under compute and domain constraints.",A7=true,primary_assignment,"Mustafa Shukor, Louis Bethune, Dan Busbridge, David Grangier, Enrico Fini, Alaaeldin El-Nouby, Pierre Ablin",2025,arxiv:2507.09404,arxiv:2507.09404,3179306111713615406,cs.LG,,search-papers,recent,A7,false,true,true,false,A7/raw/q24-pretraining-mixture.json | A7/raw/q29-scaling-foundations.json | A7/raw/q32-recent-scaling.json | A7/work/assigned-papers.json | A7/work/assigned-papers.jsonl | A7/work/paper-registry.json | A7/work/paper-registry.jsonl | A7/work/read-manifest.json | A7/work/verified-paper-registry.json | A7/work/verified-paper-registry.jsonl,A7/work/abstract-triage.jsonl | A7/work/assigned-abstracts.jsonl
1291,arxiv:2507.22380,5,HIGH,A7,Improving Generalization Ability of Robotic Imitation Learning by Resolving Causal Confusion in Observations,arxiv:2507.22380,"Recent developments in imitation learning have considerably advanced robotic manipulation. However, current techniques in imitation learning can suffer from poor generalization, limiting performance even under relatively minor domain shifts. In this work, we aim to enhance the generalization capabilities of complex imitation learning algorithms to handle unpredictable changes from the training environments to deployment environments. To avoid confusion caused by observations that are not relevant to the target task, we propose to explicitly learn the causal relationship between observation components and expert actions, employing a framework similar to [6], where a causal structural function is learned by intervention on the imitation learning policy. Disentangling the feature representation from image input as in [6] is hard to satisfy in complex imitation learning process in robotic manipulation, we theoretically clarify that this requirement is not necessary in causal relationship learning. Therefore, we propose a simple causal structure learning framework that can be easily embedded in recent imitation learning architectures, such as the Action Chunking Transformer [31]. We demonstrate our approach using a simulation of the ALOHA [31] bimanual robot arms in Mujoco, and show that the method can considerably mitigate the generalization problem of existing complex imitation learning algorithms.",high,A7,1,A7=high,A7=Recent developments in imitation learning have considerably advanced robotic manipulation.,A7=It helps diagnose or reduce behavior-distribution mismatch and spurious dependence under deployment shift.,A7=true,expansion_round_1,,,arxiv:2507.22380,,,,,references,,A7,false,false,false,false,A7/work/expansion-registry.json | A7/work/expansion-registry.jsonl,A7/work/expansion-triage.jsonl
1304,arxiv:2508.08706,5,HIGH,A1,OmniVTLA: Vision-Tactile-Language-Action Models with Semantic-Aligned Tactile Sensing,arxiv:2508.08706,"Recent vision-language-action (VLA) models build upon vision-language foundations, and have achieved promising results and exhibit the possibility of task generalization in robot manipulation. However, due to the heterogeneity of tactile sensors and the difficulty of acquiring tactile data, current VLA models significantly overlook the importance of tactile perception and fail in contact-rich tasks. To address this issue, this paper proposes OmniVTLA, a novel architecture involving tactile sensing. Specifically, our contributions are threefold. First, our OmniVTLA features a dual-path tactile encoder framework. This framework enhances tactile perception across diverse vision-based and force-based tactile sensors by using a pretrained vision transformer (ViT) and a semantically-aligned tactile ViT (SA-ViT). Second, we introduce ObjTac, a comprehensive force-based tactile dataset capturing textual, visual, and tactile information for 56 objects across 10 categories. With 135K tri-modal samples, ObjTac supplements existing visuo-tactile datasets. Third, leveraging this dataset, we train a semantically-aligned tactile encoder to learn a unified tactile representation, serving as a better initialization for OmniVTLA. Real-world experiments demonstrate substantial improvements over state-of-the-art VLA baselines, achieving 96.9% success rates with grippers, (21.9% higher over baseline) and 100% success rates with dexterous hands (6.2% higher over baseline) in pick-and-place tasks. Besides, OmniVTLA significantly reduces task completion time and generates smoother trajectories through tactile sensing compared to existing VLA. Our ObjTac dataset can be found at https://readerek.github.io/Objtac.github.io",high,A1,1,A1=high,"A1=The paper develops or evaluates a temporal correspondence, synchronization, delay, or sequence-representation mechanism for OmniVTLA: Vision-Tactile-Language-Action Models with Semantic-Aligned Tactile Sensing.","A1=Its mechanism is a plausible transfer to multimodal robot experience, action-observation alignment, or temporally aware policy training.",A1=true,expansion_round_3,,,arxiv:2508.08706,arxiv:2508.08706,5888420114703595077,,,related-papers-round3,,A1,false,false,false,false,A1/expansion-round3-registry.json | A1/paper-registry-complete.json,A1/expansion-round3-triage.jsonl
1317,arxiv:2508.17643,5,HIGH,A1,SEBVS: Synthetic Event-based Visual Servoing for Robot Navigation and Manipulation,arxiv:2508.17643,"Event cameras offer microsecond latency, high dynamic range, and low power consumption, making them ideal for real-time robotic perception under challenging conditions such as motion blur, occlusion, and illumination changes. However, despite their advantages, synthetic event-based vision remains largely unexplored in mainstream robotics simulators. This lack of simulation setup hinders the evaluation of event-driven approaches for robotic manipulation and navigation tasks. This work presents an open-source, user-friendly v2e robotics operating system (ROS) package for Gazebo simulation that enables seamless event stream generation from RGB camera feeds. The package is used to investigate event-based robotic policies (ERP) for real-time navigation and manipulation. Two representative scenarios are evaluated: (1) object following with a mobile robot and (2) object detection and grasping with a robotic manipulator. Transformer-based ERPs are trained by behavior cloning and compared to RGB-based counterparts under various operating conditions. Experimental results show that event-guided policies consistently deliver competitive advantages. The results highlight the potential of event-driven perception to improve real-time robotic navigation and manipulation, providing a foundation for broader integration of event cameras into robotic policy learning. The GitHub repo for the dataset and code: https://eventbasedvision.github.io/SEBVS/",high,A1,1,A1=high,"A1=The paper develops or evaluates a temporal correspondence, synchronization, delay, or sequence-representation mechanism for SEBVS: Synthetic Event-based Visual Servoing for Robot Navigation and Manipulation.","A1=Its mechanism is a plausible transfer to multimodal robot experience, action-observation alignment, or temporally aware policy training.",A1=true,expansion_round_1,,,arxiv:2508.17643,arxiv:2508.17643,5534031768320023117,,,related-references | related-similar,,A1,false,false,false,false,A1/expansion-inspection-manifest.json | A1/expansion-registry.json | A1/paper-registry-complete.json,A1/expansion-triage.jsonl
1330,arxiv:2509.09671,5,HIGH,A6,Dexplore: Scalable Neural Control for Dexterous Manipulation from Reference-Scoped Exploration,arxiv:2509.09671,"Hand-object motion-capture (MoCap) repositories offer large-scale, contact-rich demonstrations and hold promise for scaling dexterous robotic manipulation. Yet demonstration inaccuracies and embodiment gaps between human and robot hands limit the straightforward use of these data. Existing methods adopt a three-stage workflow, including retargeting, tracking, and residual correction, which often leaves demonstrations underused and compound errors across stages. We introduce Dexplore, a unified single-loop optimization that jointly performs retargeting and tracking to learn robot control policies directly from MoCap at scale. Rather than treating demonstrations as ground truth, we use them as soft guidance. From raw trajectories, we derive adaptive spatial scopes, and train with reinforcement learning to keep the policy in-scope while minimizing control effort and accomplishing the task. This unified formulation preserves demonstration intent, enables robot-specific strategies to emerge, improves robustness to noise, and scales to large demonstration corpora. We distill the scaled tracking policy into a vision-based, skill-conditioned generative controller that encodes diverse manipulation skills in a rich latent representation, supporting generalization across objects and real-world deployment. Taken together, these contributions position Dexplore as a principled bridge that transforms imperfect demonstrations into effective training signals for dexterous manipulation.",high,A6,1,A6=high,"A6=Uses failure, recovery, retry, correction, or intervention data to return execution to a viable state or learn corrective behavior.",A6=Shows how imperfect experience can teach robust retry and recovery behavior instead of being discarded.,A6=true,primary_assignment,"Sirui Xu, Yu-Wei Chao, Liuyu Bian, Arsalan Mousavian, Yu-Xiong Wang, Liang-Yan Gui, Wei Yang",2025,arxiv:2509.09671,arxiv:2509.09671,9069292778363288874,cs.CV | cs.RO,q02-direct-imperfect-demo,search-papers,recent,A6,true,true,false,false,A5/canonical-pool.jsonl | A5/paper-registry.json | A6/raw-retrieval/q02-direct-imperfect-demo.json | A6/registry-assignment.jsonl | A6/work/assigned-registry-inspected.jsonl | A6/work/assigned-registry-preinspect.jsonl | A6/work/canonical-pool.jsonl | A6/work/evidence-index.jsonl,A6/triage.jsonl
1343,arxiv:2509.19012,5,MEDIUM,A7,Pure Vision Language Action (VLA) Models: A Comprehensive Survey,arxiv:2509.19012,"The emergence of Vision Language Action (VLA) models marks a paradigm shift from traditional policy-based control to generalized robotics, reframing Vision Language Models (VLMs) from passive sequence generators into active agents for manipulation and decision-making in complex, dynamic environments. This survey delves into advanced VLA methods, aiming to provide a clear taxonomy and a systematic, comprehensive review of existing research. It presents a comprehensive analysis of VLA applications across different scenarios and classifies VLA approaches into several paradigms: autoregression-based, diffusion-based, reinforcement-based, hybrid, and specialized methods; while examining their motivations, core strategies, and implementations in detail. In addition, foundational datasets, benchmarks, and simulation platforms are introduced. Building on the current VLA landscape, the review further proposes perspectives on key challenges and future directions to advance research in VLA models and generalizable robotics. By synthesizing insights from over three hundred recent studies, this survey maps the contours of this rapidly evolving field and highlights the opportunities and challenges that will shape the development of scalable, general-purpose VLA methods.",medium,A7,1,A7=medium,"A7=The emergence of Vision Language Action (VLA) models marks a paradigm shift from traditional policy-based control to generalized robotics, reframing Vision Language Models (VLMs) from passive sequence generators into active agents for manipulation and decis...",A7=It helps diagnose or reduce behavior-distribution mismatch and spurious dependence under deployment shift.,A7=false,expansion_round_1,,,arxiv:2509.19012,,,,,similar,,A7,false,false,false,false,A7/work/expansion-registry.json | A7/work/expansion-registry.jsonl,A7/work/expansion-triage.jsonl
1356,arxiv:2509.25097,5,HIGH,A5,Curriculum Imitation Learning of Distributed Multi-Robot Policies,arxiv:2509.25097,"Learning control policies for multi-robot systems (MRS) remains a major challenge due to long-term coordination and the difficulty of obtaining realistic training data. In this work, we address both limitations within an imitation learning framework. First, we shift the typical role of Curriculum Learning in MRS, from scalability with the number of robots, to focus on improving long-term coordination. We propose a curriculum strategy that gradually increases the length of expert trajectories during training, stabilizing learning and enhancing the accuracy of long-term behaviors. Second, we introduce a method to approximate the egocentric perception of each robot using only third-person global state demonstrations. Our approach transforms idealized trajectories into locally available observations by filtering neighbors, converting reference frames, and simulating onboard sensor variability. Both contributions are integrated into a physics-informed technique to produce scalable, distributed policies from observations. We conduct experiments across two tasks with varying team sizes and noise levels. Results show that our curriculum improves long-term accuracy, while our perceptual estimation method yields policies that are robust to realistic uncertainty. Together, these strategies enable the learning of robust, distributed controllers from global demonstrations, even in the absence of expert actions or onboard measurements.",high,A5,1,A5=high,A5=Learning control policies for multi-robot systems (MRS) remains a major challenge due to long-term coordination and the difficulty of obtaining realistic training data.,"A5=It informs how a robot learner can order tasks, stages, or examples to improve learning efficiency and stability.",A5=true,primary_assignment,"Jesús Roche, Eduardo Sebastián, Eduardo Montijano",,arxiv:2509.25097 | paper:2053643302056779038,arxiv:2509.25097,paper:2053643302056779038,cs.LG | cs.MA | cs.RO,2 | 25 | 67,search-papers,general | recent,A5,false,false,false,false,A1/paper-registry-complete.json | A1/paper-registry.json | A1/raw/q05-failure.json | A5/assigned-papers.json | A5/canonical-pool.jsonl | A5/evidence-ledger.jsonl | A5/inspection-manifest.json | A5/paper-registry.json | A5/raw/q02-direct-curriculum.json | A5/read-manifest.json,A5/assigned-abstracts.jsonl
1369,arxiv:2510.05684,5,HIGH,A2 | A7,D2E: Scaling Vision-Action Pretraining on Desktop Data for Transfer to Embodied AI,arxiv:2510.05684,"Large language models leverage internet-scale text data, yet embodied AI remains constrained by the prohibitive costs of physical trajectory collection. Desktop environments -- particularly gaming -- offer a compelling alternative: they provide rich sensorimotor interactions at scale while maintaining the structured observation-action coupling essential for embodied learning. We present D2E (Desktop to Embodied AI), a framework that demonstrates desktop interactions can serve as an effective pretraining substrate for robotics embodied AI tasks. Unlike prior work that remained domain-specific (e.g., VPT for Minecraft) or kept data proprietary (e.g., SIMA), D2E establishes a complete pipeline from scalable desktop data collection to verified transfer in embodied domains. Our framework comprises three components: (1) the OWA Toolkit that unifies diverse desktop interactions into a standardized format with 152x compression, (2) the Generalist-IDM that achieves strong zero-shot generalization across unseen games through timestamp-based event prediction, enabling internet-scale pseudo-labeling, and (3) VAPT that transfers desktop-pretrained representations to physical manipulation and navigation. Using 1.3K+ hours of data (259 hours of human demonstrations and 1K+ hours of pseudo-labeled gameplay), our 1B-parameter model achieves 96.6% success on LIBERO manipulation and 83.3% on CANVAS navigation, matching or surpassing models up to 7x larger, such as π₀ (3.3B) and OpenVLA (7B). These results demonstrate that sensorimotor primitives learned from digital interactions transfer effectively to real-world physical tasks, establishing desktop pretraining as a practical paradigm for embodied AI. All resources are publicly available at https://worv-ai.github.io/d2e.",high,A2 | A7,2,A2=high | A7=high,"A2=Builds a compact, retrievable, or task-aware representation of trajectories or subsequences for reuse, selection, or policy learning. | A7=Large language models leverage internet-scale text data, yet embodied AI remains constrained by the prohibitive costs of physical trajectory collection.","A2=A reusable segment or skill representation can support retrieval, recombination, coverage, and transfer across tasks or embodiments. | A7=It provides a route to reuse heterogeneous experience across embodiments or data sources.",A2=true | A7=true,expansion_round_1 | primary_assignment,"Suhwan Choi, Jaeyoon Jung, Haebin Seong, Minchan Kim, Minyeong Kim, Yongjun Cho, Yoonshik Kim, Yubeen Park, Youngjae Yu, Yunsung Lee",2025,arxiv:2510.05684,arxiv:2510.05684,7517288702547910304,cs.AI | cs.CV | cs.RO,2025 2026 embodied learning trajectory compression skill segmentation,citers | search-papers,false,A2,false,false,false,false,A2/assigned-papers.json | A2/assigned-registry-inspected.json | A2/assigned-registry-inspected.jsonl | A2/canonical-pool.json | A2/canonical-pool.jsonl | A2/raw/q44-2025-2026-compression.json | A7/work/expansion-read-manifest.json | A7/work/expansion-registry.json | A7/work/expansion-registry.jsonl,A2/assigned-abstracts.jsonl | A2/triage.jsonl | A7/work/expansion-triage.jsonl
1382,arxiv:2510.14830,5,HIGH,A2,RL-100: Performant Robotic Manipulation with Real-World Reinforcement Learning,arxiv:2510.14830,"Real-world robotic manipulation in homes and factories demands reliability, efficiency, and robustness that approach or surpass those of skilled human operators. We present RL-100, a real-world reinforcement learning framework built on diffusion visuomotor policies. RL-100 unifies imitation and reinforcement learning under a single clipped PPO surrogate objective applied within the denoising process, yielding conservative and stable improvements across offline and online stages. To meet deployment latency requirements, a lightweight consistency distillation method compresses multi-step diffusion into a one-step controller for high-frequency control. The framework is task-, embodiment-, and representation-agnostic, and supports both single-action and action-chunking control. We evaluate RL-100 on eight diverse real-robot tasks, from dynamic pushing and agile bowling to pouring, cloth folding, unscrewing, multi-stage juicing, and long-horizon box folding. RL-100 attains 100 percent success across evaluated trials, for a total of 1000 out of 1000 episodes, including up to 250 out of 250 consecutive trials on one task. It matches or surpasses expert teleoperators in time to completion. Without retraining, a single policy attains approximately 90 percent zero-shot success under environmental and dynamics shifts, adapts in a few-shot regime to significant task variations (86.7 percent), and remains robust to aggressive human perturbations (about 96 percent). Notably, our juicing robot served random customers continuously for about seven hours without failure when deployed zero-shot in a shopping mall. These results suggest a practical path to deployment-ready robot learning by starting from human priors, aligning training objectives with human-grounded metrics, and reliably extending performance beyond human demonstrations.",high,A2,1,A2=high,A2=Predicts or executes temporally extended action sequences or keypose-conditioned chunks to trade feedback frequency against longer-horizon control.,"A2=Boundary and horizon choices determine the training unit, feedback latency, credit assignment, and compounding-error exposure in long-horizon robot learning.",A2=true,primary_assignment,"Kun Lei, Huanyu Li, Dongjie Yu, Zhenyu Wei, Lingxiao Guo, Zhennan Jiang, Ziyu Wang, Shiyu Liang, Huazhe Xu",2025,arxiv:2510.14830,arxiv:2510.14830,5029735813845982863,cs.AI | cs.LG | cs.RO,2024 2025 diffusion policy action chunking trajectory representation,search-papers,false,A2,false,false,false,false,A2/assigned-papers.json | A2/assigned-registry-inspected.json | A2/assigned-registry-inspected.jsonl | A2/canonical-pool.json | A2/canonical-pool.jsonl | A2/raw/q41-2024-2025-diffusion.json,A2/assigned-abstracts.jsonl | A2/triage.jsonl
1395,arxiv:2510.21571,5,HIGH,A7,Scalable Vision-Language-Action Model Pretraining for Robotic Manipulation with Real-Life Human Activity Videos,arxiv:2510.21571,"This paper presents a novel approach for pretraining robotic manipulation Vision-Language-Action (VLA) models using a large corpus of unscripted real-life video recordings of human hand activities. Treating human hand as dexterous robot end-effector, we show that ""in-the-wild"" egocentric human videos without any annotations can be transformed into data formats fully aligned with existing robotic V-L-A training data in terms of task granularity and labels. This is achieved by the development of a fully-automated holistic human activity analysis approach for arbitrary human hand videos. This approach can generate atomic-level hand activity segments and their language descriptions, each accompanied with framewise 3D hand motion and camera motion. We process a large volume of egocentric videos and create a hand-VLA training dataset containing 1M episodes and 26M frames. This training data covers a wide range of objects and concepts, dexterous manipulation tasks, and environment variations in real life, vastly exceeding the coverage of existing robot data. We design a dexterous hand VLA model architecture and pretrain the model on this dataset. The model exhibits strong zero-shot capabilities on completely unseen real-world observations. Additionally, fine-tuning it on a small amount of real robot action data significantly improves task success rates and generalization to novel objects in real robotic experiments. We also demonstrate the appealing scaling behavior of the model's task performance with respect to pretraining data scale. We believe this work lays a solid foundation for scalable VLA pretraining, advancing robots toward truly generalizable embodied intelligence.",high,A7,1,A7=high,A7=This paper presents a novel approach for pretraining robotic manipulation Vision-Language-Action (VLA) models using a large corpus of unscripted real-life video recordings of human hand activities.,A7=It provides a route to reuse heterogeneous experience across embodiments or data sources.,A7=true,expansion_round_1,,,arxiv:2510.21571,arxiv:2510.21571,3464492412019741723,,q30-vla-data,citers,,A7,false,false,false,false,A4/canonical-registry.jsonl | A4/raw/q30-vla-data.json | A7/work/expansion-registry.json | A7/work/expansion-registry.jsonl,A7/work/expansion-triage.jsonl
1408,arxiv:2510.26742,5,HIGH,A1,Running VLAs at Real-time Speed,arxiv:2510.26742,"In this paper, we show how to run pi0-level multi-view VLA at 30Hz frame rate and at most 480Hz trajectory frequency using a single consumer GPU. This enables dynamic and real-time tasks that were previously believed to be unattainable by large VLA models. To achieve it, we introduce a bag of strategies to eliminate the overheads in model inference. The real-world experiment shows that the pi0 policy with our strategy achieves a 100% success rate in grasping a falling pen task. Based on the results, we further propose a full streaming inference framework for real-time robot control of VLA. Code is available at https://github.com/Dexmal/realtime-vla.",high,A1,1,A1=high,"A1=The paper develops or evaluates a temporal correspondence, synchronization, delay, or sequence-representation mechanism for Running VLAs at Real-time Speed.","A1=Its mechanism is a plausible transfer to multimodal robot experience, action-observation alignment, or temporally aware policy training.",A1=true,expansion_round_2,,,arxiv:2510.26742,arxiv:2510.26742,8403475809492059132,,,related-papers-round2,,A1,false,false,false,false,A1/expansion-round2-registry.json | A1/paper-registry-complete.json,A1/expansion-round2-triage.jsonl
1421,arxiv:2511.09173,5,MEDIUM,A1,Target-Aligned Fusion for Decision-Sequence Learning under Dynamics Shift,arxiv:2511.09173,"External trajectories can improve offline decision-sequence learning, but dynamics shift may make some source subsequences inconsistent with the target environment. We study how to fuse such trajectories with limited target data for Decision Transformer learning under dynamics shift. We propose Target-Aligned Fusion (TAF), a principled framework that derives source-data fusion from a target-domain Bellman-risk criterion. Our analysis bounds this risk by two measurable data-alignment quantities: Δm, the state-structure mismatch of retained fragments, and Δw, the weighted transport cost from source to target transitions. This decomposition yields a gate--then--weight rule: source fragments are first filtered by target-side state-structure alignment, and retained transitions are then reweighted by local target feasibility. We instantiate this principle as TAF-DT, which uses maximum mean discrepancy (MMD) for fragment selection, optimal transport for feasibility-aware weighting, and the resulting fused law for advantage-token relabeling and Q-regularized Transformer training. Across gravity, kinematic, and morphology shifts on D4RL-style control tasks, TAF-DT achieves the strongest aggregate performance against strong offline RL and sequence-model baselines and produces more stable stitch-junction sequence semantics. Overall, these results indicate that aligning external trajectories to target-domain structure and feasibility is a practical way to exploit source data under dynamics shift.",medium,A1,1,A1=medium,"A1=The paper develops or evaluates a temporal correspondence, synchronization, delay, or sequence-representation mechanism for Target-Aligned Fusion for Decision-Sequence Learning under Dynamics Shift.","A1=Its adjacent-domain method may provide a transferable alignment idea, but the robot transfer path requires verification.",A1=true,expansion_round_2,,,arxiv:2511.09173,arxiv:2511.09173,5754310686930505204,,48 | 56,related-papers-round2,foundational | general,A1,false,false,false,false,A1/expansion-round2-registry.json | A1/paper-registry-complete.json | A5/canonical-pool.jsonl | A5/paper-registry.json,A1/expansion-round2-triage.jsonl
1434,arxiv:2511.22364,5,HIGH,A6,BINDER: Instantly Adaptive Mobile Manipulation with Open-Vocabulary Commands,arxiv:2511.22364,"Open-vocabulary mobile manipulation (OVMM) requires robots to follow language instructions, navigate, and manipulate while updating their world representation under dynamic environmental changes. However, most prior approaches update their world representation only at discrete update points such as navigation targets, waypoints, or the end of an action step, leaving robots blind between updates and causing cascading failures: overlooked objects, late error detection, and delayed replanning. To address this limitation, we propose BINDER (Bridging INstant and DEliberative Reasoning), a dual process framework that decouples strategic planning from continuous environment monitoring. Specifically, BINDER integrates a Deliberative Response Module (DRM, a multimodal LLM for task planning) with an Instant Response Module (IRM, a VideoLLM for continuous monitoring). The two modules play complementary roles: the DRM performs strategic planning with structured 3D scene updates and guides what the IRM attends to, while the IRM analyzes video streams to update memory, correct ongoing actions, and trigger replanning when necessary. Through this bidirectional coordination, the modules address the trade off between maintaining awareness and avoiding costly updates, enabling robust adaptation under dynamic conditions. Evaluated in three real world environments with dynamic object placement, BINDER achieves substantially higher success and efficiency than SoTA baselines, demonstrating its effectiveness for real world deployment.",high,A6,1,A6=high,"A6=Learns or supplies recovery, correction, retry, repair, or replanning behavior from failed or perturbed executions.",A6=Makes failure states informative for robust execution and for deciding what corrective data to collect next.,A6=true,expansion_round_1,,,arxiv:2511.22364,arxiv:2511.22364,9193689769973441491,,,related-papers,,A6,false,false,false,false,A6/expansion/canonical-pool.jsonl,A6/expansion/triage.jsonl
1447,arxiv:2512.07697,5,HIGH,A1,Delay-Aware Diffusion Policy: Bridging the Observation-Execution Gap in Dynamic Tasks,arxiv:2512.07697,"As a robot senses and selects actions, the world keeps changing. This inference delay creates a gap of tens to hundreds of milliseconds between the observed state and the state at execution. In this work, we take the natural generalization from zero delay to measured delay during training and inference. We introduce Delay-Aware Diffusion Policy (DA-DP), a framework for explicitly incorporating inference delays into policy learning. DA-DP corrects zero-delay trajectories to their delay-compensated counterparts, and augments the policy with delay conditioning. We empirically validate DA-DP on a variety of tasks, robots, and delays and find its success rate more robust to delay than delay-unaware methods. DA-DP is architecture agnostic and transfers beyond diffusion policies, offering a general pattern for delay-aware imitation learning. More broadly, DA-DP encourages evaluation protocols that report performance as a function of measured latency, not just task difficulty.",high,A1,1,A1=high,"A1=DA-DP measures inference delay, constructs delay-compensated training targets, and conditions the policy on delay during execution.",A1=It directly links measured latency to both data transformation and policy behavior under the observation-execution gap.,A1=true,primary_assignment,,,arxiv:2512.07697,arxiv:2512.07697,1800283210962300312,,q05-failure | q06-delay,search-papers,,A1,false,false,false,false,A1/assigned-papers.json | A1/evidence-read-manifest.json | A1/expansion-round2-registry.json | A1/inspection-manifest.json | A1/paper-registry-complete.json | A1/paper-registry.json | A1/raw/q05-failure.json | A1/raw/q06-delay.json,A1/assigned-abstracts.jsonl | A1/triage.jsonl
1460,arxiv:2512.17899,5,MEDIUM,A7,Distributionally Robust Imitation Learning: Layered Control Architecture for Certifiable Autonomy,arxiv:2512.17899,"Imitation learning (IL) enables autonomous behavior by learning from expert demonstrations. While more sample-efficient than comparative alternatives like reinforcement learning, IL is sensitive to compounding errors induced by distribution shifts. There are two significant sources of distribution shifts when using IL-based feedback laws on systems: distribution shifts caused by policy error and distribution shifts due to exogenous disturbances and endogenous model errors due to lack of learning. Our previously developed approaches, Taylor Series Imitation Learning (TaSIL) and L₁ -Distributionally Robust Adaptive Control (), address the challenge of distribution shifts in complementary ways. While TaSIL offers robustness against policy error-induced distribution shifts, offers robustness against distribution shifts due to aleatoric and epistemic uncertainties. To enable certifiable IL for learned and/or uncertain dynamical systems, we formulate Distributionally Robust Imitation Policy (DRIP) architecture, a Layered Control Architecture (LCA) that integrates TaSIL and . By judiciously designing individual layer-centric input and output requirements, we show how we can guarantee certificates for the entire control pipeline. Our solution paves the path for designing fully certifiable autonomy pipelines, by integrating learning-based components, such as perception, with certifiable model-based decision-making through the proposed LCA approach.",medium,A7,1,A7=medium,A7=Combines policy-error robustness with distributionally robust adaptive control in a layered architecture that certifies behavior under uncertainty.,A7=It is an adjacent route for handling mismatch between the training behavior distribution and deployment disturbances.,A7=true,primary_assignment,"Aditya Gahlawat, Ahmed Aboudonia, Sandeep Banik, Naira Hovakimyan, Nikolai Matni, Aaron D. Ames, Gioele Zardini, Alberto Speranzon",2025,arxiv:2512.17899,arxiv:2512.17899,7027584146272465659,cs.LG | cs.SY | eess.SY,q11-shift,search-papers,recent,A7,false,true,true,false,A3/paper-registry.json | A3/raw/q11-shift.txt | A7/raw/q06-shift.json | A7/work/assigned-papers.json | A7/work/assigned-papers.jsonl | A7/work/paper-registry.json | A7/work/paper-registry.jsonl | A7/work/read-manifest.json | A7/work/verified-paper-registry.json | A7/work/verified-paper-registry.jsonl,A7/work/abstract-triage.jsonl | A7/work/assigned-abstracts.jsonl
1473,arxiv:2512.24653,5,HIGH,A7,"RoboMIND 2.0: A Multimodal, Bimanual Mobile Manipulation Dataset for Generalizable Embodied Intelligence",arxiv:2512.24653,"While data-driven imitation learning has revolutionized robotic manipulation, current approaches remain constrained by the scarcity of large-scale, diverse real-world demonstrations. Consequently, the ability of existing models to generalize across long-horizon bimanual tasks and mobile manipulation in unstructured environments remains limited. To bridge this gap, we present RoboMIND 2.0, a comprehensive real-world dataset comprising over 310K dual-arm manipulation trajectories collected across six distinct robot embodiments and 739 complex tasks. Crucially, to support research in contact-rich and spatially extended tasks, the dataset incorporates 12K tactile-enhanced episodes and 20K mobile manipulation trajectories. Complementing this physical data, we construct high-fidelity digital twins of our real-world environments, releasing an additional 20K-trajectory simulated dataset to facilitate robust sim-to-real transfer. To fully exploit the potential of RoboMIND 2.0, we propose MIND-2 system, a hierarchical dual-system frame-work optimized via offline reinforcement learning. MIND-2 integrates a high-level semantic planner (MIND-2-VLM) to decompose abstract natural language instructions into grounded subgoals, coupled with a low-level Vision-Language-Action executor (MIND-2-VLA), which generates precise, proprioception-aware motor actions.",high,A7,1,A7=high,"A7=Combines large multi-embodiment task coverage, tactile/mobile modalities, and digital twins with hierarchical semantic-to-motor training.","A7=It expands both physical and simulated coverage across task, sensor, embodiment, and mobility axes.",A7=true,primary_assignment,"Chengkai Hou, Kun Wu, Jiaming Liu, Zhengping Che, Di Wu, Fei Liao, Guangrun Li, Jingyang He, Qiuxuan Feng, Zhao Jin, Chenyang Gu, Zhuoyang Liu, Nuowei Han, Xiangju Mi, Yaoxu Lv, Yankai Fu, Gaole Dai, Langzhe Gu, Tao Li, Yuheng Zhang, Yixue Zhang, Xinhua Wang, Shichao Fan, Meng Li, Zhen Zhao, Ning Liu, Zhiyuan Xu, Pei Ren, Junjie Ji, Haonan Liu, Kuan Cheng, Shanghang Zhang, Jian Tang",2025,arxiv:2512.24653,arxiv:2512.24653,2925944073748712909,cs.RO,q16-recent-datasets,search-papers,foundational | recent,A7,false,true,true,false,A1/paper-registry-complete.json | A1/paper-registry.json | A1/raw/q16-recent-datasets.json | A7/raw/q01-direct-terms.json | A7/raw/q02-synonyms.json | A7/raw/q07-multitask.json | A7/raw/q25-foundational-multitask.json | A7/work/assigned-papers.json | A7/work/assigned-papers.jsonl | A7/work/paper-registry.json | A7/work/paper-registry.jsonl | A7/work/read-manifest.json | A7/work/verified-paper-registry.json | A7/work/verified-paper-registry.jsonl,A7/work/abstract-triage.jsonl | A7/work/assigned-abstracts.jsonl
1486,arxiv:2601.03715,5,MEDIUM,A6,"RÂ³L: Reflect-then-Retry Reinforcement Learning with Language-Guided Exploration, Pivotal Credit, and Positive Amplification",arxiv:2601.03715,"Reinforcement learning drives recent advances in LLM reasoning and agentic capabilities, yet current approaches struggle with both exploration and exploitation. Exploration suffers from low success rates on difficult tasks and high costs of repeated rollouts from scratch. Exploitation suffers from coarse credit assignment and training instability: Trajectory-level rewards penalize valid prefixes for later errors, and failure-dominated groups overwhelm the few positive signals, leaving optimization without constructive direction. To this end, we propose RÂ³L, Reflect-then-Retry Reinforcement Learning with Language-Guided Exploration, Pivotal Credit, and Positive Amplification. To synthesize high-quality trajectories, RÂ³L shifts from stochastic sampling to active synthesis via reflect-then-retry, leveraging language feedback to diagnose errors, transform failed attempts into successful ones, and reduce rollout costs by restarting from identified failure points. With errors diagnosed and localized, Pivotal Credit Assignment updates only the diverging suffix where contrastive signals exist, excluding the shared prefix from gradient update. Since failures dominate on difficult tasks and reflect-then-retry produces off-policy data, risking training instability, Positive Amplification upweights successful trajectories to ensure positive signals guide the optimization process. Experiments on agentic and reasoning tasks demonstrate 5% to 52% relative improvements over baselines while maintaining training stability. Our code is released at https://github.com/shiweijiezero/R3L.",medium,A6,1,A6=medium,"A6=Learns or supplies recovery, correction, retry, repair, or replanning behavior from failed or perturbed executions.",A6=Makes failure states informative for robust execution and for deciding what corrective data to collect next.,A6=true,expansion_round_1,,,arxiv:2601.03715,arxiv:2601.03715,5946644984979628264,,q07-syn-subsequences,related-papers,,A6,false,false,false,false,A6/expansion/canonical-pool.jsonl | A6/raw-retrieval/q07-syn-subsequences.json | A6/work/canonical-pool.jsonl,A6/expansion/triage.jsonl
1499,arxiv:2601.09444,5,MEDIUM,A4,Data Scaling for Navigation in Unknown Environments,arxiv:2601.09444,"Generalization of imitation-learned navigation policies to environments unseen in training remains a major challenge. We address this by conducting the first large-scale study of how data quantity and data diversity affect real-world generalization in end-to-end, map-free visual navigation. Using a curated 4,565-hour crowd-sourced dataset collected across 161 locations in 35 countries, we train policies for point goal navigation and evaluate their closed-loop control performance on sidewalk robots operating in four countries, covering 125 km of autonomous driving. Our results show that large-scale training data enables zero-shot navigation in unknown environments, approaching the performance of policies trained with environment-specific demonstrations. Critically, we find that data diversity is far more important than data quantity. Doubling the number of geographical locations in a training set decreases navigation errors by 15%, while performance benefit from adding data from existing locations saturates with very little data. We also observe that, with noisy crowd-sourced data, simple regression-based models outperform generative and sequence-based architectures. We release our policies, evaluation setup and example videos at https://lasuomela.github.io/navigationscaling/.",medium,A4,1,A4=medium,A4=Uses a valuation or attribution signal to estimate the contribution of training examples to model or policy outcomes.,A4=It is directly or plausibly transferable to selecting robot experience for policy learning.,A4=true,expansion_round_1,,,arxiv:2601.09444 | paper:728661508574736321,,,,,,,A4,false,false,false,false,A4/expansion/round3/registry.jsonl,A4/expansion/all-new-expansion-triage.jsonl
1512,arxiv:2601.13042,5,MEDIUM,A5,Static Is Not Enough: A Comparative Study of VR and SpaceMouse in Static and Dynamic Teleoperation Tasks,arxiv:2601.13042,"Imitation learning relies on high-quality demonstrations, and teleoperation is a primary way to collect them, making teleoperation interface choice crucial for the data. Prior work mainly focused on static tasks, i.e., discrete, segmented motions, yet demonstrations also include dynamic tasks requiring reactive control. As dynamic tasks impose fundamentally different interface demands, insights from static-task evaluations cannot generalize. To address this gap, we conduct a within-subjects study comparing a VR controller and a SpaceMouse across two static and two dynamic tasks (N=25). We assess success rate, task duration, cumulative success, alongside NASA-TLX, SUS, and open-ended feedback. Results show statistically significant advantages for VR: higher success rates, particularly on dynamic tasks, shorter successful execution times across tasks, and earlier successes across attempts, with significantly lower workload and higher usability. As existing VR teleoperation systems are rarely open-source or suited for dynamic tasks, we release our VR interface to fill this gap.",medium,A5,1,A5=medium,"A5=Prior work mainly focused on static tasks, i.e., discrete, segmented motions, yet demonstrations also include dynamic tasks requiring reactive control.",A5=This weighting neighbor tests whether the expansion adds a reusable mechanism for controlling robot experience in policy training.,A5=true,expansion_round_2,,,arxiv:2601.13042,arxiv:2601.13042,1124611220805808414,,,,,A5,false,false,false,false,A5/expansion/raw/round2-citers.json,A5/expansion/round2-triage.jsonl
1525,arxiv:2601.17923,5,HIGH,A2,Learning Transferable Skills in Action RPGs via Directed Skill Graphs and Selective Adaptation,arxiv:2601.17923,"Lifelong agents should expand their competence over time without retraining from scratch or overwriting previously learned behaviors. We investigate this in a challenging real-time control setting (Dark Souls III) by representing combat as a directed skill graph and training its components in a hierarchical curriculum. The resulting agent decomposes control into five reusable skills: camera control, target lock-on, movement, dodging, and a heal-attack decision policy, each optimized for a narrow responsibility. This factorization improves sample efficiency by reducing the burden on any single policy and supports selective post-training: when the environment shifts from Phase 1 to Phase 2, only a subset of skills must be adapted, while upstream skills remain transferable. Empirically, we find that targeted fine-tuning of just two skills rapidly recovers performance under a limited interaction budget, suggesting that skill-graph curricula together with selective fine-tuning offer a practical pathway toward evolving, continually learning agents in complex real-time environments.",high,A2,1,A2=high,"A2=Finds event, phase, or subtask boundaries by modeling temporal changes in observations, dynamics, language, or latent sequence variables.",A2=The mechanism connects temporal structure to data selection or learning efficiency in the Program A loop.,A2=true,expansion_round_1,,2026,arxiv:2601.17923,,,,,,,A2,false,false,false,false,A2/expansion-pool.json | A2/expansion-pool.jsonl,A2/expansion-triage.jsonl
1538,arxiv:2601.21698,5,MEDIUM,A4,Curriculum Learning for LLM Pretraining: An Analysis of Learning Dynamics,arxiv:2601.21698,"Curriculum learning changes the order of pretraining data, but it remains unclear how ordering changes the learning dynamics. We pretrain models from 14M to 1B parameters for 300B tokens under three linguistically motivated curricula--Age-of-Acquisition, word frequency, and Verb Variation (VV)--and compare each against Random ordering. We analyze latent training phases, gradient noise scale (GNS), and the singular-value structure of the output head. We find that training follows a shared sequence of latent phases, while curricula mainly change time spent in each phase. Random ordering yields higher GNS at 14M-70M and late singular-entropy spikes up to 160M, consistent with noisier gradients and output-head saturation. A reverse-order VV control shows that direction matters: descending order loses much of the accuracy advantage of the ascending curriculum. At larger scales, these stability differences are smaller. These results indicate that the curricula studied here are associated with more stable within-phase training in smaller models rather than with the creation of new phases.",medium,A4,1,A4=medium,A4=Connects trajectory or dataset composition to downstream policy or model behavior.,A4=It provides adjacent evidence for data-efficient training intelligence.,A4=false,expansion_round_1,,,arxiv:2601.21698 | paper:7360457661731352124,,paper:7360457661731352124,,42,related-paper-expansion,foundational,A4,false,false,false,false,A4/expansion/expansion-registry.jsonl | A4/expansion/round2/registry.jsonl | A4/expansion/round5/registry.jsonl | A5/canonical-pool.jsonl | A5/paper-registry.json,A4/expansion/expansion-triage.jsonl
1551,arxiv:2602.00686,5,MEDIUM,A1 | A4,Learning to Accelerate Vision-Language-Action Models through Adaptive Visual Token Caching,arxiv:2602.00686,"Vision-Language-Action (VLA) models have demonstrated remarkable generalization capabilities in robotic manipulation tasks, yet their substantial computational overhead remains a critical obstacle to real-world deployment. Improving inference efficiency is therefore essential for practical robotic applications. Existing acceleration methods often rely on heuristic or static strategies--such as rule-based token caching or pruning--that are decoupled from task objectives and fail to adapt to dynamic scene changes. In this work, we reformulate inference acceleration as a learnable policy optimization problem and propose a novel framework that integrates a dynamic, task-aware decision-making process directly into the VLA model. At its core are two lightweight, cooperative modules: a Cached Token Selector, which determines which tokens should be reused, and a Cache Ratio Predictor, which controls how many tokens to reuse. Training these modules is non-trivial due to their discrete decisions. We address this by adopting a differentiable relaxation that allows gradient-based end-to-end optimization. Extensive experiments on the LIBERO and SIMPLER benchmarks, as well as real-robot evaluations, show that our method achieves a 1.76x wall-clock inference speedup while simultaneously improving the average success rate by 1.9 percentage points (from 75.0% to 76.9%) on LIBERO and by 5.0 percentage points on real-world tasks, significantly outperforming existing baselines. This work highlights the potential of learning task-aware computational allocation policies, paving the way for VLA models that are both powerful and efficient.",medium,A1 | A4,2,A1=low | A4=medium,A1=The abstract does not expose a clear temporal mechanism connected to the lane. | A4=Uses a valuation or attribution signal to estimate the contribution of training examples to model or policy outcomes.,"A1=Its mechanism is a plausible transfer to multimodal robot experience, action-observation alignment, or temporally aware policy training. | A4=It is directly or plausibly transferable to selecting robot experience for policy learning.",A1=false | A4=false,expansion_round_1 | expansion_round_2,,,arxiv:2602.00686 | paper:3278963067358731473,arxiv:2602.00686,3278963067358731473,,,related-papers-round2,,A1,false,false,false,true,A1/expansion-round2-registry.json | A1/paper-registry-complete.json | A4/expansion/round4/registry.jsonl,A1/expansion-round2-triage.jsonl | A4/expansion/all-new-expansion-triage.jsonl
1564,arxiv:2602.04213,5,HIGH,A6 | A7,InterPReT: Interactive Policy Restructuring and Training Enable Effective Imitation Learning from Laypersons,arxiv:2602.04213,"Imitation learning has shown success in many tasks by learning from expert demonstrations. However, most existing work relies on large-scale demonstrations from technical professionals and close monitoring of the training process. These are challenging for a layperson when they want to teach the agent new skills. To lower the barrier of teaching AI agents, we propose Interactive Policy Restructuring and Training (InterPReT), which takes user instructions to continually update the policy structure and optimize its parameters to fit user demonstrations. This enables end-users to interactively give instructions and demonstrations, monitor the agent's performance, and review the agent's decision-making strategies. A user study (N=34) on teaching an AI agent to drive in a racing game confirms that our approach yields more robust policies without impairing system usability, compared to a generic imitation learning baseline, when a layperson is responsible for both giving demonstrations and determining when to stop. This shows that our method is more suitable for end-users without much technical background in machine learning to train a dependable policy",high,A6 | A7,2,A6=high | A7=high,"A6=Estimates demonstration quality or latent expertise to filter, weight, or optimize learning from mixed-quality experience. | A7=Imitation learning has shown success in many tasks by learning from expert demonstrations.",A6=Offers a reusable mechanism for converting sequential experience into better policy or data decisions. | A7=It helps diagnose or reduce behavior-distribution mismatch and spurious dependence under deployment shift.,A6=true | A7=true,expansion_round_1,,,arxiv:2602.04213,arxiv:2602.04213,5377938612166049515,,,citers | related-papers,,A6 | A7,false,false,false,false,A6/expansion/canonical-pool.jsonl | A7/work/expansion-read-manifest.json | A7/work/expansion-registry.json | A7/work/expansion-registry.jsonl,A6/expansion/triage.jsonl | A7/work/expansion-triage.jsonl
1577,arxiv:2602.07322,5,HIGH,A1,Action-to-Action Flow Matching,arxiv:2602.07322,"Diffusion-based policies have recently achieved remarkable success in robotics by formulating action prediction as a conditional denoising process. However, the standard practice of sampling from random Gaussian noise often requires multiple iterative steps to produce clean actions, leading to high inference latency that incurs a major bottleneck for real-time control. In this paper, we challenge the necessity of uninformed noise sampling and propose Action-to-Action flow matching (A2A), a novel policy paradigm that shifts from random sampling to initialization informed by the previous proprioceptive action. Unlike existing methods that treat proprioceptive action feedback as static conditions, A2A leverages historical proprioceptive sequences, embedding them into a high-dimensional latent space as the starting point for action generation. This design bypasses costly iterative denoising while effectively capturing the robot's physical dynamics and temporal continuity. Extensive experiments demonstrate that A2A exhibits high training efficiency, fast inference speed, and improved generalization. Notably, A2A enables high-quality action generation in as few as a single inference step, and exhibits superior robustness to visual perturbations and enhanced generalization to unseen configurations. Lastly, we also extend A2A to video generation, demonstrating its broader versatility in temporal modeling. Project site: https://lorenzo-0-0.github.io/A2AFlowMatching.",high,A1,1,A1=high,"A1=The paper develops or evaluates a temporal correspondence, synchronization, delay, or sequence-representation mechanism for Action-to-Action Flow Matching.","A1=Its mechanism is a plausible transfer to multimodal robot experience, action-observation alignment, or temporally aware policy training.",A1=true,expansion_round_2,,,arxiv:2602.07322,arxiv:2602.07322,3725856448721130795,,,related-papers-round2,,A1,false,false,false,false,A1/expansion-round2-registry.json | A1/paper-registry-complete.json,A1/expansion-round2-triage.jsonl
1590,arxiv:2602.11018,5,HIGH,A3 | A6,OSIL: Learning Offline Safe Imitation Policies with Safety Inferred from Non-preferred Trajectories,arxiv:2602.11018,"This work addresses the problem of offline safe imitation learning (IL), where the goal is to learn safe and reward-maximizing policies from demonstrations that do not have per-timestep safety cost or reward information. In many real-world domains, online learning in the environment can be risky, and specifying accurate safety costs can be difficult. However, it is often feasible to collect trajectories that reflect undesirable or unsafe behavior, implicitly conveying what the agent should avoid. We refer to these as non-preferred trajectories. We propose a novel offline safe IL algorithm, OSIL, that infers safety from non-preferred demonstrations. We formulate safe policy learning as a Constrained Markov Decision Process (CMDP). Instead of relying on explicit safety cost and reward annotations, OSIL reformulates the CMDP problem by deriving a lower bound on reward maximizing objective and learning a cost model that estimates the likelihood of non-preferred behavior. Our approach allows agents to learn safe and reward-maximizing behavior entirely from offline demonstrations. We empirically demonstrate that our approach can learn safer policies that satisfy cost constraints without degrading the reward performance, thus outperforming several baselines.",high,A3 | A6,2,A3=high | A6=high,"A3=Offline safe imitation infers safety and reward structure from non-preferred trajectories without per-timestep cost labels. | A6=Estimates demonstration quality or latent expertise to filter, weight, or optimize learning from mixed-quality experience.",A3=It converts harmful or rejected behavior into a safety signal while avoiding direct imitation of it. | A6=Shows how heterogeneous demonstrations can contribute without treating every transition as equally trustworthy.,A3=true | A6=true,expansion_round_1 | primary_assignment,Returaj Burnwal | Nirav Pravinbhai Bhatt | Balaraman Ravindran,2026,arxiv:2602.11018,arxiv:2602.11018,4956296452326464614,cs.AI | cs.LG | stat.ML,q07-harmful-data | q22-safe-bad-data,firecrawl research search-papers | related-papers,,A3,false,false,false,false,A3/assigned-papers.json | A3/evidence-index.json | A3/paper-registry.json | A3/raw/q07-harmful-data.txt | A3/raw/q22-safe-bad-data.txt | A4/canonical-registry.jsonl | A4/raw/q13-harmful-demo.json | A6/expansion/canonical-pool.jsonl,A3/abstract-triage.jsonl | A6/expansion/triage.jsonl
1603,arxiv:2602.13806,5,HIGH,A7,Gaussian Sequences with Multi-Scale Dynamics for 4D Reconstruction from Monocular Casual Videos,arxiv:2602.13806,"Understanding dynamic scenes from casual videos is critical for scalable robot learning, yet four-dimensional (4D) reconstruction under strictly monocular settings remains highly ill-posed. To address this challenge, our key insight is that real-world dynamics exhibits a multi-scale regularity from object to particle level. To this end, we design the multi-scale dynamics mechanism that factorizes complex motion fields. Within this formulation, we propose Gaussian sequences with multi-scale dynamics, a novel representation for dynamic 3D Gaussians derived through compositions of multi-level motion. This layered structure substantially alleviates ambiguity of reconstruction and promotes physically plausible dynamics. We further incorporate multi-modal priors from vision foundation models to establish complementary supervision, constraining the solution space and improving the reconstruction fidelity. Our approach enables accurate and globally consistent 4D reconstruction from monocular casual videos. Experiments of dynamic novel-view synthesis (NVS) on benchmark and real-world manipulation datasets demonstrate considerable improvements over existing methods.",high,A7,1,A7=high,"A7=Understanding dynamic scenes from casual videos is critical for scalable robot learning, yet four-dimensional (4D) reconstruction under strictly monocular settings remains highly ill-posed.","A7=It expands or measures task, environment, object, or observation coverage for more robust behavior.",A7=true,expansion_round_1,,,arxiv:2602.13806,,,,,citers,,A7,false,false,false,false,A7/work/expansion-read-manifest.json | A7/work/expansion-registry.json | A7/work/expansion-registry.jsonl,A7/work/expansion-triage.jsonl
1616,arxiv:2602.17835,5,MEDIUM,A4,Influence-Preserving Proxies for Gradient-Based Data Selection in LLM Fine-tuning,arxiv:2602.17835,"Supervised fine-tuning (SFT) relies critically on selecting training data that most benefits a model's downstream performance. Gradient-based data selection methods such as TracIn and Influence Functions leverage influence to identify useful samples, but their computational cost scales poorly, making them impractical for multi-billion-parameter large language models (LLMs). A common alternative is to use off-the-shelf smaller models as proxies, but they remain suboptimal since their learning dynamics are unclear, their sizes cannot be flexibly adjusted, and they cannot be further aligned with the target model in terms of gradient-based influence estimation. To address these challenges, we introduce Iprox, a two-stage framework that derives influence-preserving proxies directly from the target model. It first applies a low-rank compression stage to preserve influence information of the target model, and then an aligning stage to align both model gradients and logits, thereby constructing proxies that flexibly control computational cost while retaining the target model's influence. Experimental results across diverse LLM families and evaluation tasks show that Iprox consistently outperforms off-the-shelf proxies and baseline methods. On Qwen3-4B, a 1.5B proxy constructed with Iprox achieves stronger performance than the larger 1.7B off-the-shelf proxy. Notably, on Llama3.2, Iprox achieves better performance than baselines while reducing computational cost by more than half relative to the full 3B model. These results show that Iprox provides effective influence-preserving proxies, making gradient-based data selection more scalable for LLMs.",medium,A4,1,A4=medium,A4=Uses a valuation or attribution signal to estimate the contribution of training examples to model or policy outcomes.,A4=It extends the A4 mechanism space with adjacent data-centric evidence.,A4=false,expansion_round_1,,,arxiv:2602.17835 | paper:3791729803252068617,,,,,,,A4,false,false,false,false,A4/expansion/round2/registry.jsonl | A4/expansion/round5/registry.jsonl,A4/expansion/all-new-expansion-triage.jsonl
1629,arxiv:2602.22474,5,HIGH,A8,"When to Act, Ask, or Learn: Uncertainty-Aware Policy Steering",arxiv:2602.22474,"Policy steering is an emerging way to adapt robot behaviors at deployment-time: a learned verifier analyzes low-level action samples proposed by a pre-trained policy (e.g., diffusion policy) and selects only those aligned with the task. While Vision-Language Models (VLMs) are promising general-purpose verifiers due to their reasoning capabilities, existing frameworks often assume these models are well-calibrated. In practice, the overconfident judgment from VLM can degrade the steering performance under both high-level semantic uncertainty in task specifications and low-level action uncertainty or incapability of the pre-trained policy. We propose uncertainty-aware policy steering (UPS), a framework that jointly reasons about semantic task uncertainty and low-level action feasibility, and selects an uncertainty resolution strategy: execute a high-confidence action, clarify task ambiguity via natural language queries, or ask for action interventions to correct the low-level policy when it is deemed incapable at the task. We leverage conformal prediction to calibrate the composition of the VLM and the pre-trained base policy, providing statistical assurances that the verifier selects the correct strategy. After collecting interventions during deployment, we employ residual learning to improve the capability of the pre-trained policy, enabling the system to learn continually but with minimal expensive human feedback. We demonstrate our framework through experiments in simulation and on hardware, showing that UPS can disentangle confident, ambiguous, and incapable scenarios and minimizes expensive user interventions compared to uncalibrated baselines and prior human- or robot-gated continual learning approaches. Videos can be found at https://jessie-yuan.github.io/ups/",high,A8,1,A8=high,"A8=Conformal calibration separates confident execution, semantic clarification, and human intervention using task and action uncertainty.",A8=It gives a deployment-time trigger for collecting the next informative intervention while avoiding redundant supervision.,A8=true,expansion_round_1,,,arxiv:2602.22474 | paperid:2502643750499936726,,,,,related-papers,,A8,false,false,false,false,A8/work/expansion-novel.jsonl | A8/work/expansion-pool.jsonl,A8/work/expansion-triage.jsonl
1642,arxiv:2603.02623,5,MEDIUM,A7,Uni-Skill: Building Self-Evolving Skill Repository for Generalizable Robotic Manipulation,arxiv:2603.02623,"While skill-centric approaches leverage foundation models to enhance generalization in compositional tasks, they often rely on fixed skill libraries, limiting adaptability to new tasks without manual intervention. To address this, we propose Uni-Skill, a Unified Skill-centric framework that supports skill-aware planning and facilitates automatic skill evolution. Unlike prior methods that restrict planning to predefined skills, Uni-Skill requests for new skill implementations when existing ones are insufficient, ensuring adaptable planning with self-augmented skill library. To support automatic implementation of diverse skills requested by the planning module, we construct SkillFolder, a VerbNet-inspired repository derived from large-scale unstructured robotic videos. SkillFolder introduces a hierarchical skill taxonomy that captures diverse skill descriptions at multiple levels of abstraction. By populating this taxonomy with large-scale, automatically annotated demonstrations, Uni-Skill shifts the paradigm of skill acquisition from inefficient manual annotation to efficient offline structural retrieval. Retrieved examples provide semantic supervision over behavior patterns and fine-grained references for spatial trajectories, enabling few-shot skill inference without deployment-time demonstrations. Comprehensive experiments in both simulation and real-world settings verify the state-of-the-art performance of Uni-Skill over existing VLM-based skill-centric approaches, highlighting its advanced reasoning capabilities and strong zero-shot generalization across a wide range of novel tasks.",medium,A7,1,A7=medium,"A7=While skill-centric approaches leverage foundation models to enhance generalization in compositional tasks, they often rely on fixed skill libraries, limiting adaptability to new tasks without manual intervention.",A7=It helps diagnose or reduce behavior-distribution mismatch and spurious dependence under deployment shift.,A7=false,expansion_round_1,,,arxiv:2603.02623,,,,,citers,,A7,false,false,false,false,A7/work/expansion-registry.json | A7/work/expansion-registry.jsonl,A7/work/expansion-triage.jsonl
1655,arxiv:2603.06450,5,HIGH,A7,Data Analogies Enable Efficient Cross-Embodiment Transfer,arxiv:2603.06450,"Generalist robot policies are trained on demonstrations collected across a wide variety of robots, scenes, and viewpoints. Yet it remains unclear how to best organize and scale such heterogeneous data so that it genuinely improves performance in a given target setting. In this work, we ask: what form of demonstration data is most useful for enabling transfer across robot set-ups? We conduct controlled experiments that vary end-effector morphology, robot platform appearance, and camera perspective, and compare the effects of simply scaling the number of demonstrations against systematically broadening the diversity in different ways. Our simulated experiments show that while perceptual shifts such as viewpoint benefit most from broad diversity, morphology shifts benefit far less from unstructured diversity and instead see the largest gains from data analogies, i.e. paired demonstrations that align scenes, tasks, and/or trajectories across different embodiments. Informed by the simulation results, we improve real-world cross-embodiment transfer success by an average of 22.5% over large-scale, unpaired datasets by changing only the composition of the data.",high,A7,1,A7=high,"A7=Composes paired demonstrations that align scenes, tasks, or trajectories across embodiments instead of relying only on unstructured diversity.",A7=It shows that relational coverage can be more valuable than raw dataset breadth for morphology transfer.,A7=true,primary_assignment,"Jonathan Yang, Chelsea Finn, Dorsa Sadigh",2026,arxiv:2603.06450,arxiv:2603.06450,1524604266271238693,cs.RO,,search-papers,foundational | recent,A7,false,true,true,false,A7/raw/q03-heterogeneous.json | A7/raw/q04-composition.json | A7/raw/q07-multitask.json | A7/raw/q08-transfer.json | A7/raw/q09-mechanism-generalization.json | A7/raw/q11-scaling-laws.json | A7/raw/q27-cross-embodiment-foundation.json | A7/raw/q32-recent-scaling.json | A7/raw/q36-fleet-diversity.json | A7/raw/q38-shared-policy.json | A7/raw/q39-quality-vs-diversity.json | A7/work/assigned-papers.json | A7/work/assigned-papers.jsonl | A7/work/expansion-registry.json | A7/work/expansion-registry.jsonl | A7/work/paper-registry.json | A7/work/paper-registry.jsonl | A7/work/read-manifest.json | A7/work/verified-paper-registry.json | A7/work/verified-paper-registry.jsonl,A7/work/abstract-triage.jsonl | A7/work/assigned-abstracts.jsonl
1668,arxiv:2603.11400,5,HIGH,A4,Deployment-Time Reliability of Learned Robot Policies,arxiv:2603.11400,"Recent advances in learning-based robot manipulation have produced policies with remarkable capabilities. Yet, reliability at deployment remains a fundamental barrier to real-world use, where distribution shift, compounding errors, and complex task dependencies collectively undermine system performance. This dissertation investigates how the reliability of learned robot policies can be improved at deployment time through mechanisms that operate around them. We develop three complementary classes of deployment-time mechanisms. First, we introduce runtime monitoring methods that detect impending failures by identifying inconsistencies in closed-loop policy behavior and deviations in task progress, without requiring failure data or task-specific supervision. Second, we propose a data-centric framework for policy interpretability that traces deployment-time successes and failures to influential training demonstrations using influence functions, enabling principled diagnosis and dataset curation. Third, we address reliable long-horizon task execution by formulating policy coordination as the problem of estimating and maximizing the success probability of behavior sequences, and we extend this formulation to open-ended, language-specified tasks through feasibility-aware task planning. By centering on core challenges of deployment, these contributions advance practical foundations for the reliable, real-world use of learned robot policies. Continued progress on these foundations will be essential for enabling trustworthy and scalable robot autonomy in the future.",high,A4,1,A4=high,"A4=Estimates how an individual training example changes a validation loss or downstream policy outcome, enabling example ranking or curation.",A4=It offers a direct or transferable way to connect robot experience choices to learned policy behavior.,A4=true,primary_assignment,,2026,arxiv:2603.11400 | paper:6253280644912656904,arxiv:2603.11400,6253280644912656904,,q01-direct | q34-recent-attribution,semantic-search,general,A4,false,false,false,false,A4/assigned-papers.json | A4/assigned-registry-inspected.jsonl | A4/assigned-registry-preinspect.jsonl | A4/canonical-registry.jsonl | A4/raw/q01-direct.json | A4/raw/q34-recent-attribution.json | A5/canonical-pool.jsonl | A5/paper-registry.json | A7/raw/q34-recent-shift.json | A7/work/paper-registry.json | A7/work/paper-registry.jsonl | A7/work/verified-paper-registry.json | A7/work/verified-paper-registry.jsonl,A4/abstract-triage.jsonl
1681,arxiv:2603.13966,5,MEDIUM,A4,vla-eval: A Unified Evaluation Harness for Vision-Language-Action Models,arxiv:2603.13966,"Vision-Language-Action (VLA) models are increasingly evaluated across multiple simulation benchmarks, yet adding each benchmark to an evaluation pipeline requires resolving incompatible dependencies, matching underspecified evaluation protocols, and reverse-engineering undocumented preprocessing. This burden scales with the number of models and benchmarks, making comprehensive evaluation impractical for most teams. We present vla-eval, an open-source evaluation harness that eliminates this per-benchmark cost by decoupling model inference from benchmark execution through a WebSocket+msgpack protocol with Docker-based environment isolation. Models integrate once by implementing a single predict() method; benchmarks integrate once via a four-method interface; the full cross-evaluation matrix works automatically. The framework supports 14 simulation benchmarks and six model servers. Parallel evaluation via episode sharding and batch inference achieves up to 47x wall-clock speedup, completing 2,000 LIBERO episodes in 18 minutes. To validate the framework, we reproduce published scores across six VLA codebases and three benchmarks, documenting previously undocumented pitfalls. We additionally release a VLA leaderboard aggregating 657 published results across 17 benchmarks. Framework, evaluation configs, and all reproduction results are publicly available at https://github.com/allenai/vla-evaluation-harness and https://allenai.github.io/vla-evaluation-harness/leaderboard.",medium,A4,1,A4=medium,A4=Uses a valuation or attribution signal to estimate the contribution of training examples to model or policy outcomes.,A4=It extends the A4 mechanism space with adjacent data-centric evidence.,A4=false,expansion_round_1,,,arxiv:2603.13966 | paper:2031113188610721385,,,,,,,A4,false,false,false,false,A4/expansion/round4/registry.jsonl,A4/expansion/all-new-expansion-triage.jsonl
1694,arxiv:2603.21543,5,HIGH,A3 | A4,"IF-CPS: Influence Functions for Cyber-Physical Systems -- A Unified Framework for Diagnosis, Curation, and Safety Attribution",arxiv:2603.21543,"Neural network controllers trained via behavior cloning are increasingly deployed in cyber-physical systems (CPS), yet practitioners lack tools to trace controller failures back to training data. Existing data attribution methods assume i.i.d. data and standard loss targets, ignoring CPS-specific properties: closed-loop dynamics, safety constraints, and temporal trajectory structure. We propose IF-CPS, a modular influence function framework with three CPS-adapted variants: safety influence (attributing constraint violations), trajectory influence (temporal discounting over trajectories), and propagated influence (tracing effects through plant dynamics). We evaluate IF-CPS on six benchmarks across diagnosis, curation, and safety attribution tasks. IF-CPS improves over standard influence functions in the majority of settings, achieving AUROC 1.00 in Pendulum (5-10% poisoning), 0.92 vs. 0.50 in HVAC (10%), and the strongest constraint-boundary correlation (Spearman ρ = 0.55 in Pendulum).",high,A3 | A4,2,A3=high | A4=high,"A3=CPS-adapted influence functions attribute trajectory errors, safety violations, and temporal effects back to training samples. | A4=Estimates how an individual training example changes a validation loss or downstream policy outcome, enabling example ranking or curation.",A3=It extends data attribution from loss reduction to closed-loop safety and diagnosis. | A4=It supplies an explicit data-centric mechanism for deciding which examples matter to training or evaluation outcomes.,A3=true | A4=true,expansion_round_1 | primary_assignment,Jiachen Li | Shihao Li | Soovadeep Bakshi | Jiamin Xu | Dongmei Chen,2026,arxiv:2603.21543 | paper:9114711811322698175,arxiv:2603.21543,9114711811322698175,cs.SY | eess.SY,q14-attribution-failures | q34-recent-attribution,firecrawl research related-papers | semantic-search,,A3 | A4,false,false,false,false,A3/expansion-evidence-index.json | A3/expansion-registry.json | A3/paper-registry.json | A3/round3-registry.json | A4/assigned-papers.json | A4/assigned-registry-inspected.jsonl | A4/assigned-registry-preinspect.jsonl | A4/canonical-registry.jsonl | A4/expansion/round2/registry.jsonl | A4/expansion/round5/registry.jsonl | A4/raw/q14-attribution-failures.json | A4/raw/q34-recent-attribution.json,A3/expansion-triage.jsonl | A4/abstract-triage.jsonl
1707,arxiv:2604.03523,5,HIGH,A5,Optimizing Neurorobot Policy under Limited Demonstration Data through Preference Regret,arxiv:2604.03523,"Robot reinforcement learning from demonstrations (RLfD) assumes that expert data is abundant; this is usually unrealistic in the real world given data scarcity as well as high collection cost. Furthermore, imitation learning algorithms assume that the data is independently and identically distributed, which ultimately results in poorer performance as gradual errors emerge and compound within test-time trajectories. We address these issues by introducing the ""master your own expertise"" (MYOE) framework, a self-imitation framework that enables robotic agents to learn complex behaviors from limited demonstration data samples. Inspired by human perception and action, we propose and design what we call the queryable mixture-of-preferences state space model (QMoP-SSM), which estimates the desired goal at every time step. These desired goals are used in computing the ""preference regret"", which is used to optimize the robot control policy. Our experiments demonstrate the robustness, adaptability, and out-of-sample performance of our agent compared to other state-of-the-art RLfD schemes. The GitHub repository that supports this work can be found at: https://github.com/rxng8/neurorobot-preference-regret-learning.",high,A5,1,A5=high,"A5=Inspired by human perception and action, we propose and design what we call the queryable mixture-of-preferences state space model (QMoP-SSM), which estimates the desired goal at every time step.","A5=It informs adaptive control of task and data-mixture proportions so policy training can respond to coverage, loss, or capability gaps.",A5=true,primary_assignment,"Viet Dung Nguyen, Yuhang Song, Anh Nguyen, Jamison Heard, Reynold Bailey, Alexander Ororbia",2026,arxiv:2604.03523 | paper:8242319319525442704,arxiv:2604.03523,paper:8242319319525442704,cs.AI | cs.CV | cs.LG | cs.RO,62 | 71,search-papers,recent,A5,false,false,false,false,A4/canonical-registry.jsonl | A4/raw/q33-recent-robot.json | A5/assigned-papers.json | A5/canonical-pool.jsonl | A5/evidence-ledger.jsonl | A5/inspection-manifest.json | A5/paper-registry.json | A5/read-manifest.json | A7/raw/q14-space-coverage.json | A7/work/paper-registry.json | A7/work/paper-registry.jsonl | A7/work/verified-paper-registry.json | A7/work/verified-paper-registry.jsonl,A5/assigned-abstracts.jsonl
1720,arxiv:2604.20100,5,HIGH,A7,JoyAI-RA 0.1: A Foundation Model for Robotic Autonomy,arxiv:2604.20100,"Robotic autonomy in open-world environments is fundamentally limited by insufficient data diversity and poor cross-embodiment generalization. Existing robotic datasets are often limited in scale and task coverage, while relatively large differences across robot embodiments impede effective behavior knowledge transfer. To address these challenges, we propose JoyAI-RA, a vision-language-action (VLA) embodied foundation model tailored for generalizable robotic manipulation. JoyAI-RA presents a multi-source multi-level pretraining framework that integrates web data, large-scale egocentric human manipulation videos, simulation-generated trajectories, and real-robot data. Through training on heterogeneous multi-source data with explicit action-space unification, JoyAI-RA effectively bridges embodiment gaps, particularly between human manipulation and robotic control, thereby enhancing cross-embodiment behavior learning. JoyAI-RA outperforms state-of-the-art methods in both simulation and real-world benchmarks, especially on diverse tasks with generalization demands.",high,A7,1,A7=high,"A7=Unifies web, human-video, simulation, and robot data with explicit action-space alignment for heterogeneous multi-source pretraining.",A7=It provides a direct recipe for using diverse source modalities to improve open-world and cross-embodiment behavior.,A7=true,primary_assignment,"Tianle Zhang, Zhihao Yuan, Dafeng Chi, Peidong Liu, Dongwei Li, Kejun Hu, Likui Zhang, Junnan Nie, Ziming Wei, Zengjue Chen, Yili Tang, Jiayi Li, Zhiyuan Xiang, Mingyang Li, Tianci Luo, Hanwen Wan, Ao Li, Linbo Zhai, Zhihao Zhan, Xiaodong Bai, Jiakun Cai, Peng Cao, Kangliang Chen, Siang Chen, Yixiang Dai, Shuai Di, Yicheng Gong, Chenguang Gui, Yucheng Guo, Peng Hao, Qingrong He, Haoyang Huang, Kunrui Huang, Zhixuan Huang, Shibo Jin, Yixiang Jin, Anson Li, Dongjiang Li, Jiawei Li, Ruodai Li, Yihang Li, Yuzhen Li, Jiaming Liang, Fangsheng Liu, Jing Long, Mingxi Luo, Xing Pan, Hui Shen, Xiaomeng Tian, Daming Wang, Song Wang, Junwu Xiong, Hang Xu, Wanting Xu, Zhengcheng Yu, He Zhang, Jiyao Zhang, Lin Zhao, Chen Zhou, Nan Duan, Yuzheng Zhuang, Liang Lin",2026,arxiv:2604.20100,arxiv:2604.20100,8931423357914058346,cs.RO,68,search-papers,foundational | recent,A7,false,true,true,false,A5/canonical-pool.jsonl | A5/paper-registry.json | A7/raw/q02-synonyms.json | A7/raw/q07-multitask.json | A7/raw/q17-negative-transfer.json | A7/raw/q18-benchmark-failures.json | A7/raw/q27-cross-embodiment-foundation.json | A7/raw/q31-recent-heterogeneous.json | A7/raw/q39-quality-vs-diversity.json | A7/work/assigned-papers.json | A7/work/assigned-papers.jsonl | A7/work/paper-registry.json | A7/work/paper-registry.jsonl | A7/work/read-manifest.json | A7/work/verified-paper-registry.json | A7/work/verified-paper-registry.jsonl,A7/work/abstract-triage.jsonl | A7/work/assigned-abstracts.jsonl
1733,arxiv:2605.08168,5,HIGH,A1,Understanding Asynchronous Inference Methods for Vision-Language-Action Models,arxiv:2605.08168,"Vision-Language-Action (VLA) models offer a promising path to generalist robot control, but their inference latency causes observation staleness when generated actions are executed asynchronously. Several methods have been proposed concurrently to mitigate this problem: inference-time inpainting (IT-RTC), training-time delay simulation (TT-RTC), future-state-aware conditioning (VLASH), and lightweight residual correction (A2C2). Each takes a fundamentally different approach, but they have so far been evaluated independently with different codebases, base policies, and protocols. We present a systematic comparison of these four methods under controlled conditions. We develop two unified codebases that integrate all methods with harmonized library and dataset versions, and we benchmark them on the Kinetix suite with MLPMixer policies and on the LIBERO manipulation benchmark with SmolVLA, sweeping inference delays up to d=20 control steps. A2C2's per-step residual correction is the most effective method on Kinetix, holding above 90% solve rate up to d=8, and also leads on LIBERO from d=4 onwards. IT-RTC is competitive at low delays but degrades sharply under long chunks (H=30) and high delays. TT-RTC is the most robust training-based method: stable across d choices, generalizes beyond its training delay distribution, and adds zero inference overhead. VLASH exhibits a clear low-delay vs. high-delay trade-off governed by the fine-tuning delay range [0,d]. Code is available at https://github.com/TheAyos/async-vla-inference",high,A1,1,A1=high,"A1=A controlled comparison evaluates runtime correction, delay simulation, future-state conditioning, and residual correction under matched latency protocols.",A1=It identifies which alignment mechanisms remain robust across delay regimes and exposes evaluation variables that otherwise confound conclusions.,A1=true,primary_assignment,,,arxiv:2605.08168,arxiv:2605.08168,8133382124311375445,,q17-recent-failure,search-papers,recent,A1,false,false,false,false,A1/assigned-papers.json | A1/evidence-read-manifest.json | A1/inspection-manifest.json | A1/paper-registry-complete.json | A1/paper-registry.json | A1/raw/q17-recent-failure.json,A1/assigned-abstracts.jsonl | A1/triage.jsonl
1746,arxiv:2605.24810,5,HIGH,A4,Cross-Domain Energy-Guided Diffusion Generation for Off-Dynamics Reinforcement Learning,arxiv:2605.24810,"Off-dynamics offline reinforcement learning seeks to learn a target-domain policy from a large source dataset and a limited target dataset under mismatched transition dynamics. Existing approaches such as reward augmentation and data filtering are constrained to the source dataset and cannot synthesize new target behavior to improve coverage beyond the collected source trajectories. While recent model-based methods attempt to address this by learning target-aware dynamics, the generated experience is constructed only at the transition level, which leads to accumulated errors over long horizons. These limitations necessitate a shift toward trajectory-level generation for off-dynamics offline RL. We propose CEDGE, a Cross-domain Energy-guided Diffusion GEneration framework. CEDGE trains a trajectory diffusion model on source-domain trajectories and adapts the generated samples to the target domain through energy guidance. This guidance is derived by minimizing the distribution mismatch between the source and desired target-domain trajectories and is decomposed into return, domain, and behavior energy components. The resulting energy-guided trajectories are useful both for direct planning and as synthetic data for policy learning. Since target adaptation is achieved via energy guidance rather than retraining the diffusion model, CEDGE can be efficiently adapted to new target dynamics compared to previous methods. Experiments on the ODRL benchmark demonstrate that trajectory-level energy-guided generation improves diffusion planning under dynamics shifts and produces synthetic data that improves downstream target policy learning.",high,A4,1,A4=high,"A4=Ranks or weights trajectories/transitions according to return, coverage, value, or policy-improvement utility in offline learning.",A4=It offers a direct or transferable way to connect robot experience choices to learned policy behavior.,A4=true,primary_assignment,,2026,arxiv:2605.24810 | paper:2875644376381866859,arxiv:2605.24810,2875644376381866859,,q04-trajectory-influence,semantic-search,recent,A4,false,false,false,false,A4/assigned-papers.json | A4/assigned-registry-inspected.jsonl | A4/assigned-registry-preinspect.jsonl | A4/canonical-registry.jsonl | A4/raw/q04-trajectory-influence.json | A7/raw/q34-recent-shift.json | A7/work/paper-registry.json | A7/work/paper-registry.jsonl | A7/work/verified-paper-registry.json | A7/work/verified-paper-registry.jsonl,A4/abstract-triage.jsonl
1759,arxiv:2606.05588,5,HIGH,A3 | A6,Auditing Demonstration Curation Metrics: Action-Only Scorers Fail on the Structural Defects That Degrade Imitation Policies,arxiv:2606.05588,"Imitation-learning policies inherit the quality of the demonstrations they are trained on, and a growing set of curation metrics promise to score and filter low-quality demonstrations automatically. These metrics are each validated on different data with different protocols, so it is unclear which of them actually identify the demonstrations that harm a policy. We build a controlled testbed in which demonstration defects are injected with known type, and audit seven curation metrics along two axes: how well each separates defective from clean demonstrations, and whether training a behavior-cloning policy on each metric's curated subset improves task success. We study two defect regimes. Subtle perturbations (correlated action noise, tremor, truncation) are detectable by multivariate outlier scoring and, once removed, recover the full downstream gap. Structural errors, where the demonstration executes a wrong action at a key moment, are invisible to every action-only metric we test, and two of them are inverted: they score defective demonstrations as higher quality and, used for curation, tend to leave the policy at or below the uncurated baseline rather than above it. Only metrics that examine the state trajectory detect structural errors, and even the best of them recovers just a third of the downstream gap. High detection accuracy does not guarantee downstream improvement. We release the testbed and all curation implementations.",high,A3 | A6,2,A3=high | A6=high,"A3=A controlled defect-injection testbed evaluates whether curation metrics detect structural defects and whether filtering improves policy training. | A6=Uses failure, recovery, retry, correction, or intervention data to return execution to a viable state or learn corrective behavior.",A3=It provides a needed proof standard for distinguishing a good-looking quality score from one that actually prevents policy degradation. | A6=Shows how imperfect experience can teach robust retry and recovery behavior instead of being discarded.,A3=true | A6=true,primary_assignment,Aarav Bedi,2026,arxiv:2606.05588,arxiv:2606.05588,2923051013699255287,cs.LG | cs.RO,q05-quality-scoring | q11-mech-quality-weighted | q12-action-labels,firecrawl research search-papers | search-papers,general,A3 | A6,true,true,false,false,A3/assigned-papers.json | A3/evidence-index.json | A3/paper-registry.json | A3/raw/q05-quality-scoring.txt | A3/raw/q12-action-labels.txt | A4/canonical-registry.jsonl | A4/raw/q11-help-harm.json | A4/raw/q33-recent-robot.json | A5/canonical-pool.jsonl | A5/paper-registry.json | A6/raw-retrieval/q11-mech-quality-weighted.json | A6/registry-assignment.jsonl | A6/work/assigned-registry-inspected.jsonl | A6/work/assigned-registry-preinspect.jsonl | A6/work/canonical-pool.jsonl | A6/work/evidence-index.jsonl,A3/abstract-triage.jsonl | A6/triage.jsonl
1772,arxiv:2606.15654,5,MEDIUM,A8,PO-PDDL: Learning Symbolic POMDPs from Visual Demonstrations for Robot Planning Under Uncertainty,arxiv:2606.15654,"Real-world robot task planning must operate under both stochastic action execution and partial observability, yet constructing Partially Observable Markov Decision Process (POMDP) models for real robotics domains remains difficult and labor-intensive. We introduce PO-PDDL, a symbolic formulation of POMDPs that preserves the relational structure and LLM-friendly syntax of the Planning Domain Definition Language (PDDL), while explicitly modeling partial observability, stochasticity, and beliefs. Building on this formulation, we propose a demonstration-driven pipeline for learning PO-PDDL models. The proposed method reconstructs latent symbolic state trajectories from real-robot execution videos, identifies partial observability via inconsistencies between inferred states and visual observations, and learns stochastic transition and observation models accordingly. The resulting PO-PDDL domains are reusable across tasks and enable online belief-space planning under both perception and execution uncertainty. Experiments on real-world long-horizon manipulation tasks show that our method consistently outperforms existing PDDL and POMDP model-learning approaches, achieving robust task planning under uncertainty with significantly lower planning cost.",medium,A8,1,A8=medium,A8=Visual demonstrations are converted into latent symbolic states and stochastic belief models that support planning under partial observability.,A8=It shows how structured uncertainty-aware representations can make heterogeneous execution data reusable for future collection and planning decisions.,A8=true,primary_assignment,,,arxiv:2606.15654,arxiv:2606.15654,3791063898122161840,,A8 | q27-recent,search-papers,recent,A8,false,false,false,false,A8/raw/q27-recent.json | A8/work/assigned-papers.json | A8/work/canonical-pool.jsonl,A8/work/abstract-triage.jsonl | A8/work/assigned-abstracts.jsonl
1785,arxiv:2606.24051,5,MEDIUM,A8,DriveStack-VLA: Render-Teacher Alignment for BEV-Based DeepStack Vision-Language-Action Model,arxiv:2606.24051,"Vision-Language-Action driving models convert a pretrained Vision-Language Model into a driving policy, allowing them to use world knowledge and follow language guidances. However, existing VLA driving models still lack driving-oriented spatial intelligence: their policies are mainly grounded on perspective image tokens and language priors, while precise motion planning requires metric geometry, top-down scene structure, and attention to safety-critical perceptual cues. This limitation makes current models vulnerable to weak visual geometry modeling and perceptual coverage in expert demonstrations. In this paper, we present DriveStack-VLA, a framework built upon a large VLM backbone. To strengthen the spatial grounding of VLA driving, we develop dual visual modeling components. We inject a Bird-Eye-View representation into the Large Language Model decoder through a DeepStack-style connection, and propose Render-Teacher Alignment to align the perceptual focus of real images with that of rasterized images. Furthermore, to bridge the gap in multimodal trajectory selection, we introduce a head-based self-critique module that ranks sampled trajectories and conditionally refines the best one. DriveStack-VLA achieves 91.6 PDMS on NAVSIMv1, 91.0 EPDMS on NAVSIMv2 (with the human penalty filter enabled), and a driving score of 79.49 with a success rate of 56.36% on the closed-loop Bench2Drive. More visualizations are available on our project page: https://anonymous.4open.science/w/drivestack-vla/.",medium,A8,1,A8=medium,A8=Bird's-eye-view and render-teacher alignment improve spatial representation while a self-critique head ranks sampled trajectories.,"A8=It transfers multimodal representation alignment and candidate selection to safety-critical fleet data mining, although evaluation is autonomous driving.",A8=true,primary_assignment,,,arxiv:2606.24051,arxiv:2606.24051,337202698952284361,,A8 | q26-recent,search-papers,recent,A8,false,false,false,false,A5/canonical-pool.jsonl | A5/paper-registry.json | A8/raw/q26-recent.json | A8/work/assigned-papers.json | A8/work/canonical-pool.jsonl,A8/work/abstract-triage.jsonl | A8/work/assigned-abstracts.jsonl
1798,arxiv:2607.01651,5,HIGH,A4,One Demonstration Is Enough for Real-World Robotic Reinforcement Learning,arxiv:2607.01651,"Learning effective robot control policies on physical hardware is challenging due to costly data collection and the difficulty of reward specification. Prior work has incorporated demonstrations into reinforcement learning (RL), yet existing approaches either require large numbers of demonstrations or depend on continuous human intervention during training. To address these limitations, we present AutoSERL, a framework that leverages a single demonstration to fully automate the intervention process in real-world robot RL. The framework includes three complementary mechanisms to accomplish certain tasks: a sliding window intervention mechanism that continuously guides exploration to prevent local optima and unsafe deviations, a safety recovery mechanism that detects and corrects failure states via predefined trajectory recovery points, and an intervention termination criterion that automatically disables guidance once the policy can independently complete the task, preserving its exploration advantage. We evaluate AutoSERL on six contact-intensive manipulation tasks across two robot platforms, spanning insertion, hanging, and hinge-based tasks. AutoSERL consistently outperforms SERL initialized with 20 demonstrations, behavior cloning, and MILES -- a dedicated one-shot imitation learning baseline -- across all tasks while matching HIL-SERL, achieves 100% success rate on insertion tasks, and demonstrates improved robustness to positional variations, all from a single demonstration. Code and videos are available on our project website: https://autoserl.github.io/.",high,A4,1,A4=high,"A4=Ranks or weights trajectories/transitions according to return, coverage, value, or policy-improvement utility in offline learning.",A4=It offers a direct or transferable way to connect robot experience choices to learned policy behavior.,A4=true,primary_assignment,,2026,arxiv:2607.01651 | paper:695909273547980599,arxiv:2607.01651,695909273547980599,,q33-recent-robot,semantic-search,false,A4,false,false,false,false,A2/canonical-pool.json | A2/canonical-pool.jsonl | A2/raw/q17-failure-boundaries.json | A4/assigned-papers.json | A4/assigned-registry-inspected.jsonl | A4/assigned-registry-preinspect.jsonl | A4/canonical-registry.jsonl | A4/raw/q33-recent-robot.json | A6/raw-retrieval/q01-direct-failed-recovery.json | A6/raw-retrieval/q14-mech-recovery-intervention.json | A6/raw-retrieval/q16-failure-replay.json | A6/raw-retrieval/q30-recent-fail-recovery.json | A6/raw-retrieval/q35-found-learn-failures.json | A6/work/canonical-pool.jsonl,A4/abstract-triage.jsonl
1811,arxiv:2607.09866,5,HIGH,A4,Robo-ValueRL: Reliable Value Estimation for Offline-to-Online Reinforcement Learning,arxiv:2607.09866,"Offline-to-online reinforcement learning is promising for generalizable robotic manipulation, yet its full-stack complexity obscures reproduction and diagnosis. Within such systems, value estimation plays a central role in prioritizing heterogeneous data for policy improvement. Despite its importance, the central question remains underexplored: how value-function reliability shapes policy optimization in offline-to-online reinforcement learning. To answer this question, we propose Robo-ValueRL, a unified framework that enables reliable value estimation and systematically traces its downstream effects on policy pretraining and online improvement. Concretely, Robo-ValueRL learns a history-conditioned value estimator and evaluates its reliability through global-progress and local-preference metrics. These resulting value estimates are propagated into quality-conditioned consistency-policy pretraining and a residual adaptation module on online rollouts, providing a unified testbed for analyzing how value reliability shapes downstream policy performance. Across 240 hours of offline demonstrations and over 3,000 online rollout trajectories, our extensive experiments show that downstream performance is strongly associated with value reliability. Reliable value functions provide better action-quality estimates, allowing value-guided offline RL to scale more effectively than quality-agnostic behavior cloning, and stabilize online improvement by prioritizing high-quality rollout data. Integrating reliable value guidance through offline pretraining with online improvement, our system achieves 86% success on millimeter-level precise chip insertion and 84% on generalizable block disassembly. We hope these findings highlight the importance of value-guided data utilization for effective policy improvement from heterogeneous robotic experience.",high,A4,1,A4=high,"A4=Ranks or weights trajectories/transitions according to return, coverage, value, or policy-improvement utility in offline learning.",A4=It offers a direct or transferable way to connect robot experience choices to learned policy behavior.,A4=true,primary_assignment,,,arxiv:2607.09866 | paper:2330707948166606175,arxiv:2607.09866,2330707948166606175,,q04-trajectory-influence,semantic-search,,A4,false,false,false,false,A4/assigned-papers.json | A4/assigned-registry-inspected.jsonl | A4/assigned-registry-preinspect.jsonl | A4/canonical-registry.jsonl | A4/raw/q04-trajectory-influence.json,A4/abstract-triage.jsonl
1824,arxiv:2607.23755,5,HIGH,A1,DAP-Pose: Deep Temporal Alignment and Physics-aware Cross-modal Sensor Fusion for Robust Pose Estimation,arxiv:2607.23755,"Robust and accurate pose estimation with multi-modal sensors is fundamental for autonomous vehicles and mobile robotic systems in complex environments. In this paper, we propose DAP-Pose, a unified end-to-end model for robust multi-modal pose estimation. DAP-Pose introduces a Bi-level Cross-modal Fusion (BCF) module that captures complementary semantic and geometric motion cues from visual, inertial, and GNSS measurements. To handle temporal offsets, we designed a Deep Temporal Alignment (DTA) module that explicitly aligns asynchronous streams in latent space, enabling coherent motion modeling without strict hardware synchronization. Furthermore, we incorporate physics-aware constraints via manifold geometry and GNSS-guided absolute metric scale, enforcing motion consistency and mitigating drift. Experiments upon the public KITTI benchmark dataset were conducted to evaluate the performance of DAP-Pose against existing methods. DAP-Pose achieved the state-of-the-art performance, with the lowest average translation error (trel) of 1.31% and rotation error (rrel) of 0.46∘. Furthermore, it accurately estimates poses and maintains robust performance under severe artificially injected temporal misalignment.",high,A1,1,A1=high,"A1=DAP-Pose uses a latent deep temporal-alignment module to fuse asynchronous visual, inertial, and GNSS streams under physics-aware constraints.",A1=It offers a transferable learned alignment-plus-physics pattern for robot state estimation under injected timing errors.,A1=true,primary_assignment,,,arxiv:2607.23755,arxiv:2607.23755,4829495359740640544,,q02-synonyms,search-papers,,A1,false,false,false,false,A1/assigned-papers.json | A1/evidence-read-manifest.json | A1/inspection-manifest.json | A1/paper-registry-complete.json | A1/paper-registry.json | A1/raw/q02-synonyms.json,A1/assigned-abstracts.jsonl | A1/triage.jsonl
1837,arxiv:2608.05970,5,HIGH,A2,SkillMemo: Expert-guided Skill Memory Framework for Compositional Embodied Manipulation,arxiv:2608.05970,"Embodied visuomotor models, including Diffusion Policy (DP) and Vision-Language-Action (VLA) models, have demonstrated promising performance on robotic manipulation benchmarks. However, their potential remains fundamentally constrained by the scarcity of large-scale embodied trajectory datasets, leading to insufficient compositional generalization in out-of-distribution (OOD) scenarios with limited capability to capture reusable skill structures. To address this limitation, we propose Skill-Based Memory (SkillMemo) framework that implicitly decomposes long-horizon demonstrations into latent atomic skills and integrates skill-level features into a dynamic episodic memory bank for solving compositional tasks. Specifically, we first introduce an expert-guided trajectory segmentation module built upon a Mixture-of-Experts (MoE) architecture, which implicitly partitions trajectories into distinct skill primitives represented by learned gating coefficients. We further design a skill-level episodic memory architecture that stores compact skill representations as retrievable key-value pairs. During inference, the memory bank retrieves the most relevant skill primitives which are subsequently fused with the model's current gating distribution, providing a robust contextual prior to refine action predictions. Extensive experiments on the simulation benchmark and real-world manipulation tasks demonstrate that SkillMemo consistently enhances both DP and VLA backbones, achieving state-of-the-art performance and outperforming π0.5, while exhibiting strong compositional generalization to unseen task configurations.",high,A2,1,A2=high,A2=Detects or learns semantically meaningful trajectory segments and uses them as variable-horizon action chunks or keypose-to-keypose control targets.,"A2=Boundary and horizon choices determine the training unit, feedback latency, credit assignment, and compounding-error exposure in long-horizon robot learning.",A2=true,primary_assignment,"Changyuan Wang, Chubin Zhang, Zhenyu Wu, Runhao Li, Angyuan Ma, Ke Chao, Yinan Liang, Xiuwei Xu, Ziwei Wang, Yansong Tang, Jiwen Lu",2026,arxiv:2608.05970,arxiv:2608.05970,8869541691629588798,cs.AI | cs.RO,2024 2025 robot manipulation trajectory segmentation skill discovery | 2025 2026 embodied learning trajectory compression skill segmentation | skill segmentation motion primitives robot demonstrations change point detection,search-papers,false,A2,false,false,false,false,A2/assigned-papers.json | A2/assigned-registry-inspected.json | A2/assigned-registry-inspected.jsonl | A2/canonical-pool.json | A2/canonical-pool.jsonl | A2/raw/q05-synonyms.json | A2/raw/q39-2024-2025-segmentation.json | A2/raw/q44-2025-2026-compression.json,A2/assigned-abstracts.jsonl | A2/triage.jsonl
1850,arxiv:2608.26645,5,HIGH,A6,FLARE: A Failure-Aware Framework for Autonomous Correction and Recovery in Visual-Language Robotic Manipulation,arxiv:2608.26645,"Vision-Language-Action Models (VLAs) have demonstrated significant promise in generalizing to complex, long-horizon robotic manipulation tasks. However, their performance remains brittle, as they are typically trained on trajectory-monotonic, failure-free demonstrations. This reliance on ``perfect"" data leaves them unable to recover from common execution errors, such as a missed grasp, a dropped object, or an unexpected collision. In this paper, we propose FLARE, a novel framework that endows VLAs with robust error recovery capabilities through a ``Retry"" and ``Reset"" paradigm. First, we introduce a ``Retry"" mechanism by injecting perturbation and bridging segments that decouple robot pose from environment state into demonstrations, enabling the policy to autonomously handle execution deviations. Second, to address critical, state-breaking (OOD) failures, we introduce a ``Reset"" pipeline. We leverage an MLLM for offline failure analysis to automatically identify OOD states from execution videos. This analysis enables the efficient, targeted collection of a small library of object-centric ``Reset"" skills, which are trained to restore the environment to a task-valid state. Our full framework integrates these learned policies. At inference, an online MLLM monitor arbitrates between task execution and ``Reset"" skills. Experiments on challenging, contact-rich manipulation tasks show our approach significantly improves task success and robustness.",high,A6,1,A6=high,"A6=Uses failure, recovery, retry, correction, or intervention data to return execution to a viable state or learn corrective behavior.",A6=Shows how imperfect experience can teach robust retry and recovery behavior instead of being discarded.,A6=true,primary_assignment,"Ganlong Zhao, Zijia Tang, Xingping Chen, Zhanghui Kuang, Ye Tian, Guanbin Li",2026,arxiv:2608.26645,arxiv:2608.26645,678452160525643206,cs.RO,q01-direct-failed-recovery | q04-direct-failure-aware-data | q14-mech-recovery-intervention | q15-failure-detection-recovery | q16-failure-replay | q30-recent-fail-recovery | q32-recent-vla-recovery | q35-found-learn-failures,search-papers,,A6,true,true,false,false,A6/raw-retrieval/q01-direct-failed-recovery.json | A6/raw-retrieval/q04-direct-failure-aware-data.json | A6/raw-retrieval/q14-mech-recovery-intervention.json | A6/raw-retrieval/q15-failure-detection-recovery.json | A6/raw-retrieval/q16-failure-replay.json | A6/raw-retrieval/q30-recent-fail-recovery.json | A6/raw-retrieval/q32-recent-vla-recovery.json | A6/raw-retrieval/q35-found-learn-failures.json | A6/registry-assignment.jsonl | A6/work/assigned-registry-inspected.jsonl | A6/work/assigned-registry-preinspect.jsonl | A6/work/canonical-pool.jsonl | A6/work/evidence-index.jsonl,A6/triage.jsonl
1863,doi:10.1109/cvpr42600.2020.00951,5,MEDIUM,A1,Discovering Synchronized Subsets of Sequences: A Large Scale Solution.,doi:10.1109/cvpr42600.2020.00951,"Finding the largest subset of sequences (i.e., time series) that are correlated above a certain threshold, within large datasets, is of significant interest for computer vision and pattern recognition problems across domains, including behavior analysis, computational biology,…",medium,A1,1,A1=medium,"A1=The paper develops or evaluates a temporal correspondence, synchronization, delay, or sequence-representation mechanism for Discovering Synchronized Subsets of Sequences: A Large Scale Solution.","A1=Its adjacent-domain method may provide a transferable alignment idea, but the robot transfer path requires verification.",A1=true,expansion_round_1,,,doi:10.1109/cvpr42600.2020.00951 | pmcid:PMC7508311 | pmid:32968342,pmcid:PMC7508311,5047228121893456402,,,related-citers,,A1,false,false,false,false,A1/expansion-registry.json | A1/paper-registry-complete.json,A1/expansion-triage.jsonl
1876,doi:10.1109/tpami.2008.301,5,MEDIUM,A1,Linear sequence-to-sequence alignment.,doi:10.1109/tpami.2008.301,"In this paper, we consider the problem of estimating the spatiotemporal alignment between N unsynchronized video sequences of the same dynamic 3D scene, captured from distinct viewpoints. Unlike most existing methods, which work for N = 2 and rely on a computationally intensive…",medium,A1,1,A1=medium,"A1=The paper develops or evaluates a temporal correspondence, synchronization, delay, or sequence-representation mechanism for Linear sequence-to-sequence alignment.","A1=Its adjacent-domain method may provide a transferable alignment idea, but the robot transfer path requires verification.",A1=true,expansion_round_1,,,doi:10.1109/TPAMI.2008.301 | pmid:20075460,pmid:20075460,4812379650923128571,,,related-similar,,A1,false,false,false,false,A1/expansion-registry.json | A1/paper-registry-complete.json,A1/expansion-triage.jsonl
1889,doi:10.3389/fnbot.2020.00055,5,HIGH,A1,An Incremental Learning Framework to Enhance Teaching by Demonstration Based on Multimodal Sensor Fusion.,doi:10.3389/fnbot.2020.00055,"The KF algorithm is mainly used to fuse sensor data of different modalities, and the DTW algorithm is used to align the data in the same timeline.",high,A1,1,A1=high,A1=The framework fuses heterogeneous sensors with a Kalman filter and aligns their timelines with DTW during incremental teaching by demonstration.,A1=It is a direct robot precedent for combining online sensor fusion with temporal correspondence before learning.,A1=true,primary_assignment,,,doi:10.3389/fnbot.2020.00055 | pmcid:PMC7481388 | pmid:32982712,pmcid:PMC7481388,164291128922978147,,q01-direct | q09-foundational-robot,search-papers,foundational,A1,false,false,false,false,A1/assigned-papers.json | A1/inspection-manifest.json | A1/paper-registry-complete.json | A1/paper-registry.json,A1/assigned-abstracts.jsonl | A1/triage.jsonl
