pass2_index,paper_id,assigned_agent,first_pass_classification,source_lane,paper_name,id,abstract,triage_label,lanes,lane_count,triage_labels_by_lane,mechanisms_by_lane,why_it_matters_by_lane,follow_up_by_lane,corpus_stages,authors,year,source_ids,primary_id,source_paper_id,categories,queries,discovery_methods,designations,primary_readers,metadata_verified_any,body_inspected_any,evidence_read_any,triage_disagreement,source_registry_paths,source_triage_paths
6,arxiv:1106.0681,7,MEDIUM,A8,Accelerating Reinforcement Learning through Implicit Imitation,arxiv:1106.0681,"Imitation can be viewed as a means of enhancing learning in multiagent environments. It augments an agent's ability to learn useful behaviors by making intelligent use of the knowledge implicit in behaviors demonstrated by cooperative teachers or other more experienced agents. We propose and study a formal model of implicit imitation that can accelerate reinforcement learning dramatically in certain cases. Roughly, by observing a mentor, a reinforcement-learning agent can extract information about its own capabilities in, and the relative value of, unvisited parts of the state space. We study two specific instantiations of this model, one in which the learning agent and the mentor have identical abilities, and one designed to deal with agents and mentors with different action sets. We illustrate the benefits of implicit imitation by integrating it with prioritized sweeping, and demonstrating improved performance and convergence through observation of single and multiple mentors. Though we make some stringent assumptions regarding observability and possible interactions, we briefly comment on extensions of the model that relax these restricitions.",medium,A8,1,A8=medium,A8=Demonstrations initialize or guide reinforcement learning so exploration starts near useful behavior and then improves by trial outcomes.,A8=It frames demonstrations as an information-efficient prior for deciding where subsequent exploration should occur.,A8=true,expansion_round_1,,,arxiv:1106.0681 | paperid:3022603854347046548,,,,,related-papers,,A8,false,false,false,false,A8/work/expansion-novel.jsonl | A8/work/expansion-pool.jsonl,A8/work/expansion-triage.jsonl
19,arxiv:1301.2603,7,MEDIUM,A4,Robust subspace clustering,arxiv:1301.2603,"Subspace clustering refers to the task of finding a multi-subspace representation that best fits a collection of points taken from a high-dimensional space. This paper introduces an algorithm inspired by sparse subspace clustering (SSC) [In IEEE Conference on Computer Vision and Pattern Recognition, CVPR (2009) 2790-2797] to cluster noisy data, and develops some novel theory demonstrating its correctness. In particular, the theory uses ideas from geometric functional analysis to show that the algorithm can accurately recover the underlying subspaces under minimal requirements on their orientation, and on the number of samples per subspace. Synthetic as well as real data experiments complement our theoretical study, illustrating our approach and demonstrating its effectiveness.",medium,A4,1,A4=medium,A4=Provides adjacent evidence about how data composition affects learning outcomes.,A4=It extends the A4 mechanism space with adjacent data-centric evidence.,A4=true,expansion_round_1,,,arxiv:1301.2603 | paper:7532314981416925193,,,,,,,A4,false,false,false,false,A4/expansion/round3/registry.jsonl,A4/expansion/all-new-expansion-triage.jsonl
32,arxiv:1406.2541,7,HIGH,A8,Predictive Entropy Search for Efficient Global Optimization of Black-box Functions,arxiv:1406.2541,"We propose a novel information-theoretic approach for Bayesian optimization called Predictive Entropy Search (PES). At each iteration, PES selects the next evaluation point that maximizes the expected information gained with respect to the global maximum. PES codifies this intractable acquisition function in terms of the expected reduction in the differential entropy of the predictive distribution. This reformulation allows PES to obtain approximations that are both more accurate and efficient than other alternatives such as Entropy Search (ES). Furthermore, PES can easily perform a fully Bayesian treatment of the model hyperparameters while ES cannot. We evaluate PES in both synthetic and real-world applications, including optimization problems in machine learning, finance, biotechnology, and robotics. We show that the increased accuracy of PES leads to significant gains in optimization performance.",high,A8,1,A8=high,A8=Predictive entropy search selects evaluations expected to reduce uncertainty about the location of the optimum.,A8=It is a transferable acquisition rule for choosing costly robot experiments with maximum decision value.,A8=true,expansion_round_3,,,arxiv:1406.2541 | paperid:6055344540442798266,,,,,,,A8,false,false,false,false,A8/work/expansion-round3-novel.jsonl,A8/work/expansion-round3-triage.jsonl
45,arxiv:1503.02406,7,MEDIUM,A5,Deep Learning and the Information Bottleneck Principle,arxiv:1503.02406,"Deep Neural Networks (DNNs) are analyzed via the theoretical framework of the information bottleneck (IB) principle. We first show that any DNN can be quantified by the mutual information between the layers and the input and output variables. Using this representation we can calculate the optimal information theoretic limits of the DNN and obtain finite sample generalization bounds. The advantage of getting closer to the theoretical limit is quantifiable both by the generalization bound and by the network's simplicity. We argue that both the optimal architecture, number of layers and features/connections at each layer, are related to the bifurcation points of the information bottleneck tradeoff, namely, relevant compression of the input layer with respect to the output layer. The hierarchical representations at the layered network naturally correspond to the structural phase transitions along the information curve. We believe that this new insight can lead to new optimality bounds and deep learning algorithms.",medium,A5,1,A5=medium,A5=Using this representation we can calculate the optimal information theoretic limits of the DNN and obtain finite sample generalization bounds.,A5=This weighting neighbor tests whether the expansion adds a reusable mechanism for controlling robot experience in policy training.,A5=true,expansion_round_3,,,arxiv:1503.02406,arxiv:1503.02406,2731341125660256416,,,,,A5,false,false,false,false,A5/expansion/raw/round3-references.json | A5/expansion/raw/round3-similar.json,A5/expansion/round3-triage.jsonl
58,arxiv:1509.01626,7,MEDIUM,A4,Character-level Convolutional Networks for Text Classification,arxiv:1509.01626,"This article offers an empirical exploration on the use of character-level convolutional networks (ConvNets) for text classification. We constructed several large-scale datasets to show that character-level convolutional networks could achieve state-of-the-art or competitive results. Comparisons are offered against traditional models such as bag of words, n-grams and their TFIDF variants, and deep learning models such as word-based ConvNets and recurrent neural networks.",medium,A4,1,A4=medium,A4=Connects trajectory or dataset composition to downstream policy or model behavior.,A4=It provides adjacent evidence for data-efficient training intelligence.,A4=false,expansion_round_1,,,arxiv:1509.01626 | paper:371069465970697393,,,,,related-paper-expansion,,A4,false,false,false,false,A4/expansion/expansion-registry.jsonl,A4/expansion/expansion-triage.jsonl
71,arxiv:1512.03385,7,MEDIUM,A1 | A4 | A5 | A8,Deep Residual Learning for Image Recognition,arxiv:1512.03385,"Deeper neural networks are more difficult to train. We present a residual learning framework to ease the training of networks that are substantially deeper than those used previously. We explicitly reformulate the layers as learning residual functions with reference to the layer inputs, instead of learning unreferenced functions. We provide comprehensive empirical evidence showing that these residual networks are easier to optimize, and can gain accuracy from considerably increased depth. On the ImageNet dataset we evaluate residual nets with a depth of up to 152 layers---8x deeper than VGG nets but still having lower complexity. An ensemble of these residual nets achieves 3.57% error on the ImageNet test set. This result won the 1st place on the ILSVRC 2015 classification task. We also present analysis on CIFAR-10 with 100 and 1000 layers. The depth of representations is of central importance for many visual recognition tasks. Solely due to our extremely deep representations, we obtain a 28% relative improvement on the COCO object detection dataset. Deep residual nets are foundations of our submissions to ILSVRC & COCO 2015 competitions, where we also won the 1st places on the tasks of ImageNet detection, ImageNet localization, COCO detection, and COCO segmentation.",medium,A1 | A4 | A5 | A8,4,A1=low | A4=medium | A5=low | A8=low,"A1=The abstract does not expose a clear temporal mechanism connected to the lane. | A4=Connects trajectory or dataset composition to downstream policy or model behavior. | A5=This result won the 1st place on the ILSVRC 2015 classification task. | A8=The abstract does not identify a mechanism tied to robot representation usefulness, active data collection, or exploration.","A1=Its adjacent-domain method may provide a transferable alignment idea, but the robot transfer path requires verification. | A4=It provides adjacent evidence for data-efficient training intelligence. | A5=The expansion tests whether this weighting mechanism adds a reusable way to control which robot experience influences policy training. | A8=It is a generic vision architecture paper rather than an actionable A8 mechanism.",A1=false | A4=false | A5=false | A8=false,expansion_round_1 | expansion_round_2,,,arxiv:1512.03385 | paper:3833055485102596435 | paperid:3833055485102596435,arxiv:1512.03385,3833055485102596435,,,related-paper-expansion | related-papers-round2 | related-papers-round3,,A1,false,false,false,true,A1/expansion-round2-registry.json | A1/expansion-round3-registry.json | A1/paper-registry-complete.json | A4/expansion/expansion-registry.jsonl | A4/expansion/round2/registry.jsonl | A4/expansion/round3/registry.jsonl | A4/expansion/round4/registry.jsonl | A4/expansion/round5/registry.jsonl | A5/expansion/raw/round1-similar.json | A5/expansion/raw/round2-similar.json | A5/expansion/raw/round3-similar.json | A8/work/expansion-round2-novel.jsonl,A1/expansion-round2-triage.jsonl | A4/expansion/expansion-triage.jsonl | A5/expansion/round1-triage.jsonl | A8/work/expansion-round2-triage.jsonl
84,arxiv:1603.00964,7,HIGH,A2,Object Manipulation Learning by Imitation,arxiv:1603.00964,"We aim to enable robot to learn object manipulation by imitation. Given external observations of demonstrations on object manipulations, we believe that two underlying problems to address in learning by imitation is 1) segment a given demonstration into skills that can be individually learned and reused, and 2) formulate the correct RL (Reinforcement Learning) problem that only considers the relevant aspects of each skill so that the policy for each skill can be effectively learned. Previous works made certain progress in this direction, but none has taken private information into account. The public information is the information that is available in the external observations of demonstration, and the private information is the information that are only available to the agent that executes the actions, such as tactile sensations. Our contribution is that we provide a method for the robot to automatically segment the demonstration of object manipulations into multiple skills, and formulate the correct RL problem for each skill, and automatically decide whether the private information is an important aspect of each skill based on interaction with the world. Our experiment shows that our robot learns to pick up a block, and stack it onto another block by imitating an observed demonstration. The evaluation is based on 1) whether the demonstration is reasonably segmented, 2) whether the correct RL problems are formulated, 3) and whether a good policy is learned.",high,A2,1,A2=high,"A2=Localizes event, phase, or subtask boundaries by modeling changes in multimodal observations, dynamics, language, or latent sequence structure.","A2=Boundary and horizon choices determine the training unit, feedback latency, credit assignment, and compounding-error exposure in long-horizon robot learning.",A2=true,primary_assignment,"Zhen Zeng, Benjamin Kuipers",2016,arxiv:1603.00964,arxiv:1603.00964,1559096342749981196,cs.AI | cs.RO,learning to segment demonstrations programming by demonstration | robot learning trajectory segmentation event boundaries action sequences | robot manipulation demonstration segmentation subtask boundaries temporally extended actions | trajectory segmentation imitation learning demonstrations event detection,search-papers,true,A2,false,false,false,false,A2/assigned-papers.json | A2/assigned-registry-inspected.json | A2/assigned-registry-inspected.jsonl | A2/canonical-pool.json | A2/canonical-pool.jsonl | A2/raw/q01-direct.json | A2/raw/q02-direct.json | A2/raw/q03-direct.json | A2/raw/q29-programming-by-demo.json | A6/raw-retrieval/q09-mech-segmentation.json | A6/work/canonical-pool.jsonl,A2/assigned-abstracts.jsonl | A2/triage.jsonl
97,arxiv:1605.09674,7,HIGH,A8,VIME: Variational Information Maximizing Exploration,arxiv:1605.09674,"Scalable and effective exploration remains a key challenge in reinforcement learning (RL). While there are methods with optimality guarantees in the setting of discrete state and action spaces, these methods cannot be applied in high-dimensional deep RL scenarios. As such, most contemporary RL relies on simple heuristics such as epsilon-greedy exploration or adding Gaussian noise to the controls. This paper introduces Variational Information Maximizing Exploration (VIME), an exploration strategy based on maximization of information gain about the agent's belief of environment dynamics. We propose a practical implementation, using variational inference in Bayesian neural networks which efficiently handles continuous state and action spaces. VIME modifies the MDP reward function, and can be applied with several different underlying RL algorithms. We demonstrate that VIME achieves significantly better performance compared to heuristic exploration methods across a variety of continuous control tasks and algorithms, including tasks with very sparse rewards.",high,A8,1,A8=high,A8=A variational Bayesian dynamics model rewards actions that maximize information gain about model parameters.,A8=It is a foundational uncertainty-driven experiment-design mechanism for selecting robot interactions.,A8=true,expansion_round_3,,,arxiv:1605.09674 | paperid:1140231910121940911,,,,,,,A8,false,false,false,false,A8/work/expansion-round3-novel.jsonl,A8/work/expansion-round3-triage.jsonl
110,arxiv:1609.08201,7,MEDIUM,A1,Robust Time-Series Retrieval Using Probabilistic Adaptive Segmental Alignment,arxiv:1609.08201,"Traditional pairwise sequence alignment is based on matching individual samples from two sequences, under time monotonicity constraints. However, in many application settings matching subsequences (segments) instead of individual samples may bring in additional robustness to noise or local non-causal perturbations. This paper presents an approach to segmental sequence alignment that jointly segments and aligns two sequences, generalizing the traditional per-sample alignment. To accomplish this task, we introduce a distance metric between segments based on average pairwise distances and then present a modified pair-HMM (PHMM) that incorporates the proposed distance metric to solve the joint segmentation and alignment task. We also propose a relaxation to our model that improves the computational efficiency of the generic segmental PHMM. Our results demonstrate that this new measure of sequence similarity can lead to improved classification performance, while being resilient to noise, on a variety of sequence retrieval problems, from EEG to motion sequence classification.",medium,A1,1,A1=medium,"A1=The paper develops or evaluates a temporal correspondence, synchronization, delay, or sequence-representation mechanism for Robust Time-Series Retrieval Using Probabilistic Adaptive Segmental Alignment.","A1=Its adjacent-domain method may provide a transferable alignment idea, but the robot transfer path requires verification.",A1=true,expansion_round_1,,,arxiv:1609.08201,arxiv:1609.08201,2051994518670813318,,,related-similar,,A1,false,false,false,false,A1/expansion-registry.json | A1/paper-registry-complete.json,A1/expansion-triage.jsonl
123,arxiv:1611.07476,7,MEDIUM,A4,Eigenvalues of the Hessian in Deep Learning: Singularity and Beyond,arxiv:1611.07476,"We look at the eigenvalues of the Hessian of a loss function before and after training. The eigenvalue distribution is seen to be composed of two parts, the bulk which is concentrated around zero, and the edges which are scattered away from zero. We present empirical evidence for the bulk indicating how over-parametrized the system is, and for the edges that depend on the input data.",medium,A4,1,A4=medium,A4=Connects trajectory or dataset composition to downstream policy or model behavior.,A4=It provides adjacent evidence for data-efficient training intelligence.,A4=false,expansion_round_1,,,arxiv:1611.07476 | paper:3830380477984758992,,,,,related-paper-expansion,,A4,false,false,false,false,A4/expansion/expansion-registry.jsonl,A4/expansion/expansion-triage.jsonl
136,arxiv:1703.00956,7,HIGH,A2,A Laplacian Framework for Option Discovery in Reinforcement Learning,arxiv:1703.00956,"Representation learning and option discovery are two of the biggest challenges in reinforcement learning (RL). Proto-value functions (PVFs) are a well-known approach for representation learning in MDPs. In this paper we address the option discovery problem by showing how PVFs implicitly define options. We do it by introducing eigenpurposes, intrinsic reward functions derived from the learned representations. The options discovered from eigenpurposes traverse the principal directions of the state space. They are useful for multiple tasks because they are discovered without taking the environment's rewards into consideration. Moreover, different options act at different time scales, making them helpful for exploration. We demonstrate features of eigenpurposes in traditional tabular domains as well as in Atari 2600 games.",high,A2,1,A2=high,"A2=Encodes or selects compact trajectory segments or latent plans so sequential experience can be retrieved, recombined, or reused.","A2=The mechanism can turn long robot experience into reusable training units, skill memories, or better-conditioned policy targets.",A2=true,expansion_round_1,,2017,arxiv:1703.00956,,,,,,,A2,false,false,false,false,A2/expansion-pool.json | A2/expansion-pool.jsonl,A2/expansion-triage.jsonl
149,arxiv:1703.07015,7,MEDIUM,A1,Modeling Long- and Short-Term Temporal Patterns with Deep Neural Networks,arxiv:1703.07015,"Multivariate time series forecasting is an important machine learning problem across many domains, including predictions of solar plant energy output, electricity consumption, and traffic jam situation. Temporal data arise in these real-world applications often involves a mixture of long-term and short-term patterns, for which traditional approaches such as Autoregressive models and Gaussian Process may fail. In this paper, we proposed a novel deep learning framework, namely Long- and Short-term Time-series network (LSTNet), to address this open challenge. LSTNet uses the Convolution Neural Network (CNN) and the Recurrent Neural Network (RNN) to extract short-term local dependency patterns among variables and to discover long-term patterns for time series trends. Furthermore, we leverage traditional autoregressive model to tackle the scale insensitive problem of the neural network model. In our evaluation on real-world data with complex mixtures of repetitive patterns, LSTNet achieved significant performance improvements over that of several state-of-the-art baseline methods. All the data and experiment codes are available online.",medium,A1,1,A1=medium,"A1=The paper develops or evaluates a temporal correspondence, synchronization, delay, or sequence-representation mechanism for Modeling Long- and Short-Term Temporal Patterns with Deep Neural Networks.","A1=Its adjacent-domain method may provide a transferable alignment idea, but the robot transfer path requires verification.",A1=true,expansion_round_3,,,arxiv:1703.07015,arxiv:1703.07015,1206052162418195035,,,related-papers-round3,,A1,false,false,false,false,A1/expansion-round3-registry.json | A1/paper-registry-complete.json,A1/expansion-round3-triage.jsonl
162,arxiv:1705.05363,7,MEDIUM,A2,Curiosity-driven Exploration by Self-supervised Prediction,arxiv:1705.05363,"In many real-world scenarios, rewards extrinsic to the agent are extremely sparse, or absent altogether. In such cases, curiosity can serve as an intrinsic reward signal to enable the agent to explore its environment and learn skills that might be useful later in its life. We formulate curiosity as the error in an agent's ability to predict the consequence of its own actions in a visual feature space learned by a self-supervised inverse dynamics model. Our formulation scales to high-dimensional continuous state spaces like images, bypasses the difficulties of directly predicting pixels, and, critically, ignores the aspects of the environment that cannot affect the agent. The proposed approach is evaluated in two environments: VizDoom and Super Mario Bros. Three broad settings are investigated: 1) sparse extrinsic reward, where curiosity allows for far fewer interactions with the environment to reach the goal; 2) exploration with no extrinsic reward, where curiosity pushes the agent to explore more efficiently; and 3) generalization to unseen scenarios (e.g. new levels of the same game) where the knowledge gained from earlier experience helps the agent explore new places much faster than starting from scratch. Demo video and code available at https://pathak22.github.io/noreward-rl/",medium,A2,1,A2=medium,A2=Discovers reusable temporal structure in sequential experience for downstream decision making or policy learning.,A2=The adjacent sequence mechanism offers a transferable way to localize or compress useful intervals when robot labels are scarce.,A2=true,expansion_round_1,,2017,arxiv:1705.05363,arxiv:1705.05363,5100390407307908367,,A8 | q22-foundational,search-papers,foundational,A2,false,false,false,false,A2/expansion-pool.json | A2/expansion-pool.jsonl | A8/raw/q22-foundational.json | A8/work/canonical-pool.jsonl | A8/work/expansion-pool.jsonl,A2/expansion-triage.jsonl
175,arxiv:1707.01495,7,HIGH,A2 | A6 | A8,Hindsight Experience Replay,arxiv:1707.01495,"Dealing with sparse rewards is one of the biggest challenges in Reinforcement Learning (RL). We present a novel technique called Hindsight Experience Replay which allows sample-efficient learning from rewards which are sparse and binary and therefore avoid the need for complicated reward engineering. It can be combined with an arbitrary off-policy RL algorithm and may be seen as a form of implicit curriculum. We demonstrate our approach on the task of manipulating objects with a robotic arm. In particular, we run experiments on three different tasks: pushing, sliding, and pick-and-place, in each case using only binary rewards indicating whether or not the task is completed. Our ablation studies show that Hindsight Experience Replay is a crucial ingredient which makes training possible in these challenging environments. We show that our policies trained on a physics simulation can be deployed on a physical robot and successfully complete the task.",high,A2 | A6 | A8,3,A2=low | A6=high | A8=medium,"A2=Discovers reusable temporal structure in sequential experience for downstream decision making or policy learning. | A6=Infers quality, reward, value, or preferences from mixed-outcome demonstrations to reweight or improve actions. | A8=Failed episodes are relabeled with achieved goals so sparse-reward experience supplies learning signal for alternative objectives.","A2=The mechanism can turn long robot experience into reusable training units, skill memories, or better-conditioned policy targets. | A6=Turns success, failure, and relative-quality signals into supervision for experience selection or policy improvement. | A8=It increases the usefulness of collected failures and supports coverage-aware replay, although it is not a representation selector itself.",A2=false | A6=true | A8=true,expansion_round_1 | expansion_round_2 | primary_assignment,"Marcin Andrychowicz, Filip Wolski, Alex Ray, Jonas Schneider, Rachel Fong, Peter Welinder, Bob McGrew, Josh Tobin, Pieter Abbeel, Wojciech Zaremba",2017,arxiv:1707.01495 | paperid:8747658690710161793,arxiv:1707.01495,8747658690710161793,cs.AI | cs.LG | cs.NE | cs.RO,q17-failure-negative-visuomotor | temporal abstraction long horizon manipulation sparse reward credit assignment,related-papers | search-papers,true,A6,true,true,false,true,A2/canonical-pool.json | A2/canonical-pool.jsonl | A2/expansion-pool.json | A2/expansion-pool.jsonl | A2/raw/q20-sparse-reward.json | A5/canonical-pool.jsonl | A5/expansion/raw/round1-references.json | A5/expansion/raw/round1-similar.json | A5/paper-registry.json | A6/expansion/canonical-pool.jsonl | A6/raw-retrieval/q17-failure-negative-visuomotor.json | A6/registry-assignment.jsonl | A6/work/assigned-registry-inspected.jsonl | A6/work/assigned-registry-preinspect.jsonl | A6/work/canonical-pool.jsonl | A6/work/evidence-index.jsonl | A8/work/expansion-round2-novel.jsonl,A2/expansion-triage.jsonl | A6/triage.jsonl | A8/work/expansion-round2-triage.jsonl | A8/work/expansion-round3-triage.jsonl
188,arxiv:1709.04905,7,MEDIUM,A1 | A4,One-Shot Visual Imitation Learning via Meta-Learning,arxiv:1709.04905,"In order for a robot to be a generalist that can perform a wide range of jobs, it must be able to acquire a wide variety of skills quickly and efficiently in complex unstructured environments. High-capacity models such as deep neural networks can enable a robot to represent complex skills, but learning each skill from scratch then becomes infeasible. In this work, we present a meta-imitation learning method that enables a robot to learn how to learn more efficiently, allowing it to acquire new skills from just a single demonstration. Unlike prior methods for one-shot imitation, our method can scale to raw pixel inputs and requires data from significantly fewer prior tasks for effective learning of new skills. Our experiments on both simulated and real robot platforms demonstrate the ability to learn new tasks, end-to-end, from a single visual demonstration.",medium,A1 | A4,2,A1=low | A4=medium,"A1=The abstract does not expose a clear temporal mechanism connected to the lane. | A4=Connects trajectory or demonstration choice to downstream policy learning, behavior, or offline-RL utility.","A1=Its mechanism is a plausible transfer to multimodal robot experience, action-observation alignment, or temporally aware policy training. | A4=It is directly or plausibly transferable to selecting robot experience for policy learning.",A1=false | A4=false,expansion_round_1 | expansion_round_2,,,arxiv:1709.04905 | paper:8047369401898071732,arxiv:1709.04905,8047369401898071732,,,related-papers-round2 | related-papers-round3,,A1,false,false,false,true,A1/expansion-round2-registry.json | A1/expansion-round3-registry.json | A1/paper-registry-complete.json | A4/expansion/round4/registry.jsonl,A1/expansion-round2-triage.jsonl | A4/expansion/all-new-expansion-triage.jsonl
201,arxiv:1711.00073,7,MEDIUM,A1,Long-term Forecasting using Higher Order Tensor RNNs,arxiv:1711.00073,"We present Higher-Order Tensor RNN (HOT-RNN), a novel family of neural sequence architectures for multivariate forecasting in environments with nonlinear dynamics. Long-term forecasting in such systems is highly challenging, since there exist long-term temporal dependencies, higher-order correlations and sensitivity to error propagation. Our proposed recurrent architecture addresses these issues by learning the nonlinear dynamics directly using higher-order moments and higher-order state transition functions. Furthermore, we decompose the higher-order structure using the tensor-train decomposition to reduce the number of parameters while preserving the model performance. We theoretically establish the approximation guarantees and the variance bound for HOT-RNN for general sequence inputs. We also demonstrate 5% 12% improvements for long-term prediction over general RNN and LSTM architectures on a range of simulated environments with nonlinear dynamics, as well on real-world time series data.",medium,A1,1,A1=medium,"A1=The paper develops or evaluates a temporal correspondence, synchronization, delay, or sequence-representation mechanism for Long-term Forecasting using Higher Order Tensor RNNs.","A1=Its adjacent-domain method may provide a transferable alignment idea, but the robot transfer path requires verification.",A1=true,expansion_round_3,,,arxiv:1711.00073,arxiv:1711.00073,5445489312541829611,,,related-papers-round3,,A1,false,false,false,false,A1/expansion-round3-registry.json | A1/paper-registry-complete.json,A1/expansion-round3-triage.jsonl
214,arxiv:1802.03676,7,MEDIUM,A1,Differentiable Dynamic Programming for Structured Prediction and Attention,arxiv:1802.03676,"Dynamic programming (DP) solves a variety of structured combinatorial problems by iteratively breaking them down into smaller subproblems. In spite of their versatility, DP algorithms are usually non-differentiable, which hampers their use as a layer in neural networks trained by backpropagation. To address this issue, we propose to smooth the max operator in the dynamic programming recursion, using a strongly convex regularizer. This allows to relax both the optimal value and solution of the original combinatorial problem, and turns a broad class of DP algorithms into differentiable operators. Theoretically, we provide a new probabilistic perspective on backpropagating through these DP operators, and relate them to inference in graphical models. We derive two particular instantiations of our framework, a smoothed Viterbi algorithm for sequence prediction and a smoothed DTW algorithm for time-series alignment. We showcase these instantiations on two structured prediction tasks and on structured and sparse attention for neural machine translation.",medium,A1,1,A1=medium,"A1=The paper develops or evaluates a temporal correspondence, synchronization, delay, or sequence-representation mechanism for Differentiable Dynamic Programming for Structured Prediction and Attention.","A1=Its adjacent-domain method may provide a transferable alignment idea, but the robot transfer path requires verification.",A1=true,expansion_round_1,,,arxiv:1802.03676,arxiv:1802.03676,6631983213120984216,,,related-similar,,A1,false,false,false,false,A1/expansion-registry.json | A1/expansion-round2-registry.json | A1/expansion-round3-registry.json | A1/paper-registry-complete.json,A1/expansion-triage.jsonl
227,arxiv:1805.04687,7,HIGH,A7,BDD100K: A Diverse Driving Dataset for Heterogeneous Multitask Learning,arxiv:1805.04687,"Datasets drive vision progress, yet existing driving datasets are impoverished in terms of visual content and supported tasks to study multitask learning for autonomous driving. Researchers are usually constrained to study a small set of problems on one dataset, while real-world computer vision applications require performing tasks of various complexities. We construct BDD100K, the largest driving video dataset with 100K videos and 10 tasks to evaluate the exciting progress of image recognition algorithms on autonomous driving. The dataset possesses geographic, environmental, and weather diversity, which is useful for training models that are less likely to be surprised by new conditions. Based on this diverse dataset, we build a benchmark for heterogeneous multitask learning and study how to solve the tasks together. Our experiments show that special training strategies are needed for existing models to perform such heterogeneous tasks. BDD100K opens the door for future studies in this important venue.",high,A7,1,A7=high,"A7=Datasets drive vision progress, yet existing driving datasets are impoverished in terms of visual content and supported tasks to study multitask learning for autonomous driving.",A7=It provides a route to reuse heterogeneous experience across embodiments or data sources.,A7=true,expansion_round_1,,,arxiv:1805.04687,,,,,references,,A7,false,false,false,false,A7/work/expansion-registry.json | A7/work/expansion-registry.jsonl,A7/work/expansion-triage.jsonl
240,arxiv:1806.10293,7,HIGH,A4 | A5 | A7 | A8,QT-Opt: Scalable Deep Reinforcement Learning for Vision-Based Robotic Manipulation,arxiv:1806.10293,"In this paper, we study the problem of learning vision-based dynamic manipulation skills using a scalable reinforcement learning approach. We study this problem in the context of grasping, a longstanding challenge in robotic manipulation. In contrast to static learning behaviors that choose a grasp point and then execute the desired grasp, our method enables closed-loop vision-based control, whereby the robot continuously updates its grasp strategy based on the most recent observations to optimize long-horizon grasp success. To that end, we introduce QT-Opt, a scalable self-supervised vision-based reinforcement learning framework that can leverage over 580k real-world grasp attempts to train a deep neural network Q-function with over 1.2M parameters to perform closed-loop, real-world grasping that generalizes to 96% grasp success on unseen objects. Aside from attaining a very high success rate, our method exhibits behaviors that are quite distinct from more standard grasping systems: using only RGB vision-based perception from an over-the-shoulder camera, our method automatically learns regrasping strategies, probes objects to find the most effective grasps, learns to reposition objects and perform other non-prehensile pre-grasp manipulations, and responds dynamically to disturbances and perturbations.",high,A4 | A5 | A7 | A8,4,A4=medium | A5=medium | A7=high | A8=high,"A4=Connects trajectory or demonstration choice to downstream policy learning, behavior, or offline-RL utility. | A5=In this paper, we study the problem of learning vision-based dynamic manipulation skills using a scalable reinforcement learning approach. | A7=In this paper, we study the problem of learning vision-based dynamic manipulation skills using a scalable reinforcement learning approach. | A8=Off-policy Q-learning scales across distributed real-robot data and uses autonomous trial outcomes to improve grasping.","A4=It is directly or plausibly transferable to selecting robot experience for policy learning. | A5=The expansion tests whether this adjacent transfer mechanism adds a reusable way to control which robot experience influences policy training. | A7=It informs how data quantity, composition, or offline experience should affect policy training. | A8=It demonstrates a closed loop in which fleet interaction, uncertainty, and outcome value can drive continued data collection.",A4=true | A5=true | A7=true | A8=true,expansion_round_1,,,arxiv:1806.10293 | paper:6789916947223841813 | paperid:6789916947223841813,arxiv:1806.10293,6789916947223841813,,,references | related-papers,,A4 | A5 | A7 | A8,false,false,false,true,A4/expansion/round3/registry.jsonl | A5/expansion/raw/round1-references.json | A5/expansion/raw/round3-references.json | A7/work/expansion-registry.json | A7/work/expansion-registry.jsonl | A8/work/expansion-novel.jsonl | A8/work/expansion-pool.jsonl,A4/expansion/all-new-expansion-triage.jsonl | A5/expansion/round1-triage.jsonl | A7/work/expansion-triage.jsonl | A8/work/expansion-triage.jsonl
253,arxiv:1810.01257,7,HIGH,A2,Near-Optimal Representation Learning for Hierarchical Reinforcement Learning,arxiv:1810.01257,"We study the problem of representation learning in goal-conditioned hierarchical reinforcement learning. In such hierarchical structures, a higher-level controller solves tasks by iteratively communicating goals which a lower-level policy is trained to reach. Accordingly, the choice of representation -- the mapping of observation space to goal space -- is crucial. To study this problem, we develop a notion of sub-optimality of a representation, defined in terms of expected reward of the optimal hierarchical policy using this representation. We derive expressions which bound the sub-optimality and show how these expressions can be translated to representation learning objectives which may be optimized in practice. Results on a number of difficult continuous-control tasks show that our approach to representation learning yields qualitatively better representations as well as quantitatively better hierarchical policies, compared to existing methods (see videos at https://sites.google.com/view/representation-hrl).",high,A2,1,A2=high,"A2=Encodes or selects compact trajectory segments or latent plans so sequential experience can be retrieved, recombined, or reused.",A2=The mechanism connects temporal structure to data selection or learning efficiency in the Program A loop.,A2=true,expansion_round_1,,2018,arxiv:1810.01257,,,,,,,A2,false,false,false,false,A2/expansion-pool.json | A2/expansion-pool.jsonl,A2/expansion-triage.jsonl
266,arxiv:1811.04869,7,HIGH,A1,A Perceptual Prediction Framework for Self Supervised Event Segmentation,arxiv:1811.04869,"Temporal segmentation of long videos is an important problem, that has largely been tackled through supervised learning, often requiring large amounts of annotated training data. In this paper, we tackle the problem of self-supervised temporal segmentation of long videos that alleviate the need for any supervision. We introduce a self-supervised, predictive learning framework that draws inspiration from cognitive psychology to segment long, visually complex videos into individual, stable segments that share the same semantics. We also introduce a new adaptive learning paradigm that helps reduce the effect of catastrophic forgetting in recurrent neural networks. Extensive experiments on three publicly available datasets - Breakfast Actions, 50 Salads, and INRIA Instructional Videos datasets show the efficacy of the proposed approach. We show that the proposed approach is able to outperform weakly-supervised and other unsupervised learning approaches by up to 24% and have competitive performance compared to fully supervised approaches. We also show that the proposed approach is able to learn highly discriminative features that help improve action recognition when used in a representation learning paradigm.",high,A1,1,A1=high,"A1=The paper develops or evaluates a temporal correspondence, synchronization, delay, or sequence-representation mechanism for A Perceptual Prediction Framework for Self Supervised Event Segmentation.","A1=Its mechanism is a plausible transfer to multimodal robot experience, action-observation alignment, or temporally aware policy training.",A1=true,expansion_round_2,,2018,arxiv:1811.04869,arxiv:1811.04869,991755870361056373,,self-supervised representation learning temporal segmentation robot trajectories,related-papers-round2 | related-papers-round3,true,A1,false,false,false,false,A1/expansion-round2-registry.json | A1/expansion-round3-registry.json | A1/paper-registry-complete.json | A2/canonical-pool.json | A2/canonical-pool.jsonl | A2/raw/q10-self-supervised.json,A1/expansion-round2-triage.jsonl
279,arxiv:1901.10113,7,HIGH,A2,Self-organization of action hierarchy and compositionality by reinforcement learning with recurrent neural networks,arxiv:1901.10113,"Recurrent neural networks (RNNs) for reinforcement learning (RL) have shown distinct advantages, e.g., solving memory-dependent tasks and meta-learning. However, little effort has been spent on improving RNN architectures and on understanding the underlying neural mechanisms for performance gain. In this paper, we propose a novel, multiple-timescale, stochastic RNN for RL. Empirical results show that the network can autonomously learn to abstract sub-goals and can self-develop an action hierarchy using internal dynamics in a challenging continuous control task. Furthermore, we show that the self-developed compositionality of the network enhances faster re-learning when adapting to a new task that is a re-composition of previously learned sub-goals, than when starting from scratch. We also found that improved performance can be achieved when neural activities are subject to stochastic rather than deterministic dynamics.",high,A2,1,A2=high,"A2=Encodes or selects compact trajectory segments or latent plans so sequential experience can be retrieved, recombined, or reused.",A2=The mechanism connects temporal structure to data selection or learning efficiency in the Program A loop.,A2=true,expansion_round_1,,2019,arxiv:1901.10113,,,,,,,A2,false,false,false,false,A2/expansion-pool.json | A2/expansion-pool.jsonl,A2/expansion-triage.jsonl
292,arxiv:1904.01201,7,MEDIUM,A4,Habitat: A Platform for Embodied AI Research,arxiv:1904.01201,"We present Habitat, a platform for research in embodied artificial intelligence (AI). Habitat enables training embodied agents (virtual robots) in highly efficient photorealistic 3D simulation. Specifically, Habitat consists of: (i) Habitat-Sim: a flexible, high-performance 3D simulator with configurable agents, sensors, and generic 3D dataset handling. Habitat-Sim is fast -- when rendering a scene from Matterport3D, it achieves several thousand frames per second (fps) running single-threaded, and can reach over 10,000 fps multi-process on a single GPU. (ii) Habitat-API: a modular high-level library for end-to-end development of embodied AI algorithms -- defining tasks (e.g., navigation, instruction following, question answering), configuring, training, and benchmarking embodied agents. These large-scale engineering contributions enable us to answer scientific questions requiring experiments that were till now impracticable or 'merely' impractical. Specifically, in the context of point-goal navigation: (1) we revisit the comparison between learning and SLAM approaches from two recent works and find evidence for the opposite conclusion -- that learning outperforms SLAM if scaled to an order of magnitude more experience than previous investigations, and (2) we conduct the first cross-dataset generalization experiments train, test x Matterport3D, Gibson for multiple sensors blind, RGB, RGBD, D and find that only agents with depth (D) sensors generalize across datasets. We hope that our open-source platform and these findings will advance research in embodied AI.",medium,A4,1,A4=medium,"A4=Connects trajectory or demonstration choice to downstream policy learning, behavior, or offline-RL utility.",A4=It is directly or plausibly transferable to selecting robot experience for policy learning.,A4=false,expansion_round_1,,,arxiv:1904.01201 | paper:8678775847681098993,,,,,,,A4,false,false,false,false,A4/expansion/round4/registry.jsonl,A4/expansion/all-new-expansion-triage.jsonl
305,arxiv:1905.12310,7,HIGH,A6,Adversarial Imitation Learning from Incomplete Demonstrations,arxiv:1905.12310,"Imitation learning targets deriving a mapping from states to actions, a.k.a. policy, from expert demonstrations. Existing methods for imitation learning typically require any actions in the demonstrations to be fully available, which is hard to ensure in real applications. Though algorithms for learning with unobservable actions have been proposed, they focus solely on state information and overlook the fact that the action sequence could still be partially available and provide useful information for policy deriving. In this paper, we propose a novel algorithm called Action-Guided Adversarial Imitation Learning (AGAIL) that learns a policy from demonstrations with incomplete action sequences, i.e., incomplete demonstrations. The core idea of AGAIL is to separate demonstrations into state and action trajectories, and train a policy with state trajectories while using actions as auxiliary information to guide the training whenever applicable. Built upon the Generative Adversarial Imitation Learning, AGAIL has three components: a generator, a discriminator, and a guide. The generator learns a policy with rewards provided by the discriminator, which tries to distinguish state distributions between demonstrations and samples generated by the policy. The guide provides additional rewards to the generator when demonstrated actions for specific states are available. We compare AGAIL to other methods on benchmark tasks and show that AGAIL consistently delivers comparable performance to the state-of-the-art methods even when the action sequence in demonstrations is only partially available.",high,A6,1,A6=high,"A6=Infers quality, reward, value, or preferences from mixed-outcome demonstrations to reweight or improve actions.","A6=Turns success, failure, and relative-quality signals into supervision for experience selection or policy improvement.",A6=true,primary_assignment,"Mingfei Sun, Xiaojuan Ma",2019,arxiv:1905.12310,arxiv:1905.12310,6684132834424807835,cs.AI | cs.LG | stat.ML,q20-adj-human-activity,search-papers,,A6,true,true,false,false,A6/raw-retrieval/q20-adj-human-activity.json | A6/registry-assignment.jsonl | A6/work/assigned-registry-inspected.jsonl | A6/work/assigned-registry-preinspect.jsonl | A6/work/canonical-pool.jsonl | A6/work/evidence-index.jsonl,A6/triage.jsonl
318,arxiv:1906.09460,7,HIGH,A1,Effective Estimation of Contact Force and Torque for Vision-based Tactile Sensor with Helmholtz-Hodge Decomposition,arxiv:1906.09460,"Retrieving rich contact information from robotic tactile sensing has been a challenging, yet significant task for the effective perception of object properties that the robot interacts with. This work is dedicated to developing an algorithm to estimate contact force and torque for vision-based tactile sensors. We first introduce the observation of the contact deformation patterns of hyperelastic materials under ideal single-axial loads in simulation. Then based on the observation, we propose a method of estimating surface forces and torque from the contact deformation vector field with the Helmholtz-Hodge Decomposition (HHD) algorithm. Extensive experiments of calibration and baseline comparison are followed to verify the effectiveness of the proposed method in terms of prediction error and variance. The proposed algorithm is further integrated into a contact force visualization module as well as a closed-loop adaptive grasp force control framework and is shown to be useful in both visualization of contact stability and minimum force grasping task.",high,A1,1,A1=high,"A1=The paper develops or evaluates a temporal correspondence, synchronization, delay, or sequence-representation mechanism for Effective Estimation of Contact Force and Torque for Vision-based Tactile Sensor with Helmholtz-Hodge Decomposition.","A1=Its mechanism is a plausible transfer to multimodal robot experience, action-observation alignment, or temporally aware policy training.",A1=true,expansion_round_2,,,arxiv:1906.09460,arxiv:1906.09460,7000089740620689016,,,related-papers-round2 | related-papers-round3,,A1,false,false,false,false,A1/expansion-round2-registry.json | A1/expansion-round3-registry.json | A1/paper-registry-complete.json,A1/expansion-round2-triage.jsonl
331,arxiv:1908.06552,7,HIGH,A1,Weakly-supervised Action Localization with Background Modeling,arxiv:1908.06552,"We describe a latent approach that learns to detect actions in long sequences given training videos with only whole-video class labels. Our approach makes use of two innovations to attention-modeling in weakly-supervised learning. First, and most notably, our framework uses an attention model to extract both foreground and background frames whose appearance is explicitly modeled. Most prior works ignore the background, but we show that modeling it allows our system to learn a richer notion of actions and their temporal extents. Second, we combine bottom-up, class-agnostic attention modules with top-down, class-specific activation maps, using the latter as form of self-supervision for the former. Doing so allows our model to learn a more accurate model of attention without explicit temporal supervision. These modifications lead to 10% AP@IoU=0.5 improvement over existing systems on THUMOS14. Our proposed weaklysupervised system outperforms recent state-of-the-arts by at least 4.3% AP@IoU=0.5. Finally, we demonstrate that weakly-supervised learning can be used to aggressively scale-up learning to in-the-wild, uncurated Instagram videos. The addition of these videos significantly improves localization performance of our weakly-supervised model",high,A1,1,A1=high,"A1=The paper develops or evaluates a temporal correspondence, synchronization, delay, or sequence-representation mechanism for Weakly-supervised Action Localization with Background Modeling.","A1=Its mechanism is a plausible transfer to multimodal robot experience, action-observation alignment, or temporally aware policy training.",A1=true,expansion_round_1,,,arxiv:1908.06552,arxiv:1908.06552,3198170775294292875,,,related-references,,A1,false,false,false,false,A1/expansion-registry.json | A1/paper-registry-complete.json,A1/expansion-triage.jsonl
344,arxiv:1910.07972,7,HIGH,A5,Adaptive Curriculum Generation from Demonstrations for Sim-to-Real Visuomotor Control,arxiv:1910.07972,"We propose Adaptive Curriculum Generation from Demonstrations (ACGD) for reinforcement learning in the presence of sparse rewards. Rather than designing shaped reward functions, ACGD adaptively sets the appropriate task difficulty for the learner by controlling where to sample from the demonstration trajectories and which set of simulation parameters to use. We show that training vision-based control policies in simulation while gradually increasing the difficulty of the task via ACGD improves the policy transfer to the real world. The degree of domain randomization is also gradually increased through the task difficulty. We demonstrate zero-shot transfer for two real-world manipulation tasks: pick-and-stow and block stacking. A video showing the results can be found at https://lmb.informatik.uni-freiburg.de/projects/curriculum/",high,A5,1,A5=high,A5=We propose Adaptive Curriculum Generation from Demonstrations (ACGD) for reinforcement learning in the presence of sparse rewards.,"A5=It informs how a robot learner can order tasks, stages, or examples to improve learning efficiency and stability.",A5=true,primary_assignment,"Lukas Hermann, Max Argus, Andreas Eitel, Artemij Amiranashvili, Wolfram Burgard, Thomas Brox",,arxiv:1910.07972 | paper:6601378459579340965,,paper:6601378459579340965,cs.CV | cs.LG | cs.RO,2 | 59 | 7,search-papers,general,A5,false,false,false,false,A5/assigned-papers.json | A5/canonical-pool.jsonl | A5/evidence-ledger.jsonl | A5/inspection-manifest.json | A5/paper-registry.json | A5/raw/q02-direct-curriculum.json | A5/raw/q07-syn-demo.json | A5/read-manifest.json,A5/assigned-abstracts.jsonl
357,arxiv:2001.00271,7,HIGH,A2,Options of Interest: Temporal Abstraction with Interest Functions,arxiv:2001.00271,"Temporal abstraction refers to the ability of an agent to use behaviours of controllers which act for a limited, variable amount of time. The options framework describes such behaviours as consisting of a subset of states in which they can initiate, an internal policy and a stochastic termination condition. However, much of the subsequent work on option discovery has ignored the initiation set, because of difficulty in learning it from data. We provide a generalization of initiation sets suitable for general function approximation, by defining an interest function associated with an option. We derive a gradient-based learning algorithm for interest functions, leading to a new interest-option-critic architecture. We investigate how interest functions can be leveraged to learn interpretable and reusable temporal abstractions. We demonstrate the efficacy of the proposed approach through quantitative and qualitative results, in both discrete and continuous environments.",high,A2,1,A2=high,"A2=Uses temporally extended actions, keyposes, or learned macro-actions to expose multi-step structure while retaining feedback or planning control.","A2=The mechanism can turn long robot experience into reusable training units, skill memories, or better-conditioned policy targets.",A2=true,expansion_round_1,,2001,arxiv:2001.00271,arxiv:2001.00271,4868048004955282356,,2024 robot learning action chunking temporal abstraction trajectory | options framework temporal abstraction reinforcement learning,search-papers,true,A2,false,false,false,false,A2/canonical-pool.json | A2/canonical-pool.jsonl | A2/expansion-pool.json | A2/expansion-pool.jsonl | A2/raw/q31-options.json | A2/raw/q38-2024-action-chunking.json,A2/expansion-triage.jsonl
370,arxiv:2003.08515,7,MEDIUM,A4,SAPIEN: A SimulAted Part-based Interactive ENvironment,arxiv:2003.08515,"Building home assistant robots has long been a pursuit for vision and robotics researchers. To achieve this task, a simulated environment with physically realistic simulation, sufficient articulated objects, and transferability to the real robot is indispensable. Existing environments achieve these requirements for robotics simulation with different levels of simplification and focus. We take one step further in constructing an environment that supports household tasks for training robot learning algorithm. Our work, SAPIEN, is a realistic and physics-rich simulated environment that hosts a large-scale set for articulated objects. Our SAPIEN enables various robotic vision and interaction tasks that require detailed part-level understanding.We evaluate state-of-the-art vision algorithms for part detection and motion attribute recognition as well as demonstrate robotic interaction tasks using heuristic approaches and reinforcement learning algorithms. We hope that our SAPIEN can open a lot of research directions yet to be explored, including learning cognition through interaction, part motion discovery, and construction of robotics-ready simulated game environment.",medium,A4,1,A4=medium,"A4=Connects trajectory or demonstration choice to downstream policy learning, behavior, or offline-RL utility.",A4=It is directly or plausibly transferable to selecting robot experience for policy learning.,A4=true,expansion_round_1,,,arxiv:2003.08515 | paper:1031630898199339277,,,,,,,A4,false,false,false,false,A4/expansion/round3/registry.jsonl | A4/expansion/round4/registry.jsonl,A4/expansion/all-new-expansion-triage.jsonl
383,arxiv:2005.13857,7,HIGH,A1,Deep Reinforcement learning for real autonomous mobile robot navigation in indoor environments,arxiv:2005.13857,"Deep Reinforcement Learning has been successfully applied in various computer games [8]. However, it is still rarely used in real-world applications, especially for the navigation and continuous control of real mobile robots [13]. Previous approaches lack safety and robustness and/or need a structured environment. In this paper we present our proof of concept for autonomous self-learning robot navigation in an unknown environment for a real robot without a map or planner. The input for the robot is only the fused data from a 2D laser scanner and a RGB-D camera as well as the orientation to the goal. The map of the environment is unknown. The output actions of an Asynchronous Advantage Actor-Critic network (GA3C) are the linear and angular velocities for the robot. The navigator/controller network is pretrained in a high-speed, parallel, and self-implemented simulation environment to speed up the learning process and then deployed to the real robot. To avoid overfitting, we train relatively small networks, and we add random Gaussian noise to the input laser data. The sensor data fusion with the RGB-D camera allows the robot to navigate in real environments with real 3D obstacle avoidance and without the need to fit the environment to the sensory capabilities of the robot. To further increase the robustness, we train on environments of varying difficulties and run 32 training instances simultaneously. Video: supplementary File / YouTube, Code: GitHub",high,A1,1,A1=high,"A1=The paper develops or evaluates a temporal correspondence, synchronization, delay, or sequence-representation mechanism for Deep Reinforcement learning for real autonomous mobile robot navigation in indoor environments.","A1=Its mechanism is a plausible transfer to multimodal robot experience, action-observation alignment, or temporally aware policy training.",A1=true,expansion_round_1,,,arxiv:2005.13857,arxiv:2005.13857,143460747647267874,,,related-references,,A1,false,false,false,false,A1/expansion-inspection-manifest.json | A1/expansion-registry.json | A1/paper-registry-complete.json,A1/expansion-triage.jsonl
396,arxiv:2008.09167,7,HIGH,A3,Imitation Learning with Sinkhorn Distances,arxiv:2008.09167,"Imitation learning algorithms have been interpreted as variants of divergence minimization problems. The ability to compare occupancy measures between experts and learners is crucial in their effectiveness in learning from demonstrations. In this paper, we present tractable solutions by formulating imitation learning as minimization of the Sinkhorn distance between occupancy measures. The formulation combines the valuable properties of optimal transport metrics in comparing non-overlapping distributions with a cosine distance cost defined in an adversarially learned feature space. This leads t",high,A3,1,A3=high,"A3=The paper develops or evaluates Imitation Learning with Sinkhorn Distances, offering a mechanism related to robot data quality, correction, attribution, or policy improvement.",A3=The mechanism is plausibly transferable to the Program A experience-to-policy loop and warrants follow-up.,A3=true,expansion_round_2,,2020,arxiv:2008.09167,,,,,firecrawl research related-papers,,A3,false,false,false,false,A3/paper-registry.json | A3/round2-registry.json,A3/round2-triage.jsonl
409,arxiv:2010.07217,7,HIGH,A1,Back to the Future: Cycle Encoding Prediction for Self-supervised Contrastive Video Representation Learning,arxiv:2010.07217,"In this paper we show that learning video feature spaces in which temporal cycles are maximally predictable benefits action classification. In particular, we propose a novel learning approach termed Cycle Encoding Prediction (CEP) that is able to effectively represent high-level spatio-temporal structure of unlabelled video content. CEP builds a latent space wherein the concept of closed forward-backward as well as backward-forward temporal loops is approximately preserved. As a self-supervision signal, CEP leverages the bi-directional temporal coherence of the video stream and applies loss functions that encourage both temporal cycle closure as well as contrastive feature separation. Architecturally, the underpinning network structure utilises a single feature encoder for all video snippets, adding two predictive modules that learn temporal forward and backward transitions. We apply our framework for pretext training of networks for action recognition tasks. We report significantly improved results for the standard datasets UCF101 and HMDB51. Detailed ablation studies support the effectiveness of the proposed components. We publish source code for the CEP components in full with this paper.",high,A1,1,A1=high,"A1=The paper develops or evaluates a temporal correspondence, synchronization, delay, or sequence-representation mechanism for Back to the Future: Cycle Encoding Prediction for Self-supervised Contrastive Video Representation Learning.","A1=Its mechanism is a plausible transfer to multimodal robot experience, action-observation alignment, or temporally aware policy training.",A1=true,expansion_round_1,,,arxiv:2010.07217,arxiv:2010.07217,3400887765913239333,,,related-similar,,A1,false,false,false,false,A1/expansion-registry.json | A1/expansion-round3-registry.json | A1/paper-registry-complete.json,A1/expansion-triage.jsonl
422,arxiv:2010.15920,7,HIGH,A6,Recovery RL: Safe Reinforcement Learning with Learned Recovery Zones,arxiv:2010.15920,"Safety remains a central obstacle preventing widespread use of RL in the real world: learning new tasks in uncertain environments requires extensive exploration, but safety requires limiting exploration. We propose Recovery RL, an algorithm which navigates this tradeoff by (1) leveraging offline data to learn about constraint violating zones before policy learning and (2) separating the goals of improving task performance and constraint satisfaction across two policies: a task policy that only optimizes the task reward and a recovery policy that guides the agent to safety when constraint violation is likely. We evaluate Recovery RL on 6 simulation domains, including two contact-rich manipulation tasks and an image-based navigation task, and an image-based obstacle avoidance task on a physical robot. We compare Recovery RL to 5 prior safe RL methods which jointly optimize for task performance and safety via constrained optimization or reward shaping and find that Recovery RL outperforms the next best prior method across all domains. Results suggest that Recovery RL trades off constraint violations and task successes 2 - 20 times more efficiently in simulation domains and 3 times more efficiently in physical experiments. See https://tinyurl.com/rl-recovery for videos and supplementary material.",high,A6,1,A6=high,"A6=Learns or supplies recovery, correction, retry, repair, or replanning behavior from failed or perturbed executions.",A6=Makes failure states informative for robust execution and for deciding what corrective data to collect next.,A6=true,expansion_round_1,,,arxiv:2010.15920,arxiv:2010.15920,8836829174165244807,,q16-failure-replay | q21-adj-safe-rl,related-papers,,A6,false,false,false,false,A6/expansion/canonical-pool.jsonl | A6/raw-retrieval/q16-failure-replay.json | A6/raw-retrieval/q21-adj-safe-rl.json | A6/work/canonical-pool.jsonl,A6/expansion/triage.jsonl
435,arxiv:2101.06184,7,HIGH,A1,Temporal-Relational CrossTransformers for Few-Shot Action Recognition,arxiv:2101.06184,"We propose a novel approach to few-shot action recognition, finding temporally-corresponding frame tuples between the query and videos in the support set. Distinct from previous few-shot works, we construct class prototypes using the CrossTransformer attention mechanism to observe relevant sub-sequences of all support videos, rather than using class averages or single best matches. Video representations are formed from ordered tuples of varying numbers of frames, which allows sub-sequences of actions at different speeds and temporal offsets to be compared. Our proposed Temporal-Relational CrossTransformers (TRX) achieve state-of-the-art results on few-shot splits of Kinetics, Something-Something V2 (SSv2), HMDB51 and UCF101. Importantly, our method outperforms prior work on SSv2 by a wide margin (12%) due to the its ability to model temporal relations. A detailed ablation showcases the importance of matching to multiple support set videos and learning higher-order relational CrossTransformers.",high,A1,1,A1=high,"A1=The paper develops or evaluates a temporal correspondence, synchronization, delay, or sequence-representation mechanism for Temporal-Relational CrossTransformers for Few-Shot Action Recognition.","A1=Its mechanism is a plausible transfer to multimodal robot experience, action-observation alignment, or temporally aware policy training.",A1=true,expansion_round_3,,,arxiv:2101.06184,arxiv:2101.06184,9065691670049191156,,,related-papers-round3,,A1,false,false,false,false,A1/expansion-round3-registry.json | A1/paper-registry-complete.json,A1/expansion-round3-triage.jsonl
448,arxiv:2103.05905,7,MEDIUM,A1,VideoMoCo: Contrastive Video Representation Learning with Temporally Adversarial Examples,arxiv:2103.05905,"MoCo is effective for unsupervised image representation learning. In this paper, we propose VideoMoCo for unsupervised video representation learning. Given a video sequence as an input sample, we improve the temporal feature representations of MoCo from two perspectives. First, we introduce a generator to drop out several frames from this sample temporally. The discriminator is then learned to encode similar feature representations regardless of frame removals. By adaptively dropping out different frames during training iterations of adversarial learning, we augment this input sample to train a temporally robust encoder. Second, we use temporal decay to model key attenuation in the memory queue when computing the contrastive loss. As the momentum encoder updates after keys enqueue, the representation ability of these keys degrades when we use the current input sample for contrastive learning. This degradation is reflected via temporal decay to attend the input sample to recent keys in the queue. As a result, we adapt MoCo to learn video representations without empirically designing pretext tasks. By empowering the temporal robustness of the encoder and modeling the temporal decay of the keys, our VideoMoCo improves MoCo temporally based on contrastive learning. Experiments on benchmark datasets including UCF101 and HMDB51 show that VideoMoCo stands as a state-of-the-art video representation learning method.",medium,A1,1,A1=medium,"A1=The paper develops or evaluates a temporal correspondence, synchronization, delay, or sequence-representation mechanism for VideoMoCo: Contrastive Video Representation Learning with Temporally Adversarial Examples.","A1=Its adjacent-domain method may provide a transferable alignment idea, but the robot transfer path requires verification.",A1=true,expansion_round_1,,,arxiv:2103.05905,arxiv:2103.05905,6042873572968307910,,,related-similar,,A1,false,false,false,false,A1/expansion-registry.json | A1/paper-registry-complete.json,A1/expansion-triage.jsonl
461,arxiv:2104.04610,7,MEDIUM,A1,Deep Time Series Forecasting with Shape and Temporal Criteria,arxiv:2104.04610,"This paper addresses the problem of multi-step time series forecasting for non-stationary signals that can present sudden changes. Current state-of-the-art deep learning forecasting methods, often trained with variants of the MSE, lack the ability to provide sharp predictions in deterministic and probabilistic contexts. To handle these challenges, we propose to incorporate shape and temporal criteria in the training objective of deep models. We define shape and temporal similarities and dissimilarities, based on a smooth relaxation of Dynamic Time Warping (DTW) and Temporal Distortion Index (TDI), that enable to build differentiable loss functions and positive semi-definite (PSD) kernels. With these tools, we introduce DILATE (DIstortion Loss including shApe and TimE), a new objective for deterministic forecasting, that explicitly incorporates two terms supporting precise shape and temporal change detection. For probabilistic forecasting, we introduce STRIPE++ (Shape and Time diverRsIty in Probabilistic forEcasting), a framework for providing a set of sharp and diverse forecasts, where the structured shape and time diversity is enforced with a determinantal point process (DPP) diversity loss. Extensive experiments and ablations studies on synthetic and real-world datasets confirm the benefits of leveraging shape and time features in time series forecasting.",medium,A1,1,A1=medium,"A1=The paper develops or evaluates a temporal correspondence, synchronization, delay, or sequence-representation mechanism for Deep Time Series Forecasting with Shape and Temporal Criteria.","A1=Its adjacent-domain method may provide a transferable alignment idea, but the robot transfer path requires verification.",A1=true,expansion_round_3,,,arxiv:2104.04610,arxiv:2104.04610,3275744682450819085,,,related-papers-round3,,A1,false,false,false,false,A1/expansion-round3-registry.json | A1/paper-registry-complete.json,A1/expansion-round3-triage.jsonl
474,arxiv:2106.12142,7,HIGH,A6,IQ-Learn: Inverse soft-Q Learning for Imitation,arxiv:2106.12142,"In many sequential decision-making problems (e.g., robotics control, game playing, sequential prediction), human or expert data is available containing useful information about the task. However, imitation learning (IL) from a small amount of expert data can be challenging in high-dimensional environments with complex dynamics. Behavioral cloning is a simple method that is widely used due to its simplicity of implementation and stable convergence but doesn't utilize any information involving the environment's dynamics. Many existing methods that exploit dynamics information are difficult to train in practice due to an adversarial optimization process over reward and policy approximators or biased, high variance gradient estimators. We introduce a method for dynamics-aware IL which avoids adversarial training by learning a single Q-function, implicitly representing both reward and policy. On standard benchmarks, the implicitly learned rewards show a high positive correlation with the ground-truth rewards, illustrating our method can also be used for inverse reinforcement learning (IRL). Our method, Inverse soft-Q learning (IQ-Learn) obtains state-of-the-art results in offline and online imitation learning settings, significantly outperforming existing methods both in the number of required environment interactions and scalability in high-dimensional spaces, often by more than 3x.",high,A6,1,A6=high,"A6=Uses value or reward inference, offline reinforcement learning, or advantage signals to extract task-relevant behavior from heterogeneous trajectories.",A6=Connects trajectory outcomes to policy improvement rather than copying actions independently of consequences.,A6=true,expansion_round_1,,,arxiv:2106.12142,arxiv:2106.12142,7215462750758959688,,,related-papers,,A6,false,false,false,false,A6/expansion/canonical-pool.jsonl,A6/expansion/triage.jsonl
487,arxiv:2107.14483,7,MEDIUM,A4,ManiSkill: Generalizable Manipulation Skill Benchmark with Large-Scale Demonstrations,arxiv:2107.14483,"Object manipulation from 3D visual inputs poses many challenges on building generalizable perception and policy models. However, 3D assets in existing benchmarks mostly lack the diversity of 3D shapes that align with real-world intra-class complexity in topology and geometry. Here we propose SAPIEN Manipulation Skill Benchmark (ManiSkill) to benchmark manipulation skills over diverse objects in a full-physics simulator. 3D assets in ManiSkill include large intra-class topological and geometric variations. Tasks are carefully chosen to cover distinct types of manipulation challenges. Latest progress in 3D vision also makes us believe that we should customize the benchmark so that the challenge is inviting to researchers working on 3D deep learning. To this end, we simulate a moving panoramic camera that returns ego-centric point clouds or RGB-D images. In addition, we would like ManiSkill to serve a broad set of researchers interested in manipulation research. Besides supporting the learning of policies from interactions, we also support learning-from-demonstrations (LfD) methods, by providing a large number of high-quality demonstrations ( 36,000 successful trajectories, 1.5M point cloud/RGB-D frames in total). We provide baselines using 3D deep learning and LfD algorithms. All code of our benchmark (simulator, environment, SDK, and baselines) is open-sourced, and a challenge facing interdisciplinary researchers will be held based on the benchmark.",medium,A4,1,A4=medium,"A4=Connects trajectory or demonstration choice to downstream policy learning, behavior, or offline-RL utility.",A4=It is directly or plausibly transferable to selecting robot experience for policy learning.,A4=true,expansion_round_1,,2021,arxiv:2107.14483 | paper:3857242430318247041,arxiv:2107.14483,3857242430318247041,,,references,foundational,A4,false,false,false,false,A4/expansion/round3/registry.jsonl | A7/raw/q04-composition.json | A7/work/expansion-registry.json | A7/work/expansion-registry.jsonl | A7/work/paper-registry.json | A7/work/paper-registry.jsonl | A7/work/verified-paper-registry.json | A7/work/verified-paper-registry.jsonl,A4/expansion/all-new-expansion-triage.jsonl
500,arxiv:2109.07785,7,HIGH,A1,MHFC: Multi-Head Feature Collaboration for Few-Shot Learning,arxiv:2109.07785,"Few-shot learning (FSL) aims to address the data-scarce problem. A standard FSL framework is composed of two components: (1) Pre-train. Employ the base data to generate a CNN-based feature extraction model (FEM). (2) Meta-test. Apply the trained FEM to acquire the novel data's features and recognize them. FSL relies heavily on the design of the FEM. However, various FEMs have distinct emphases. For example, several may focus more attention on the contour information, whereas others may lay particular emphasis on the texture information. The single-head feature is only a one-sided representation of the sample. Besides the negative influence of cross-domain (e.g., the trained FEM can not adapt to the novel class flawlessly), the distribution of novel data may have a certain degree of deviation compared with the ground truth distribution, which is dubbed as distribution-shift-problem (DSP). To address the DSP, we propose Multi-Head Feature Collaboration (MHFC) algorithm, which attempts to project the multi-head features (e.g., multiple features extracted from a variety of FEMs) to a unified space and fuse them to capture more discriminative information. Typically, first, we introduce a subspace learning method to transform the multi-head features to aligned low-dimensional representations. It corrects the DSP via learning the feature with more powerful discrimination and overcomes the problem of inconsistent measurement scales from different head features. Then, we design an attention block to update combination weights for each head feature automatically. It comprehensively considers the contribution of various perspectives and further improves the discrimination of features. We evaluate the proposed method on five benchmark datasets (including cross-domain experiments) and achieve significant improvements of 2.1%-7.8% compared with state-of-the-arts.",high,A1,1,A1=high,"A1=The paper develops or evaluates a temporal correspondence, synchronization, delay, or sequence-representation mechanism for MHFC: Multi-Head Feature Collaboration for Few-Shot Learning.","A1=Its mechanism is a plausible transfer to multimodal robot experience, action-observation alignment, or temporally aware policy training.",A1=true,expansion_round_2,,,arxiv:2109.07785,arxiv:2109.07785,3921037533079953532,,,related-papers-round2,,A1,false,false,false,false,A1/expansion-round2-registry.json | A1/paper-registry-complete.json,A1/expansion-round2-triage.jsonl
513,arxiv:2110.03655,7,MEDIUM,A6,Augmenting Reinforcement Learning with Behavior Primitives for Diverse Manipulation Tasks,arxiv:2110.03655,"Realistic manipulation tasks require a robot to interact with an environment with a prolonged sequence of motor actions. While deep reinforcement learning methods have recently emerged as a promising paradigm for automating manipulation behaviors, they usually fall short in long-horizon tasks due to the exploration burden. This work introduces Manipulation Primitive-augmented reinforcement Learning (MAPLE), a learning framework that augments standard reinforcement learning algorithms with a pre-defined library of behavior primitives. These behavior primitives are robust functional modules specialized in achieving manipulation goals, such as grasping and pushing. To use these heterogeneous primitives, we develop a hierarchical policy that involves the primitives and instantiates their executions with input parameters. We demonstrate that MAPLE outperforms baseline approaches by a significant margin on a suite of simulated manipulation tasks. We also quantify the compositional structure of the learned behaviors and highlight our method's ability to transfer policies to new task variants and to physical hardware. Videos and code are available at https://ut-austin-rpl.github.io/maple",medium,A6,1,A6=medium,"A6=Provides a policy, data, or control mechanism with a plausible path to learning from robot experience.",A6=Offers a reusable mechanism for converting sequential experience into better policy or data decisions.,A6=false,expansion_round_1,,,arxiv:2110.03655,arxiv:2110.03655,3331641085938064188,,,related-papers,,A6,false,false,false,false,A6/expansion/canonical-pool.jsonl,A6/expansion/triage.jsonl
526,arxiv:2110.14754,7,HIGH,A6,Confidence-Aware Imitation Learning from Demonstrations with Varying Optimality,arxiv:2110.14754,"Most existing imitation learning approaches assume the demonstrations are drawn from experts who are optimal, but relaxing this assumption enables us to use a wider range of data. Standard imitation learning may learn a suboptimal policy from demonstrations with varying optimality. Prior works use confidence scores or rankings to capture beneficial information from demonstrations with varying optimality, but they suffer from many limitations, e.g., manually annotated confidence scores or high average optimality of demonstrations. In this paper, we propose a general framework to learn from demonstrations with varying optimality that jointly learns the confidence score and a well-performing policy. Our approach, Confidence-Aware Imitation Learning (CAIL) learns a well-performing policy from confidence-reweighted demonstrations, while using an outer loss to track the performance of our model and to learn the confidence. We provide theoretical guarantees on the convergence of CAIL and evaluate its performance in both simulated and real robot experiments. Our results show that CAIL significantly outperforms other imitation learning methods from demonstrations with varying optimality. We further show that even without access to any optimal demonstrations, CAIL can still learn a successful policy, and outperforms prior work.",high,A6,1,A6=high,"A6=Infers quality, reward, value, or preferences from mixed-outcome demonstrations to reweight or improve actions.","A6=Turns success, failure, and relative-quality signals into supervision for experience selection or policy improvement.",A6=true,primary_assignment,"Songyuan Zhang, Zhangjie Cao, Dorsa Sadigh, Yanan Sui",2021,arxiv:2110.14754,arxiv:2110.14754,4250366347354359244,cs.AI | cs.LG | cs.RO,q02-direct-imperfect-demo | q05-syn-suboptimal-demo,related-papers,general,A6,true,true,false,false,A3/expansion-registry.json | A3/paper-registry.json | A3/raw/q02-synonyms.txt | A3/raw/q09-failed.txt | A3/raw/q19-foundational-il.txt | A3/round2-registry.json | A5/canonical-pool.jsonl | A5/paper-registry.json | A5/raw/q01-direct.json | A6/expansion/canonical-pool.jsonl | A6/raw-retrieval/q02-direct-imperfect-demo.json | A6/raw-retrieval/q05-syn-suboptimal-demo.json | A6/registry-assignment.jsonl | A6/work/assigned-registry-inspected.jsonl | A6/work/assigned-registry-preinspect.jsonl | A6/work/canonical-pool.jsonl | A6/work/evidence-index.jsonl,A6/triage.jsonl
539,arxiv:2112.09685,7,MEDIUM,A1,Neuromorphic Camera Denoising using Graph Neural Network-driven Transformers,arxiv:2112.09685,"Neuromorphic vision is a bio-inspired technology that has triggered a paradigm shift in the computer-vision community and is serving as a key-enabler for a multitude of applications. This technology has offered significant advantages including reduced power consumption, reduced processing needs, and communication speed-ups. However, neuromorphic cameras suffer from significant amounts of measurement noise. This noise deteriorates the performance of neuromorphic event-based perception and navigation algorithms. In this paper, we propose a novel noise filtration algorithm to eliminate events which do not represent real log-intensity variations in the observed scene. We employ a Graph Neural Network (GNN)-driven transformer algorithm, called GNN-Transformer, to classify every active event pixel in the raw stream into real-log intensity variation or noise. Within the GNN, a message-passing framework, called EventConv, is carried out to reflect the spatiotemporal correlation among the events, while preserving their asynchronous nature. We also introduce the Known-object Ground-Truth Labeling (KoGTL) approach for generating approximate ground truth labels of event streams under various illumination conditions. KoGTL is used to generate labeled datasets, from experiments recorded in chalenging lighting conditions. These datasets are used to train and extensively test our proposed algorithm. When tested on unseen datasets, the proposed algorithm outperforms existing methods by 8.8% in terms of filtration accuracy. Additional tests are also conducted on publicly available datasets to demonstrate the generalization capabilities of the proposed algorithm in the presence of illumination variations and different motion dynamics. Compared to existing solutions, qualitative results verified the superior capability of the proposed algorithm to eliminate noise while preserving meaningful scene events.",medium,A1,1,A1=medium,"A1=The paper develops or evaluates a temporal correspondence, synchronization, delay, or sequence-representation mechanism for Neuromorphic Camera Denoising using Graph Neural Network-driven Transformers.","A1=Its adjacent-domain method may provide a transferable alignment idea, but the robot transfer path requires verification.",A1=true,expansion_round_2,,,arxiv:2112.09685,arxiv:2112.09685,2941188027225778853,,,related-papers-round2,,A1,false,false,false,false,A1/expansion-round2-registry.json | A1/paper-registry-complete.json,A1/expansion-round2-triage.jsonl
552,arxiv:2202.02005,7,HIGH,A4 | A5 | A6 | A8,BC-Z: Zero-Shot Task Generalization with Robotic Imitation Learning,arxiv:2202.02005,"In this paper, we study the problem of enabling a vision-based robotic manipulation system to generalize to novel tasks, a long-standing challenge in robot learning. We approach the challenge from an imitation learning perspective, aiming to study how scaling and broadening the data collected can facilitate such generalization. To that end, we develop an interactive and flexible imitation learning system that can learn from both demonstrations and interventions and can be conditioned on different forms of information that convey the task, including pre-trained embeddings of natural language or videos of humans performing the task. When scaling data collection on a real robot to more than 100 distinct tasks, we find that this system can perform 24 unseen manipulation tasks with an average success rate of 44%, without any robot demonstrations for those tasks.",high,A4 | A5 | A6 | A8,4,A4=medium | A5=high | A6=high | A8=medium,"A4=Connects trajectory or demonstration choice to downstream policy learning, behavior, or offline-RL utility. | A5=In this paper, we study the problem of enabling a vision-based robotic manipulation system to generalize to novel tasks, a long-standing challenge in robot learning. | A6=Learns or supplies recovery, correction, retry, repair, or replanning behavior from failed or perturbed executions. | A8=A multi-task imitation system conditions policies on language or human-video embeddings and scales collection across many distinct tasks.",A4=It is directly or plausibly transferable to selecting robot experience for policy learning. | A5=This adaptive mixture neighbor tests whether the expansion adds a reusable mechanism for controlling robot experience in policy training. | A6=Makes failure states informative for robust execution and for deciding what corrective data to collect next. | A8=It supplies evidence that task diversity and reusable semantic representations can reduce task-specific robot demonstrations.,A4=true | A5=true | A6=true | A8=true,expansion_round_1 | expansion_round_2,,2022,arxiv:2202.02005 | paper:6317852705806309896 | paperid:6317852705806309896,arxiv:2202.02005,6317852705806309896,,,related-papers,foundational | recent,A4 | A5 | A6 | A8,false,false,false,true,A4/expansion/round3/registry.jsonl | A4/expansion/round4/registry.jsonl | A5/expansion/raw/round2-references.json | A6/expansion/canonical-pool.jsonl | A7/raw/q15-long-tail-failure.json | A7/raw/q25-foundational-multitask.json | A7/raw/q33-recent-longtail.json | A7/raw/q39-quality-vs-diversity.json | A7/work/expansion-registry.json | A7/work/expansion-registry.jsonl | A7/work/paper-registry.json | A7/work/paper-registry.jsonl | A7/work/verified-paper-registry.json | A7/work/verified-paper-registry.jsonl | A8/work/expansion-novel.jsonl | A8/work/expansion-pool.jsonl,A4/expansion/all-new-expansion-triage.jsonl | A5/expansion/round2-triage.jsonl | A6/expansion/triage.jsonl | A8/work/expansion-triage.jsonl
565,arxiv:2203.16800,7,HIGH,A1,Fine-grained Temporal Contrastive Learning for Weakly-supervised Temporal Action Localization,arxiv:2203.16800,"We target at the task of weakly-supervised action localization (WSAL), where only video-level action labels are available during model training. Despite the recent progress, existing methods mainly embrace a localization-by-classification paradigm and overlook the fruitful fine-grained temporal distinctions between video sequences, thus suffering from severe ambiguity in classification learning and classification-to-localization adaption. This paper argues that learning by contextually comparing sequence-to-sequence distinctions offers an essential inductive bias in WSAL and helps identify coherent action instances. Specifically, under a differentiable dynamic programming formulation, two complementary contrastive objectives are designed, including Fine-grained Sequence Distance (FSD) contrasting and Longest Common Subsequence (LCS) contrasting, where the first one considers the relations of various action/background proposals by using match, insert, and delete operators and the second one mines the longest common subsequences between two videos. Both contrasting modules can enhance each other and jointly enjoy the merits of discriminative action-background separation and alleviated task gap between classification and localization. Extensive experiments show that our method achieves state-of-the-art performance on two popular benchmarks. Our code is available at https://github.com/MengyuanChen21/CVPR2022-FTCL.",high,A1,1,A1=high,"A1=The paper develops or evaluates a temporal correspondence, synchronization, delay, or sequence-representation mechanism for Fine-grained Temporal Contrastive Learning for Weakly-supervised Temporal Action Localization.","A1=Its mechanism is a plausible transfer to multimodal robot experience, action-observation alignment, or temporally aware policy training.",A1=true,expansion_round_1,,,arxiv:2203.16800,arxiv:2203.16800,7246975992757940847,,,related-citers,,A1,false,false,false,false,A1/expansion-registry.json | A1/expansion-round2-registry.json | A1/expansion-round3-registry.json | A1/paper-registry-complete.json,A1/expansion-triage.jsonl
578,arxiv:2205.06175,7,MEDIUM,A8,A Generalist Agent,arxiv:2205.06175,"Inspired by progress in large-scale language modeling, we apply a similar approach towards building a single generalist agent beyond the realm of text outputs. The agent, which we refer to as Gato, works as a multi-modal, multi-task, multi-embodiment generalist policy. The same network with the same weights can play Atari, caption images, chat, stack blocks with a real robot arm and much more, deciding based on its context whether to output text, joint torques, button presses, or other tokens. In this report we describe the model and the data, and document the current capabilities of Gato.",medium,A8,1,A8=medium,A8=A generalist agent shares representations across many tasks and modalities to transfer learned behavior beyond a single task distribution.,"A8=It motivates evaluating data usefulness by cross-task transfer, but the abstract does not specify a direct collection policy.",A8=true,expansion_round_2,,,arxiv:2205.06175 | paperid:2627751277857678433,,,,,,,A8,false,false,false,false,A8/work/expansion-round2-novel.jsonl,A8/work/expansion-round2-triage.jsonl
591,arxiv:2206.11251,7,HIGH,A1 | A5 | A6,Behavior Transformers: Cloning k modes with one stone,arxiv:2206.11251,"While behavior learning has made impressive progress in recent times, it lags behind computer vision and natural language processing due to its inability to leverage large, human-generated datasets. Human behaviors have wide variance, multiple modes, and human demonstrations typically do not come with reward labels. These properties limit the applicability of current methods in Offline RL and Behavioral Cloning to learn from large, pre-collected datasets. In this work, we present Behavior Transformer (BeT), a new technique to model unlabeled demonstration data with multiple modes. BeT retrofits standard transformer architectures with action discretization coupled with a multi-task action correction inspired by offset prediction in object detection. This allows us to leverage the multi-modal modeling ability of modern transformers to predict multi-modal continuous actions. We experimentally evaluate BeT on a variety of robotic manipulation and self-driving behavior datasets. We show that BeT significantly improves over prior state-of-the-art work on solving demonstrated tasks while capturing the major modes present in the pre-collected datasets. Finally, through an extensive ablation study, we analyze the importance of every crucial component in BeT. Videos of behavior generated by BeT are available at https://notmahi.github.io/bet",high,A1 | A5 | A6,3,A1=low | A5=medium | A6=high,"A1=The abstract does not expose a clear temporal mechanism connected to the lane. | A5=BeT retrofits standard transformer architectures with action discretization coupled with a multi-task action correction inspired by offset prediction in object detection. | A6=Learns or supplies recovery, correction, retry, repair, or replanning behavior from failed or perturbed executions.","A1=Its mechanism is a plausible transfer to multimodal robot experience, action-observation alignment, or temporally aware policy training. | A5=This weighting neighbor tests whether the expansion adds a reusable mechanism for controlling robot experience in policy training. | A6=Makes failure states informative for robust execution and for deciding what corrective data to collect next.",A1=false | A5=true | A6=true,expansion_round_1 | expansion_round_3,,,arxiv:2206.11251,arxiv:2206.11251,2331445376423083715,,,related-papers | related-papers-round3,,A1,false,false,false,true,A1/expansion-round3-registry.json | A1/paper-registry-complete.json | A5/expansion/raw/round3-references.json | A6/expansion/canonical-pool.jsonl,A1/expansion-round3-triage.jsonl | A5/expansion/round3-triage.jsonl | A6/expansion/triage.jsonl
604,arxiv:2209.07753,7,MEDIUM,A4,Code as Policies: Language Model Programs for Embodied Control,arxiv:2209.07753,"Large language models (LLMs) trained on code completion have been shown to be capable of synthesizing simple Python programs from docstrings [1]. We find that these code-writing LLMs can be re-purposed to write robot policy code, given natural language commands. Specifically, policy code can express functions or feedback loops that process perception outputs (e.g.,from object detectors [2], [3]) and parameterize control primitive APIs. When provided as input several example language commands (formatted as comments) followed by corresponding policy code (via few-shot prompting), LLMs can take in new commands and autonomously re-compose API calls to generate new policy code respectively. By chaining classic logic structures and referencing third-party libraries (e.g., NumPy, Shapely) to perform arithmetic, LLMs used in this way can write robot policies that (i) exhibit spatial-geometric reasoning, (ii) generalize to new instructions, and (iii) prescribe precise values (e.g., velocities) to ambiguous descriptions (""faster"") depending on context (i.e., behavioral commonsense). This paper presents code as policies: a robot-centric formulation of language model generated programs (LMPs) that can represent reactive policies (e.g., impedance controllers), as well as waypoint-based policies (vision-based pick and place, trajectory-based control), demonstrated across multiple real robot platforms. Central to our approach is prompting hierarchical code-gen (recursively defining undefined functions), which can write more complex code and also improves state-of-the-art to solve 39.8% of problems on the HumanEval [1] benchmark. Code and videos are available at https://code-as-policies.github.io",medium,A4,1,A4=medium,"A4=Connects trajectory or demonstration choice to downstream policy learning, behavior, or offline-RL utility.",A4=It is directly or plausibly transferable to selecting robot experience for policy learning.,A4=false,expansion_round_1,,,arxiv:2209.07753 | paper:5086089005893069454,,,,,,,A4,false,false,false,false,A4/expansion/round4/registry.jsonl,A4/expansion/all-new-expansion-triage.jsonl
617,arxiv:2210.02747,7,MEDIUM,A4 | A5,Flow Matching for Generative Modeling,arxiv:2210.02747,"We introduce a new paradigm for generative modeling built on Continuous Normalizing Flows (CNFs), allowing us to train CNFs at unprecedented scale. Specifically, we present the notion of Flow Matching (FM), a simulation-free approach for training CNFs based on regressing vector fields of fixed conditional probability paths. Flow Matching is compatible with a general family of Gaussian probability paths for transforming between noise and data samples -- which subsumes existing diffusion paths as specific instances. Interestingly, we find that employing FM with diffusion paths results in a more robust and stable alternative for training diffusion models. Furthermore, Flow Matching opens the door to training CNFs with other, non-diffusion probability paths. An instance of particular interest is using Optimal Transport (OT) displacement interpolation to define the conditional probability paths. These paths are more efficient than diffusion paths, provide faster training and sampling, and result in better generalization. Training CNFs using Flow Matching on ImageNet leads to consistently better performance than alternative diffusion-based methods in terms of both likelihood and sample quality, and allows fast and reliable sample generation using off-the-shelf numerical ODE solvers.",medium,A4 | A5,2,A4=medium | A5=low,A4=Provides adjacent evidence about how data composition affects learning outcomes. | A5=Flow Matching is compatible with a general family of Gaussian probability paths for transforming between noise and data samples -- which subsumes existing diffusion paths as specific instances.,A4=It extends the A4 mechanism space with adjacent data-centric evidence. | A5=This adaptive mixture neighbor tests whether the expansion adds a reusable mechanism for controlling robot experience in policy training.,A4=false | A5=false,expansion_round_1 | expansion_round_2,,,arxiv:2210.02747 | paper:7268720356905580176,arxiv:2210.02747,7268720356905580176,,,,,A4 | A5,false,false,false,true,A4/expansion/round4/registry.jsonl | A5/expansion/raw/round2-similar.json | A5/expansion/raw/round3-similar.json,A4/expansion/all-new-expansion-triage.jsonl | A5/expansion/round2-triage.jsonl
630,arxiv:2210.11435,7,HIGH,A8,Learning and Retrieval from Prior Data for Skill-based Imitation Learning,arxiv:2210.11435,"Imitation learning offers a promising path for robots to learn general-purpose behaviors, but traditionally has exhibited limited scalability due to high data supervision requirements and brittle generalization. Inspired by recent advances in multi-task imitation learning, we investigate the use of prior data from previous tasks to facilitate learning novel tasks in a robust, data-efficient manner. To make effective use of the prior data, the robot must internalize knowledge from past experiences and contextualize this knowledge in novel tasks. To that end, we develop a skill-based imitation learning framework that extracts temporally extended sensorimotor skills from prior data and subsequently learns a policy for the target task that invokes these learned skills. We identify several key design choices that significantly improve performance on novel tasks, namely representation learning objectives to enable more predictable skill representations and a retrieval-based data augmentation mechanism to increase the scope of supervision for policy training. On a collection of simulated and real-world manipulation domains, we demonstrate that our method significantly outperforms existing imitation learning and offline reinforcement learning approaches. Videos and code are available at https://ut-austin-rpl.github.io/sailor",high,A8,1,A8=high,A8=Predictable temporally extended skill representations support retrieval-based augmentation of target-task supervision from prior datasets.,"A8=It joins representation learning, skill granularity, and retrieval to reuse heterogeneous robot experience.",A8=true,expansion_round_1,,2022,arxiv:2210.11435 | paperid:1299676452306781208,arxiv:2210.11435,1299676452306781208,,,related-papers,foundational,A8,false,false,false,false,A7/raw/q25-foundational-multitask.json | A7/work/paper-registry.json | A7/work/paper-registry.jsonl | A7/work/verified-paper-registry.json | A7/work/verified-paper-registry.jsonl | A8/work/expansion-novel.jsonl | A8/work/expansion-pool.jsonl,A8/work/expansion-triage.jsonl
643,arxiv:2211.12491,7,MEDIUM,A3,ModelDiff: A Framework for Comparing Learning Algorithms,arxiv:2211.12491,"We study the problem of (learning) algorithm comparison, where the goal is to find differences between models trained with two different learning algorithms. We begin by formalizing this goal as one of finding distinguishing feature transformations, i.e., input transformations that change the predictions of models trained with one learning algorithm but not the other. We then present ModelDiff, a method that leverages the datamodels framework (Ilyas et al., 2022) to compare learning algorithms based on how they use their training data. We demonstrate ModelDiff through three case studies, compa",medium,A3,1,A3=medium,"A3=The paper develops or evaluates ModelDiff: A Framework for Comparing Learning Algorithms, providing an adjacent mechanism for robust learning, attribution, evaluation, or data selection.","A3=It may transfer to robot experience curation or training intelligence, but its direct relevance requires verification.",A3=false,expansion_round_1,,2022,arxiv:2211.12491,,,,,firecrawl research related-papers,,A3,false,false,false,false,A3/expansion-registry.json | A3/paper-registry.json,A3/expansion-triage.jsonl
656,arxiv:2212.14164,7,HIGH,A1,On Transforming Reinforcement Learning by Transformer: The Development Trajectory,arxiv:2212.14164,"Transformer, originally devised for natural language processing, has also attested significant success in computer vision. Thanks to its super expressive power, researchers are investigating ways to deploy transformers to reinforcement learning (RL) and the transformer-based models have manifested their potential in representative RL benchmarks. In this paper, we collect and dissect recent advances on transforming RL by transformer (transformer-based RL or TRL), in order to explore its development trajectory and future trend. We group existing developments in two categories: architecture enhancement and trajectory optimization, and examine the main applications of TRL in robotic manipulation, text-based games, navigation and autonomous driving. For architecture enhancement, these methods consider how to apply the powerful transformer structure to RL problems under the traditional RL framework, which model agents and environments much more precisely than deep RL methods, but they are still limited by the inherent defects of traditional RL algorithms, such as bootstrapping and ""deadly triad"". For trajectory optimization, these methods treat RL problems as sequence modeling and train a joint state-action model over entire trajectories under the behavior cloning framework, which are able to extract policies from static datasets and fully use the long-sequence modeling capability of the transformer. Given these advancements, extensions and challenges in TRL are reviewed and proposals about future direction are discussed. We hope that this survey can provide a detailed introduction to TRL and motivate future research in this rapidly developing field.",high,A1,1,A1=high,"A1=The paper develops or evaluates a temporal correspondence, synchronization, delay, or sequence-representation mechanism for On Transforming Reinforcement Learning by Transformer: The Development Trajectory.","A1=Its mechanism is a plausible transfer to multimodal robot experience, action-observation alignment, or temporally aware policy training.",A1=true,expansion_round_2,,,arxiv:2212.14164,arxiv:2212.14164,4674620177655589222,,,related-papers-round2,,A1,false,false,false,false,A1/expansion-round2-registry.json | A1/paper-registry-complete.json,A1/expansion-round2-triage.jsonl
669,arxiv:2301.12832,7,MEDIUM,A3,Deep networks for system identification: a Survey,arxiv:2301.12832,"Deep learning is a topic of considerable current interest. The availability of massive data collections and powerful software resources has led to an impressive amount of results in many application areas that reveal essential but hidden properties of the observations. System identification learns mathematical descriptions of dynamic systems from input-output data and can thus benefit from the advances of deep neural networks to enrich the possible range of models to choose from. For this reason, we provide a survey of deep learning from a system identification perspective. We cover a wide spe",medium,A3,1,A3=medium,"A3=The paper develops or evaluates Deep networks for system identification: a Survey, offering an adjacent mechanism for robot learning or data collection.","A3=The result may transfer to A3 quality estimation or harmful-data handling, but direct relevance is uncertain.",A3=false,expansion_round_3,,2023,arxiv:2301.12832,,,,,firecrawl research related-papers,,A3,false,false,false,false,A3/paper-registry.json | A3/round3-registry.json,A3/round3-triage.jsonl
682,arxiv:2302.06271,7,HIGH,A3 | A6,Unlabeled Imperfect Demonstrations in Adversarial Imitation Learning,arxiv:2302.06271,"Adversarial imitation learning has become a widely used imitation learning framework. The discriminator is often trained by taking expert demonstrations and policy trajectories as examples respectively from two categories (positive vs. negative) and the policy is then expected to produce trajectories that are indistinguishable from the expert demonstrations. But in the real world, the collected expert demonstrations are more likely to be imperfect, where only an unknown fraction of the demonstrations are optimal. Instead of treating imperfect expert demonstrations as absolutely positive or negative, we investigate unlabeled imperfect expert demonstrations as they are. A positive-unlabeled adversarial imitation learning algorithm is developed to dynamically sample expert demonstrations that can well match the trajectories from the constantly optimized agent policy. The trajectories of an initial agent policy could be closer to those non-optimal expert demonstrations, but within the framework of adversarial imitation learning, agent policy will be optimized to cheat the discriminator and produce trajectories that are similar to those optimal expert demonstrations. Theoretical analysis shows that our method learns from the imperfect demonstrations via a self-paced way. Experimental results on MuJoCo and RoboSuite platforms demonstrate the effectiveness of our method from different aspects.",high,A3 | A6,2,A3=high | A6=high,"A3=Positive-unlabeled adversarial imitation treats imperfect expert demonstrations as an unlabeled mixture and learns them self-paced. | A6=Uses failure, recovery, retry, correction, or intervention data to return execution to a viable state or learn corrective behavior.",A3=It removes the assumption that every nominal expert label is positive. | A6=Shows how imperfect experience can teach robust retry and recovery behavior instead of being discarded.,A3=true | A6=true,expansion_round_1 | primary_assignment,"Yunke Wang, Bo Du, Chang Xu",2023,arxiv:2302.06271,arxiv:2302.06271,2747862654286934742,cs.AI | cs.LG,q08-syn-negative-demo | q20-adj-human-activity | q30-recent-fail-recovery,firecrawl research related-papers | related-papers,,A3 | A6,true,true,false,false,A3/expansion-evidence-index.json | A3/expansion-registry.json | A3/paper-registry.json | A6/expansion/canonical-pool.jsonl | A6/raw-retrieval/q08-syn-negative-demo.json | A6/raw-retrieval/q20-adj-human-activity.json | A6/raw-retrieval/q30-recent-fail-recovery.json | A6/registry-assignment.jsonl | A6/work/assigned-registry-inspected.jsonl | A6/work/assigned-registry-preinspect.jsonl | A6/work/canonical-pool.jsonl | A6/work/evidence-index.jsonl,A3/expansion-triage.jsonl | A6/triage.jsonl
695,arxiv:2303.07317,7,HIGH,A1,Nearest-Neighbor Inter-Intra Contrastive Learning from Unlabeled Videos,arxiv:2303.07317,"Contrastive learning has recently narrowed the gap between self-supervised and supervised methods in image and video domain. State-of-the-art video contrastive learning methods such as CVRL and ρ-MoCo spatiotemporally augment two clips from the same video as positives. By only sampling positive clips locally from a single video, these methods neglect other semantically related videos that can also be useful. To address this limitation, we leverage nearest-neighbor videos from the global space as additional positive pairs, thus improving positive key diversity and introducing a more relaxed notion of similarity that extends beyond video and even class boundaries. Our method, Inter-Intra Video Contrastive Learning (IIVCL), improves performance on a range of video tasks.",high,A1,1,A1=high,"A1=The paper develops or evaluates a temporal correspondence, synchronization, delay, or sequence-representation mechanism for Nearest-Neighbor Inter-Intra Contrastive Learning from Unlabeled Videos.","A1=Its mechanism is a plausible transfer to multimodal robot experience, action-observation alignment, or temporally aware policy training.",A1=true,expansion_round_2,,,arxiv:2303.07317,arxiv:2303.07317,7242869157727785391,,,related-papers-round2 | related-papers-round3,,A1,false,false,false,false,A1/expansion-round2-registry.json | A1/expansion-round3-registry.json | A1/paper-registry-complete.json,A1/expansion-round2-triage.jsonl
708,arxiv:2304.03535,7,HIGH,A2,CRISP: Curriculum Inducing Primitive Informed Subgoal Prediction for Hierarchical Reinforcement Learning,arxiv:2304.03535,"Hierarchical reinforcement learning (HRL) leverages temporal abstraction to efficiently tackle complex long-horizon tasks. However, HRL often collapses because the continual updates of the low-level primitive make earlier sub-goals issued by the high-level policy obsolete, introducing non-stationarity that destabilizes training. We propose CRISP, a curriculum-driven framework that tackles this instability with three key ingredients: (1) primitive-informed parsing (PIP), which adaptively re-labels a handful of expert demonstrations to always generate reachable subgoals by the current low-level primitive, (2) an inverse-reinforcement-learning regularizer that steers the high-level policy toward the expert-induced subgoal distribution and stabilizes learning, and (3) a unified training loop that leverages these components to boost sample efficiency. Across six sparse-reward robotic navigation and manipulation benchmarks, CRISP improves success rates by more than 40% over strong hierarchical and flat baselines and successfully transfers to real-world tasks, demonstrating the promise of curriculum-based HRL for practical scenarios.",high,A2,1,A2=high,A2=Predicts or executes temporally extended action sequences or keypose-conditioned chunks to trade feedback frequency against longer-horizon control.,"A2=Boundary and horizon choices determine the training unit, feedback latency, credit assignment, and compounding-error exposure in long-horizon robot learning.",A2=true,primary_assignment,"Utsav Singh, Vinay P. Namboodiri",2023,arxiv:2304.03535,arxiv:2304.03535,564902359379766036,cs.LG,hierarchical reinforcement learning options subgoals initiation termination | subgoal discovery temporal abstraction demonstrations inverse dynamics robotics,search-papers,true,A2,false,false,false,false,A2/assigned-papers.json | A2/assigned-registry-inspected.json | A2/assigned-registry-inspected.jsonl | A2/canonical-pool.json | A2/canonical-pool.jsonl | A2/expansion-pool.json | A2/expansion-pool.jsonl | A2/raw/q16-subgoal.json | A2/raw/q32-hierarchical-rl.json,A2/assigned-abstracts.jsonl | A2/triage.jsonl
721,arxiv:2305.01400,7,HIGH,A6,Get Back Here: Robust Imitation by Return-to-Distribution Planning,arxiv:2305.01400,"We consider the Imitation Learning (IL) setup where expert data are not collected on the actual deployment environment but on a different version. To address the resulting distribution shift, we combine behavior cloning (BC) with a planner that is tasked to bring the agent back to states visited by the expert whenever the agent deviates from the demonstration distribution. The resulting algorithm, POIR, can be trained offline, and leverages online interactions to efficiently fine-tune its planner to improve performance over time. We test POIR on a variety of human-generated manipulation demonstrations in a realistic robotic manipulation simulator and show robustness of the learned policy to different initial state distributions and noisy dynamics.",high,A6,1,A6=high,"A6=Estimates demonstration quality or latent expertise to filter, weight, or optimize learning from mixed-quality experience.",A6=Shows how heterogeneous demonstrations can contribute without treating every transition as equally trustworthy.,A6=true,expansion_round_1,,2023,arxiv:2305.01400,arxiv:2305.01400,8600157523503653022,,q11-shift,related-papers,,A3,false,false,false,false,A3/paper-registry.json | A3/raw/q11-shift.txt | A6/expansion/canonical-pool.jsonl | A7/raw/q06-shift.json | A7/work/paper-registry.json | A7/work/paper-registry.jsonl | A7/work/verified-paper-registry.json | A7/work/verified-paper-registry.jsonl,A6/expansion/triage.jsonl
734,arxiv:2305.18499,7,HIGH,A1,Pre-training Contextualized World Models with In-the-wild Videos for Reinforcement Learning,arxiv:2305.18499,"Unsupervised pre-training methods utilizing large and diverse datasets have achieved tremendous success across a range of domains. Recent work has investigated such unsupervised pre-training methods for model-based reinforcement learning (MBRL) but is limited to domain-specific or simulated data. In this paper, we study the problem of pre-training world models with abundant in-the-wild videos for efficient learning of downstream visual control tasks. However, in-the-wild videos are complicated with various contextual factors, such as intricate backgrounds and textured appearance, which precludes a world model from extracting shared world knowledge to generalize better. To tackle this issue, we introduce Contextualized World Models (ContextWM) that explicitly separate context and dynamics modeling to overcome the complexity and diversity of in-the-wild videos and facilitate knowledge transfer between distinct scenes. Specifically, a contextualized extension of the latent dynamics model is elaborately realized by incorporating a context encoder to retain contextual information and empower the image decoder, which encourages the latent dynamics model to concentrate on essential temporal variations. Our experiments show that in-the-wild video pre-training equipped with ContextWM can significantly improve the sample efficiency of MBRL in various domains, including robotic manipulation, locomotion, and autonomous driving. Code is available at this repository: https://github.com/thuml/ContextWM.",high,A1,1,A1=high,"A1=The paper develops or evaluates a temporal correspondence, synchronization, delay, or sequence-representation mechanism for Pre-training Contextualized World Models with In-the-wild Videos for Reinforcement Learning.","A1=Its mechanism is a plausible transfer to multimodal robot experience, action-observation alignment, or temporally aware policy training.",A1=true,expansion_round_2,,,arxiv:2305.18499,arxiv:2305.18499,2668825070745281842,,,related-papers-round2,,A1,false,false,false,false,A1/expansion-round2-registry.json | A1/paper-registry-complete.json,A1/expansion-round2-triage.jsonl
747,arxiv:2306.16406,7,MEDIUM,A7,Efficient and Multiply Robust Risk Estimation under General Forms of Dataset Shift,arxiv:2306.16406,"Statistical machine learning methods often face the challenge of limited data available from the population of interest. One remedy is to leverage data from auxiliary source populations, which share some conditional distributions or are linked in other ways with the target domain. Techniques leveraging such dataset shift conditions are known as domain adaptation or transfer learning. Despite extensive literature on dataset shift, limited works address how to efficiently use the auxiliary populations to improve the accuracy of risk evaluation for a given machine learning task in the target population. In this paper, we study the general problem of efficiently estimating target population risk under various dataset shift conditions, leveraging semiparametric efficiency theory. We consider a general class of dataset shift conditions, which includes three popular conditions -- covariate, label and concept shift -- as special cases. We allow for partially non-overlapping support between the source and target populations. We develop efficient and multiply robust estimators along with a straightforward specification test of these dataset shift conditions. We also derive efficiency bounds for two other dataset shift conditions, posterior drift and location-scale shift. Simulation studies support the efficiency gains due to leveraging plausible dataset shift conditions.",medium,A7,1,A7=medium,"A7=Estimates target risk efficiently under covariate, label, concept, posterior, and location-scale shifts with partial support overlap.",A7=It offers an adjacent diagnostic framework for deciding whether a robot-data source can support claims about a target deployment distribution.,A7=true,primary_assignment,"Hongxiang Qiu, Eric Tchetgen Tchetgen, Edgar Dobriban",2023,arxiv:2306.16406,arxiv:2306.16406,7577510759104846305,math.ST | stat.ME | stat.ML | stat.TH,,search-papers,foundational,A7,false,true,true,false,A7/raw/q28-shift-foundations.json | A7/work/assigned-papers.json | A7/work/assigned-papers.jsonl | A7/work/paper-registry.json | A7/work/paper-registry.jsonl | A7/work/read-manifest.json | A7/work/verified-paper-registry.json | A7/work/verified-paper-registry.jsonl,A7/work/abstract-triage.jsonl | A7/work/assigned-abstracts.jsonl
760,arxiv:2307.14430,7,HIGH,A4,Skill-it! A Data-Driven Skills Framework for Understanding and Training Language Models,arxiv:2307.14430,"The quality of training data impacts the performance of pre-trained large language models (LMs). Given a fixed budget of tokens, we study how to best select data that leads to good downstream model performance across tasks. We develop a new framework based on a simple hypothesis: just as humans acquire interdependent skills in a deliberate order, language models also follow a natural order when learning a set of skills from their training data. If such an order exists, it can be utilized for improved understanding of LMs and for data-efficient training. Using this intuition, our framework formalizes the notion of a skill and of an ordered set of skills in terms of the associated data. First, using both synthetic and real data, we demonstrate that these ordered skill sets exist, and that their existence enables more advanced skills to be learned with less data when we train on their prerequisite skills. Second, using our proposed framework, we introduce an online data sampling algorithm, Skill-It, over mixtures of skills for both continual pre-training and fine-tuning regimes, where the objective is to efficiently learn multiple skills in the former and an individual skill in the latter. On the LEGO synthetic in the continual pre-training setting, Skill-It obtains 36.5 points higher accuracy than random sampling. On the Natural Instructions dataset in the fine-tuning setting, Skill-It reduces the validation loss on the target skill by 13.6% versus training on data associated with the target skill itself. We apply our skills framework on the recent RedPajama dataset to continually pre-train a 3B-parameter LM, achieving higher accuracy on the LM Evaluation Harness with 1B tokens than the baseline approach of sampling uniformly over data sources with 3B tokens.",high,A4,1,A4=high,A4=Uses data valuation or attribution to estimate example contribution to model or policy outcomes.,A4=It provides adjacent evidence for data-efficient training intelligence.,A4=true,expansion_round_1,,,arxiv:2307.14430 | paper:8294318737153516245,,,,,related-paper-expansion,,A4,false,false,false,false,A4/expansion/expansion-registry.jsonl,A4/expansion/expansion-triage.jsonl
773,arxiv:2309.02473,7,HIGH,A3,"A Survey of Imitation Learning: Algorithms, Recent Developments, and Challenges",arxiv:2309.02473,"In recent years, the development of robotics and artificial intelligence (AI) systems has been nothing short of remarkable. As these systems continue to evolve, they are being utilized in increasingly complex and unstructured environments, such as autonomous driving, aerial robotics, and natural language processing. As a consequence, programming their behaviors manually or defining their behavior through reward functions (as done in reinforcement learning (RL)) has become exceedingly difficult. This is because such environments require a high degree of flexibility and adaptability, making it c",high,A3,1,A3=high,"A3=The paper develops or evaluates A Survey of Imitation Learning: Algorithms, Recent Developments, and Challenges, with a mechanism for selecting, weighting, repairing, auditing, or robustifying experience.",A3=Its related-paper mechanism is plausibly transferable to the Program A data-to-policy loop and merits targeted review.,A3=true,expansion_round_1,,2023,arxiv:2309.02473,,,,,firecrawl research related-papers,,A3,false,false,false,false,A3/expansion-registry.json | A3/paper-registry.json,A3/expansion-triage.jsonl
786,arxiv:2310.08782,7,MEDIUM,A4,Selectivity Drives Productivity: Efficient Dataset Pruning for Enhanced Transfer Learning,arxiv:2310.08782,"Massive data is often considered essential for deep learning applications, but it also incurs significant computational and infrastructural costs. Therefore, dataset pruning (DP) has emerged as an effective way to improve data efficiency by identifying and removing redundant training samples without sacrificing performance. In this work, we aim to address the problem of DP for transfer learning, i.e., how to prune a source dataset for improved pretraining efficiency and lossless finetuning accuracy on downstream target tasks. To our best knowledge, the problem of DP for transfer learning remains open, as previous studies have primarily addressed DP and transfer learning as separate problems. By contrast, we establish a unified viewpoint to integrate DP with transfer learning and find that existing DP methods are not suitable for the transfer learning paradigm. We then propose two new DP methods, label mapping and feature mapping, for supervised and self-supervised pretraining settings respectively, by revisiting the DP problem through the lens of source-target domain mapping. Furthermore, we demonstrate the effectiveness of our approach on numerous transfer learning tasks. We show that source data classes can be pruned by up to 40% 80% without sacrificing downstream performance, resulting in a significant 2 5 times speed-up during the pretraining stage. Besides, our proposal exhibits broad applicability and can improve other computationally intensive transfer learning techniques, such as adversarial pretraining. Codes are available at https://github.com/OPTML-Group/DP4TL.",medium,A4,1,A4=medium,"A4=Selects a compact subset using utility, gradient, coverage, or representativeness signals.",A4=It provides adjacent evidence for data-efficient training intelligence.,A4=true,expansion_round_1,,,arxiv:2310.08782 | paper:6965151539485927746,,,,,related-paper-expansion,,A4,false,false,false,false,A4/expansion/expansion-registry.jsonl,A4/expansion/expansion-triage.jsonl
799,arxiv:2310.17596,7,HIGH,A3 | A4 | A8,MimicGen: A Data Generation System for Scalable Robot Learning using Human Demonstrations,arxiv:2310.17596,"Imitation learning from a large set of human demonstrations has proved to be an effective paradigm for building capable robot agents. However, the demonstrations can be extremely costly and time-consuming to collect. We introduce MimicGen, a system for automatically synthesizing large-scale, rich datasets from only a small number of human demonstrations by adapting them to new contexts. We use MimicGen to generate over 50K demonstrations across 18 tasks with diverse scene configurations, object instances, and robot arms from just 200 human demonstrations. We show that robot agents can be effectively trained on this generated dataset by imitation learning to achieve strong performance in long-horizon and high-precision tasks, such as multi-part assembly and coffee preparation, across broad initial state distributions. We further demonstrate that the effectiveness and utility of MimicGen data compare favorably to collecting additional human demonstrations, making it a powerful and economical approach towards scaling up robot learning. Datasets, simulation environments, videos, and more at https://mimicgen.github.io .",high,A3 | A4 | A8,3,A3=high | A4=high | A8=high,"A3=The paper develops or evaluates MimicGen: A Data Generation System for Scalable Robot Learning using Human Demonstrations, with a mechanism for selecting, weighting, repairing, auditing, or robustifying experience. | A4=Connects trajectory or dataset composition to downstream policy or model behavior. | A8=A small set of demonstrations is adapted to new scene contexts to synthesize diverse trajectories across objects, environments, and robot arms.",A3=Its related-paper mechanism is plausibly transferable to the Program A data-to-policy loop and merits targeted review. | A4=It directly informs curation of robot experience or a transferable policy-data loop. | A8=It provides a practical path to expand coverage when the next useful data can be generated rather than manually collected.,A3=true | A4=true | A8=true,expansion_round_1,,2023,arxiv:2310.17596 | paper:4937617365185896349 | paperid:4937617365185896349,arxiv:2310.17596,paper:4937617365185896349,,2 | 62,firecrawl research related-papers | related-paper-expansion | related-papers,general | recent,A3,false,false,false,false,A3/expansion-registry.json | A3/paper-registry.json | A4/expansion/expansion-registry.jsonl | A4/expansion/round2/registry.jsonl | A4/expansion/round3/registry.jsonl | A4/expansion/round5/registry.jsonl | A5/canonical-pool.jsonl | A5/paper-registry.json | A7/raw/q25-foundational-multitask.json | A7/work/expansion-registry.json | A7/work/expansion-registry.jsonl | A7/work/paper-registry.json | A7/work/paper-registry.jsonl | A7/work/verified-paper-registry.json | A7/work/verified-paper-registry.jsonl | A8/work/expansion-novel.jsonl | A8/work/expansion-pool.jsonl,A3/expansion-triage.jsonl | A4/expansion/expansion-triage.jsonl | A8/work/expansion-triage.jsonl
812,arxiv:2311.12015,7,MEDIUM,A1,GPT-4V(ision) for Robotics: Multimodal Task Planning from Human Demonstration,arxiv:2311.12015,"We introduce a pipeline that enhances a general-purpose Vision Language Model, GPT-4V(ision), to facilitate one-shot visual teaching for robotic manipulation. This system analyzes videos of humans performing tasks and outputs executable robot programs that incorporate insights into affordances. The process begins with GPT-4V analyzing the videos to obtain textual explanations of environmental and action details. A GPT-4-based task planner then encodes these details into a symbolic task plan. Subsequently, vision systems spatially and temporally ground the task plan in the videos. Objects are identified using an open-vocabulary object detector, and hand-object interactions are analyzed to pinpoint moments of grasping and releasing. This spatiotemporal grounding allows for the gathering of affordance information (e.g., grasp types, waypoints, and body postures) critical for robot execution. Experiments across various scenarios demonstrate the method's efficacy in enabling real robots to operate from one-shot human demonstrations. Meanwhile, quantitative tests have revealed instances of hallucination in GPT-4V, highlighting the importance of incorporating human supervision within the pipeline. The prompts of GPT-4V/GPT-4 are available at this project page: https://microsoft.github.io/GPT4Vision-Robot-Manipulation-Prompts/",medium,A1,1,A1=medium,A1=The pipeline temporally grounds language-derived task plans in videos and detects hand-object events such as grasp and release.,"A1=Event grounding can provide action-observation anchors and phase labels for robot data, but abstract-level claims need careful verification.",A1=true,primary_assignment,,,arxiv:2311.12015,arxiv:2311.12015,7821267339966800197,,q01-direct,search-papers,,A1,false,false,false,false,A1/assigned-papers.json | A1/inspection-manifest.json | A1/paper-registry-complete.json | A1/paper-registry.json | A1/raw/q01-direct.json,A1/assigned-abstracts.jsonl | A1/triage.jsonl
825,arxiv:2401.01065,7,MEDIUM,A1,BEV-TSR: Text-Scene Retrieval in BEV Space for Autonomous Driving,arxiv:2401.01065,"The rapid development of the autonomous driving industry has led to a significant accumulation of autonomous driving data. Consequently, there comes a growing demand for retrieving data to provide specialized optimization. However, directly applying previous image retrieval methods faces several challenges, such as the lack of global feature representation and inadequate text retrieval ability for complex driving scenes. To address these issues, firstly, we propose the BEV-TSR framework which leverages descriptive text as an input to retrieve corresponding scenes in the Bird's Eye View (BEV) space. Then to facilitate complex scene retrieval with extensive text descriptions, we employ a large language model (LLM) to extract the semantic features of the text inputs and incorporate knowledge graph embeddings to enhance the semantic richness of the language embedding. To achieve feature alignment between the BEV feature and language embedding, we propose Shared Cross-modal Embedding with a set of shared learnable embeddings to bridge the gap between these two modalities, and employ a caption generation task to further enhance the alignment. Furthermore, there lack of well-formed retrieval datasets for effective evaluation. To this end, we establish a multi-level retrieval dataset, nuScenes-Retrieval, based on the widely adopted nuScenes dataset. Experimental results on the multi-level nuScenes-Retrieval show that BEV-TSR achieves state-of-the-art performance, e.g., 85.78% and 87.66% top-1 accuracy on scene-to-text and text-to-scene retrieval respectively. Codes and datasets will be available.",medium,A1,1,A1=medium,"A1=The paper develops or evaluates a temporal correspondence, synchronization, delay, or sequence-representation mechanism for BEV-TSR: Text-Scene Retrieval in BEV Space for Autonomous Driving.","A1=Its adjacent-domain method may provide a transferable alignment idea, but the robot transfer path requires verification.",A1=true,expansion_round_2,,,arxiv:2401.01065,arxiv:2401.01065,2230560277352754166,,,related-papers-round2,,A1,false,false,false,false,A1/expansion-round2-registry.json | A1/paper-registry-complete.json,A1/expansion-round2-triage.jsonl
838,arxiv:2402.02097,7,HIGH,A8,Settling Decentralized Multi-Agent Coordinated Exploration by Novelty Sharing,arxiv:2402.02097,"Exploration in decentralized cooperative multi-agent reinforcement learning faces two challenges. One is that the novelty of global states is unavailable, while the novelty of local observations is biased. The other is how agents can explore in a coordinated way. To address these challenges, we propose MACE, a simple yet effective multi-agent coordinated exploration method. By communicating only local novelty, agents can take into account other agents' local novelty to approximate the global novelty. Further, we newly introduce weighted mutual information to measure the influence of one agent's action on other agents' accumulated novelty. We convert it as an intrinsic reward in hindsight to encourage agents to exert more influence on other agents' exploration and boost coordinated exploration. Empirically, we show that MACE achieves superior performance in three multi-agent environments with sparse rewards.",high,A8,1,A8=high,A8=Multiple agents share novelty information so decentralized explorers coordinate toward collectively undercovered states instead of duplicating visits.,A8=It directly addresses fleet-level allocation: robots can share coverage signals to decide who should collect which novel experience next.,A8=true,expansion_round_2,,,arxiv:2402.02097 | paperid:3710895811173298885,,,,,,,A8,false,false,false,false,A8/work/expansion-round2-novel.jsonl,A8/work/expansion-round2-triage.jsonl
851,arxiv:2402.10329,7,HIGH,A1 | A3 | A6 | A7,Universal Manipulation Interface: In-The-Wild Robot Teaching Without In-The-Wild Robots,arxiv:2402.10329,"We present Universal Manipulation Interface (UMI) -- a data collection and policy learning framework that allows direct skill transfer from in-the-wild human demonstrations to deployable robot policies. UMI employs hand-held grippers coupled with careful interface design to enable portable, low-cost, and information-rich data collection for challenging bimanual and dynamic manipulation demonstrations. To facilitate deployable policy learning, UMI incorporates a carefully designed policy interface with inference-time latency matching and a relative-trajectory action representation. The resulting learned policies are hardware-agnostic and deployable across multiple robot platforms. Equipped with these features, UMI framework unlocks new robot manipulation capabilities, allowing zero-shot generalizable dynamic, bimanual, precise, and long-horizon behaviors, by only changing the training data for each task. We demonstrate UMI's versatility and efficacy with comprehensive real-world experiments, where policies learned via UMI zero-shot generalize to novel environments and objects when trained on diverse human demonstrations. UMI's hardware and software system is open-sourced at https://umi-gripper.github.io.",high,A1 | A3 | A6 | A7,4,A1=high | A3=high | A6=high | A7=high,"A1=The paper develops or evaluates a temporal correspondence, synchronization, delay, or sequence-representation mechanism for Universal Manipulation Interface: In-The-Wild Robot Teaching Without In-The-Wild Robots. | A3=The paper develops or evaluates Universal Manipulation Interface: In-The-Wild Robot Teaching Without In-The-Wild Robots, with a mechanism for selecting, weighting, repairing, auditing, or robustifying experience. | A6=Estimates demonstration quality or latent expertise to filter, weight, or optimize learning from mixed-quality experience. | A7=We present Universal Manipulation Interface (UMI) -- a data collection and policy learning framework that allows direct skill transfer from in-the-wild human demonstrations to deployable robot policies.","A1=Its mechanism is a plausible transfer to multimodal robot experience, action-observation alignment, or temporally aware policy training. | A3=Its related-paper mechanism is plausibly transferable to the Program A data-to-policy loop and merits targeted review. | A6=Offers a reusable mechanism for converting sequential experience into better policy or data decisions. | A7=It provides a route to reuse heterogeneous experience across embodiments or data sources.",A1=true | A3=true | A6=true | A7=true,expansion_round_1,,2024,arxiv:2402.10329,arxiv:2402.10329,3105134021843818568,,q01-direct,firecrawl research related-papers | related-papers | related-references | similar,recent,A1 | A3,false,false,false,false,A1/expansion-registry.json | A1/paper-registry-complete.json | A3/expansion-registry.json | A3/paper-registry.json | A3/round2-registry.json | A4/canonical-registry.jsonl | A4/expansion/round3/registry.jsonl | A4/expansion/round4/registry.jsonl | A4/raw/q01-direct.json | A5/canonical-pool.jsonl | A5/expansion/raw/round2-references.json | A5/paper-registry.json | A6/expansion/canonical-pool.jsonl | A7/work/expansion-registry.json | A7/work/expansion-registry.jsonl | A8/raw/q05-synonyms.json | A8/work/canonical-pool.jsonl | A8/work/expansion-pool.jsonl,A1/expansion-triage.jsonl | A3/expansion-triage.jsonl | A6/expansion/triage.jsonl | A7/work/expansion-triage.jsonl
864,arxiv:2402.19432,7,HIGH,A7,Pushing the Limits of Cross-Embodiment Learning for Manipulation and Navigation,arxiv:2402.19432,"Recent years in robotics and imitation learning have shown remarkable progress in training large-scale foundation models by leveraging data across a multitude of embodiments. The success of such policies might lead us to wonder: just how diverse can the robots in the training set be while still facilitating positive transfer? In this work, we study this question in the context of heterogeneous embodiments, examining how even seemingly very different domains, such as robotic navigation and manipulation, can provide benefits when included in the training data for the same model. We train a single goal-conditioned policy that is capable of controlling robotic arms, quadcopters, quadrupeds, and mobile bases. We then investigate the extent to which transfer can occur across navigation and manipulation on these embodiments by framing them as a single goal-reaching task. We find that co-training with navigation data can enhance robustness and performance in goal-conditioned manipulation with a wrist-mounted camera. We then deploy our policy trained only from navigation-only and static manipulation-only data on a mobile manipulator, showing that it can control a novel embodiment in a zero-shot manner. These results provide evidence that large-scale robotic policies can benefit from data collected across various embodiments. Further information and robot videos can be found on our project website http://extreme-cross-embodiment.github.io.",high,A7,1,A7=high,A7=Frames diverse embodiment and task families as a shared goal-reaching problem so navigation data can improve manipulation robustness and zero-shot transfer.,A7=It tests whether cross-domain data can supply useful priors even when the source task is not manipulation.,A7=true,primary_assignment,"Jonathan Yang, Catherine Glossop, Arjun Bhorkar, Dhruv Shah, Quan Vuong, Chelsea Finn, Dorsa Sadigh, Sergey Levine",2024,arxiv:2402.19432,arxiv:2402.19432,6081934533047666232,cs.RO,,search-papers,foundational | recent,A7,false,true,true,false,A7/raw/q03-heterogeneous.json | A7/raw/q07-multitask.json | A7/raw/q08-transfer.json | A7/raw/q09-mechanism-generalization.json | A7/raw/q27-cross-embodiment-foundation.json | A7/raw/q38-shared-policy.json | A7/work/assigned-papers.json | A7/work/assigned-papers.jsonl | A7/work/expansion-registry.json | A7/work/expansion-registry.jsonl | A7/work/paper-registry.json | A7/work/paper-registry.jsonl | A7/work/read-manifest.json | A7/work/verified-paper-registry.json | A7/work/verified-paper-registry.jsonl,A7/work/abstract-triage.jsonl | A7/work/assigned-abstracts.jsonl
877,arxiv:2403.15203,7,HIGH,A2 | A6,DITTO: Demonstration Imitation by Trajectory Transformation,arxiv:2403.15203,"Teaching robots new skills quickly and conveniently is crucial for the broader adoption of robotic systems. In this work, we address the problem of one-shot imitation from a single human demonstration, given by an RGB-D video recording. We propose a two-stage process. In the first stage we extract the demonstration trajectory offline. This entails segmenting manipulated objects and determining their relative motion in relation to secondary objects such as containers. In the online trajectory generation stage, we first re-detect all objects, then warp the demonstration trajectory to the current scene and execute it on the robot. To complete these steps, our method leverages several ancillary models, including those for segmentation, relative object pose estimation, and grasp prediction. We systematically evaluate different combinations of correspondence and re-detection methods to validate our design decision across a diverse range of tasks. Specifically, we collect and quantitatively test on demonstrations of ten different tasks including pick-and-place tasks as well as articulated object manipulation. Finally, we perform extensive evaluations on a real robot system to demonstrate the effectiveness and utility of our approach in real-world scenarios. We make the code publicly available at http://ditto.cs.uni-freiburg.de.",high,A2 | A6,2,A2=high | A6=high,"A2=Localizes event, phase, or subtask boundaries by modeling changes in multimodal observations, dynamics, language, or latent sequence structure. | A6=Selects, segments, repairs, or stitches trajectory prefixes and subsequences so training emphasizes feasible and informative behavior.","A2=Boundary and horizon choices determine the training unit, feedback latency, credit assignment, and compounding-error exposure in long-horizon robot learning. | A6=Provides a way to preserve useful partial progress while suppressing harmful or redundant trajectory content.",A2=true | A6=true,primary_assignment,"Nick Heppert, Max Argus, Tim Welschehold, Thomas Brox, Abhinav Valada",2024,arxiv:2403.15203,arxiv:2403.15203,8441656484005782221,cs.CV | cs.RO,bad trajectory segments removal segmentation data quality robot imitation | dynamic time warping temporal alignment segmentation robot manipulation trajectories | q09-mech-segmentation | robot manipulation demonstration segmentation subtask boundaries temporally extended actions | skill segmentation motion primitives robot demonstrations change point detection | trajectory segmentation imitation learning demonstrations event detection,search-papers,false,A2 | A6,true,true,false,false,A1/expansion-round2-registry.json | A1/paper-registry-complete.json | A1/paper-registry.json | A1/raw/q13-resampling.json | A2/assigned-papers.json | A2/assigned-registry-inspected.json | A2/assigned-registry-inspected.jsonl | A2/canonical-pool.json | A2/canonical-pool.jsonl | A2/raw/q02-direct.json | A2/raw/q03-direct.json | A2/raw/q05-synonyms.json | A2/raw/q13-dtw.json | A2/raw/q21-bad-segments.json | A5/canonical-pool.jsonl | A5/paper-registry.json | A6/raw-retrieval/q09-mech-segmentation.json | A6/registry-assignment.jsonl | A6/work/assigned-registry-inspected.jsonl | A6/work/assigned-registry-preinspect.jsonl | A6/work/canonical-pool.jsonl | A6/work/evidence-index.jsonl,A2/assigned-abstracts.jsonl | A2/triage.jsonl | A6/triage.jsonl
890,arxiv:2404.07428,7,HIGH,A4 | A5,AdaDemo: Data-Efficient Demonstration Expansion for Generalist Robotic Agent,arxiv:2404.07428,"Encouraged by the remarkable achievements of language and vision foundation models, developing generalist robotic agents through imitation learning, using large demonstration datasets, has become a prominent area of interest in robot learning. The efficacy of imitation learning is heavily reliant on the quantity and quality of the demonstration datasets. In this study, we aim to scale up demonstrations in a data-efficient way to facilitate the learning of generalist robotic agents. We introduce AdaDemo (Adaptive Online Demonstration Expansion), a general framework designed to improve multi-task policy learning by actively and continually expanding the demonstration dataset. AdaDemo strategically collects new demonstrations to address the identified weakness in the existing policy, ensuring data efficiency is maximized. Through a comprehensive evaluation on a total of 22 tasks across two robotic manipulation benchmarks (RLBench and Adroit), we demonstrate AdaDemo's capability to progressively improve policy performance by guiding the generation of high-quality demonstration datasets in a data-efficient manner.",high,A4 | A5,2,A4=high | A5=high,"A4=Relates data composition or example properties to downstream model or policy behavior and provides a mechanism for selecting or weighting experience. | A5=We introduce AdaDemo (Adaptive Online Demonstration Expansion), a general framework designed to improve multi-task policy learning by actively and continually expanding the demonstration dataset.","A4=It offers a direct or transferable way to connect robot experience choices to learned policy behavior. | A5=It informs adaptive control of task and data-mixture proportions so policy training can respond to coverage, loss, or capability gaps.",A4=true | A5=true,primary_assignment,"Tongzhou Mu, Yijie Guo, Jie Xu, Ankit Goyal, Hao Su, Dieter Fox, Animesh Garg",2024,arxiv:2404.07428 | paper:7515828305967896364,arxiv:2404.07428,7515828305967896364,cs.LG | cs.RO,15 | 5 | 62 | q33-recent-robot,search-papers | semantic-search,general | recent,A4 | A5,false,false,false,false,A4/assigned-papers.json | A4/assigned-registry-inspected.jsonl | A4/assigned-registry-preinspect.jsonl | A4/canonical-registry.jsonl | A4/raw/q33-recent-robot.json | A5/assigned-papers.json | A5/canonical-pool.jsonl | A5/evidence-ledger.jsonl | A5/inspection-manifest.json | A5/paper-registry.json | A5/raw/q05-direct-mixture.json | A5/read-manifest.json | A7/raw/q25-foundational-multitask.json | A7/work/paper-registry.json | A7/work/paper-registry.jsonl | A7/work/verified-paper-registry.json | A7/work/verified-paper-registry.jsonl | A8/raw/q05-synonyms.json | A8/work/canonical-pool.jsonl,A4/abstract-triage.jsonl | A5/assigned-abstracts.jsonl
903,arxiv:2405.03875,7,HIGH,A4,Rethinking Data Shapley for Data Selection Tasks: Misleads and Merits,arxiv:2405.03875,"Data Shapley provides a principled approach to data valuation and plays a crucial role in data-centric machine learning (ML) research. Data selection is considered a standard application of Data Shapley. However, its data selection performance has shown to be inconsistent across settings in the literature. This study aims to deepen our understanding of this phenomenon. We introduce a hypothesis testing framework and show that Data Shapley's performance can be no better than random selection without specific constraints on utility functions. We identify a class of utility functions, monotonically transformed modular functions, within which Data Shapley optimally selects data. Based on this insight, we propose a heuristic for predicting Data Shapley's effectiveness in data selection tasks. Our experiments corroborate these findings, adding new insights into when Data Shapley may or may not succeed.",high,A4,1,A4=high,A4=Uses data valuation or attribution to estimate example contribution to model or policy outcomes.,A4=It provides adjacent evidence for data-efficient training intelligence.,A4=true,expansion_round_1,,,arxiv:2405.03875 | paper:4368898463199629233,,,,,related-paper-expansion,,A4,false,false,false,false,A4/expansion/expansion-registry.jsonl,A4/expansion/expansion-triage.jsonl
916,arxiv:2405.15624,7,MEDIUM,A8,Inverse-RLignment: Large Language Model Alignment from Demonstrations through Inverse Reinforcement Learning,arxiv:2405.15624,"Aligning Large Language Models (LLMs) is crucial for enhancing their safety and utility. However, existing methods, primarily based on preference datasets, face challenges such as noisy labels, high annotation costs, and privacy concerns. In this work, we introduce Alignment from Demonstrations (AfD), a novel approach leveraging high-quality demonstration data to overcome these challenges. We formalize AfD within a sequential decision-making framework, highlighting its unique challenge of missing reward signals. Drawing insights from forward and inverse reinforcement learning, we introduce divergence minimization objectives for AfD. Analytically, we elucidate the mass-covering and mode-seeking behaviors of various approaches, explaining when and why certain methods are superior. Practically, we propose a computationally efficient algorithm that extrapolates over a tailored reward model for AfD. We validate our key insights through experiments on the Harmless and Helpful tasks, demonstrating their strong empirical performance while maintaining simplicity.",medium,A8,1,A8=medium,A8=Inverse reinforcement learning extracts task preferences from demonstrations and aligns a language model to those inferred objectives.,"A8=It shows how demonstrations can supply structured preference information, though the fleet-selection loop is indirect.",A8=true,expansion_round_2,,,arxiv:2405.15624 | paperid:593345185740063328,,,,,,,A8,false,false,false,false,A8/work/expansion-round2-novel.jsonl,A8/work/expansion-round2-triage.jsonl
929,arxiv:2406.07342,7,HIGH,A2,EdgeTimer: Adaptive Multi-Timescale Scheduling in Mobile Edge Computing with Deep Reinforcement Learning,arxiv:2406.07342,"In mobile edge computing (MEC), resource scheduling is crucial to task requests' performance and service providers' cost, involving multi-layer heterogeneous scheduling decisions. Existing schedulers typically adopt static timescales to regularly update scheduling decisions of each layer, without adaptive adjustment of timescales for different layers, resulting in potentially poor performance in practice. We notice that the adaptive timescales would significantly improve the trade-off between the operation cost and delay performance. Based on this insight, we propose EdgeTimer, the first work to automatically generate adaptive timescales to update multi-layer scheduling decisions using deep reinforcement learning (DRL). First, EdgeTimer uses a three-layer hierarchical DRL framework to decouple the multi-layer decision-making task into a hierarchy of independent sub-tasks for improving learning efficiency. Second, to cope with each sub-task, EdgeTimer adopts a safe multi-agent DRL algorithm for decentralized scheduling while ensuring system reliability. We apply EdgeTimer to a wide range of Kubernetes scheduling rules, and evaluate it using production traces with different workload patterns. Extensive trace-driven experiments demonstrate that EdgeTimer can learn adaptive timescales, irrespective of workload patterns and built-in scheduling rules. It obtains up to 9.1x more profit than existing approaches without sacrificing the delay performance.",high,A2,1,A2=high,A2=Discovers reusable temporal structure in sequential experience for downstream decision making or policy learning.,"A2=The mechanism can turn long robot experience into reusable training units, skill memories, or better-conditioned policy targets.",A2=true,expansion_round_1,,2024,arxiv:2406.07342,,,,,,,A2,false,false,false,false,A2/expansion-pool.json | A2/expansion-pool.jsonl,A2/expansion-triage.jsonl
942,arxiv:2406.20095,7,HIGH,A4,LLaRA: Supercharging Robot Learning Data for Vision-Language Policy,arxiv:2406.20095,"Vision Language Models (VLMs) have recently been leveraged to generate robotic actions, forming Vision-Language-Action (VLA) models. However, directly adapting a pretrained VLM for robotic control remains challenging, particularly when constrained by a limited number of robot demonstrations. In this work, we introduce LLaRA: Large Language and Robotics Assistant, a framework that formulates robot action policy as visuo-textual conversations and enables an efficient transfer of a pretrained VLM into a powerful VLA, motivated by the success of visual instruction tuning in Computer Vision. First, we present an automated pipeline to generate conversation-style instruction tuning data for robots from existing behavior cloning datasets, aligning robotic actions with image pixel coordinates. Further, we enhance this dataset in a self-supervised manner by defining six auxiliary tasks, without requiring any additional action annotations. We show that a VLM finetuned with a limited amount of such datasets can produce meaningful action decisions for robotic control. Through experiments across multiple simulated and real-world tasks, we demonstrate that LLaRA achieves state-of-the-art performance while preserving the generalization capabilities of large language models. The code, datasets, and pretrained models are available at https://github.com/LostXine/LLaRA.",high,A4,1,A4=high,A4=Relates data composition or example properties to downstream model or policy behavior and provides a mechanism for selecting or weighting experience.,A4=It offers a direct or transferable way to connect robot experience choices to learned policy behavior.,A4=true,primary_assignment,,2024,arxiv:2406.20095 | paper:2805115590992182907,arxiv:2406.20095,2805115590992182907,,q30-vla-data,semantic-search,recent,A4,false,false,false,false,A4/assigned-papers.json | A4/assigned-registry-inspected.jsonl | A4/assigned-registry-preinspect.jsonl | A4/canonical-registry.jsonl | A4/raw/q30-vla-data.json | A7/raw/q12-vla-composition.json | A7/work/paper-registry.json | A7/work/paper-registry.jsonl | A7/work/verified-paper-registry.json | A7/work/verified-paper-registry.jsonl,A4/abstract-triage.jsonl
955,arxiv:2407.15403,7,HIGH,A3 | A6 | A8,Offline Imitation Learning Through Graph Search and Retrieval,arxiv:2407.15403,"Imitation learning is a powerful machine learning algorithm for a robot to acquire manipulation skills. Nevertheless, many real-world manipulation tasks involve precise and dexterous robot-object interactions, which make it difficult for humans to collect high-quality expert demonstrations. As a result, a robot has to learn skills from suboptimal demonstrations and unstructured interactions, which remains a key challenge. Existing works typically use offline deep reinforcement learning (RL) to solve this challenge, but in practice these algorithms are unstable and fragile due to the deadly triad issue. To overcome this problem, we propose GSR, a simple yet effective algorithm that learns from suboptimal demonstrations through Graph Search and Retrieval. We first use pretrained representation to organize the interaction experience into a graph and perform a graph search to calculate the values of different behaviors. Then, we apply a retrieval-based procedure to identify the best behavior (actions) on each state and use behavior cloning to learn that behavior. We evaluate our method in both simulation and real-world robotic manipulation tasks with complex visual inputs, covering various precise and dexterous manipulation skills with objects of different physical properties. GSR can achieve a 10% to 30% higher success rate and over 30% higher proficiency compared to baselines. Our project page is at https://zhaohengyin.github.io/gsr.",high,A3 | A6 | A8,3,A3=high | A6=high | A8=high,"A3=Graph search and retrieval compose useful segments from suboptimal and unstructured manipulation interactions. | A6=Estimates demonstration quality or latent expertise to filter, weight, or optimize learning from mixed-quality experience. | A8=Pretrained representations organize interaction experience into a graph whose search values behaviors before k-nearest retrieval supplies actions for cloning.",A3=Retrieval can turn a large weak dataset into task-relevant training paths without assuming every recorded sequence is expert. | A6=Shows how heterogeneous demonstrations can contribute without treating every transition as equally trustworthy. | A8=It directly connects representation-space neighborhoods and behavior usefulness to learning from suboptimal robot demonstrations.,A3=true | A6=true | A8=true,expansion_round_1 | primary_assignment,Zhao-Heng Yin | Pieter Abbeel,2024,arxiv:2407.15403,arxiv:2407.15403,6893404176074706199,cs.AI | cs.LG | cs.RO,A8 | q01-direct | q02-direct-imperfect-demo | q03-direct-partial-success | q05-syn-suboptimal-demo | q10-suboptimal | q12-mech-offline-failures | q31-recent-mixed-quality | q35-found-learn-failures,firecrawl research search-papers | related-papers | search-papers,general,A3,false,false,false,false,A3/assigned-papers.json | A3/evidence-index.json | A3/paper-registry.json | A3/raw/q10-suboptimal.txt | A4/canonical-registry.jsonl | A4/raw/q13-harmful-demo.json | A4/raw/q31-trajectory-rank.json | A5/canonical-pool.jsonl | A5/paper-registry.json | A5/raw/q03-direct-hard.json | A6/expansion/canonical-pool.jsonl | A6/raw-retrieval/q02-direct-imperfect-demo.json | A6/raw-retrieval/q03-direct-partial-success.json | A6/raw-retrieval/q05-syn-suboptimal-demo.json | A6/raw-retrieval/q12-mech-offline-failures.json | A6/raw-retrieval/q31-recent-mixed-quality.json | A6/raw-retrieval/q35-found-learn-failures.json | A6/work/canonical-pool.jsonl | A8/raw/q01-direct.json | A8/work/assigned-papers.json | A8/work/canonical-pool.jsonl,A3/abstract-triage.jsonl | A6/expansion/triage.jsonl | A8/work/abstract-triage.jsonl | A8/work/assigned-abstracts.jsonl
968,arxiv:2408.06481,7,HIGH,A1,UniT: Data Efficient Tactile Representation with Generalization to Unseen Objects,arxiv:2408.06481,"UniT is an approach to tactile representation learning, using VQGAN to learn a compact latent space and serve as the tactile representation. It uses tactile images obtained from a single simple object to train the representation with generalizability. This tactile representation can be zero-shot transferred to various downstream tasks, including perception tasks and manipulation policy learning. Our benchmarkings on in-hand 3D pose and 6D pose estimation tasks and a tactile classification task show that UniT outperforms existing visual and tactile representation learning methods. Additionally, UniT's effectiveness in policy learning is demonstrated across three real-world tasks involving diverse manipulated objects and complex robot-object-environment interactions. Through extensive experimentation, UniT is shown to be a simple-to-train, plug-and-play, yet widely effective method for tactile representation learning. For more details, please refer to our open-source repository https://github.com/ZhengtongXu/UniT and the project website https://zhengtongxu.github.io/unit-website/.",high,A1,1,A1=high,"A1=The paper develops or evaluates a temporal correspondence, synchronization, delay, or sequence-representation mechanism for UniT: Data Efficient Tactile Representation with Generalization to Unseen Objects.","A1=Its mechanism is a plausible transfer to multimodal robot experience, action-observation alignment, or temporally aware policy training.",A1=true,expansion_round_2,,,arxiv:2408.06481,arxiv:2408.06481,5939178621969844352,,,related-papers-round2 | related-papers-round3,,A1,false,false,false,false,A1/expansion-round2-registry.json | A1/expansion-round3-registry.json | A1/paper-registry-complete.json,A1/expansion-round2-triage.jsonl
981,arxiv:2409.04607,7,HIGH,A1,Self-Supervised Contrastive Learning for Videos using Differentiable Local Alignment,arxiv:2409.04607,"Robust frame-wise embeddings are essential to perform video analysis and understanding tasks. We present a self-supervised method for representation learning based on aligning temporal video sequences. Our framework uses a transformer-based encoder to extract frame-level features and leverages them to find the optimal alignment path between video sequences. We introduce the novel Local-Alignment Contrastive (LAC) loss, which combines a differentiable local alignment loss to capture local temporal dependencies with a contrastive loss to enhance discriminative learning. Prior works on video alignment have focused on using global temporal ordering across sequence pairs, whereas our loss encourages identifying the best-scoring subsequence alignment. LAC uses the differentiable Smith-Waterman (SW) affine method, which features a flexible parameterization learned through the training phase, enabling the model to adjust the temporal gap penalty length dynamically. Evaluations show that our learned representations outperform existing state-of-the-art approaches on action recognition tasks.",high,A1,1,A1=high,"A1=The paper develops or evaluates a temporal correspondence, synchronization, delay, or sequence-representation mechanism for Self-Supervised Contrastive Learning for Videos using Differentiable Local Alignment.","A1=Its mechanism is a plausible transfer to multimodal robot experience, action-observation alignment, or temporally aware policy training.",A1=true,expansion_round_1,,,arxiv:2409.04607,arxiv:2409.04607,662263273990309953,,,related-citers,,A1,false,false,false,false,A1/expansion-registry.json | A1/paper-registry-complete.json,A1/expansion-triage.jsonl
994,arxiv:2409.19770,7,HIGH,A1,GelSlim 4.0: Focusing on Touch and Reproducibility,arxiv:2409.19770,"Tactile sensing provides robots with rich feedback during manipulation, enabling a host of perception and controls capabilities. Here, we present a new open-source, vision-based tactile sensor designed to promote reproducibility and accessibility across research and hobbyist communities. Building upon the GelSlim 3.0 sensor, our design features two key improvements: a simplified, modifiable finger structure and easily manufacturable lenses. To complement the hardware, we provide an open-source perception library that includes depth and shear field estimation algorithms to enable in-hand pose estimation, slip detection, and other manipulation tasks. Our sensor is accompanied by comprehensive manufacturing documentation, ensuring the design can be readily produced by users with varying levels of expertise. We validate the sensor's reproducibility through extensive human usability testing. For documentation, code, and data, please visit the project website: https://www.mmintlab.com/research/gelslim-4-0/",high,A1,1,A1=high,"A1=The paper develops or evaluates a temporal correspondence, synchronization, delay, or sequence-representation mechanism for GelSlim 4.0: Focusing on Touch and Reproducibility.","A1=Its mechanism is a plausible transfer to multimodal robot experience, action-observation alignment, or temporally aware policy training.",A1=true,expansion_round_2,,,arxiv:2409.19770,arxiv:2409.19770,2017765153115571110,,,related-papers-round2 | related-papers-round3,,A1,false,false,false,false,A1/expansion-round2-registry.json | A1/expansion-round3-registry.json | A1/paper-registry-complete.json,A1/expansion-round2-triage.jsonl
1007,arxiv:2410.11262,7,HIGH,A2,Unveiling Options with Neural Decomposition,arxiv:2410.11262,"In reinforcement learning, agents often learn policies for specific tasks without the ability to generalize this knowledge to related tasks. This paper introduces an algorithm that attempts to address this limitation by decomposing neural networks encoding policies for Markov Decision Processes into reusable sub-policies, which are used to synthesize temporally extended actions, or options. We consider neural networks with piecewise linear activation functions, so that they can be mapped to an equivalent tree that is similar to oblique decision trees. Since each node in such a tree serves as a function of the input of the tree, each sub-tree is a sub-policy of the main policy. We turn each of these sub-policies into options by wrapping it with while-loops of varied number of iterations. Given the large number of options, we propose a selection mechanism based on minimizing the Levin loss for a uniform policy on these options. Empirical results in two grid-world domains where exploration can be difficult confirm that our method can identify useful options, thereby accelerating the learning process on similar but different tasks.",high,A2,1,A2=high,A2=Discovers reusable temporal structure in sequential experience for downstream decision making or policy learning.,"A2=The mechanism can turn long robot experience into reusable training units, skill memories, or better-conditioned policy targets.",A2=true,expansion_round_1,,2024,arxiv:2410.11262,,,,,,,A2,false,false,false,false,A2/expansion-pool.json | A2/expansion-pool.jsonl,A2/expansion-triage.jsonl
1020,arxiv:2410.18964,7,HIGH,A8,Learning to Look: Seeking Information for Decision Making via Policy Factorization,arxiv:2410.18964,"Many robot manipulation tasks require active or interactive exploration behavior in order to be performed successfully. Such tasks are ubiquitous in embodied domains, where agents must actively search for the information necessary for each stage of a task, e.g., moving the head of the robot to find information relevant to manipulation, or in multi-robot domains, where one scout robot may search for the information that another robot needs to make informed decisions. We identify these tasks with a new type of problem, factorized Contextual Markov Decision Processes, and propose DISaM, a dual-policy solution composed of an information-seeking policy that explores the environment to find the relevant contextual information and an information-receiving policy that exploits the context to achieve the manipulation goal. This factorization allows us to train both policies separately, using the information-receiving one to provide reward to train the information-seeking policy. At test time, the dual agent balances exploration and exploitation based on the uncertainty the manipulation policy has on what the next best action is. We demonstrate the capabilities of our dual policy solution in five manipulation tasks that require information-seeking behaviors, both in simulation and in the real-world, where DISaM significantly outperforms existing methods. More information at https://robin-lab.cs.utexas.edu/learning2look/.",high,A8,1,A8=high,A8=A factorized pair of information-seeking and task policies learns to explore for context and switches exploration intensity using task-policy uncertainty.,"A8=It separates the value of acquiring context from the value of acting, a useful architecture for fleet collection decisions.",A8=true,primary_assignment,,,arxiv:2410.18964,arxiv:2410.18964,8747301481994907122,,A8 | q04-direct | q25-recent,search-papers,recent,A8,false,false,false,false,A4/canonical-registry.jsonl | A4/raw/q40-recent-active.json | A8/raw/q04-direct.json | A8/raw/q25-recent.json | A8/work/assigned-papers.json | A8/work/canonical-pool.jsonl,A8/work/abstract-triage.jsonl | A8/work/assigned-abstracts.jsonl
1033,arxiv:2411.03409,7,HIGH,A3,STEER: Flexible Robotic Manipulation via Dense Language Grounding,arxiv:2411.03409,"The complexity of the real world demands robotic systems that can intelligently adapt to unseen situations. We present STEER, a robot learning framework that bridges high-level, commonsense reasoning with precise, flexible low-level control. Our approach translates complex situational awareness into actionable low-level behavior through training language-grounded policies with dense annotation. By structuring policy training around fundamental, modular manipulation skills expressed in natural language, STEER exposes an expressive interface for humans or Vision-Language Models (VLMs) to intelli",high,A3,1,A3=high,"A3=The paper develops or evaluates STEER: Flexible Robotic Manipulation via Dense Language Grounding, with a mechanism for selecting, weighting, repairing, auditing, or robustifying experience.",A3=Its related-paper mechanism is plausibly transferable to the Program A data-to-policy loop and merits targeted review.,A3=true,expansion_round_1,,2024,arxiv:2411.03409,,,,,firecrawl research related-papers,,A3,false,false,false,false,A3/expansion-registry.json | A3/paper-registry.json,A3/expansion-triage.jsonl
1046,arxiv:2412.02331,7,HIGH,A8,Sample Efficient Robot Learning in Supervised Effect Prediction Tasks,arxiv:2412.02331,"In self-supervised robotic learning, agents acquire data through active interaction with their environment, incurring costs such as energy use, human oversight, and experimental time. To mitigate these, sample-efficient exploration is essential. While intrinsic motivation (IM) methods like learning progress (LP) are widely used in robotics, and active learning (AL) is well established for classification in machine learning, few frameworks address continuous, high-dimensional regression tasks typical of world model learning. We propose MUSEL (Model Uncertainty for Sample-Efficient Learning), a novel AL framework tailored for regression tasks in robotics, such as action-effect prediction. MUSEL introduces a model uncertainty metric that combines total predictive uncertainty, learning progress, and input diversity to guide data acquisition. We validate our approach using a Stochastic Variational Deep Kernel Learning (SVDKL) model in two robotic tabletop tasks. Experimental results demonstrate that MUSEL improves both learning accuracy and sample efficiency, validating its effectiveness in learning action effects and selecting informative samples.",high,A8,1,A8=high,"A8=MUSEL acquires regression samples using a composite of predictive uncertainty, learning progress, and input diversity.",A8=It operationalizes three complementary signals for deciding which robot interactions are most informative for a learned world model.,A8=true,primary_assignment,,,arxiv:2412.02331,arxiv:2412.02331,7500726365091736585,,A8 | q03-direct | q25-recent,search-papers,recent,A8,false,false,false,false,A8/raw/q03-direct.json | A8/raw/q25-recent.json | A8/work/assigned-papers.json | A8/work/canonical-pool.jsonl,A8/work/abstract-triage.jsonl | A8/work/assigned-abstracts.jsonl
1059,arxiv:2412.14401,7,MEDIUM,A1 | A5,The One RING: a Robotic Indoor Navigation Generalist,arxiv:2412.14401,"Modern robots vary significantly in shape, size, and sensor configurations used to perceive and interact with their environments. However, most navigation policies are embodiment-specific--a policy trained on one robot typically fails to generalize to another, even with minor changes in body size or camera viewpoint. As custom hardware becomes increasingly common, there is a growing need for a single policy that generalizes across embodiments, eliminating the need to retrain for each specific robot. In this paper, we introduce RING (Robotic Indoor Navigation Generalist), an embodiment-agnostic policy that turns any mobile robot into an effective indoor semantic navigator. Trained entirely in simulation, RING leverages large-scale randomization over robot embodiments to enable robust generalization to many real-world platforms. To support this, we augment the AI2-THOR simulator to instantiate robots with controllable configurations, varying in body size, rotation pivot point, and camera parameters. On the visual object-goal navigation task, RING achieves strong cross-embodiment (XE) generalization--72.1% average success rate across five simulated embodiments (a 16.7% absolute improvement on the Chores-S benchmark) and 78.9% across four real-world platforms, including Stretch RE-1, LoCoBot, and Unitree Go1--matching or even surpassing embodiment-specific policies. We further deploy RING on the RB-Y1 wheeled humanoid in a real-world kitchen environment, showcasing its out-of-the-box potential for mobile manipulation platforms. (Project website: https://one-ring-policy.allen.ai)",medium,A1 | A5,2,A1=low | A5=medium,"A1=The abstract does not expose a clear temporal mechanism connected to the lane. | A5=As custom hardware becomes increasingly common, there is a growing need for a single policy that generalizes across embodiments, eliminating the need to retrain for each specific robot.","A1=Its mechanism is a plausible transfer to multimodal robot experience, action-observation alignment, or temporally aware policy training. | A5=The expansion tests whether this adaptive mixture mechanism adds a reusable way to control which robot experience influences policy training.",A1=false | A5=true,expansion_round_1,,,arxiv:2412.14401,arxiv:2412.14401,4064768326119906230,,,related-citers,,A1,false,false,false,true,A1/expansion-registry.json | A1/paper-registry-complete.json | A5/expansion/raw/round1-citers.json,A1/expansion-triage.jsonl | A5/expansion/round1-triage.jsonl
1072,arxiv:2501.11039,7,MEDIUM,A5,Model Predictive Task Sampling for Efficient and Robust Adaptation,arxiv:2501.11039,"Foundation models have revolutionized general-purpose problem-solving, offering rapid task adaptation through pretraining, meta-training, and finetuning. Recent crucial advances in these paradigms reveal the importance of challenging task prioritized sampling to enhance adaptation robustness under distribution shifts. However, ranking task difficulties over iteration as a preliminary step typically requires exhaustive task evaluation, which is practically unaffordable in computation and data-annotation. This study provides a novel perspective to illuminate the possibility of leveraging the dual importance of adaptation robustness and learning efficiency, particularly in scenarios where task evaluation is risky or costly, such as iterative agent-environment interactions for robotic policy evaluation or computationally intensive inference steps for finetuning foundation models. Firstly, we introduce Model Predictive Task Sampling (MPTS), a framework that bridges the task space and adaptation risk distributions, providing a theoretical foundation for robust active task sampling. MPTS employs a generative model to characterize the episodic optimization process and predicts task-specific adaptation risk via posterior inference. The resulting risk predictive model amortizes the costly evaluation of task adaptation performance and provably approximates task difficulty rankings. MPTS seamlessly integrates into zero-shot, few-shot, and supervised finetuning settings. Empirically, we conduct extensive experiments in pattern recognition using foundation models and sequential decision-making. Our results demonstrate that MPTS significantly enhances adaptation robustness for tail risk or out-of-distribution (OOD) tasks and improves learning efficiency compared to state-of-the-art (SoTA) methods. The code is available at the project site https://github.com/thu-rllab/MPTS.",medium,A5,1,A5=medium,"A5=Foundation models have revolutionized general-purpose problem-solving, offering rapid task adaptation through pretraining, meta-training, and finetuning.",A5=The expansion tests whether this replay prioritization mechanism adds a reusable way to control which robot experience influences policy training.,A5=true,expansion_round_1,,,arxiv:2501.11039,arxiv:2501.11039,3182869995135584847,,,,,A5,false,false,false,false,A5/expansion/raw/round1-citers.json,A5/expansion/round1-triage.jsonl
1085,arxiv:2502.02853,7,HIGH,A7 | A8,Rethinking Latent Redundancy in Behavior Cloning: An Information Bottleneck Approach for Robot Manipulation,arxiv:2502.02853,"Behavior Cloning (BC) is a widely adopted visual imitation learning method in robot manipulation. Current BC approaches often enhance generalization by leveraging large datasets and incorporating additional visual and textual modalities to capture more diverse information. However, these methods overlook whether the learned representations contain redundant information and lack a solid theoretical foundation to guide the learning process. To address these limitations, we adopt an information-theoretic perspective and introduce mutual information to quantify and mitigate redundancy in latent representations. Building on this, we incorporate the Information Bottleneck (IB) principle into BC, which extends the idea of reducing redundancy by providing a structured framework for compressing irrelevant information while preserving task-relevant features. This work presents the first comprehensive study on redundancy in latent representations across various methods, backbones, and experimental settings, while extending the generalizability of the IB to BC. Extensive experiments and analyses on the CortexBench and LIBERO benchmarks demonstrate significant performance improvements with IB, underscoring the importance of reducing input data redundancy and highlighting its practical value for more practical applications. Project Page: https://baishuanghao.github.io/BC-IB.github.io.",high,A7 | A8,2,A7=high | A8=high,A7=Behavior Cloning (BC) is a widely adopted visual imitation learning method in robot manipulation. | A8=An information bottleneck constrains latent representations to preserve task-relevant action information while removing redundant visual content.,"A7=It informs how data quantity, composition, or offline experience should affect policy training. | A8=It supplies a principled representation-quality test: useful data retain controllable information rather than nuisance detail.",A7=true | A8=true,expansion_round_1,,,arxiv:2502.02853 | paperid:7619412427832319174,arxiv:2502.02853,7619412427832319174,,q37-recent-dedup,citers | references | related-papers,general,A7 | A8,false,false,false,false,A4/canonical-registry.jsonl | A4/raw/q37-recent-dedup.json | A5/canonical-pool.jsonl | A5/paper-registry.json | A7/work/expansion-read-manifest.json | A7/work/expansion-registry.json | A7/work/expansion-registry.jsonl | A8/work/expansion-novel.jsonl | A8/work/expansion-pool.jsonl,A7/work/expansion-triage.jsonl | A8/work/expansion-triage.jsonl
1098,arxiv:2502.13519,7,HIGH,A6,MILE: Model-based Intervention Learning,arxiv:2502.13519,"Imitation learning techniques have been shown to be highly effective in real-world control scenarios, such as robotics. However, these approaches not only suffer from compounding error issues but also require human experts to provide complete trajectories. Although there exist interactive methods where an expert oversees the robot and intervenes if needed, these extensions usually only utilize the data collected during intervention periods and ignore the feedback signal hidden in non-intervention timesteps. In this work, we create a model to formulate how the interventions occur in such cases, and show that it is possible to learn a policy with just a handful of expert interventions. Our key insight is that it is possible to get crucial information about the quality of the current state and the optimality of the chosen action from expert feedback, regardless of the presence or the absence of intervention. We evaluate our method on various discrete and continuous simulation environments, a real-world robotic manipulation task, as well as a human subject study. Videos and the code can be found at https://liralab.usc.edu/mile .",high,A6,1,A6=high,"A6=Learns or supplies recovery, correction, retry, repair, or replanning behavior from failed or perturbed executions.",A6=Makes failure states informative for robust execution and for deciding what corrective data to collect next.,A6=true,expansion_round_1,,,arxiv:2502.13519,arxiv:2502.13519,8515808022907311701,,,related-papers,,A6,false,false,false,false,A6/expansion/canonical-pool.jsonl,A6/expansion/triage.jsonl
1111,arxiv:2503.01238,7,HIGH,A5 | A7,A Taxonomy for Evaluating Generalist Robot Manipulation Policies,arxiv:2503.01238,"Machine learning for robot manipulation promises to unlock generalization to novel tasks and environments. But how should we measure the progress of these policies towards generalization? Evaluating and quantifying generalization is the Wild West of modern robotics, with each work proposing and measuring different types of generalization in their own, often difficult to reproduce settings. In this work, our goal is (1) to outline the forms of generalization we believe are important for robot manipulation in a comprehensive and fine-grained manner, and (2) to provide reproducible guidelines for measuring these notions of generalization. We first propose STAR-Gen, a taxonomy of generalization for robot manipulation structured around visual, semantic, and behavioral generalization. Next, we instantiate STAR-Gen with two case studies on real-world benchmarking: one based on open-source models and the Bridge V2 dataset, and another based on the bimanual ALOHA 2 platform that covers more dexterous and longer horizon tasks. Our case studies reveal many interesting insights: for example, we observe that open-source vision-language-action models often struggle with semantic generalization, despite pre-training on internet-scale language datasets. We provide videos and other supplementary material at stargen-taxonomy.github.io.",high,A5 | A7,2,A5=medium | A7=high,A5=Machine learning for robot manipulation promises to unlock generalization to novel tasks and environments. | A7=Machine learning for robot manipulation promises to unlock generalization to novel tasks and environments.,"A5=The expansion tests whether this adaptive mixture mechanism adds a reusable way to control which robot experience influences policy training. | A7=It expands or measures task, environment, object, or observation coverage for more robust behavior.",A5=true | A7=true,expansion_round_1,,,arxiv:2503.01238,arxiv:2503.01238,921083727270268951,,,citers,,A5 | A7,false,false,false,true,A5/expansion/raw/round1-citers.json | A7/work/expansion-read-manifest.json | A7/work/expansion-registry.json | A7/work/expansion-registry.jsonl,A5/expansion/round1-triage.jsonl | A7/work/expansion-triage.jsonl
1124,arxiv:2503.09018,7,MEDIUM,A6,Feasibility-aware Imitation Learning from Observations through a Hand-mounted Demonstration Interface,arxiv:2503.09018,"Imitation learning through a demonstration interface is expected to learn policies for robot automation from intuitive human demonstrations. However, due to the differences in human and robot movement characteristics, a human expert might unintentionally demonstrate an action that the robot cannot execute. We propose feasibility-aware behavior cloning from observation (FABCO). In the FABCO framework, the feasibility of each demonstration is assessed using the robot's pre-trained forward and inverse dynamics models. This feasibility information is provided as visual feedback to the demonstrators, encouraging them to refine their demonstrations. During policy learning, estimated feasibility serves as a weight for the demonstration data, improving both the data efficiency and the robustness of the learned policy. We experimentally validated FABCO's effectiveness by applying it to a pipette insertion task involving a pipette and a vial. Four participants assessed the impact of the feasibility feedback and the weighted policy learning in FABCO. Additionally, we used the NASA Task Load Index (NASA-TLX) to evaluate the workload induced by demonstrations with visual feedback.",medium,A6,1,A6=medium,A6=Studies how non-ideal sequential experience or feedback can improve decision-making beyond success-only imitation.,A6=Offers an adjacent conceptual transfer for representing and using imperfect robot experience.,A6=true,primary_assignment,"Kei Takahashi, Hikaru Sasaki, Takamitsu Matsubara",2025,arxiv:2503.09018,arxiv:2503.09018,3706060634869371683,cs.LG | cs.RO,q02-direct-imperfect-demo | q03-direct-partial-success | q11-mech-quality-weighted | q18-failure-conditioned-bc,search-papers,general,A6,true,true,false,false,A3/paper-registry.json | A3/raw/q09-failed.txt | A4/canonical-registry.jsonl | A4/raw/q01-direct.json | A4/raw/q11-help-harm.json | A5/canonical-pool.jsonl | A5/paper-registry.json | A5/raw/q01-direct.json | A6/raw-retrieval/q02-direct-imperfect-demo.json | A6/raw-retrieval/q03-direct-partial-success.json | A6/raw-retrieval/q11-mech-quality-weighted.json | A6/raw-retrieval/q18-failure-conditioned-bc.json | A6/registry-assignment.jsonl | A6/work/assigned-registry-inspected.jsonl | A6/work/assigned-registry-preinspect.jsonl | A6/work/canonical-pool.jsonl | A6/work/evidence-index.jsonl | A8/raw/q27-recent.json | A8/work/canonical-pool.jsonl,A6/triage.jsonl
1137,arxiv:2503.15470,7,HIGH,A2,EgoDTM: Towards 3D-Aware Egocentric Video-Language Pretraining,arxiv:2503.15470,"Egocentric video-language pretraining has significantly advanced video representation learning. Humans perceive and interact with a fully 3D world, developing spatial awareness that extends beyond text-based understanding. However, most previous works learn from 1D text or 2D visual cues, such as bounding boxes, which inherently lack 3D understanding. To bridge this gap, we introduce EgoDTM, an Egocentric Depth- and Text-aware Model, jointly trained through large-scale 3D-aware video pretraining and video-text contrastive learning. EgoDTM incorporates a lightweight 3D-aware decoder to efficiently learn 3D-awareness from pseudo depth maps generated by depth estimation models. To further facilitate 3D-aware video pretraining, we enrich the original brief captions with hand-object visual cues by organically combining several foundation models. Extensive experiments demonstrate EgoDTM's superior performance across diverse downstream tasks, highlighting its superior 3D-aware visual understanding. Code: https://github.com/xuboshen/EgoDTM.",high,A2,1,A2=high,"A2=Encodes or selects compact trajectory segments or latent plans so sequential experience can be retrieved, recombined, or reused.","A2=The mechanism can turn long robot experience into reusable training units, skill memories, or better-conditioned policy targets.",A2=true,expansion_round_1,,2025,arxiv:2503.15470,,,,,,,A2,false,false,false,false,A2/expansion-pool.json | A2/expansion-pool.jsonl,A2/expansion-triage.jsonl
1150,arxiv:2503.24070,7,HIGH,A6,HACTS: a Human-As-Copilot Teleoperation System for Robot Learning,arxiv:2503.24070,"Teleoperation is essential for autonomous robot learning, especially in manipulation tasks that require human demonstrations or corrections. However, most existing systems only offer unilateral robot control and lack the ability to synchronize the robot's status with the teleoperation hardware, preventing real-time, flexible intervention. In this work, we introduce HACTS (Human-As-Copilot Teleoperation System), a novel system that establishes bilateral, real-time joint synchronization between a robot arm and teleoperation hardware. This simple yet effective feedback mechanism, akin to a steering wheel in autonomous vehicles, enables the human copilot to intervene seamlessly while collecting action-correction data for future learning. Implemented using 3D-printed components and low-cost, off-the-shelf motors, HACTS is both accessible and scalable. Our experiments show that HACTS significantly enhances performance in imitation learning (IL) and reinforcement learning (RL) tasks, boosting IL recovery capabilities and data efficiency, and facilitating human-in-the-loop RL. HACTS paves the way for more effective and interactive human-robot collaboration and data-collection, advancing the capabilities of robot manipulation.",high,A6,1,A6=high,"A6=Uses failure, recovery, retry, correction, or intervention data to return execution to a viable state or learn corrective behavior.",A6=Shows how imperfect experience can teach robust retry and recovery behavior instead of being discarded.,A6=true,primary_assignment,"Zhiyuan Xu, Yinuo Zhao, Kun Wu, Ning Liu, Junjie Ji, Zhengping Che, Chi Harold Liu, Jian Tang",2025,arxiv:2503.24070,arxiv:2503.24070,7768505188083071770,cs.LG | cs.RO,q29-found-corrections,related-papers,,A6,true,true,false,false,A6/expansion/canonical-pool.jsonl | A6/raw-retrieval/q29-found-corrections.json | A6/registry-assignment.jsonl | A6/work/assigned-registry-inspected.jsonl | A6/work/assigned-registry-preinspect.jsonl | A6/work/canonical-pool.jsonl | A6/work/evidence-index.jsonl,A6/triage.jsonl
1163,arxiv:2504.16054,7,HIGH,A4 | A7,π0.5: a Vision-Language-Action Model with Open-World Generalization,arxiv:2504.16054,"In order for robots to be useful, they must perform practically relevant tasks in the real world, outside of the lab. While vision-language-action (VLA) models have demonstrated impressive results for end-to-end robot control, it remains an open question how far such models can generalize in the wild. We describe π0.5, a new model based on π₀ that uses co-training on heterogeneous tasks to enable broad generalization. π0.5 uses data from multiple robots, high-level semantic prediction, web data, and other sources to enable broadly generalizable real-world robotic manipulation. Our system uses a combination of co-training and hybrid multi-modal examples that combine image observations, language commands, object detections, semantic subtask prediction, and low-level actions. Our experiments show that this kind of knowledge transfer is essential for effective generalization, and we demonstrate for the first time that an end-to-end learning-enabled robotic system can perform long-horizon and dexterous manipulation skills, such as cleaning a kitchen or bedroom, in entirely new homes.",high,A4 | A7,2,A4=medium | A7=high,"A4=Connects trajectory or demonstration choice to downstream policy learning, behavior, or offline-RL utility. | A7=In order for robots to be useful, they must perform practically relevant tasks in the real world, outside of the lab.",A4=It is directly or plausibly transferable to selecting robot experience for policy learning. | A7=It provides a route to reuse heterogeneous experience across embodiments or data sources.,A4=true | A7=true,expansion_round_1,,,arxiv:2504.16054 | paper:1949942817381172902,arxiv:2504.16054,paper:1949942817381172902,,68,similar,recent,A4 | A7,false,false,false,true,A4/expansion/round3/registry.jsonl | A4/expansion/round4/registry.jsonl | A5/canonical-pool.jsonl | A5/expansion/raw/round2-similar.json | A5/expansion/raw/round3-similar.json | A5/paper-registry.json | A7/work/expansion-registry.json | A7/work/expansion-registry.jsonl,A4/expansion/all-new-expansion-triage.jsonl | A7/work/expansion-triage.jsonl
1176,arxiv:2505.05701,7,HIGH,A7,Pretraining a Shared Q-Network for Data-Efficient Offline Reinforcement Learning,arxiv:2505.05701,"Offline reinforcement learning (RL) aims to learn a policy from a static dataset without further interactions with the environment. Collecting sufficiently large datasets for offline RL is exhausting since this data collection requires colossus interactions with environments and becomes tricky when the interaction with the environment is restricted. Hence, how an agent learns the best policy with a minimal static dataset is a crucial issue in offline RL, similar to the sample efficiency problem in online RL. In this paper, we propose a simple yet effective plug-and-play pretraining method to initialize a feature of a Q-network to enhance data efficiency in offline RL. Specifically, we introduce a shared Q-network structure that outputs predictions of the next state and Q-value. We pretrain the shared Q-network through a supervised regression task that predicts a next state and trains the shared Q-network using diverse offline RL methods. Through extensive experiments, we empirically demonstrate that our method enhances the performance of existing popular offline RL methods on the D4RL, Robomimic and V-D4RL benchmarks. Furthermore, we show that our method significantly boosts data-efficient offline RL across various data qualities and data distributions trough D4RL and ExoRL benchmarks. Notably, our method adapted with only 10% of the dataset outperforms standard algorithms even with full datasets.",high,A7,1,A7=high,A7=Offline reinforcement learning (RL) aims to learn a policy from a static dataset without further interactions with the environment.,"A7=It informs how data quantity, composition, or offline experience should affect policy training.",A7=true,expansion_round_1,,,arxiv:2505.05701,,,,,similar,,A7,false,false,false,false,A7/work/expansion-registry.json | A7/work/expansion-registry.jsonl,A7/work/expansion-triage.jsonl
1189,arxiv:2505.09577,7,MEDIUM,A4 | A5,VTLA: Vision-Tactile-Language-Action Model with Preference Learning for Insertion Manipulation,arxiv:2505.09577,"While vision-language models have advanced significantly, their application in language-conditioned robotic manipulation is still underexplored, especially for contact-rich tasks that extend beyond visually dominant pick-and-place scenarios. To bridge this gap, we introduce Vision-Tactile-Language-Action model, a novel framework that enables robust policy generation in contact-intensive scenarios by effectively integrating visual and tactile inputs through cross-modal language grounding. A low-cost, multi-modal dataset has been constructed in a simulation environment, containing vision-tactile-action-instruction pairs specifically designed for the fingertip insertion task. Furthermore, we introduce Direct Preference Optimization (DPO) to offer regression-like supervision for the VTLA model, effectively bridging the gap between classification-based next token prediction loss and continuous robotic tasks. Experimental results show that the VTLA model outperforms traditional imitation learning methods (e.g., diffusion policies) and existing multi-modal baselines (TLA/VLA), achieving over 90% success rates on unseen peg shapes. Finally, we conduct real-world peg-in-hole experiments to demonstrate the exceptional Sim2Real performance of the proposed VTLA model. For supplementary videos and results, please visit our project website: https://sites.google.com/view/vtla",medium,A4 | A5,2,A4=medium | A5=medium,"A4=Connects trajectory or demonstration choice to downstream policy learning, behavior, or offline-RL utility. | A5=While vision-language models have advanced significantly, their application in language-conditioned robotic manipulation is still underexplored, especially for contact-rich tasks that extend beyond visually dominant pick-and-place scenarios.",A4=It is directly or plausibly transferable to selecting robot experience for policy learning. | A5=This adaptive mixture neighbor tests whether the expansion adds a reusable mechanism for controlling robot experience in policy training.,A4=false | A5=true,expansion_round_1 | expansion_round_2,,,arxiv:2505.09577 | paper:5761365593118356105,arxiv:2505.09577,5761365593118356105,,q12-segmentation,related-papers-round2 | related-papers-round3 | search-papers,,A1,false,false,false,false,A1/expansion-round2-registry.json | A1/expansion-round3-registry.json | A1/paper-registry-complete.json | A1/paper-registry.json | A1/raw/q12-segmentation.json | A4/expansion/round4/registry.jsonl | A5/expansion/raw/round2-citers.json | A5/expansion/raw/round3-citers.json,A4/expansion/all-new-expansion-triage.jsonl | A5/expansion/round2-triage.jsonl
1202,arxiv:2505.15098,7,HIGH,A7,Object-Focus Actor for Data-efficient Robot Generalization Dexterous Manipulation,arxiv:2505.15098,"Robot manipulation learning from human demonstrations offers a rapid means to acquire skills but often lacks generalization across diverse scenes and object placements. This limitation hinders real-world applications, particularly in complex tasks requiring dexterous manipulation. Vision-Language-Action (VLA) paradigm leverages large-scale data to enhance generalization. However, due to data scarcity, VLA's performance remains limited. In this work, we introduce Object-Focus Actor (OFA), a novel, data-efficient approach for generalized dexterous manipulation. OFA exploits the consistent end trajectories observed in dexterous manipulation tasks, allowing for efficient policy training. Our method employs a hierarchical pipeline: object perception and pose estimation, pre-manipulation pose arrival and OFA policy execution. This process ensures that the manipulation is focused and efficient, even in varied backgrounds and positional layout. Comprehensive real-world experiments across seven tasks demonstrate that OFA significantly outperforms baseline methods in both positional and background generalization tests. Notably, OFA achieves robust performance with only 10 demonstrations, highlighting its data efficiency.",high,A7,1,A7=high,A7=Robot manipulation learning from human demonstrations offers a rapid means to acquire skills but often lacks generalization across diverse scenes and object placements.,A7=It helps diagnose or reduce behavior-distribution mismatch and spurious dependence under deployment shift.,A7=true,expansion_round_1,,,arxiv:2505.15098,,,,,citers,,A7,false,false,false,false,A7/work/expansion-registry.json | A7/work/expansion-registry.jsonl,A7/work/expansion-triage.jsonl
1215,arxiv:2505.21410,7,HIGH,A2,MRS: Multi-Resolution Skills for HRL Agents,arxiv:2505.21410,"Hierarchical reinforcement learning (HRL) decomposes the policy into a manager and a worker, enabling long-horizon planning but introducing a performance gap on tasks requiring agility. We identify a root cause: in subgoal-based HRL, the manager's goal representation is typically learned without constraints on reachability or temporal distance from the current state, preventing precise local subgoal selection. We further show that the optimal subgoal distance is both task- and state-dependent: nearby subgoals enable precise control but amplify prediction noise, while distant subgoals produce smoother motion at the cost of geometric precision. We propose Multi-Resolution Skills (MRS), which learns multiple goal-prediction modules each specialized to a fixed temporal horizon, with a jointly trained meta-controller that selects among them based on the current state. MRS consistently outperforms fixed-resolution baselines and significantly reduces the performance gap between HRL and non-HRL state-of-the-art on DeepMind Control Suite, Gym-Robotics, and long-horizon AntMaze tasks. [Project page: https://sites.google.com/view/multi-res-skills/home]",high,A2,1,A2=high,A2=Predicts or executes temporally extended action sequences or keypose-conditioned chunks to trade feedback frequency against longer-horizon control.,"A2=Boundary and horizon choices determine the training unit, feedback latency, credit assignment, and compounding-error exposure in long-horizon robot learning.",A2=true,primary_assignment,"Shashank Sharma, Janina Hoffmann, Vinay Namboodiri",2025,arxiv:2505.21410,arxiv:2505.21410,6860162365178148715,cs.AI | cs.LG | cs.RO,subgoal discovery temporal abstraction demonstrations inverse dynamics robotics,search-papers,false,A2,false,false,false,false,A2/assigned-papers.json | A2/assigned-registry-inspected.json | A2/assigned-registry-inspected.jsonl | A2/canonical-pool.json | A2/canonical-pool.jsonl | A2/expansion-pool.json | A2/expansion-pool.jsonl | A2/raw/q16-subgoal.json,A2/assigned-abstracts.jsonl | A2/triage.jsonl
1228,arxiv:2506.05762,7,HIGH,A4,BiTrajDiff: Bidirectional Trajectory Generation with Diffusion Models for Offline Reinforcement Learning,arxiv:2506.05762,"Recent advances in offline Reinforcement Learning (RL) have proven that effective policy learning can benefit from imposing conservative constraints on pre-collected datasets. However, such static datasets often exhibit distribution bias, resulting in limited generalizability. To address this limitation, a straightforward solution is data augmentation (DA), which leverages generative models to enrich data distribution. Despite the promising results, current DA techniques focus solely on reconstructing future trajectories from given states, while ignoring the exploration of history transitions that reach them. This single-direction paradigm inevitably hinders the discovery of diverse behavior patterns, especially those leading to critical states that may have yielded high-reward outcomes. In this work, we introduce Bidirectional Trajectory Diffusion (BiTrajDiff), a novel DA framework for offline RL that models both future and history trajectories from any intermediate states. Specifically, we decompose the trajectory generation task into two independent yet complementary diffusion processes: one generating forward trajectories to predict future dynamics, and the other generating backward trajectories to trace essential history transitions.BiTrajDiff can efficiently leverage critical states as anchors to expand into potentially valuable yet underexplored regions of the state space, thereby facilitating dataset diversity. Extensive experiments on the D4RL benchmark suite demonstrate that BiTrajDiff achieves superior performance compared to other advanced DA methods across various offline RL backbones.",high,A4,1,A4=high,"A4=Ranks or weights trajectories/transitions according to return, coverage, value, or policy-improvement utility in offline learning.",A4=It offers a direct or transferable way to connect robot experience choices to learned policy behavior.,A4=true,primary_assignment,,,arxiv:2506.05762 | paper:2775159188427758488,arxiv:2506.05762,2775159188427758488,,q18-offline-rl | q36-recent-offline,semantic-search,,A4,false,false,false,false,A4/assigned-papers.json | A4/assigned-registry-inspected.jsonl | A4/assigned-registry-preinspect.jsonl | A4/canonical-registry.jsonl | A4/raw/q18-offline-rl.json | A4/raw/q36-recent-offline.json,A4/abstract-triage.jsonl
1241,arxiv:2506.12676,7,HIGH,A5,Goal-based Self-Adaptive Generative Adversarial Imitation Learning (Goal-SAGAIL) for Multi-goal Robotic Manipulation Tasks,arxiv:2506.12676,"Reinforcement learning for multi-goal robot manipulation tasks poses significant challenges due to the diversity and complexity of the goal space. Techniques such as Hindsight Experience Replay (HER) have been introduced to improve learning efficiency for such tasks. More recently, researchers have combined HER with advanced imitation learning methods such as Generative Adversarial Imitation Learning (GAIL) to integrate demonstration data and accelerate training speed. However, demonstration data often fails to provide enough coverage for the goal space, especially when acquired from human teleoperation. This biases the learning-from-demonstration process toward mastering easier sub-tasks instead of tackling the more challenging ones. In this work, we present Goal-based Self-Adaptive Generative Adversarial Imitation Learning (Goal-SAGAIL), a novel framework specifically designed for multi-goal robot manipulation tasks. By integrating self-adaptive learning principles with goal-conditioned GAIL, our approach enhances imitation learning efficiency, even when limited, suboptimal demonstrations are available. Experimental results validate that our method significantly improves learning efficiency across various multi-goal manipulation scenarios -- including complex in-hand manipulation tasks -- using suboptimal demonstrations provided by both simulation and human experts.",high,A5,1,A5=high,A5=Techniques such as Hindsight Experience Replay (HER) have been introduced to improve learning efficiency for such tasks.,"A5=It informs which stored transitions or demonstrations should be replayed more often when sparse reward, rarity, or learning progress matters.",A5=true,primary_assignment,"Yingyi Kuang, Luis J. Manso, George Vogiatzis",2025,arxiv:2506.12676 | paper:7144276234921142186,arxiv:2506.12676,paper:7144276234921142186,cs.RO,22 | 50 | 58 | 63,search-papers,foundational | general | recent,A5,false,false,false,false,A4/canonical-registry.jsonl | A4/raw/q31-trajectory-rank.json | A5/assigned-papers.json | A5/canonical-pool.jsonl | A5/evidence-ledger.jsonl | A5/inspection-manifest.json | A5/paper-registry.json | A5/read-manifest.json | A7/raw/q14-space-coverage.json | A7/raw/q15-long-tail-failure.json | A7/work/paper-registry.json | A7/work/paper-registry.jsonl | A7/work/verified-paper-registry.json | A7/work/verified-paper-registry.jsonl | A8/raw/q17-adjacent.json | A8/work/canonical-pool.jsonl,A5/assigned-abstracts.jsonl
1254,arxiv:2506.17811,7,HIGH,A3,RoboMonkey: Scaling Test-Time Sampling and Verification for Vision-Language-Action Models,arxiv:2506.17811,"Vision-Language-Action (VLA) models have demonstrated remarkable capabilities in visuomotor control, yet ensuring their robustness in unstructured real-world environments remains a persistent challenge. In this paper, we investigate test-time scaling through the lens of sampling and verification as means to enhance the robustness and generalization of VLAs. We first demonstrate that the relationship between action error and the number of generated samples follows an exponentiated power law across a range of VLAs, indicating the existence of inference-time scaling laws. Building on these insigh (poolSize=10)",high,A3,1,A3=high,A3=Test-time sampling and verification select safer or more reliable actions from VLA policy candidates.,A3=Verification can act as a harmful-data and action-quality gate in deployment-time adaptation.,A3=true,expansion_round_2,Jacky Kwok | Christopher Agia | Rohan Sinha | Matt Foutter | Shulu Li | Ion Stoica | Azalia Mirhoseini | Marco Pavone,2025,arxiv:2506.17811,,,cs.AI | cs.RO | cs.SY | eess.SY,,firecrawl research related-papers,,A3,false,false,false,false,A3/paper-registry.json | A3/round2-registry.json,A3/round2-triage.jsonl
1267,arxiv:2507.05477,7,HIGH,A8,Epistemically-guided forward-backward exploration,arxiv:2507.05477,"Zero-shot reinforcement learning is necessary for extracting optimal policies in absence of concrete rewards for fast adaptation to future problem settings. Forward-backward representations (FB) have emerged as a promising method for learning optimal policies in absence of rewards via a factorization of the policy occupancy measure. However, up until now, FB and many similar zero-shot reinforcement learning algorithms have been decoupled from the exploration problem, generally relying on other exploration algorithms for data collection. We argue that FB representations should fundamentally be used for exploration in order to learn more efficiently. With this goal in mind, we design exploration policies that arise naturally from the FB representation that minimize the posterior variance of the FB representation, hence minimizing its epistemic uncertainty. We empirically demonstrate that such principled exploration strategies improve sample complexity of the FB algorithm considerably in comparison to other exploration methods. Code is publicly available at https://sites.google.com/view/fbee-url.",high,A8,1,A8=high,A8=Epistemic uncertainty guides both forward discovery and backward reachability so exploration targets states that are novel and recoverable.,"A8=It combines uncertainty with reachability, a useful safeguard against selecting fleet data that are novel but operationally inaccessible.",A8=true,expansion_round_2,,,arxiv:2507.05477 | paperid:4369486331250229244,,,,,,,A8,false,false,false,false,A8/work/expansion-round2-novel.jsonl,A8/work/expansion-round2-triage.jsonl
1280,arxiv:2507.10174,7,HIGH,A5,Should We Ever Prefer Decision Transformer for Offline Reinforcement Learning?,arxiv:2507.10174,"In recent years, extensive work has explored the application of the Transformer architecture to reinforcement learning problems. Among these, Decision Transformer (DT) has gained particular attention in the context of offline reinforcement learning due to its ability to frame return-conditioned policy learning as a sequence modeling task. Most recently, Bhargava et al. (2024) provided a systematic comparison of DT with more conventional MLP-based offline RL algorithms, including Behavior Cloning (BC) and Conservative Q-Learning (CQL), and claimed that DT exhibits superior performance in sparse-reward and low-quality data settings. In this paper, through experimentation on robotic manipulation tasks (Robomimic) and locomotion benchmarks (D4RL), we show that MLP-based Filtered Behavior Cloning (FBC) achieves competitive or superior performance compared to DT in sparse-reward environments. FBC simply filters out low-performing trajectories from the dataset and then performs ordinary behavior cloning on the filtered dataset. FBC is not only very straightforward, but it also requires less training data and is computationally more efficient. The results therefore suggest that DT is not preferable for sparse-reward environments. From prior work, arguably, DT is also not preferable for dense-reward environments. Thus, we pose the question: Is DT ever preferable?",high,A5,1,A5=high,"A5=Among these, Decision Transformer (DT) has gained particular attention in the context of offline reinforcement learning due to its ability to frame return-conditioned policy learning as a sequence modeling task.","A5=It supplies an adjacent-domain sampling, weighting, or selection mechanism whose transfer to robot experience should be checked during inspection.",A5=true,primary_assignment,"Yumi Omori, Zixuan Dong, Keith Ross",2025,arxiv:2507.10174 | paper:1285248416512278636,arxiv:2507.10174,paper:1285248416512278636,cs.AI | cs.LG,48 | 54,search-papers,foundational | general,A5,false,false,false,false,A3/paper-registry.json | A3/raw/q15-offline-quality.txt | A5/assigned-papers.json | A5/canonical-pool.jsonl | A5/evidence-ledger.jsonl | A5/inspection-manifest.json | A5/paper-registry.json | A5/read-manifest.json | A6/raw-retrieval/q18-failure-conditioned-bc.json | A6/raw-retrieval/q31-recent-mixed-quality.json | A6/work/canonical-pool.jsonl,A5/assigned-abstracts.jsonl
1293,arxiv:2508.01600,7,HIGH,A7 | A8,CLASS: Contrastive Learning via Action Sequence Supervision for Robot Manipulation,arxiv:2508.01600,"Recent advances in Behavior Cloning (BC) have led to strong performance in robotic manipulation, driven by expressive models, sequence modeling of actions, and large-scale demonstration data. However, BC faces significant challenges when applied to heterogeneous datasets, such as visual shift with different camera poses or object appearances, where performance degrades despite the benefits of learning at scale. This stems from BC's tendency to overfit individual demonstrations rather than capture shared structure, limiting generalization. To address this, we introduce Contrastive Learning via Action Sequence Supervision (CLASS), a method for learning behavioral representations from demonstrations using supervised contrastive learning. CLASS leverages weak supervision from similar action sequences identified via Dynamic Time Warping (DTW) and optimizes a soft InfoNCE loss with similarity-weighted positive pairs. We evaluate CLASS on 5 simulation benchmarks and 3 real-world tasks to achieve competitive results using retrieval-based control with representations only. Most notably, for downstream policy learning under significant visual shifts, Diffusion Policy with CLASS pre-training achieves an average success rate of 75%, while all other baseline methods fail to perform competitively. Project webpage: https://class-robot.github.io.",high,A7 | A8,2,A7=high | A8=high,"A7=Recent advances in Behavior Cloning (BC) have led to strong performance in robotic manipulation, driven by expressive models, sequence modeling of actions, and large-scale demonstration data. | A8=Soft InfoNCE learns behavioral representations from DTW-identified similar action sequences and similarity-weighted positive pairs.",A7=It helps diagnose or reduce behavior-distribution mismatch and spurious dependence under deployment shift. | A8=It makes representation similarity reflect shared action structure and improves retrieval/control under visual shift.,A7=true | A8=true,expansion_round_1,,2025,arxiv:2508.01600 | paperid:2763536345297066997,arxiv:2508.01600,2763536345297066997,,q03-dtw | q09-foundational-robot,citers | related-papers,foundational,A1,false,false,false,false,A1/paper-registry-complete.json | A1/paper-registry.json | A1/raw/q03-dtw.json | A1/raw/q09-foundational-robot.json | A2/canonical-pool.json | A2/canonical-pool.jsonl | A2/raw/q14-contrastive.json | A2/raw/q42-2024-2025-subsequence.json | A3/paper-registry.json | A3/raw/q13-weak-supervision.txt | A5/canonical-pool.jsonl | A5/paper-registry.json | A7/work/expansion-registry.json | A7/work/expansion-registry.jsonl | A8/work/expansion-novel.jsonl | A8/work/expansion-pool.jsonl,A7/work/expansion-triage.jsonl | A8/work/expansion-triage.jsonl
1306,arxiv:2508.10538,7,HIGH,A5,MLM: Learning Multi-task Loco-Manipulation Whole-Body Control for Quadruped Robot with Arm,arxiv:2508.10538,"Whole-body loco-manipulation for quadruped robots with arms remains a challenging problem, particularly in achieving multi-task control. To address this, we propose MLM, a reinforcement learning framework driven by both real-world and simulation data. It enables a six-DoF robotic arm-equipped quadruped robot to perform whole-body loco-manipulation for multiple tasks autonomously or under human teleoperation. To address the problem of balancing multiple tasks during the learning of loco-manipulation, we introduce a trajectory library with an adaptive, curriculum-based sampling mechanism. This approach allows the policy to efficiently leverage real-world collected trajectories for learning multi-task loco-manipulation. To address deployment scenarios with only historical observations and to enhance the performance of policy execution across tasks with different spatial ranges, we propose a Trajectory-Velocity Prediction policy network. It predicts unobservable future trajectories and velocities. By leveraging extensive simulation data and curriculum-based rewards, our controller achieves whole-body behaviors in simulation and zero-shot transfer to real-world deployment. Ablation studies in simulation verify the necessity and effectiveness of our approach, while real-world experiments on a Go2 robot with an Airbot robotic arm demonstrate the policy's good performance in multi-task execution.",high,A5,1,A5=high,"A5=To address the problem of balancing multiple tasks during the learning of loco-manipulation, we introduce a trajectory library with an adaptive, curriculum-based sampling mechanism.","A5=It informs how a robot learner can order tasks, stages, or examples to improve learning efficiency and stability.",A5=true,primary_assignment,"Xin Liu, Bida Ma, Chenkun Qi, Yan Ding, Nuo Xu, Zhaxizhuoma, Guorong Zhang, Pengan Chen, Kehui Liu, Zhongjie Jia, Chuyue Guan, Yule Mo, Jiaqi Liu, Feng Gao, Jiangwei Zhong, Bin Zhao, Xuelong Li",2025,arxiv:2508.10538 | paper:2316498011475925917,arxiv:2508.10538,paper:2316498011475925917,cs.RO,10 | 19 | 59,search-papers,general,A5,false,false,false,false,A5/assigned-papers.json | A5/canonical-pool.jsonl | A5/evidence-ledger.jsonl | A5/inspection-manifest.json | A5/paper-registry.json | A5/read-manifest.json | A7/raw/q17-negative-transfer.json | A7/work/paper-registry.json | A7/work/paper-registry.jsonl | A7/work/verified-paper-registry.json | A7/work/verified-paper-registry.jsonl,A5/assigned-abstracts.jsonl
1319,arxiv:2508.18817,7,MEDIUM,A8,Learning Acrobatic Flight from Preferences,arxiv:2508.18817,"Preference-based reinforcement learning (PbRL) enables agents to learn control policies without requiring manually designed reward functions, making it well-suited for tasks where objectives are difficult to formalize or inherently subjective. Acrobatic flight poses a particularly challenging problem due to its complex dynamics, rapid movements, and the importance of precise execution. However, manually designed reward functions for such tasks often fail to capture the qualities that matter: we find that hand-crafted rewards agree with human judgment only 60.7% of the time, underscoring the need for preference-driven approaches. In this work, we propose Reward Ensemble under Confidence (REC), a probabilistic reward learning framework for PbRL that explicitly models per-timestep reward uncertainty through an ensemble of distributional reward models. By propagating uncertainty into the preference loss and leveraging disagreement for exploration, REC achieves 88.4% of shaped reward performance on acrobatic quadrotor control, compared to 55.2% with standard Preference PPO. We train policies in simulation and successfully transfer them zero-shot to the real world, demonstrating complex acrobatic maneuvers learned purely from preference feedback. We further validate REC on a continuous control benchmark, confirming its applicability beyond the domain of aerial robotics.",medium,A8,1,A8=medium,A8=Preference feedback ranks flight behaviors and guides learning toward desired high-performance trajectories.,"A8=It shows how human disagreement or preference can value unusual robot experience, though the selection loop is indirect.",A8=true,expansion_round_3,,,arxiv:2508.18817 | paperid:4309611619246820073,,,,,,,A8,false,false,false,false,A8/work/expansion-round3-novel.jsonl,A8/work/expansion-round3-triage.jsonl
1332,arxiv:2509.11480,7,HIGH,A1,Cross-Platform Scaling of Vision-Language-Action Models from Edge to Cloud GPUs,arxiv:2509.11480,"Vision-Language-Action (VLA) models have emerged as powerful generalist policies for robotic control, yet their performance scaling across model architectures and hardware platforms, as well as their associated power budgets, remain poorly understood. This work presents an evaluation of five representative VLA models -- spanning state-of-the-art baselines and two newly proposed architectures -- targeting edge and datacenter GPU platforms. Using the LIBERO benchmark, we measure accuracy alongside system-level metrics, including latency, throughput, and peak memory usage, under varying edge power constraints and high-performance datacenter GPU configurations. Our results identify distinct scaling trends: (1) architectural choices, such as action tokenization and model backbone size, strongly influence throughput and memory footprint; (2) power-constrained edge devices exhibit non-linear performance degradation, with some configurations matching or exceeding older datacenter GPUs; and (3) high-throughput variants can be achieved without significant accuracy loss. These findings provide actionable insights when selecting and optimizing VLAs across a range of deployment constraints. Our work challenges current assumptions about the superiority of datacenter hardware for robotic inference.",high,A1,1,A1=high,"A1=The paper develops or evaluates a temporal correspondence, synchronization, delay, or sequence-representation mechanism for Cross-Platform Scaling of Vision-Language-Action Models from Edge to Cloud GPUs.","A1=Its mechanism is a plausible transfer to multimodal robot experience, action-observation alignment, or temporally aware policy training.",A1=true,expansion_round_2,,,arxiv:2509.11480,arxiv:2509.11480,8120375891789958659,,,related-papers-round2,,A1,false,false,false,false,A1/expansion-round2-registry.json | A1/paper-registry-complete.json,A1/expansion-round2-triage.jsonl
1345,arxiv:2509.19292,7,MEDIUM,A3,SOE: Sample-Efficient Robot Policy Self-Improvement via On-Manifold Exploration,arxiv:2509.19292,"Intelligent agents progress by continually refining their capabilities through actively exploring environments. Yet robot policies often lack sufficient exploration capability due to action mode collapse. Existing methods that encourage exploration typically rely on random perturbations, which are unsafe and induce unstable, erratic behaviors, thereby limiting their effectiveness. We propose Self-Improvement via On-Manifold Exploration (SOE), a framework that enhances policy exploration and improvement in robotic manipulation. SOE learns a compact latent representation of task-relevant factors",medium,A3,1,A3=medium,A3=On-manifold exploration uses a compact task representation to improve policy behavior without unsafe random perturbations.,A3=It suggests a safer way to generate informative corrective data after quality or uncertainty triggers.,A3=true,expansion_round_1,Yang Jin | Jun Lv | Han Xue | Wendi Chen | Chuan Wen | Cewu Lu,2025,arxiv:2509.19292,,,cs.AI | cs.LG | cs.RO,,firecrawl research related-papers,,A3,false,false,false,false,A3/expansion-registry.json | A3/paper-registry.json,A3/expansion-triage.jsonl
1358,arxiv:2509.25438,7,HIGH,A8,Beyond Noisy-TVs: Noise-Robust Exploration Via Learning Progress Monitoring,arxiv:2509.25438,"When there exists an unlearnable source of randomness (noisy-TV) in the environment, a naively intrinsic reward driven exploring agent gets stuck at that source of randomness and fails at exploration. Intrinsic reward based on uncertainty estimation or distribution similarity, while eventually escapes noisy-TVs as time unfolds, suffers from poor sample efficiency and high computational cost. Inspired by recent findings from neuroscience that humans monitor their improvements during exploration, we propose a novel method for intrinsically-motivated exploration, named Learning Progress Monitoring (LPM). During exploration, LPM rewards model improvements instead of prediction error or novelty, effectively rewards the agent for observing learnable transitions rather than the unlearnable transitions. We introduce a dual-network design that uses an error model to predict the expected prediction error of the dynamics model in its previous iteration, and use the difference between the model errors of the current iteration and previous iteration to guide exploration. We theoretically show that the intrinsic reward of LPM is zero-equivariant and a monotone indicator of Information Gain (IG), and that the error model is necessary to achieve monotonicity correspondence with IG. We empirically compared LPM against state-of-the-art baselines in noisy environments based on MNIST, 3D maze with 160x120 RGB inputs, and Atari. Results show that LPM's intrinsic reward converges faster, explores more states in the maze experiment, and achieves higher extrinsic reward in Atari. This conceptually simple approach marks a shift-of-paradigm of noise-robust exploration. For code to reproduce our experiments, see https://github.com/Akuna23Matata/LPMexploration",high,A8,1,A8=high,A8=Learning-progress estimates distinguish controllable improvement from inherently noisy prediction error and focus exploration on improving regions.,A8=It prevents a fleet from wasting collection budget on stochastic novelty that does not increase competence.,A8=true,expansion_round_2,,,arxiv:2509.25438 | paperid:4510105110945918817,,,,,,,A8,false,false,false,false,A8/work/expansion-round2-novel.jsonl,A8/work/expansion-round2-triage.jsonl
1371,arxiv:2510.07773,7,HIGH,A7,Trajectory Conditioned Cross-embodiment Skill Transfer,arxiv:2510.07773,"Learning manipulation skills from human demonstration videos presents a promising yet challenging problem, primarily due to the significant embodiment gap between human body and robot manipulators. Existing methods rely on paired datasets or hand-crafted rewards, which limit scalability and generalization. We propose TrajSkill, a framework for Trajectory Conditioned Cross-embodiment Skill Transfer, enabling robots to acquire manipulation skills directly from human demonstration videos. Our key insight is to represent human motions as sparse optical flow trajectories, which serve as embodiment-agnostic motion cues by removing morphological variations while preserving essential dynamics. Conditioned on these trajectories together with visual and textual inputs, TrajSkill jointly synthesizes temporally consistent robot manipulation videos and translates them into executable actions, thereby achieving cross-embodiment skill transfer. Extensive experiments are conducted, and the results on simulation data (MetaWorld) show that TrajSkill reduces FVD by 39.6% and KVD by 36.6% compared with the state-of-the-art, and improves cross-embodiment success rate by up to 16.7%. Real-robot experiments in kitchen manipulation tasks further validate the effectiveness of our approach, demonstrating practical human-to-robot skill transfer across embodiments.",high,A7,1,A7=high,A7=Uses sparse optical-flow trajectories as morphology-invariant motion cues and conditions video/action synthesis on them for human-to-robot transfer.,A7=It turns trajectory geometry into a cross-embodiment coverage representation.,A7=true,primary_assignment,"YuHang Tang, Yixuan Lou, Pengfei Han, Haoming Song, Xinyi Ye, Dong Wang, Bin Zhao",2025,arxiv:2510.07773,arxiv:2510.07773,4055753352827650331,cs.AI | cs.RO,q11-human-robot | q13-resampling,search-papers,foundational | recent,A7,false,true,true,false,A1/paper-registry-complete.json | A1/paper-registry.json | A1/raw/q11-human-robot.json | A1/raw/q13-resampling.json | A2/canonical-pool.json | A2/canonical-pool.jsonl | A2/raw/q39-2024-2025-segmentation.json | A2/raw/q44-2025-2026-compression.json | A5/canonical-pool.jsonl | A5/paper-registry.json | A7/raw/q03-heterogeneous.json | A7/raw/q27-cross-embodiment-foundation.json | A7/work/assigned-papers.json | A7/work/assigned-papers.jsonl | A7/work/paper-registry.json | A7/work/paper-registry.jsonl | A7/work/read-manifest.json | A7/work/verified-paper-registry.json | A7/work/verified-paper-registry.jsonl,A7/work/abstract-triage.jsonl | A7/work/assigned-abstracts.jsonl
1384,arxiv:2510.15189,7,HIGH,A5,RM-RL: Role-Model Reinforcement Learning for Precise Robot Manipulation,arxiv:2510.15189,"Precise robot manipulation is critical for fine-grained applications such as chemical and biological experiments, where even small errors (e.g., reagent spillage) can invalidate an entire task. Existing approaches often rely on pre-collected expert demonstrations and train policies via imitation learning (IL) or offline reinforcement learning (RL). However, obtaining high-quality demonstrations for precision tasks is difficult and time-consuming, while offline RL commonly suffers from distribution shifts and low data efficiency. We introduce a Role-Model Reinforcement Learning (RM-RL) framework that unifies online and offline training in real-world environments. The key idea is a role-model strategy that automatically generates labels for online training data using approximately optimal actions, eliminating the need for human demonstrations. RM-RL reformulates policy learning as supervised training, reducing instability from distribution mismatch and improving efficiency. A hybrid training scheme further leverages online role-model data for offline reuse, enhancing data efficiency through repeated sampling. Extensive experiments show that RM-RL converges faster and more stably than existing RL methods, yielding significant gains in real-world manipulation: 53% improvement in translation accuracy and 20% in rotation accuracy. Finally, we demonstrate the successful execution of a challenging task, precisely placing a cell plate onto a shelf, highlighting the framework's effectiveness where prior methods fail.",high,A5,1,A5=high,A5=Existing approaches often rely on pre-collected expert demonstrations and train policies via imitation learning (IL) or offline reinforcement learning (RL).,"A5=It supplies an adjacent-domain sampling, weighting, or selection mechanism whose transfer to robot experience should be checked during inspection.",A5=true,primary_assignment,"Xiangyu Chen, Chuhao Zhou, Yuxi Liu, Jianfei Yang",,arxiv:2510.15189 | paper:3247876103665445381,,paper:3247876103665445381,cs.RO,23 | 3,search-papers,general,A5,false,false,false,false,A5/assigned-papers.json | A5/canonical-pool.jsonl | A5/evidence-ledger.jsonl | A5/inspection-manifest.json | A5/paper-registry.json | A5/read-manifest.json,A5/assigned-abstracts.jsonl
1397,arxiv:2510.23121,7,HIGH,A6,Reliable Robotic Task Execution in the Face of Anomalies,arxiv:2510.23121,"Learned robot policies have consistently been shown to be versatile, but they typically have no built-in mechanism for handling the complexity of open environments, making them prone to execution failures; this implies that deploying policies without the ability to recognise and react to failures may lead to unreliable and unsafe robot behaviour. In this paper, we present a framework that couples a learned policy with a method to detect visual anomalies during policy deployment and to perform recovery behaviours when necessary, thereby aiming to prevent failures. Specifically, we train an anomaly detection model using data collected during nominal executions of a trained policy. This model is then integrated into the online policy execution process, so that deviations from the nominal execution can trigger a three-level sequential recovery process that consists of (i) pausing the execution temporarily, (ii) performing a local perturbation of the robot's state, and (iii) resetting the robot to a safe state by sampling from a learned execution success model. We verify our proposed method in two different scenarios: (i) a door handle reaching task with a Kinova Gen3 arm using a policy trained in simulation and transferred to the real robot, and (ii) an object placing task with a UFactory xArm 6 using a general-purpose policy model. Our results show that integrating policy execution with anomaly detection and recovery increases the execution success rate in environments with various anomalies, such as trajectory deviations and adversarial human interventions.",high,A6,1,A6=high,"A6=Uses a recovery, correction, failure-analysis, or imperfect-demonstration mechanism to improve robot execution from non-ideal experience.",A6=Adds an independently discovered A6 mechanism or an important variant for experience/data/training design.,A6=true,expansion_round_1,"Bharath Santhanam, Alex Mitrevski, Santosh Thoduka, Sebastian Houben, Teena Hassan",2025,arxiv:2510.23121,arxiv:2510.23121,8607532894279263356,cs.RO,q14-mech-recovery-intervention | q15-failure-detection-recovery,related-papers,,A6,false,true,false,false,A6/expansion/canonical-pool.jsonl | A6/expansion/selected-registry.jsonl | A6/raw-retrieval/q14-mech-recovery-intervention.json | A6/raw-retrieval/q15-failure-detection-recovery.json | A6/work/canonical-pool.jsonl | A8/raw/q16-outcome.json | A8/work/canonical-pool.jsonl,A6/expansion-triage.jsonl | A6/expansion/triage.jsonl
1410,arxiv:2511.00814,7,HIGH,A7,Real-Time Learning of Predictive Dynamic Obstacle Models for Robotic Motion Planning,arxiv:2511.00814,"Autonomous systems often must predict the motions of nearby agents from partial and noisy data. This paper asks and answers the question: ""can we learn, in real-time, a nonlinear predictive model of another agent's motions?"" Our online framework denoises and forecasts such dynamics using a modified sliding-window Hankel Dynamic Mode Decomposition (Hankel-DMD). Partial noisy measurements are embedded into a Hankel matrix, while an associated Page matrix enables singular-value hard thresholding (SVHT) to estimate the effective rank. A Cadzow projection enforces structured low-rank consistency, yielding a denoised trajectory and local noise variance estimates. From this representation, a time-varying Hankel-DMD lifted linear predictor is constructed for multi-step forecasts. The residual analysis provides variance-tracking signals that can support downstream estimators and risk-aware planning. We validate the approach in simulation under Gaussian and heavy-tailed noise, and experimentally on a dynamic crane testbed. Results show that the method achieves stable variance-aware denoising and short-horizon prediction suitable for integration into real-time control frameworks.",high,A7,1,A7=high,A7=Autonomous systems often must predict the motions of nearby agents from partial and noisy data.,"A7=It informs how data quantity, composition, or offline experience should affect policy training.",A7=true,expansion_round_1,,,arxiv:2511.00814,,,,,citers,,A7,false,false,false,false,A7/work/expansion-read-manifest.json | A7/work/expansion-registry.json | A7/work/expansion-registry.jsonl,A7/work/expansion-triage.jsonl
1423,arxiv:2511.10130,7,HIGH,A1,RI-Loss: A Learnable Residual-Informed Loss for Time Series Forecasting,arxiv:2511.10130,"Time series forecasting relies on predicting future values from historical data, yet most state-of-the-art approaches-including transformer and multilayer perceptron-based models-optimize using Mean Squared Error (MSE), which has two fundamental weaknesses: its point-wise error computation fails to capture temporal relationships, and it does not account for inherent noise in the data. To overcome these limitations, we introduce the Residual-Informed Loss (RI-Loss), a novel objective function based on the Hilbert-Schmidt Independence Criterion (HSIC). RI-Loss explicitly models noise structure by enforcing dependence between the residual sequence and a random time series, enabling more robust, noise-aware representations. Theoretically, we derive the first non-asymptotic HSIC bound with explicit double-sample complexity terms, achieving optimal convergence rates through Bernstein-type concentration inequalities and Rademacher complexity analysis. This provides rigorous guarantees for RI-Loss optimization while precisely quantifying kernel space interactions. Empirically, experiments across eight real-world benchmarks and five leading forecasting models demonstrate improvements in predictive performance, validating the effectiveness of our approach. The code is publicly available at: https://github.com/shang-xl/RI-Loss.",high,A1,1,A1=high,"A1=The paper develops or evaluates a temporal correspondence, synchronization, delay, or sequence-representation mechanism for RI-Loss: A Learnable Residual-Informed Loss for Time Series Forecasting.","A1=Its mechanism is a plausible transfer to multimodal robot experience, action-observation alignment, or temporally aware policy training.",A1=true,expansion_round_3,,,arxiv:2511.10130,arxiv:2511.10130,4297249878943257335,,,related-papers-round3,,A1,false,false,false,false,A1/expansion-round3-registry.json | A1/paper-registry-complete.json,A1/expansion-round3-triage.jsonl
1436,arxiv:2512.00453,7,HIGH,A8,Sample-Efficient Expert Query Control in Active Imitation Learning via Conformal Prediction,arxiv:2512.00453,"Active imitation learning (AIL) combats covariate shift by querying an expert during training. However, expert action labeling often dominates the cost, especially in GPU-intensive simulators, human-in-the-loop settings, and robot fleets that revisit near-duplicate states. We present Conformalized Rejection Sampling for Active Imitation Learning (CRSAIL), a querying rule that requests an expert action only when the visited state is under-represented in the expert-labeled dataset. CRSAIL scores state novelty by the distance to the K-th nearest expert state and sets a single global threshold via conformal prediction. This threshold is the empirical (1-α) quantile of on-policy calibration scores, providing a distribution-free calibration rule that links α to the expected query rate and makes α a task-agnostic tuning knob. This state-space querying strategy is robust to outliers and, unlike safety-gate-based AIL, can be run without real-time expert takeovers: we roll out full trajectories (episodes) with the learner and only afterward query the expert on a subset of visited states. Evaluated on MuJoCo robotics tasks, CRSAIL matches or exceeds expert-level reward while reducing total expert queries by up to 96% vs. DAgger and up to 65% vs. prior AIL methods, with empirical robustness to α and K, easing deployment on novel systems with unknown dynamics.",high,A8,1,A8=high,A8=CRSAIL queries an expert only for states whose k-nearest-neighbor novelty in the labeled set exceeds a conformally calibrated threshold.,A8=It turns representation-space undercoverage into a distribution-free query-rate control for active imitation learning.,A8=true,expansion_round_1,,2025,arxiv:2512.00453 | paperid:813449355947414537,arxiv:2512.00453,813449355947414537,,q38-recent-coreset,related-papers,recent,A8,false,false,false,false,A4/canonical-registry.jsonl | A4/raw/q38-recent-coreset.json | A7/raw/q06-shift.json | A7/work/paper-registry.json | A7/work/paper-registry.jsonl | A7/work/verified-paper-registry.json | A7/work/verified-paper-registry.jsonl | A8/work/expansion-novel.jsonl | A8/work/expansion-pool.jsonl,A8/work/expansion-triage.jsonl
1449,arxiv:2512.09101,7,HIGH,A5,Masked Generative Policy for Robotic Control,arxiv:2512.09101,"We present Masked Generative Policy (MGP), a novel framework for visuomotor imitation learning. We represent actions as discrete tokens, and train a conditional masked transformer that generates tokens in parallel and then rapidly refines only low-confidence tokens. We further propose two new sampling paradigms: MGP-Short, which performs parallel masked generation with score-based refinement for Markovian tasks, and MGP-Long, which predicts full trajectories in a single pass and dynamically refines low-confidence action tokens based on new observations. With globally coherent prediction and robust adaptive execution capabilities, MGP-Long enables reliable control on complex and non-Markovian tasks that prior methods struggle with. Extensive evaluations on 150 robotic manipulation tasks spanning the Meta-World and LIBERO benchmarks show that MGP achieves both rapid inference and superior success rates compared to state-of-the-art diffusion and autoregressive policies. Specifically, MGP increases the average success rate by 9% across 150 tasks while cutting per-sequence inference time by up to 35x. It further improves the average success rate by 60% in dynamic and missing-observation environments, and solves two non-Markovian scenarios where other state-of-the-art methods fail.",high,A5,1,A5=high,"A5=We represent actions as discrete tokens, and train a conditional masked transformer that generates tokens in parallel and then rapidly refines only low-confidence tokens.","A5=It informs how contribution weights can align training with quality, advantage, density, or task importance in the robot experience-to-policy loop.",A5=true,primary_assignment,"Lipeng Zhuang, Shiyu Fan, Florent P. Audonnet, Yingdong Ru, Edmond S. L. Ho, Gerardo Aragon Camarasa, Paul Henderson",2025,arxiv:2512.09101 | paper:8905887077880728096,arxiv:2512.09101,paper:8905887077880728096,cs.AI | cs.RO,12 | 66,search-papers,general | recent,A5,false,false,false,false,A2/canonical-pool.json | A2/canonical-pool.jsonl | A2/raw/q11-action-chunking.json | A5/assigned-papers.json | A5/canonical-pool.jsonl | A5/evidence-ledger.jsonl | A5/inspection-manifest.json | A5/paper-registry.json | A5/read-manifest.json | A7/raw/q33-recent-longtail.json | A7/work/paper-registry.json | A7/work/paper-registry.jsonl | A7/work/verified-paper-registry.json | A7/work/verified-paper-registry.jsonl,A5/assigned-abstracts.jsonl
1462,arxiv:2512.18368,7,HIGH,A2,Learning Semantic Atomic Skills for Multi-Task Robotic Manipulation,arxiv:2512.18368,"Scaling imitation learning to diverse multi-task robot manipulation remains challenging due to suboptimal demonstrations, behavioral multi-modality, and destructive interference across tasks. While skill-based methods offer a promising direction by decomposing behaviors into reusable abstractions, existing approaches often learn skills that are either biased toward linguistic structure or lack semantic alignment across tasks, limiting generalization. In this work, we propose AtomSkill, a novel framework that learns a semantically aligned Atomic Skill Space from demonstrations and enables robust long-horizon execution through keypose imagination. Our method introduces: (1) semantic contrastive skill alignment, which partitions demonstrations into variable-length atomic skills and employs a contrastive objective to jointly enforce semantic consistency and temporal coherence, yielding a compact and reusable skill library; and (2) action decoding with keypose imagining, where the policy predicts both a skill's terminal keypose and immediate actions, thereby supporting progress-aware skill transitions. During inference, an atomic skill diffusion sampler generates plausible skill sequences, while predicted keyposes autonomously trigger smooth skill chaining. Extensive experiments in simulation and real-world settings show that AtomSkill consistently outperforms state-of-the-art imitation learning and skill-based baselines. Project page: https://atom-skill.github.io.",high,A2,1,A2=high,A2=Predicts or executes temporally extended action sequences or keypose-conditioned chunks to trade feedback frequency against longer-horizon control.,"A2=Boundary and horizon choices determine the training unit, feedback latency, credit assignment, and compounding-error exposure in long-horizon robot learning.",A2=true,primary_assignment,"Yihang Zhu, Weiqing Wang, Shijie Wu, Ye Shi, Jingya Wang",2025,arxiv:2512.18368,arxiv:2512.18368,5990148641765362197,cs.RO,2025 2026 long horizon robot manipulation temporal abstraction action chunks | contrastive temporal distance skill boundary detection robotics,search-papers,false,A2,false,false,false,false,A1/paper-registry-complete.json | A1/paper-registry.json | A1/raw/q18-phase.json | A2/assigned-papers.json | A2/assigned-registry-inspected.json | A2/assigned-registry-inspected.jsonl | A2/canonical-pool.json | A2/canonical-pool.jsonl | A2/raw/q14-contrastive.json | A2/raw/q43-2025-2026-long-horizon.json | A7/raw/q33-recent-longtail.json | A7/work/paper-registry.json | A7/work/paper-registry.jsonl | A7/work/verified-paper-registry.json | A7/work/verified-paper-registry.jsonl,A2/assigned-abstracts.jsonl | A2/triage.jsonl
1475,arxiv:2601.00675,7,HIGH,A5 | A6,RoboReward: General-Purpose Vision-Language Reward Models for Robotics,arxiv:2601.00675,"A well-designed reward is critical for effective reinforcement learning-based policy improvement. In real-world robotics, obtaining such rewards typically requires either labor-intensive human labeling or brittle, handcrafted objectives. Vision-language models (VLMs) have shown promise as automatic reward models, yet their effectiveness on real robot tasks is poorly understood. In this work, we aim to close this gap by introducing (1) RoboReward, a robotics reward dataset and benchmark built on large-scale real-robot corpora from Open X-Embodiment (OXE) and RoboArena, and (2) vision-language reward models trained on this dataset (RoboReward 4B/8B). Because OXE is success-heavy and lacks failure examples, we propose a negative examples data augmentation pipeline that generates calibrated negative and near-misses via counterfactual relabeling of successful episodes and temporal clipping to create partial-progress outcomes from the same videos. Using this framework, we build a large training and evaluation dataset spanning diverse tasks and embodiments to test whether state-of-the-art VLMs can reliably provide rewards for robot learning. Our evaluation of open and proprietary VLMs finds that no model excels across tasks, highlighting substantial room for improvement. We then train general-purpose 4B- and 8B-parameter models that outperform much larger VLMs in assigning rewards for short-horizon robotic tasks. Finally, we deploy the 8B model in real-robot reinforcement learning and find that it improves policy learning over Gemini Robotics-ER 1.5 while narrowing the gap to RL training with human-provided rewards. We release the full dataset, trained reward models, and evaluation suite on our website to advance the development of general-purpose reward models in robotics: https://crfm.stanford.edu/helm/robo-reward-bench (project website).",high,A5 | A6,2,A5=low | A6=high,"A5=Vision-language models (VLMs) have shown promise as automatic reward models, yet their effectiveness on real robot tasks is poorly understood. | A6=Uses failure, recovery, retry, correction, or intervention data to return execution to a viable state or learn corrective behavior.",A5=This adaptive mixture neighbor tests whether the expansion adds a reusable mechanism for controlling robot experience in policy training. | A6=Shows how imperfect experience can teach robust retry and recovery behavior instead of being discarded.,A5=false | A6=true,expansion_round_3 | primary_assignment,"Tony Lee, Andrew Wagenmaker, Karl Pertsch, Percy Liang, Sergey Levine, Chelsea Finn",2026,arxiv:2601.00675,arxiv:2601.00675,4234497457583451490,cs.RO,q13-mech-reward-preference,search-papers,recent,A6,true,true,false,true,A5/expansion/raw/round3-citers.json | A6/raw-retrieval/q13-mech-reward-preference.json | A6/registry-assignment.jsonl | A6/work/assigned-registry-inspected.jsonl | A6/work/assigned-registry-preinspect.jsonl | A6/work/canonical-pool.jsonl | A6/work/evidence-index.jsonl | A7/raw/q12-vla-composition.json | A7/work/paper-registry.json | A7/work/paper-registry.jsonl | A7/work/verified-paper-registry.json | A7/work/verified-paper-registry.jsonl,A5/expansion/round3-triage.jsonl | A6/triage.jsonl
1488,arxiv:2601.04629,7,MEDIUM,A4,UniBiDex: A Unified Teleoperation Framework for Robotic Bimanual Dexterous Manipulation,arxiv:2601.04629,We present UniBiDex a unified teleoperation framework for robotic bimanual dexterous manipulation that supports both VRbased and leaderfollower input modalities UniBiDex enables realtime contactrich dualarm teleoperation by integrating heterogeneous input devices into a shared control stack with consistent kinematic treatment and safety guarantees The framework employs nullspace control to optimize bimanual configurations ensuring smooth collisionfree and singularityaware motion across tasks We validate UniBiDex on a longhorizon kitchentidying task involving five sequential manipulation subtasks demonstrating higher task success rates smoother trajectories and improved robustness compared to strong baselines By releasing all hardware and software components as opensource we aim to lower the barrier to collecting largescale highquality human demonstration datasets and accelerate progress in robot learning.,medium,A4,1,A4=medium,"A4=Connects trajectory or demonstration choice to downstream policy learning, behavior, or offline-RL utility.",A4=It is directly or plausibly transferable to selecting robot experience for policy learning.,A4=true,expansion_round_1,,,arxiv:2601.04629 | paper:1509274185319559059,,,,,,,A4,false,false,false,false,A4/expansion/round3/registry.jsonl,A4/expansion/all-new-expansion-triage.jsonl
1501,arxiv:2601.09708,7,MEDIUM,A4,Fast-ThinkAct: Efficient Vision-Language-Action Reasoning via Verbalizable Latent Planning,arxiv:2601.09708,"Vision-Language-Action (VLA) tasks require reasoning over complex visual scenes and executing adaptive actions in dynamic environments. While recent studies on reasoning VLAs show that explicit chain-of-thought (CoT) can improve generalization, they suffer from high inference latency due to lengthy reasoning traces. We propose Fast-ThinkAct, an efficient reasoning framework that achieves compact yet performant planning through verbalizable latent reasoning. Fast-ThinkAct learns to reason efficiently with latent CoTs by distilling from a teacher, driven by a preference-guided objective to align manipulation trajectories that transfers both linguistic and visual planning capabilities for embodied control. This enables reasoning-enhanced policy learning that effectively connects compact reasoning to action execution. Extensive experiments across diverse embodied manipulation and reasoning benchmarks demonstrate that Fast-ThinkAct achieves strong performance with up to 89.3% reduced inference latency over state-of-the-art reasoning VLAs, while maintaining effective long-horizon planning, few-shot adaptation, and failure recovery.",medium,A4,1,A4=medium,"A4=Connects trajectory or demonstration choice to downstream policy learning, behavior, or offline-RL utility.",A4=It is directly or plausibly transferable to selecting robot experience for policy learning.,A4=false,expansion_round_1,,,arxiv:2601.09708 | paper:8014486249330742800,,,,,,,A4,false,false,false,false,A4/expansion/round4/registry.jsonl,A4/expansion/all-new-expansion-triage.jsonl
1514,arxiv:2601.13697,7,MEDIUM,A4,Uncertainty-Aware Gradient Signal-to-Noise Data Selection for Instruction Tuning,arxiv:2601.13697,"Instruction tuning is a standard paradigm for adapting large language models (LLMs), but modern instruction datasets are large, noisy, and redundant, making full-data fine-tuning costly and often unnecessary. Existing data selection methods either build expensive gradient datastores or assign static scores from a weak proxy, largely ignoring evolving uncertainty, and thus missing a key source of LLM interpretability. We propose GRADFILTERING, an objective-agnostic, uncertainty-aware data selection framework that utilizes a small GPT-2 proxy with a LoRA ensemble and aggregates per-example gradients into a Gradient Signal-to-Noise Ratio (G-SNR) utility. Our method matches or surpasses random subsets and strong baselines in most LLM-as-a-judge evaluations as well as in human assessment. Moreover, GRADFILTERING-selected subsets converge faster than competitive filters under the same compute budget, reflecting the benefit of uncertainty-aware scoring.",medium,A4,1,A4=medium,A4=Uses a valuation or attribution signal to estimate the contribution of training examples to model or policy outcomes.,A4=It extends the A4 mechanism space with adjacent data-centric evidence.,A4=false,expansion_round_1,,,arxiv:2601.13697 | paper:9173303517301620382,,,,,,,A4,false,false,false,false,A4/expansion/round2/registry.jsonl | A4/expansion/round5/registry.jsonl,A4/expansion/all-new-expansion-triage.jsonl
1527,arxiv:2601.19040,7,MEDIUM,A4,OATS: Online Data Augmentation for Time Series Foundation Models,arxiv:2601.19040,"Time Series Foundation Models (TSFMs) are a powerful paradigm for time series analysis and are often enhanced by synthetic data augmentation to improve the training data quality. Existing augmentation methods, however, typically rely on heuristics and static paradigms. Motivated by dynamic data optimization, which shows that the contribution of samples varies across training stages, we propose OATS (Online Data Augmentation for Time Series Foundation Models), a principled strategy that generates synthetic data tailored to different training steps. OATS leverages valuable training samples as principled guiding signals and dynamically generates high-quality synthetic data conditioned on them. We further design a diffusion-based framework to produce realistic time series and introduce an explore-exploit mechanism to balance efficiency and effectiveness. Experiments on TSFMs demonstrate that OATS consistently outperforms regular training and yields substantial performance gains over static data augmentation baselines across six validation datasets and two TSFM architectures. The code is available at the link https://github.com/microsoft/TimeCraft.",medium,A4,1,A4=medium,A4=Provides adjacent evidence about how data composition affects learning outcomes.,A4=It extends the A4 mechanism space with adjacent data-centric evidence.,A4=false,expansion_round_1,,,arxiv:2601.19040 | paper:4249359277806227986,,,,,,,A4,false,false,false,false,A4/expansion/round2/registry.jsonl | A4/expansion/round5/registry.jsonl,A4/expansion/all-new-expansion-triage.jsonl
1540,arxiv:2601.21754,7,MEDIUM,A4,Language-based Trial and Error Falls Behind in the Era of Experience,arxiv:2601.21754,"While Large Language Models (LLMs) excel in language-based agentic tasks, their applicability to unseen, nonlinguistic environments (e.g., symbolic or spatial tasks) remains limited. Previous work attributes this performance gap to the mismatch between the pretraining distribution and the testing distribution. In this work, we demonstrate the primary bottleneck is the prohibitive cost of exploration: mastering these tasks requires extensive trial-and-error, which is computationally unsustainable for parameter-heavy LLMs operating in a high dimensional semantic space. To address this, we propose SCOUT (Sub-Scale Collaboration On Unseen Tasks), a novel framework that decouples exploration from exploitation. We employ lightweight ""scouts"" (e.g., small MLPs) to probe environmental dynamics at a speed and scale far exceeding LLMs. The collected trajectories are utilized to bootstrap the LLM via Supervised Fine-Tuning (SFT), followed by multi-turn Reinforcement Learning (RL) to activate its latent world knowledge. Empirically, SCOUT enables a Qwen2.5-3B-Instruct model to achieve an average score of 0.86, significantly outperforming proprietary models, including Gemini-2.5-Pro (0.60), while saving about 60% GPU hours consumption.",medium,A4,1,A4=medium,A4=Provides adjacent evidence about how data composition affects learning outcomes.,A4=It extends the A4 mechanism space with adjacent data-centric evidence.,A4=false,expansion_round_1,,,arxiv:2601.21754 | paper:6719078444303433083,,,,,,,A4,false,false,false,false,A4/expansion/round4/registry.jsonl,A4/expansion/all-new-expansion-triage.jsonl
1553,arxiv:2602.00807,7,HIGH,A7,Any3D-VLA: Enhancing VLA Robustness via Diverse Point Clouds,arxiv:2602.00807,"Existing Vision-Language-Action (VLA) models typically take 2D images as visual input, which limits their spatial understanding in complex scenes. How can we incorporate 3D information to enhance VLA capabilities? We conduct a pilot study across different observation spaces and visual representations. The results show that explicitly lifting visual input into point clouds yields representations that better complement their corresponding 2D representations. To address the challenges of (1) scarce 3D data and (2) the domain gap induced by cross-environment differences and depth-scale biases, we propose Any3D-VLA. It unifies the simulator, sensor, and model-estimated point clouds within a training pipeline, constructs diverse inputs, and learns domain-agnostic 3D representations that are fused with the corresponding 2D representations. Simulation and real-world experiments demonstrate Any3D-VLA's advantages in improving performance and mitigating the domain gap. Our project homepage is available at https://xianzhefan.github.io/Any3D-VLA.github.io.",high,A7,1,A7=high,"A7=Existing Vision-Language-Action (VLA) models typically take 2D images as visual input, which limits their spatial understanding in complex scenes.",A7=It helps diagnose or reduce behavior-distribution mismatch and spurious dependence under deployment shift.,A7=true,expansion_round_1,,,arxiv:2602.00807,,,,,citers,,A7,false,false,false,false,A7/work/expansion-read-manifest.json | A7/work/expansion-registry.json | A7/work/expansion-registry.jsonl,A7/work/expansion-triage.jsonl
1566,arxiv:2602.04228,7,MEDIUM,A4,Reshaping Action Error Distributions for Reliable Vision-Language-Action Models,arxiv:2602.04228,"In robotic manipulation, vision-language-action (VLA) models have emerged as a promising paradigm for learning generalizable and scalable robot policies. Most existing VLA frameworks rely on standard supervised objectives, typically cross-entropy for discrete actions and mean squared error (MSE) for continuous action regression, which impose strong pointwise constraints on individual predictions. In this work, we focus on continuous-action VLA models and move beyond conventional MSE-based regression by reshaping action error distributions during training. Drawing on information-theoretic principles, we introduce Minimum Error Entropy (MEE) into modern VLA architectures and propose a trajectory-level MEE objective, together with two weighted variants, combined with MSE for continuous-action VLA training. We evaluate our approaches across standard, few-shot, and noisy settings on multiple representative VLA architectures, using simulation benchmarks such as LIBERO and SimplerEnv as well as real-world robotic manipulation tasks. Experimental results demonstrate consistent improvements in success rates and robustness across these settings. Under imbalanced data regimes, the gains persist within a well-characterized operating range, while incurring negligible additional training cost and no impact on inference efficiency. We further provide theoretical analyses that explain why MEE-based supervision is effective and characterize its practical range. Project Page: https://cognition2actionlab.github.io/VLA-TMEE.github.io/",medium,A4,1,A4=medium,"A4=Connects trajectory or demonstration choice to downstream policy learning, behavior, or offline-RL utility.",A4=It is directly or plausibly transferable to selecting robot experience for policy learning.,A4=false,expansion_round_1,,,arxiv:2602.04228 | paper:5376956748282246317,,,,,,,A4,false,false,false,false,A4/expansion/round4/registry.jsonl,A4/expansion/all-new-expansion-triage.jsonl
1579,arxiv:2602.08245,7,HIGH,A1,STEP: Warm-Started Visuomotor Policies with Spatiotemporal Consistency Prediction,arxiv:2602.08245,"Diffusion policies have recently emerged as a powerful paradigm for visuomotor control in robotic manipulation due to their ability to model the distribution of action sequences and capture multimodality. However, iterative denoising leads to substantial inference latency, limiting control frequency in real-time closed-loop systems. Existing acceleration methods either reduce sampling steps, bypass diffusion through direct prediction, or reuse past actions, but often struggle to jointly preserve action quality and achieve consistently low latency. In this work, we propose STEP, a lightweight spatiotemporal consistency prediction mechanism to construct high-quality warm-start actions that are both distributionally close to the target action and temporally consistent, without compromising the generative capability of the original diffusion policy. Then, we propose a velocity-aware perturbation injection mechanism that adaptively modulates actuation excitation based on temporal action variation to prevent execution stall especially for real-world tasks. We further provide a theoretical analysis showing that the proposed prediction induces a locally contractive mapping, ensuring convergence of action errors during diffusion refinement. We conduct extensive evaluations on nine simulated benchmarks and two real-world tasks. Notably, STEP with 2 steps can achieve an average 21.6% and 27.5% higher success rate than BRIDGER and DDIM on the RoboMimic benchmark and real-world tasks, respectively. These results demonstrate that STEP consistently advances the Pareto frontier of inference latency and success rate over existing methods.The code is publicly available at https://github.com/Kimho666/STEP.",high,A1,1,A1=high,"A1=The paper develops or evaluates a temporal correspondence, synchronization, delay, or sequence-representation mechanism for STEP: Warm-Started Visuomotor Policies with Spatiotemporal Consistency Prediction.","A1=Its mechanism is a plausible transfer to multimodal robot experience, action-observation alignment, or temporally aware policy training.",A1=true,expansion_round_2,,,arxiv:2602.08245,arxiv:2602.08245,2286403950000528416,,72,related-papers-round2 | related-papers-round3,recent,A1,false,false,false,false,A1/expansion-round2-registry.json | A1/expansion-round3-registry.json | A1/paper-registry-complete.json | A5/canonical-pool.jsonl | A5/paper-registry.json,A1/expansion-round2-triage.jsonl
1592,arxiv:2602.11464,7,HIGH,A5,EasyMimic: A Low-Cost Framework for Robot Imitation Learning from Human Videos,arxiv:2602.11464,"Robot imitation learning is often hindered by the high cost of collecting large-scale, real-world data. This challenge is especially significant for low-cost robots designed for home use, as they must be both user-friendly and affordable. To address this, we propose the EasyMimic framework, a low-cost and replicable solution that enables robots to quickly learn manipulation policies from human video demonstrations captured with standard RGB cameras. Our method first extracts 3D hand trajectories from the videos. An action alignment module then maps these trajectories to the gripper control space of a low-cost robot. To bridge the human-to-robot domain gap, we introduce a simple and user-friendly hand visual augmentation strategy. We then use a co-training method, fine-tuning a model on both the processed human data and a small amount of robot data, enabling rapid adaptation to new tasks. Experiments on the low-cost LeRobot platform demonstrate that EasyMimic achieves high performance across various manipulation tasks. It significantly reduces the reliance on expensive robot data collection, offering a practical path for bringing intelligent robots into homes. Project website: https://zt375356.github.io/EasyMimic-Project/.",high,A5,1,A5=high,"A5=We then use a co-training method, fine-tuning a model on both the processed human data and a small amount of robot data, enabling rapid adaptation to new tasks.",A5=This adaptive mixture neighbor tests whether the expansion adds a reusable mechanism for controlling robot experience in policy training.,A5=true,expansion_round_2,,,arxiv:2602.11464,arxiv:2602.11464,2462544706573928545,,q11-human-robot,related-papers-round1 | search-papers,,A1,false,false,false,false,A1/expansion-registry.json | A1/paper-registry-complete.json | A1/paper-registry.json | A1/raw/q11-human-robot.json | A5/expansion/raw/round2-citers.json,A5/expansion/round2-triage.jsonl
1605,arxiv:2602.13865,7,HIGH,A2,Enabling Option Learning in Sparse Rewards with Hindsight Experience Replay,arxiv:2602.13865,"Hierarchical Reinforcement Learning (HRL) frameworks like Option-Critic (OC) and Multi-updates Option Critic (MOC) have introduced significant advancements in learning reusable options. However, these methods underperform in multi-goal environments with sparse rewards, where actions must be linked to temporally distant outcomes. To address this limitation, we first propose MOC-HER, which integrates the Hindsight Experience Replay (HER) mechanism into the MOC framework. By relabeling goals from achieved outcomes, MOC-HER can solve sparse reward environments that are intractable for the original MOC. However, this approach is insufficient for object manipulation tasks, where the reward depends on the object reaching the goal rather than on the agent's direct interaction. This makes it extremely difficult for HRL agents to discover how to interact with these objects. To overcome this issue, we introduce Dual Objectives Hindsight Experience Replay (2HER), a novel extension that creates two sets of virtual goals. In addition to relabeling goals based on the object's final state (standard HER), 2HER also generates goals from the agent's effector positions, rewarding the agent for both interacting with the object and completing the task. Experimental results in robotic manipulation environments show that MOC-2HER achieves success rates of up to 90%, compared to less than 11% for both MOC and MOC-HER. These results highlight the effectiveness of our dual objective relabeling strategy in sparse reward, multi-goal tasks.",high,A2,1,A2=high,A2=Discovers reusable temporal structure in sequential experience for downstream decision making or policy learning.,"A2=The mechanism can turn long robot experience into reusable training units, skill memories, or better-conditioned policy targets.",A2=true,expansion_round_1,,2026,arxiv:2602.13865,arxiv:2602.13865,paper:3050276477997493044,,49,search-papers,foundational,A2,false,false,false,false,A2/expansion-pool.json | A2/expansion-pool.jsonl | A5/canonical-pool.jsonl | A5/paper-registry.json | A6/raw-retrieval/q10-mech-hindsight.json | A6/raw-retrieval/q28-found-her.json | A6/work/canonical-pool.jsonl,A2/expansion-triage.jsonl
1618,arxiv:2602.18694,7,HIGH,A2,In-Context Planning with Latent Temporal Abstractions,arxiv:2602.18694,"Planning-based reinforcement learning for continuous control is bottlenecked by two practical issues: planning at primitive time scales leads to prohibitive branching and long horizons, while real environments are frequently partially observable and exhibit regime shifts that invalidate stationary, fully observed dynamics assumptions. We introduce I-TAP (In-Context Latent Temporal-Abstraction Planner), an offline RL framework that unifies in-context adaptation with online planning in a learned discrete temporal-abstraction space. From offline trajectories, I-TAP learns an observation-conditioned residual-quantization VAE that compresses each observation-macro-action segment into a coarse-to-fine stack of discrete residual tokens, and a temporal Transformer that autoregressively predicts these token stacks from a short recent history. The resulting sequence model acts simultaneously as a context-conditioned prior over abstract actions and a latent dynamics model. At test time, I-TAP performs Monte Carlo Tree Search directly in token space, using short histories for implicit adaptation without gradient update, and decodes selected token stacks into executable actions. Across deterministic MuJoCo, stochastic MuJoCo with per-episode latent dynamics regimes, and high-dimensional Adroit manipulation, including partially observable variants, I-TAP consistently matches or outperforms strong model-free and model-based offline baselines, demonstrating efficient and robust in-context planning under stochastic dynamics and partial observability.",high,A2,1,A2=high,A2=Detects or learns semantically meaningful trajectory segments and uses them as variable-horizon action chunks or keypose-to-keypose control targets.,"A2=Boundary and horizon choices determine the training unit, feedback latency, credit assignment, and compounding-error exposure in long-horizon robot learning.",A2=true,primary_assignment,"Baiting Luo, Yunuo Zhang, Nathaniel S. Keplinger, Samir Gupta, Abhishek Dubey, Ayan Mukhopadhyay",2026,arxiv:2602.18694,arxiv:2602.18694,6920404906628831865,cs.AI | cs.LG,macro-actions options skills temporal abstraction sequential robot control,search-papers,false,A2,false,false,false,false,A2/assigned-papers.json | A2/assigned-registry-inspected.json | A2/assigned-registry-inspected.jsonl | A2/canonical-pool.json | A2/canonical-pool.jsonl | A2/raw/q08-synonyms.json,A2/assigned-abstracts.jsonl | A2/triage.jsonl
1631,arxiv:2602.22801,7,MEDIUM,A5,Unleashing the Potential of Diffusion Models for End-to-End Autonomous Driving,arxiv:2602.22801,"Diffusion models have become a popular choice for decision-making tasks in robotics, and more recently, are also being considered for solving autonomous driving tasks. However, their applications and evaluations in autonomous driving remain limited to simulation-based or laboratory settings. The full strength of diffusion models for large-scale, complex real-world settings, such as End-to-End Autonomous Driving (E2E AD), remains underexplored. In this study, we conducted a systematic and large-scale investigation to unleash the potential of the diffusion models as planners for E2E AD, based on a tremendous amount of real-vehicle data and road testing. Through comprehensive and carefully controlled studies, we identify key insights into the diffusion loss space, trajectory representation, and data scaling that significantly impact E2E planning performance. Moreover, we also provide an effective reinforcement learning post-training strategy to further enhance the safety and robustness of the learned planner. The resulting diffusion-based learning framework, Hyper Diffusion Planner (HDP), is deployed on a real-vehicle platform and evaluated across 6 urban driving scenarios and 200 km of real-world testing, achieving a notable 10x performance improvement over the base model. Our work demonstrates that diffusion models, when properly designed and trained, can serve as effective and scalable E2E AD planners for complex, real-world autonomous driving tasks.",medium,A5,1,A5=medium,"A5=Diffusion models have become a popular choice for decision-making tasks in robotics, and more recently, are also being considered for solving autonomous driving tasks.",A5=This adaptive mixture neighbor tests whether the expansion adds a reusable mechanism for controlling robot experience in policy training.,A5=true,expansion_round_2,,,arxiv:2602.22801,arxiv:2602.22801,5094079407818321718,,,,,A5,false,false,false,false,A5/expansion/raw/round2-citers.json,A5/expansion/round2-triage.jsonl
1644,arxiv:2603.03195,7,MEDIUM,A4,Chain of World: World Model Thinking in Latent Motion,arxiv:2603.03195,"Vision-Language-Action (VLA) models are a promising path toward embodied intelligence, yet they often overlook the predictive and temporal-causal structure underlying visual dynamics. World-model VLAs address this by predicting future frames, but waste capacity reconstructing redundant backgrounds. Latent-action VLAs encode frame-to-frame transitions compactly, but lack temporally continuous dynamic modeling and world knowledge. To overcome these limitations, we introduce CoWVLA (Chain-of-World VLA), a new ""Chain of World"" paradigm that unifies world-model temporal reasoning with a disentangled latent motion representation. First, a pretrained video VAE serves as a latent motion extractor, explicitly factorizing video segments into structure and motion latents. Then, during pre-training, the VLA learns from an instruction and an initial frame to infer a continuous latent motion chain and predict the segment's terminal frame. Finally, during co-fine-tuning, this latent dynamic is aligned with discrete action prediction by jointly modeling sparse keyframes and action sequences in a unified autoregressive decoder. This design preserves the world-model benefits of temporal reasoning and world knowledge while retaining the compactness and interpretability of latent actions, enabling efficient visuomotor learning. Extensive experiments on robotic simulation benchmarks show that CoWVLA outperforms existing world-model and latent-action approaches and achieves moderate computational efficiency, highlighting its potential as a more effective VLA pretraining paradigm. The project website can be found at https://fx-hit.github.io/cowvla-io.",medium,A4,1,A4=medium,"A4=Connects trajectory or demonstration choice to downstream policy learning, behavior, or offline-RL utility.",A4=It is directly or plausibly transferable to selecting robot experience for policy learning.,A4=false,expansion_round_1,,,arxiv:2603.03195 | paper:7237877685891299000,,,,,,,A4,false,false,false,false,A4/expansion/round4/registry.jsonl,A4/expansion/all-new-expansion-triage.jsonl
1657,arxiv:2603.07663,7,HIGH,A5,DAISS: Phase-Aware Imitation Learning for Dual-Arm Robotic Ultrasound-Guided Interventions,arxiv:2603.07663,"Imitation learning has shown strong potential for automating complex robotic manipulation. In medical robotics, ultrasound-guided needle insertion demands precise bimanual coordination, as clinicians must simultaneously manipulate an ultrasound probe to maintain an optimal acoustic view while steering an interventional needle. Automating this asymmetric workflow -- and reliably transferring expert strategies to robots -- remains highly challenging. In this paper, we present the Dual-Arm Interventional Surgical System (DAISS), a teleoperated platform that collects high-fidelity dual-arm demonstrations and learns a phase-aware imitation policy for ultrasound-guided interventions. To avoid constraining the operator's natural behavior, DAISS uses a flexible NDI-based leader interface for teleoperating two coordinated follower arms. To support robust execution under real-time ultrasound feedback, we develop a lightweight, data-efficient imitation policy. Specifically, the policy incorporates a phase-aware architecture and a dynamic mask loss tailored to asymmetric bimanual control. Conditioned on a planned trajectory, the network fuses real-time ultrasound with external visual observations to generate smooth, coordinated dual-arm motions. Experimental results show that DAISS can learn personalized expert strategies from limited demonstrations. Overall, these findings highlight the promise of phase-aware imitation-learning-driven dual-arm robots for improving precision and reducing cognitive workload in image-guided interventions.",high,A5,1,A5=high,"A5=To support robust execution under real-time ultrasound feedback, we develop a lightweight, data-efficient imitation policy.","A5=It informs how contribution weights can align training with quality, advantage, density, or task importance in the robot experience-to-policy loop.",A5=true,primary_assignment,"Feng Li, Pei Liu, Shiting Wang, Ning Wang, Zhongliang Jiang, Nassir Navab, Yuan Bi",,arxiv:2603.07663 | paper:4043137942536385196,,paper:4043137942536385196,cs.RO,11,search-papers,general,A5,false,false,false,false,A5/assigned-papers.json | A5/canonical-pool.jsonl | A5/evidence-ledger.jsonl | A5/inspection-manifest.json | A5/paper-registry.json | A5/read-manifest.json,A5/assigned-abstracts.jsonl
1670,arxiv:2603.11558,7,HIGH,A3,RoboClaw: An Agentic Framework for Scalable Long-Horizon Robotic Tasks,arxiv:2603.11558,"Vision-Language-Action (VLA) systems have shown strong potential for language-driven robotic manipulation. However, scaling them to long-horizon tasks remains challenging. Existing pipelines typically separate data collection, policy learning, and deployment, resulting in heavy reliance on manual environment resets and brittle multi-policy execution. We present RoboClaw, an agentic robotics framework that unifies data collection, policy learning, and task execution under a single VLM-driven controller. At the policy level, RoboClaw introduces Entangled Action Pairs (EAP), which couple forward (poolSize=8)",high,A3,1,A3=high,"A3=The paper develops or evaluates RoboClaw: An Agentic Framework for Scalable Long-Horizon Robotic Tasks, offering a mechanism related to failure detection, correction, attribution, or robot-data use.",A3=The mechanism is plausibly transferable to the Program A experience-to-policy loop and merits follow-up.,A3=true,expansion_round_3,,2026,arxiv:2603.11558,arxiv:2603.11558,6788545995122936310,,q30-vla-data,firecrawl research related-papers,,A3,false,false,false,false,A3/paper-registry.json | A3/round3-registry.json | A4/canonical-registry.jsonl | A4/raw/q30-vla-data.json,A3/round3-triage.jsonl
1683,arxiv:2603.14522,7,HIGH,A7,One-Policy-Fits-All: Geometry-Aware Action Latents for Cross-Embodiment Manipulation,arxiv:2603.14522,"Cross-embodiment manipulation is crucial for enhancing the scalability of robot manipulation and reducing the high cost of data collection. However, the significant differences between embodiments, such as variations in action spaces and structural disparities, pose challenges for joint training across multiple sources of data. To address this, we propose One-Policy-Fits-All (OPFA), a framework that enables learning a single, versatile policy across multiple embodiments. We first learn a Geometry-Aware Latent Representation (GaLR), which leverages 3D convolution networks and transformers to build a shared latent action space across different embodiments. Then we design a unified latent retargeting decoder that extracts embodiment-specific actions from the latent representations, without any embodiment-specific decoder tuning. OPFA enables end-to-end co-training of data from diverse embodiments, including various grippers and dexterous hands with arbitrary degrees of freedom, significantly improving data efficiency and reducing the cost of skill transfer. We conduct extensive experiments across 11 different end-effectors. The results demonstrate that OPFA significantly improves policy performance in diverse settings by leveraging heterogeneous embodiment data. For instance, cross-embodiment co-training can improve success rates by more than 50% compared to single-source training. Moreover, by adding only a few demonstrations from a new embodiment (e.g., eight), OPFA can achieve performance comparable to that of a well-trained model with 72 demonstrations.",high,A7,1,A7=high,A7=Learns a shared geometry-aware latent action representation and a unified retargeting decoder across grippers and dexterous hands.,A7=It quantifies how a shared latent can reduce per-embodiment data requirements.,A7=true,primary_assignment,"Juncheng Mu, Sizhe Yang, Hojin Bae, Feiyu Jia, Qingwei Ben, Boyi Li, Huazhe Xu, Jiangmiao Pang",2026,arxiv:2603.14522,arxiv:2603.14522,5203430554613882966,cs.RO,,search-papers,recent,A7,false,true,true,false,A7/raw/q08-transfer.json | A7/raw/q38-shared-policy.json | A7/work/assigned-papers.json | A7/work/assigned-papers.jsonl | A7/work/paper-registry.json | A7/work/paper-registry.jsonl | A7/work/read-manifest.json | A7/work/verified-paper-registry.json | A7/work/verified-paper-registry.jsonl,A7/work/abstract-triage.jsonl | A7/work/assigned-abstracts.jsonl
1696,arxiv:2603.22078,7,HIGH,A1,Do World Action Models Generalize Better than VLAs? A Robustness Study,arxiv:2603.22078,"Robot action planning in the real world is challenging as it requires not only understanding the current state of the environment but also predicting how it will evolve in response to actions. Vision-language-action (VLA), which repurpose large-scale vision-language models for robot action generation using action experts, have achieved notable success across a variety of robotic tasks. Nevertheless, their performance remains constrained by the scope of their training data, exhibiting limited generalization to unseen scenarios and vulnerability to diverse contextual perturbations. More recently, world models have been revisited as an alternative to VLAs. These models, referred to as world action models (WAMs), are built upon world models that are trained on large corpora of video data to predict future states. With minor adaptations, their latent representation can be decoded into robot actions. It has been suggested that their explicit dynamic prediction capacity, combined with spatiotemporal priors acquired from web-scale video pretraining, enables WAMs to generalize more effectively than VLAs. In this paper, we conduct a comparative study of prominent state-of-the-art VLA policies and recently released WAMs. We evaluate their performance on the LIBERO-Plus and RoboTwin 2.0-Plus benchmarks under various visual and language perturbations. Our results show that WAMs achieve strong robustness, with LingBot-VA reaching 74.2% success rate on RoboTwin 2.0-Plus and Cosmos-Policy achieving 82.2% on LIBERO-Plus. While VLAs such as π0.5 can achieve comparable robustness on certain tasks, they typically require extensive training with diverse robotic datasets and varied learning objectives. The evaluation code for the RoboTwin2.0-Plus benchmark is available at: https://robot-robustness.github.io/RoboTwin2.0-Plus/.",high,A1,1,A1=high,"A1=The paper develops or evaluates a temporal correspondence, synchronization, delay, or sequence-representation mechanism for Do World Action Models Generalize Better than VLAs? A Robustness Study.","A1=Its mechanism is a plausible transfer to multimodal robot experience, action-observation alignment, or temporally aware policy training.",A1=true,expansion_round_2,,,arxiv:2603.22078,arxiv:2603.22078,6842159854026318521,,,related-papers-round2,,A1,false,false,false,false,A1/expansion-round2-registry.json | A1/paper-registry-complete.json,A1/expansion-round2-triage.jsonl
1709,arxiv:2604.04225,7,MEDIUM,A8,Learning from Imperfect Demonstrations via Temporal Behavior Tree-Guided Trajectory Repair,arxiv:2604.04225,"Learning robot control policies from demonstrations is a powerful paradigm, yet real-world data is often suboptimal, noisy, or otherwise imperfect, posing significant challenges for imitation and reinforcement learning. In this work, we present a formal framework that leverages Temporal Behavior Trees (TBT), an extension of Signal Temporal Logic (STL) with Behavior Tree semantics, to repair suboptimal trajectories prior to their use in downstream policy learning. Given demonstrations that violate a TBT specification, a model-based repair algorithm corrects trajectory segments to satisfy the formal constraints, yielding a dataset that is both logically consistent and interpretable. The repaired trajectories are then used to extract potential functions that shape the reward signal for reinforcement learning, guiding the agent toward task-consistent regions of the state space without requiring knowledge of the agent's kinematic model. We demonstrate the effectiveness of this framework on discrete grid-world navigation and continuous single and multi-agent reach-avoid tasks, highlighting its potential for data-efficient robot learning in settings where high-quality demonstrations cannot be assumed.",medium,A8,1,A8=medium,A8=Temporal behavior-tree constraints repair suboptimal trajectory segments and turn the repaired data into potential-based learning signals.,A8=It illustrates how structured representations can increase the usefulness of imperfect experience before policy training.,A8=true,primary_assignment,,2026,arxiv:2604.04225,arxiv:2604.04225,7444154104062898252,,A8 | q02-direct,search-papers,false,A3,false,false,false,false,A2/canonical-pool.json | A2/canonical-pool.jsonl | A2/raw/q03-direct.json | A2/raw/q21-bad-segments.json | A3/paper-registry.json | A3/raw/q02-synonyms.txt | A3/raw/q03-synonyms.txt | A3/raw/q19-foundational-il.txt | A3/raw/q23-recent-noisy-il.txt | A4/canonical-registry.jsonl | A4/raw/q01-direct.json | A4/raw/q13-harmful-demo.json | A5/canonical-pool.jsonl | A5/paper-registry.json | A6/raw-retrieval/q01-direct-failed-recovery.json | A6/raw-retrieval/q02-direct-imperfect-demo.json | A6/raw-retrieval/q05-syn-suboptimal-demo.json | A6/raw-retrieval/q06-syn-noisy-demo.json | A6/raw-retrieval/q08-syn-negative-demo.json | A6/raw-retrieval/q30-recent-fail-recovery.json | A6/raw-retrieval/q31-recent-mixed-quality.json | A6/work/canonical-pool.jsonl | A8/raw/q02-direct.json | A8/work/assigned-papers.json | A8/work/canonical-pool.jsonl,A8/work/abstract-triage.jsonl | A8/work/assigned-abstracts.jsonl
1722,arxiv:2604.22893,7,HIGH,A4,Utility-Aware Data Pricing: Token-Level Quality and Empirical Training Gain for LLMs,arxiv:2604.22893,"Traditional data valuation methods based on ``row-count × quality coefficient'' paradigms fail to capture the nuanced, nonlinear contributions that data makes to Large Language Model (LLM) capabilities. This paper presents a dynamic data valuation framework that transitions from static accounting to utility-based pricing. Our approach operates on three layers: (1) token-level information density metrics using Shannon entropy and Data Quality Scores; (2) empirical training gain measurement through influence functions, proxy model strategies, and Data Shapley values; and (3) cryptographic verifiability through hash-based commitments, Merkle trees, and a tamper-evident training ledger. We provide comprehensive experimental validation on three real domains (instruction following, mathematical reasoning, and code summarization), demonstrating that proxy-based empirical gain achieves near-perfect ranking alignment with realized utility, substantially outperforming row-count and token-count baselines. This framework enables a fair Data-as-a-Service economy where high-reasoning data is priced according to its actual contribution to model intelligence, while providing the transparency and auditability necessary for trustworthy data markets.",high,A4,1,A4=high,"A4=Estimates how an individual training example changes a validation loss or downstream policy outcome, enabling example ranking or curation.",A4=It supplies an explicit data-centric mechanism for deciding which examples matter to training or evaluation outcomes.,A4=true,primary_assignment,,2026,arxiv:2604.22893 | paper:5361251992373033339,arxiv:2604.22893,5361251992373033339,,q16-llm-attribution,semantic-search,,A4,false,false,false,false,A3/paper-registry.json | A3/raw/q08-influence.txt | A4/assigned-papers.json | A4/assigned-registry-inspected.jsonl | A4/assigned-registry-preinspect.jsonl | A4/canonical-registry.jsonl | A4/raw/q16-llm-attribution.json,A4/abstract-triage.jsonl
1735,arxiv:2605.10166,7,HIGH,A3,Data-Asymmetric Latent Imagination and Reranking for 3D Robotic Imitation Learning,arxiv:2605.10166,"Robotic imitation learning typically assumes access to optimal demonstrations, yet real-world data collection often yields suboptimal, exploratory, or even failed trajectories. Discarding such data wastes valuable information about environment dynamics and failure modes, which can instead be leveraged to improve decision-making. While 3D policies reduce reliance on high-quality demonstrations through strong spatial generalization, they still require large-scale data to achieve high task success. To address this, we propose DALI-R, a Data-Asymmetric Latent Imagination and Reranking framework fo",high,A3,1,A3=high,A3=Latent imagination generates candidate behavior from weak trajectories and reranking selects feasible high-value alternatives.,A3=It converts failed or exploratory data into candidate supervision while using a quality gate before policy learning.,A3=true,primary_assignment,Lianghao Luo | Xizhou Bu | Ruyan Liu | Qingqiu Huang | Chufeng Tang | Xiaoshuai Hao | Hongbo Wang | Wei Li,2026,arxiv:2605.10166,arxiv:2605.10166,1603180777143809516,cs.RO,q06-trajectory-quality,firecrawl research search-papers,,A3,false,false,false,false,A3/assigned-papers.json | A3/evidence-index.json | A3/paper-registry.json | A3/raw/q06-trajectory-quality.txt | A4/canonical-registry.jsonl | A4/raw/q31-trajectory-rank.json | A6/raw-retrieval/q03-direct-partial-success.json | A6/raw-retrieval/q05-syn-suboptimal-demo.json | A6/raw-retrieval/q06-syn-noisy-demo.json | A6/raw-retrieval/q33-recent-diffusion-recovery.json | A6/work/canonical-pool.jsonl | A8/raw/q01-direct.json | A8/raw/q05-synonyms.json | A8/work/canonical-pool.jsonl,A3/abstract-triage.jsonl
1748,arxiv:2605.25414,7,HIGH,A3 | A7,How to Mitigate the Distribution Shift Problem in Robotics Control: A Robust and Adaptive Approach Based on Offline to Online Imitation Learning,arxiv:2605.25414,"Distribution shift in imitation learning refers to the problem that the agent cannot plan proper actions for a state that has not been visited during the training. This problem can be largely attributed to the inherently narrow state-action coverage provided by expert demonstrations over the full environment. In this paper, we propose a robust offline to adaptive online imitation learning framework that handles the distribution shift problem in a lifelong, multi-phase scheme. In the offline learning phase, we leverage supplementary demonstrations to broaden the state-action coverage of the policy by utilizing a discriminator to effectively train the policy with supplementary demonstrations, thereby enhancing the robustness of the policy to distribution shift. In the subsequent online inference phase, our framework detects the occurrence of distribution shift and conducts self-supervised imitation learning from online experiences to adapt the policy to the online environments. Through extensive evaluations in MuJoCo environments, we demonstrate that our method exhibits better robustness to distribution shift and better adaptation performance to online environments than the baseline algorithms, which indicates superior performance of our framework against the distribution shift.",high,A3 | A7,2,A3=high | A7=high,A3=A lifelong offline-to-online scheme broadens state-action coverage with supplementary demonstrations and adapts to deployment shift. | A7=Broadens offline state-action support with supplementary demonstrations and then detects and adapts to residual online shift through self-supervised imitation.,A3=It connects imperfect-data handling to the future-data decision: collect corrections where the current policy leaves the training distribution. | A7=It closes the loop from coverage gaps in collected experience to adaptive data use after deployment.,A3=true | A7=true,primary_assignment,"Hyung-Suk Yoon, Seung-Woo Seo",2026,arxiv:2605.25414,arxiv:2605.25414,3444725243433150170,cs.RO,q11-shift,firecrawl research search-papers | search-papers,general | recent,A3 | A7,false,true,true,false,A3/assigned-papers.json | A3/evidence-index.json | A3/paper-registry.json | A3/raw/q11-shift.txt | A5/canonical-pool.jsonl | A5/paper-registry.json | A7/raw/q06-shift.json | A7/raw/q16-policy-shift.json | A7/raw/q34-recent-shift.json | A7/work/assigned-papers.json | A7/work/assigned-papers.jsonl | A7/work/paper-registry.json | A7/work/paper-registry.jsonl | A7/work/read-manifest.json | A7/work/verified-paper-registry.json | A7/work/verified-paper-registry.jsonl,A3/abstract-triage.jsonl | A7/work/abstract-triage.jsonl | A7/work/assigned-abstracts.jsonl
1761,arxiv:2606.09381,7,HIGH,A4 | A6,ReGIL: Retrieval-Guided Imitation Learning from a Single Demonstration,arxiv:2606.09381,"Learning robot manipulation policies with deep neural networks from a single demonstration remains highly challenging, as even small deviations from the demonstrated trajectory can quickly compound into failure, while collecting substantial online interaction data is costly. We propose ReGIL, a retrieval-guided imitation learning framework that treats a single demonstration as an external memory. ReGIL repeatedly queries this static memory throughout training to simultaneously guide exploration, generate the regularization buffer, and construct rewards. Specifically, it computes rewards through local temporal alignment between the current trajectory and the retrieved segment, providing step-wise and informative feedback for policy improvement. We evaluate ReGIL on robotic manipulation tasks from the LIBERO and Meta-World benchmarks under the single demonstration setting. ReGIL outperforms prior baselines in both success rate and training efficiency. In real-robot experiments, using only one demonstration and less than one hour of online training, ReGIL achieves over 75% success rate across three manipulation tasks with randomness in both initial robot pose and target position. These results demonstrate that leveraging the single demonstration as reusable memory can provide more than static supervision for efficient robot learning. More details can be found on our website: https://regil2026.github.io/",high,A4 | A6,2,A4=high | A6=high,"A4=Ranks or weights trajectories/transitions according to return, coverage, value, or policy-improvement utility in offline learning. | A6=Uses failure, recovery, retry, correction, or intervention data to return execution to a viable state or learn corrective behavior.",A4=It offers a direct or transferable way to connect robot experience choices to learned policy behavior. | A6=Shows how imperfect experience can teach robust retry and recovery behavior instead of being discarded.,A4=true | A6=true,primary_assignment,"Yuying Zhang, Francesco Verdoja, Wenyan Yang, Ville Kyrki",2026,arxiv:2606.09381 | paper:4694497721726926418,arxiv:2606.09381,4694497721726926418,cs.RO,q03-direct-partial-success | q31-trajectory-rank | q33-recent-robot | q35-found-learn-failures,search-papers | semantic-search,false,A4 | A6,true,true,false,false,A2/canonical-pool.json | A2/canonical-pool.jsonl | A2/raw/q13-dtw.json | A3/paper-registry.json | A3/raw/q06-trajectory-quality.txt | A4/assigned-papers.json | A4/assigned-registry-inspected.jsonl | A4/assigned-registry-preinspect.jsonl | A4/canonical-registry.jsonl | A4/raw/q31-trajectory-rank.json | A4/raw/q33-recent-robot.json | A5/canonical-pool.jsonl | A5/paper-registry.json | A6/raw-retrieval/q03-direct-partial-success.json | A6/raw-retrieval/q35-found-learn-failures.json | A6/registry-assignment.jsonl | A6/work/assigned-registry-inspected.jsonl | A6/work/assigned-registry-preinspect.jsonl | A6/work/canonical-pool.jsonl | A6/work/evidence-index.jsonl | A8/raw/q27-recent.json | A8/work/canonical-pool.jsonl,A4/abstract-triage.jsonl | A6/triage.jsonl
1774,arxiv:2606.16888,7,HIGH,A3,LOPAL: Local Performance-Aware Active Learning from Imperfect Demonstrations,arxiv:2606.16888,"Learning from Demonstration (LfD) enables intuitive robot skill acquisition by allowing robots to learn directly from human task demonstrations. However, current methods often fail to address the fact that due to suboptimal and inconsistent human behavior, the quality of the demonstration can vary within each demonstration. Therefore, we introduce LOPAL (LOcal Performance-aware Active Learning), an active learning approach that leverages this local demonstration quality information. Our approach consists of two synergistic components. First, a local performance-driven LfD method uses a Gaussia",high,A3,1,A3=high,A3=Local performance estimates identify and query or weight high-value portions of demonstrations whose quality varies within an episode.,A3=It connects local quality estimation to active collection rather than treating an episode as uniformly good or bad.,A3=true,primary_assignment,Johannes Heidersberger | Shail Jadav | Dongheui Lee,2026,arxiv:2606.16888,arxiv:2606.16888,8608037420384244332,cs.RO,q02-synonyms | q03-synonyms | q18-active-learning | q19-foundational-il,firecrawl research search-papers,false,A3,false,false,false,false,A2/canonical-pool.json | A2/canonical-pool.jsonl | A2/raw/q29-programming-by-demo.json | A3/assigned-papers.json | A3/evidence-index.json | A3/paper-registry.json | A3/raw/q02-synonyms.txt | A3/raw/q03-synonyms.txt | A3/raw/q18-active-learning.txt | A3/raw/q19-foundational-il.txt | A6/raw-retrieval/q02-direct-imperfect-demo.json | A6/raw-retrieval/q05-syn-suboptimal-demo.json | A6/raw-retrieval/q29-found-corrections.json | A6/raw-retrieval/q30-recent-fail-recovery.json | A8/raw/q04-direct.json,A3/abstract-triage.jsonl
1787,arxiv:2606.24633,7,HIGH,A3 | A5 | A6,Beyond Monotonic Progress: Retry-Supervised Value Learning for Robot Imitation,arxiv:2606.24633,"Human demonstrations for robot imitation learning often contain mistakes and corrective behaviors, such as imprecise grasps, object misalignment, unstable contact, and repeated attempts. While these segments are commonly treated as noisy or suboptimal data, they provide valuable evidence about when execution deviates from a desirable path and how task feasibility can be restored. However, existing reward and value models often rely on monotonic progress assumptions, which capture coarse task advancement but may overlook local execution errors and corrective behaviors in imperfect demonstrations. In this work, we propose ReTVL (ReTry-Supervised Value Learning), a framework for learning mistake-sensitive value functions from mixed-quality robot demonstrations by leveraging retry events as sparse supervision. ReTVL captures the local degradation-and-recovery structure around mistakes by combining global progress calibration with local pairwise preference learning induced by sparsely annotated retry keypoints. The learned value model is then used to reweight demonstration chunks for downstream behavior cloning, reducing the influence of harmful execution errors while preserving useful corrective behaviors. Experiments on real-robot manipulation tasks show that ReTVL produces more fine-grained value estimates than progress-based baselines and improves imitation learning from imperfect demonstrations.",high,A3 | A5 | A6,3,A3=high | A5=high | A6=high,"A3=Retry supervision learns value and recovery signals from local deviations and repeated attempts rather than assuming monotonic progress. | A5=In this work, we propose ReTVL (ReTry-Supervised Value Learning), a framework for learning mistake-sensitive value functions from mixed-quality robot demonstrations by leveraging retry events as sparse supervision. | A6=Uses failure, recovery, retry, correction, or intervention data to return execution to a viable state or learn corrective behavior.","A3=It treats corrective behavior as diagnostic evidence about failure and recoverability instead of labeling it simply as noise. | A5=It informs how contribution weights can align training with quality, advantage, density, or task importance in the robot experience-to-policy loop. | A6=Shows how imperfect experience can teach robust retry and recovery behavior instead of being discarded.",A3=true | A5=true | A6=true,primary_assignment,"Xinyao Qin, Junjie Lu, Kaixin Wang, Chuheng Zhang, Sinjae Kang, Kimin Lee, Min Xu, Bin Liang, Jun Yang, Li Zhao",2026,arxiv:2606.24633 | paper:4110924518072083091,arxiv:2606.24633,4110924518072083091,cs.RO,1 | 22 | 27 | 3 | 51 | 6 | 62 | 70 | q01-direct | q01-direct-failed-recovery | q02-direct-imperfect-demo | q02-synonyms | q03-direct-partial-success | q05-syn-suboptimal-demo | q09-failed | q11-mech-quality-weighted | q13-mech-reward-preference | q14-mech-recovery-intervention | q19-foundational-il | q20-foundational-robust | q23-recent-noisy-il | q30-recent-fail-recovery | q31-recent-mixed-quality | q35-found-learn-failures,firecrawl research search-papers | search-papers,false | general | recent,A3 | A5 | A6,true,true,false,false,A2/canonical-pool.json | A2/canonical-pool.jsonl | A2/raw/q03-direct.json | A2/raw/q21-bad-segments.json | A3/assigned-papers.json | A3/evidence-index.json | A3/paper-registry.json | A3/raw/q01-direct.txt | A3/raw/q02-synonyms.txt | A3/raw/q09-failed.txt | A3/raw/q19-foundational-il.txt | A3/raw/q20-foundational-robust.txt | A3/raw/q23-recent-noisy-il.txt | A4/canonical-registry.jsonl | A4/raw/q01-direct.json | A4/raw/q13-harmful-demo.json | A5/assigned-papers.json | A5/canonical-pool.jsonl | A5/evidence-ledger.jsonl | A5/inspection-manifest.json | A5/paper-registry.json | A5/raw/q01-direct.json | A5/raw/q03-direct-hard.json | A5/read-manifest.json | A6/raw-retrieval/q01-direct-failed-recovery.json | A6/raw-retrieval/q02-direct-imperfect-demo.json | A6/raw-retrieval/q03-direct-partial-success.json | A6/raw-retrieval/q05-syn-suboptimal-demo.json | A6/raw-retrieval/q11-mech-quality-weighted.json | A6/raw-retrieval/q13-mech-reward-preference.json | A6/raw-retrieval/q14-mech-recovery-intervention.json | A6/raw-retrieval/q30-recent-fail-recovery.json | A6/raw-retrieval/q31-recent-mixed-quality.json | A6/raw-retrieval/q35-found-learn-failures.json | A6/registry-assignment.jsonl | A6/work/assigned-registry-inspected.jsonl | A6/work/assigned-registry-preinspect.jsonl | A6/work/canonical-pool.jsonl | A6/work/evidence-index.jsonl | A7/raw/q10-mixture-balance.json | A7/raw/q15-long-tail-failure.json | A7/work/paper-registry.json | A7/work/paper-registry.jsonl | A7/work/verified-paper-registry.json | A7/work/verified-paper-registry.jsonl | A8/raw/q01-direct.json | A8/raw/q09-mechanism.json | A8/work/canonical-pool.jsonl,A3/abstract-triage.jsonl | A5/assigned-abstracts.jsonl | A6/triage.jsonl
1800,arxiv:2607.02431,7,HIGH,A4,WorldSample: Closed-loop Real-robot RL with World Modelling,arxiv:2607.02431,"Reinforcement learning (RL) can overcome the demonstration-coverage limitation of imitation learning (IL) by allowing robots to improve through trial-and-error interaction beyond the states observed in demonstrations. However, deploying RL on real robots remains constrained by high interaction costs, since each physical rollout is costly and reflects only one realized action-outcome path. To address this challenge, we propose WorldSample, a physically grounded data augmentation framework for real-robot RL that closes a real-synthetic loop between physical rollouts, world-model generation, and policy improvement. Grounded on real rollouts, WorldSample generates high-fidelity synthetic transitions through a post-trained world model, which greatly lowers the visual hallucination. Specifically, rather than simply using these transitions as real-world experience, WorldSample introduces Policy-Paced Learning (PPL) to regulate the training process through sample selection and scheduling, balancing useful augmentation against value overestimation and mitigating the hallucination-induced noise. Experiments on robot manipulation tasks involving contact-rich and precise tasks show that WorldSample improves policy success rate by 28% while reducing training steps by 59% compared with baselines. Furthermore, WorldSample improves world model visual fidelity by 19.4dB in PSNR and 0.47 in SSIM over demonstration-only post-training, validating the effectiveness of the real-synthetic loop for both policy and world model performance.",high,A4,1,A4=high,"A4=Ranks or weights trajectories/transitions according to return, coverage, value, or policy-improvement utility in offline learning.",A4=It offers a direct or transferable way to connect robot experience choices to learned policy behavior.,A4=true,primary_assignment,,2026,arxiv:2607.02431 | paper:6401622440267043400,arxiv:2607.02431,6401622440267043400,,q33-recent-robot,semantic-search,recent,A4,false,false,false,false,A4/assigned-papers.json | A4/assigned-registry-inspected.jsonl | A4/assigned-registry-preinspect.jsonl | A4/canonical-registry.jsonl | A4/raw/q33-recent-robot.json | A5/canonical-pool.jsonl | A5/paper-registry.json | A7/raw/q14-space-coverage.json | A7/work/paper-registry.json | A7/work/paper-registry.jsonl | A7/work/verified-paper-registry.json | A7/work/verified-paper-registry.jsonl | A8/raw/q07-synonyms.json | A8/work/canonical-pool.jsonl,A4/abstract-triage.jsonl
1813,arxiv:2607.12287,7,MEDIUM,A1,Reducing Temporal Redundancy for Efficient Vision-Language-Action Inference,arxiv:2607.12287,"Vision-Language-Action (VLA) models exhibit strong generalization for robotic manipulation, yet their high inference latency limits real time deployment. We identify two primary sources of temporal redundancy in existing VLA pipelines: repeated visual encoding of highly similar consecutive frames and multi step iterative sampling in diffusion based policies. To address this, we propose a system level acceleration strategy that reduces computation in both perception and action generation. On the perception side, we incrementally update only tokens corresponding to dynamic scene regions instead of re-encoding entire frames. On the policy side, we compress diffusion sampling into a compact 2-step schedule through efficiency oriented training while preserving action precision. Experiments on Libero, RobotWin, and Real Robot Platforms demonstrate over 2 times speedup while maintaining high performance, achieving up to 98% success rate on general manipulation benchmarks. Our codes will be released on Github.",medium,A1,1,A1=medium,A1=The system incrementally updates only dynamic visual tokens and compresses diffusion sampling to reduce repeated temporal computation.,"A1=Temporal redundancy reduction can raise effective control rate and reduce latency-induced misalignment, but it is primarily an efficiency mechanism.",A1=true,primary_assignment,,,arxiv:2607.12287,arxiv:2607.12287,3301234174747537124,,q15-recent-vla | q17-recent-failure,search-papers,recent,A1,false,false,false,false,A1/assigned-papers.json | A1/inspection-manifest.json | A1/paper-registry-complete.json | A1/paper-registry.json | A1/raw/q15-recent-vla.json | A1/raw/q17-recent-failure.json | A4/canonical-registry.jsonl | A4/raw/q09-dedup.json,A1/assigned-abstracts.jsonl | A1/triage.jsonl
1826,arxiv:2607.27549,7,HIGH,A7,Cross-Embodiment Transfer via Behavior-Aligned Representations,arxiv:2607.27549,"Recent progress in large-scale imitation learning for robot manipulation has been driven by leveraging datasets across a wide range of robot embodiments. However, achieving significant cross-embodiment transfer is often still challenging. In this work, we study the role of using behavior-aligned representations (e.g., object bounding boxes, language motions, end-effector traces of robot motion) in vision-language-action (VLA) models to promote cross-embodiment transfer. We hypothesize that by possessing invariances across embodiments while being predictive of robot actions, these representations can help unify large-scale cross-embodiment data to enhance transfer. To assess our hypothesis, we develop a simulation-based benchmark designed to assess transfer with diverse cross-embodiment data to new embodiments. Using this benchmark, we compare different representations and ways of incorporating them. We identify that end-effector traces can be particularly beneficial for transfer, representations are generally more useful with larger prior datasets, and can be used to benefit from action-free data. We also demonstrate that they can enhance sim-to-real cross-embodiment transfer, improving task completion progress of real robot policies pre-trained on simulation data by 28%. We provide videos of our evaluations at our website: https://ajaysridhar.com/barx/.",high,A7,1,A7=high,A7=Adds behavior-aligned traces and other invariant representations to unify cross-embodiment data and exploit action-free prior data.,"A7=It connects representation choice and prior dataset scale to transfer quality, not just dataset size.",A7=true,primary_assignment,"Ajay Sridhar, Jensen Gao, Jonathan Yang, Jean Mercat, Suneel Belkhale, Dorsa Sadigh",2026,arxiv:2607.27549,arxiv:2607.27549,7865425227327049431,cs.AI | cs.CV | cs.LG | cs.RO,A8 | q01-direct,search-papers,foundational | recent,A7,false,true,true,false,A7/raw/q03-heterogeneous.json | A7/raw/q07-multitask.json | A7/raw/q27-cross-embodiment-foundation.json | A7/raw/q31-recent-heterogeneous.json | A7/work/assigned-papers.json | A7/work/assigned-papers.jsonl | A7/work/paper-registry.json | A7/work/paper-registry.jsonl | A7/work/read-manifest.json | A7/work/verified-paper-registry.json | A7/work/verified-paper-registry.jsonl | A8/raw/q01-direct.json | A8/work/canonical-pool.jsonl,A7/work/abstract-triage.jsonl | A7/work/assigned-abstracts.jsonl
1839,arxiv:2608.06374,7,HIGH,A7,DyPES-VLA: Learning Shared Dynamics Priors and Embodiment-Specific Control for Cross-Embodiment Manipulation,arxiv:2608.06374,"Vision-Language-Action (VLA) models have become a powerful paradigm for robot manipulation, but training a single generalist policy for heterogeneous robot embodiments remains an open problem. Existing methods have two main limitations. First, they underuse dynamics priors shared across diverse visual and interaction data, limiting cross-embodiment transfer. Second, they require extensive manual preprocessing to convert embodiment-specific actions into a common format. To overcome these limitations, we propose DyPES-VLA, a cross-embodiment VLA that learns shared Dynamics Priors and Embodiment-Specific control. First, we learn shared dynamics priors by training the vision-language model (VLM) with a future-prediction objective on cross-embodiment data, driving the shared query representation to capture object motion, contact, and interaction-induced scene changes. Second, an embodiment-specific Mixture-of-Experts (MoE) action head translates these shared dynamics priors into executable controls directly in each embodiment's native action space, without manually pre-aligning heterogeneous actions into a common format. This head shares attention layers to capture common temporal action structures, while its embodiment-specific feed-forward experts resolve the unique kinematic constraints and control semantics of distinct embodiments. As a generalist policy, our achieves state-of-the-art performance across simulation and real-world evaluations, reaching 98.0% success on LIBERO, 59.25% on RoboCasa-GR1, and 89.02% on RoboTwin 2.0.",high,A7,1,A7=high,A7=Learns embodiment-agnostic dynamics priors from future prediction and decodes them through embodiment-specific control experts.,"A7=It separates reusable interaction knowledge from platform-specific execution, a central design for heterogeneous data.",A7=true,primary_assignment,"Junfeng Li, Junjie He, Zhide Zhong, Yangyang Zheng, Pingyue Sheng, Jiayu Dong, Ruixin Li, Haodong Yan, Jiaguan Zhu, Tianran Zhang, Runze Yu, Wen Chen, Liuqing Yang, Yuxiang Gao, Haoang Li",2026,arxiv:2608.06374,arxiv:2608.06374,7529615211258618927,cs.RO,,search-papers,foundational | recent,A7,false,true,true,false,A7/raw/q03-heterogeneous.json | A7/raw/q08-transfer.json | A7/raw/q27-cross-embodiment-foundation.json | A7/raw/q31-recent-heterogeneous.json | A7/raw/q38-shared-policy.json | A7/work/assigned-papers.json | A7/work/assigned-papers.jsonl | A7/work/paper-registry.json | A7/work/paper-registry.jsonl | A7/work/read-manifest.json | A7/work/verified-paper-registry.json | A7/work/verified-paper-registry.jsonl,A7/work/abstract-triage.jsonl | A7/work/assigned-abstracts.jsonl
1852,arxiv:cs/0610033,7,MEDIUM,A1,A kernel for time series based on global alignments,arxiv:cs/0610033,"We propose in this paper a new family of kernels to handle times series, notably speech data, within the framework of kernel methods which includes popular algorithms such as the Support Vector Machine. These kernels elaborate on the well known Dynamic Time Warping (DTW) family of distances by considering the same set of elementary operations, namely substitutions and repetitions of tokens, to map a sequence onto another. Associating to each of these operations a given score, DTW algorithms use dynamic programming techniques to compute an optimal sequence of operations with high overall score. In this paper we consider instead the score spanned by all possible alignments, take a smoothed version of their maximum and derive a kernel out of this formulation. We prove that this kernel is positive definite under favorable conditions and show how it can be tuned effectively for practical applications as we report encouraging results on a speech recognition task.",medium,A1,1,A1=medium,"A1=The paper develops or evaluates a temporal correspondence, synchronization, delay, or sequence-representation mechanism for A kernel for time series based on global alignments.","A1=Its adjacent-domain method may provide a transferable alignment idea, but the robot transfer path requires verification.",A1=true,expansion_round_1,,,arxiv:cs/0610033,arxiv:cs/0610033,7492212721229651631,,,related-references | related-similar,,A1,false,false,false,false,A1/expansion-registry.json | A1/paper-registry-complete.json,A1/expansion-triage.jsonl
1865,doi:10.1109/iros60139.2025.11246741,7,HIGH,A7,RECON: Reducing Causal Confusion with Human-Placed Markers,doi:10.1109/iros60139.2025.11246741,"Imitation learning enables robots to learn new tasks from human examples. One fundamental limitation while learning from humans is causal confusion. Causal confusion occurs when the robot's observations include both task-relevant and extraneous information: for instance, a robot's camera might see not only the intended goal, but also clutter and changes in lighting within its environment. Because the robot does not know which aspects of its observations are important a priori, it often misinterprets the human's examples and fails to learn the desired task. To address this issue, we highlight that -- while the robot learner may not know what to focus on -- the human teacher does. In this paper we propose that the human proactively marks key parts of their task with small, lightweight beacons. Under our framework (RECON) the human attaches these beacons to task-relevant objects before providing demonstrations: as the human shows examples of the task, beacons track the position of marked objects. We then harness this offline beacon data to train a task-relevant state embedding. Specifically, we embed the robot's observations to a latent state that is correlated with the measured beacon readings: in practice, this causes the robot to autonomously filter out extraneous observations and make decisions based on features learned from the beacon data. Our simulations and a real robot experiment suggest that this framework for human-placed beacons mitigates causal confusion. Indeed, we find that using RECON significantly reduces the number of demonstrations needed to convey the task, lowering the overall time required for human teaching. See videos here: https://youtu.be/oy85xJvtLSU",high,A7,1,A7=high,A7=Imitation learning enables robots to learn new tasks from human examples.,A7=It helps diagnose or reduce behavior-distribution mismatch and spurious dependence under deployment shift.,A7=true,expansion_round_1,,,arxiv:2409.13607 | doi:10.1109/IROS60139.2025.11246741,,,,,references,,A7,false,false,false,false,A7/work/expansion-registry.json | A7/work/expansion-registry.jsonl,A7/work/expansion-triage.jsonl
1878,doi:10.1109/tpami.2012.137,7,MEDIUM,A1,Hierarchical Aligned Cluster Analysis for Temporal Clustering of Human Motion.,doi:10.1109/tpami.2012.137,Temporal segmentation of human motion into plausible motion primitives is central to understanding and building computational models of human motion. Several issues contribute to the challenge of discovering motion primitives: the exponential nature of all possible movement…,medium,A1,1,A1=medium,"A1=The paper develops or evaluates a temporal correspondence, synchronization, delay, or sequence-representation mechanism for Hierarchical Aligned Cluster Analysis for Temporal Clustering of Human Motion.","A1=Its adjacent-domain method may provide a transferable alignment idea, but the robot transfer path requires verification.",A1=true,expansion_round_1,,,doi:10.1109/TPAMI.2012.137 | pmid:22732658,pmid:22732658,3799459563473477036,,,related-references,,A1,false,false,false,false,A1/expansion-registry.json | A1/paper-registry-complete.json,A1/expansion-triage.jsonl
1891,doi:10.3389/fnbot.2026.1860170,7,HIGH,A1,ST-HONet: Spatio-Temporal Hierarchical Network for long-horizon bimanual visuomotor imitation.,doi:10.3389/fnbot.2026.1860170,"Introduction: Learning robust and temporally consistent manipulation policies from long-horizon visual observations remains a fundamental challenge in imitation learning. While recent Transformer-based approaches reduce compounding errors via temporally extended action chunks,…",high,A1,1,A1=high,A1=ST-HONet uses hierarchical spatiotemporal modeling to maintain temporal consistency across long-horizon bimanual visual control.,A1=The mechanism targets the long-horizon accumulation of temporal misalignment in bimanual robot policies; abstract-level verification remains limited.,A1=true,primary_assignment,,,doi:10.3389/fnbot.2026.1860170 | pmcid:PMC13303966 | pmid:42367639,pmcid:PMC13303966,7863506033513347793,,q01-direct | q14-recent-sync | q18-phase,search-papers,recent,A1,false,false,false,false,A1/assigned-papers.json | A1/inspection-manifest.json | A1/paper-registry-complete.json | A1/paper-registry.json,A1/assigned-abstracts.jsonl | A1/triage.jsonl
