pass2_index,paper_id,assigned_agent,first_pass_classification,source_lane,paper_name,id,abstract,triage_label,lanes,lane_count,triage_labels_by_lane,mechanisms_by_lane,why_it_matters_by_lane,follow_up_by_lane,corpus_stages,authors,year,source_ids,primary_id,source_paper_id,categories,queries,discovery_methods,designations,primary_readers,metadata_verified_any,body_inspected_any,evidence_read_any,triage_disagreement,source_registry_paths,source_triage_paths
8,arxiv:1106.4573,9,MEDIUM,A3,Towards Adjustable Autonomy for the Real World,arxiv:1106.4573,"Adjustable autonomy refers to entities dynamically varying their own autonomy, transferring decision-making control to other entities (typically agents transferring control to human users) in key situations. Determining whether and when such transfers-of-control should occur is arguably the fundamental research problem in adjustable autonomy. Previous work has investigated various approaches to addressing this problem but has often focused on individual agent-human interactions. Unfortunately, domains requiring collaboration between teams of agents and humans reveal two key shortcomings of the",medium,A3,1,A3=medium,"A3=The paper develops or evaluates Towards Adjustable Autonomy for the Real World, offering an adjacent mechanism for robot learning or data collection.","A3=The result may transfer to A3 quality estimation or harmful-data handling, but direct relevance is uncertain.",A3=false,expansion_round_3,,2011,arxiv:1106.4573,,,,,firecrawl research related-papers,,A3,false,false,false,false,A3/paper-registry.json | A3/round3-registry.json,A3/round3-triage.jsonl
21,arxiv:1301.7381,9,MEDIUM,A2,Hierarchical Solution of Markov Decision Processes using Macro-actions,arxiv:1301.7381,"We investigate the use of temporally abstract actions, or macro-actions, in the solution of Markov decision processes. Unlike current models that combine both primitive actions and macro-actions and leave the state space unchanged, we propose a hierarchical model (using an abstract MDP) that works with macro-actions only, and that significantly reduces the size of the state space. This is achieved by treating macroactions as local policies that act in certain regions of state space, and by restricting states in the abstract MDP to those at the boundaries of regions. The abstract MDP approximates the original and can be solved more efficiently. We discuss several ways in which macro-actions can be generated to ensure good solution quality. Finally, we consider ways in which macro-actions can be reused to solve multiple, related MDPs; and we show that this can justify the computational overhead of macro-action generation.",medium,A2,1,A2=medium,"A2=Uses temporally extended actions, keyposes, or learned macro-actions to expose multi-step structure while retaining feedback or planning control.",A2=The adjacent sequence mechanism offers a transferable way to localize or compress useful intervals when robot labels are scarce.,A2=true,expansion_round_1,,2013,arxiv:1301.7381,arxiv:1301.7381,5014775481540412749,,macro-actions options skills temporal abstraction sequential robot control,search-papers,true,A2,false,false,false,false,A2/canonical-pool.json | A2/canonical-pool.jsonl | A2/expansion-pool.json | A2/expansion-pool.jsonl | A2/raw/q08-synonyms.json,A2/expansion-triage.jsonl
34,arxiv:1407.1208,9,HIGH,A1,Weakly Supervised Action Labeling in Videos Under Ordering Constraints,arxiv:1407.1208,"We are given a set of video clips, each one annotated with an ordered list of actions, such as ""walk"" then ""sit"" then ""answer phone"" extracted from, for example, the associated text script. We seek to temporally localize the individual actions in each clip as well as to learn a discriminative classifier for each action. We formulate the problem as a weakly supervised temporal assignment with ordering constraints. Each video clip is divided into small time intervals and each time interval of each video clip is assigned one action label, while respecting the order in which the action labels appear in the given annotations. We show that the action label assignment can be determined together with learning a classifier for each action in a discriminative manner. We evaluate the proposed model on a new and challenging dataset of 937 video clips with a total of 787720 frames containing sequences of 16 different actions from 69 Hollywood movies.",high,A1,1,A1=high,"A1=The paper develops or evaluates a temporal correspondence, synchronization, delay, or sequence-representation mechanism for Weakly Supervised Action Labeling in Videos Under Ordering Constraints.","A1=Its mechanism is a plausible transfer to multimodal robot experience, action-observation alignment, or temporally aware policy training.",A1=true,expansion_round_1,,,arxiv:1407.1208,arxiv:1407.1208,6705830489568045602,,,related-similar,,A1,false,false,false,false,A1/expansion-registry.json | A1/expansion-round2-registry.json | A1/expansion-round3-registry.json | A1/paper-registry-complete.json,A1/expansion-triage.jsonl
47,arxiv:1503.03585,9,MEDIUM,A3 | A5,Deep Unsupervised Learning using Nonequilibrium Thermodynamics,arxiv:1503.03585,"A central problem in machine learning involves modeling complex data-sets using highly flexible families of probability distributions in which learning, sampling, inference, and evaluation are still analytically or computationally tractable. Here, we develop an approach that simultaneously achieves both flexibility and tractability. The essential idea, inspired by non-equilibrium statistical physics, is to systematically and slowly destroy structure in a data distribution through an iterative forward diffusion process. We then learn a reverse diffusion process that restores structure in data, yielding a highly flexible and tractable generative model of the data. This approach allows us to rapidly learn, sample from, and evaluate probabilities in deep generative models with thousands of layers or time steps, as well as to compute conditional and posterior probabilities under the learned model. We additionally release an open source reference implementation of the algorithm.",medium,A3 | A5,2,A3=medium | A5=medium,"A3=The paper develops or evaluates Deep Unsupervised Learning using Nonequilibrium Thermodynamics, providing an adjacent mechanism for robust learning, attribution, evaluation, or data selection. | A5=A central problem in machine learning involves modeling complex data-sets using highly flexible families of probability distributions in which learning, sampling, inference, and evaluation are still analytically or computationally tractable.","A3=It may transfer to robot experience curation or training intelligence, but its direct relevance requires verification. | A5=This adaptive mixture neighbor tests whether the expansion adds a reusable mechanism for controlling robot experience in policy training.",A3=false | A5=true,expansion_round_1 | expansion_round_3,,2015,arxiv:1503.03585,arxiv:1503.03585,952441300782295271,,,firecrawl research related-papers,,A3,false,false,false,false,A3/expansion-registry.json | A3/paper-registry.json | A5/expansion/raw/round3-references.json | A5/expansion/raw/round3-similar.json,A3/expansion-triage.jsonl | A5/expansion/round3-triage.jsonl
60,arxiv:1509.06825,9,HIGH,A4 | A5 | A6 | A7 | A8,Supersizing Self-supervision: Learning to Grasp from 50K Tries and 700 Robot Hours,arxiv:1509.06825,"Current learning-based robot grasping approaches exploit human-labeled datasets for training the models. However, there are two problems with such a methodology: (a) since each object can be grasped in multiple ways, manually labeling grasp locations is not a trivial task; (b) human labeling is biased by semantics. While there have been attempts to train robots using trial-and-error experiments, the amount of data used in such experiments remains substantially low and hence makes the learner prone to over-fitting. In this paper, we take the leap of increasing the available training data to 40 times more than prior work, leading to a dataset size of 50K data points collected over 700 hours of robot grasping attempts. This allows us to train a Convolutional Neural Network (CNN) for the task of predicting grasp locations without severe overfitting. In our formulation, we recast the regression problem to an 18-way binary classification over image patches. We also present a multi-stage learning approach where a CNN trained in one stage is used to collect hard negatives in subsequent stages. Our experiments clearly show the benefit of using large-scale datasets (and multi-stage training) for the task of grasping. We also compare to several baselines and show state-of-the-art performance on generalization to unseen objects for grasping.",high,A4 | A5 | A6 | A7 | A8,5,A4=medium | A5=low | A6=high | A7=high | A8=high,"A4=Connects trajectory or demonstration choice to downstream policy learning, behavior, or offline-RL utility. | A5=However, there are two problems with such a methodology: (a) since each object can be grasped in multiple ways, manually labeling grasp locations is not a trivial task; (b) human labeling is biased by semantics. | A6=Provides a policy, data, or control mechanism with a plausible path to learning from robot experience. | A7=Current learning-based robot grasping approaches exploit human-labeled datasets for training the models. | A8=A robot autonomously collects tens of thousands of grasp attempts and trains from self-supervised success labels.",A4=It is directly or plausibly transferable to selecting robot experience for policy learning. | A5=The expansion tests whether this hard example mechanism adds a reusable way to control which robot experience influences policy training. | A6=Offers a reusable mechanism for converting sequential experience into better policy or data decisions. | A7=It provides a route to reuse heterogeneous experience across embodiments or data sources. | A8=It demonstrates that scalable autonomous interaction can supply broad coverage and objective usefulness signals without manual labels.,A4=false | A5=false | A6=true | A7=true | A8=true,expansion_round_1,,,arxiv:1509.06825 | paper:4687128730814101581 | paperid:4687128730814101581,arxiv:1509.06825,4687128730814101581,,,references | related-papers,,A4 | A5 | A6 | A7 | A8,false,false,false,true,A4/expansion/round2/registry.jsonl | A4/expansion/round3/registry.jsonl | A4/expansion/round4/registry.jsonl | A4/expansion/round5/registry.jsonl | A5/expansion/raw/round1-references.json | A5/expansion/raw/round2-references.json | A5/expansion/raw/round2-similar.json | A5/expansion/raw/round3-references.json | A5/expansion/raw/round3-similar.json | A6/expansion/canonical-pool.jsonl | A7/work/expansion-registry.json | A7/work/expansion-registry.jsonl | A8/work/expansion-novel.jsonl | A8/work/expansion-pool.jsonl,A4/expansion/all-new-expansion-triage.jsonl | A5/expansion/round1-triage.jsonl | A6/expansion/triage.jsonl | A7/work/expansion-triage.jsonl | A8/work/expansion-triage.jsonl
73,arxiv:1601.01006,9,MEDIUM,A1,Space-Time Representation of People Based on 3D Skeletal Data: A Review,arxiv:1601.01006,"Spatiotemporal human representation based on 3D visual perception data is a rapidly growing research area. Based on the information sources, these representations can be broadly categorized into two groups based on RGB-D information or 3D skeleton data. Recently, skeleton-based human representations have been intensively studied and kept attracting an increasing attention, due to their robustness to variations of viewpoint, human body scale and motion speed as well as the realtime, online performance. This paper presents a comprehensive survey of existing space-time representations of people based on 3D skeletal data, and provides an informative categorization and analysis of these methods from the perspectives, including information modality, representation encoding, structure and transition, and feature engineering. We also provide a brief overview of skeleton acquisition devices and construction methods, enlist a number of public benchmark datasets with skeleton data, and discuss potential future research directions.",medium,A1,1,A1=medium,"A1=The paper develops or evaluates a temporal correspondence, synchronization, delay, or sequence-representation mechanism for Space-Time Representation of People Based on 3D Skeletal Data: A Review.","A1=Its adjacent-domain method may provide a transferable alignment idea, but the robot transfer path requires verification.",A1=true,expansion_round_1,,,arxiv:1601.01006,arxiv:1601.01006,3744617337899865536,,,related-similar,,A1,false,false,false,false,A1/expansion-registry.json | A1/paper-registry-complete.json,A1/expansion-triage.jsonl
86,arxiv:1603.06277,9,MEDIUM,A2,Composing graphical models with neural networks for structured representations and fast inference,arxiv:1603.06277,"We propose a general modeling and inference framework that composes probabilistic graphical models with deep learning methods and combines their respective strengths. Our model family augments graphical structure in latent variables with neural network observation models. For inference, we extend variational autoencoders to use graphical model approximating distributions with recognition networks that output conjugate potentials. All components of these models are learned simultaneously with a single objective, giving a scalable algorithm that leverages stochastic variational inference, natural gradients, graphical model message passing, and the reparameterization trick. We illustrate this framework with several example models and an application to mouse behavioral phenotyping.",medium,A2,1,A2=medium,"A2=Encodes or selects compact trajectory segments or latent plans so sequential experience can be retrieved, recombined, or reused.",A2=The adjacent sequence mechanism offers a transferable way to localize or compress useful intervals when robot labels are scarce.,A2=true,expansion_round_1,,2016,arxiv:1603.06277,,,,,,,A2,false,false,false,false,A2/expansion-pool.json | A2/expansion-pool.jsonl,A2/expansion-triage.jsonl
99,arxiv:1606.01601,9,MEDIUM,A1,shapeDTW: shape Dynamic Time Warping,arxiv:1606.01601,"Dynamic Time Warping (DTW) is an algorithm to align temporal sequences with possible local non-linear distortions, and has been widely applied to audio, video and graphics data alignments. DTW is essentially a point-to-point matching method under some boundary and temporal consistency constraints. Although DTW obtains a global optimal solution, it does not necessarily achieve locally sensible matchings. Concretely, two temporal points with entirely dissimilar local structures may be matched by DTW. To address this problem, we propose an improved alignment algorithm, named shape Dynamic Time Warping (shapeDTW), which enhances DTW by taking point-wise local structural information into consideration. shapeDTW is inherently a DTW algorithm, but additionally attempts to pair locally similar structures and to avoid matching points with distinct neighborhood structures. We apply shapeDTW to align audio signal pairs having ground-truth alignments, as well as artificially simulated pairs of aligned sequences, and obtain quantitatively much lower alignment errors than DTW and its two variants. When shapeDTW is used as a distance measure in a nearest neighbor classifier (NN-shapeDTW) to classify time series, it beats DTW on 64 out of 84 UCR time series datasets, with significantly improved classification accuracies. By using a properly designed local structure descriptor, shapeDTW improves accuracies by more than 10% on 18 datasets. To the best of our knowledge, shapeDTW is the first distance measure under the nearest neighbor classifier scheme to significantly outperform DTW, which had been widely recognized as the best distance measure to date. Our code is publicly accessible at: https://github.com/jiapingz/shapeDTW.",medium,A1,1,A1=medium,"A1=The paper develops or evaluates a temporal correspondence, synchronization, delay, or sequence-representation mechanism for shapeDTW: shape Dynamic Time Warping.","A1=Its adjacent-domain method may provide a transferable alignment idea, but the robot transfer path requires verification.",A1=true,expansion_round_1,,,arxiv:1606.01601,arxiv:1606.01601,5883089933146340150,,,related-similar,,A1,false,false,false,false,A1/expansion-registry.json | A1/expansion-round2-registry.json | A1/expansion-round3-registry.json | A1/paper-registry-complete.json,A1/expansion-triage.jsonl
112,arxiv:1610.00673,9,MEDIUM,A5,Collective Robot Reinforcement Learning with Distributed Asynchronous Guided Policy Search,arxiv:1610.00673,"In principle, reinforcement learning and policy search methods can enable robots to learn highly complex and general skills that may allow them to function amid the complexity and diversity of the real world. However, training a policy that generalizes well across a wide range of real-world conditions requires far greater quantity and diversity of experience than is practical to collect with a single robot. Fortunately, it is possible for multiple robots to share their experience with one another, and thereby, learn a policy collectively. In this work, we explore distributed and asynchronous policy learning as a means to achieve generalization and improved training times on challenging, real-world manipulation tasks. We propose a distributed and asynchronous version of Guided Policy Search and use it to demonstrate collective policy learning on a vision-based door opening task using four robots. We show that it achieves better generalization, utilization, and training times than the single robot alternative.",medium,A5,1,A5=medium,"A5=In this work, we explore distributed and asynchronous policy learning as a means to achieve generalization and improved training times on challenging, real-world manipulation tasks.",A5=This adaptive mixture neighbor tests whether the expansion adds a reusable mechanism for controlling robot experience in policy training.,A5=true,expansion_round_2,,,arxiv:1610.00673,arxiv:1610.00673,3954573237446245949,,,,,A5,false,false,false,false,A5/expansion/raw/round2-references.json,A5/expansion/round2-triage.jsonl
125,arxiv:1612.00593,9,MEDIUM,A4,PointNet: Deep Learning on Point Sets for 3D Classification and Segmentation,arxiv:1612.00593,"Point cloud is an important type of geometric data structure. Due to its irregular format, most researchers transform such data to regular 3D voxel grids or collections of images. This, however, renders data unnecessarily voluminous and causes issues. In this paper, we design a novel type of neural network that directly consumes point clouds and well respects the permutation invariance of points in the input. Our network, named PointNet, provides a unified architecture for applications ranging from object classification, part segmentation, to scene semantic parsing. Though simple, PointNet is highly efficient and effective. Empirically, it shows strong performance on par or even better than state of the art. Theoretically, we provide analysis towards understanding of what the network has learnt and why the network is robust with respect to input perturbation and corruption.",medium,A4,1,A4=medium,A4=Provides adjacent evidence about how data composition affects learning outcomes.,A4=It extends the A4 mechanism space with adjacent data-centric evidence.,A4=false,expansion_round_1,,,arxiv:1612.00593 | paper:8197007651374786920,,,,,,,A4,false,false,false,false,A4/expansion/round4/registry.jsonl,A4/expansion/all-new-expansion-triage.jsonl
138,arxiv:1703.01161,9,HIGH,A2,FeUdal Networks for Hierarchical Reinforcement Learning,arxiv:1703.01161,"We introduce FeUdal Networks (FuNs): a novel architecture for hierarchical reinforcement learning. Our approach is inspired by the feudal reinforcement learning proposal of Dayan and Hinton, and gains power and efficacy by decoupling end-to-end learning across multiple levels -- allowing it to utilise different resolutions of time. Our framework employs a Manager module and a Worker module. The Manager operates at a lower temporal resolution and sets abstract goals which are conveyed to and enacted by the Worker. The Worker generates primitive actions at every tick of the environment. The decoupled structure of FuN conveys several benefits -- in addition to facilitating very long timescale credit assignment it also encourages the emergence of sub-policies associated with different goals set by the Manager. These properties allow FuN to dramatically outperform a strong baseline agent on tasks that involve long-term credit assignment or memorisation. We demonstrate the performance of our proposed system on a range of tasks from the ATARI suite and also from a 3D DeepMind Lab environment.",high,A2,1,A2=high,A2=Discovers reusable temporal structure in sequential experience for downstream decision making or policy learning.,"A2=The mechanism can turn long robot experience into reusable training units, skill memories, or better-conditioned policy targets.",A2=true,expansion_round_1,,2017,arxiv:1703.01161,arxiv:1703.01161,2150078475414253977,,hierarchical reinforcement learning options subgoals initiation termination | temporal abstraction long horizon manipulation sparse reward credit assignment,search-papers,true,A2,false,false,false,false,A2/canonical-pool.json | A2/canonical-pool.jsonl | A2/expansion-pool.json | A2/expansion-pool.jsonl | A2/raw/q20-sparse-reward.json | A2/raw/q32-hierarchical-rl.json,A2/expansion-triage.jsonl
151,arxiv:1703.08294,9,HIGH,A2,Multi-Level Discovery of Deep Options,arxiv:1703.08294,"Augmenting an agent's control with useful higher-level behaviors called options can greatly reduce the sample complexity of reinforcement learning, but manually designing options is infeasible in high-dimensional and abstract state spaces. While recent work has proposed several techniques for automated option discovery, they do not scale to multi-level hierarchies and to expressive representations such as deep networks. We present Discovery of Deep Options (DDO), a policy-gradient algorithm that discovers parametrized options from a set of demonstration trajectories, and can be used recursively to discover additional levels of the hierarchy. The scalability of our approach to multi-level hierarchies stems from the decoupling of low-level option discovery from high-level meta-control policy learning, facilitated by under-parametrization of the high level. We demonstrate that using the discovered options to augment the action space of Deep Q-Network agents can accelerate learning by guiding exploration in tasks where random actions are unlikely to reach valuable states. We show that DDO is effective in adding options that accelerate learning in 4 out of 5 Atari RAM environments chosen in our experiments. We also show that DDO can discover structure in robot-assisted surgical videos and kinematics that match expert annotation with 72% accuracy.",high,A2,1,A2=high,"A2=Encodes or selects compact trajectory segments or latent plans so sequential experience can be retrieved, recombined, or reused.","A2=The mechanism can turn long robot experience into reusable training units, skill memories, or better-conditioned policy targets.",A2=true,expansion_round_1,,2017,arxiv:1703.08294,,,,,,,A2,false,false,false,false,A2/expansion-pool.json | A2/expansion-pool.jsonl,A2/expansion-triage.jsonl
164,arxiv:1705.07874,9,MEDIUM,A4,A Unified Approach to Interpreting Model Predictions,arxiv:1705.07874,"Understanding why a model makes a certain prediction can be as crucial as the prediction's accuracy in many applications. However, the highest accuracy for large modern datasets is often achieved by complex models that even experts struggle to interpret, such as ensemble or deep learning models, creating a tension between accuracy and interpretability. In response, various methods have recently been proposed to help users interpret the predictions of complex models, but it is often unclear how these methods are related and when one method is preferable over another. To address this problem, we present a unified framework for interpreting predictions, SHAP (SHapley Additive exPlanations). SHAP assigns each feature an importance value for a particular prediction. Its novel components include: (1) the identification of a new class of additive feature importance measures, and (2) theoretical results showing there is a unique solution in this class with a set of desirable properties. The new class unifies six existing methods, notable because several recent methods in the class lack the proposed desirable properties. Based on insights from this unification, we present new methods that show improved computational performance and/or better consistency with human intuition than previous approaches.",medium,A4,1,A4=medium,A4=Uses a valuation or attribution signal to estimate the contribution of training examples to model or policy outcomes.,A4=It extends the A4 mechanism space with adjacent data-centric evidence.,A4=false,expansion_round_1,,,arxiv:1705.07874 | paper:8812069058934596444,,,,,,,A4,false,false,false,false,A4/expansion/round2/registry.jsonl | A4/expansion/round5/registry.jsonl,A4/expansion/all-new-expansion-triage.jsonl
177,arxiv:1707.02267,9,MEDIUM,A1 | A5,Transferring End-to-End Visuomotor Control from Simulation to Real World for a Multi-Stage Task,arxiv:1707.02267,"End-to-end control for robot manipulation and grasping is emerging as an attractive alternative to traditional pipelined approaches. However, end-to-end methods tend to either be slow to train, exhibit little or no generalisability, or lack the ability to accomplish long-horizon or multi-stage tasks. In this paper, we show how two simple techniques can lead to end-to-end (image to velocity) execution of a multi-stage task, which is analogous to a simple tidying routine, without having seen a single real image. This involves locating, reaching for, and grasping a cube, then locating a basket and dropping the cube inside. To achieve this, robot trajectories are computed in a simulator, to collect a series of control velocities which accomplish the task. Then, a CNN is trained to map observed images to velocities, using domain randomisation to enable generalisation to real world images. Results show that we are able to successfully accomplish the task in the real world with the ability to generalise to novel environments, including those with dynamic lighting conditions, distractor objects, and moving objects, including the basket itself. We believe our approach to be simple, highly scalable, and capable of learning long-horizon tasks that have until now not been shown with the state-of-the-art in end-to-end robot control.",medium,A1 | A5,2,A1=low | A5=medium,"A1=The abstract does not expose a clear temporal mechanism connected to the lane. | A5=However, end-to-end methods tend to either be slow to train, exhibit little or no generalisability, or lack the ability to accomplish long-horizon or multi-stage tasks.","A1=Its mechanism is a plausible transfer to multimodal robot experience, action-observation alignment, or temporally aware policy training. | A5=This adaptive mixture neighbor tests whether the expansion adds a reusable mechanism for controlling robot experience in policy training.",A1=false | A5=true,expansion_round_2,,,arxiv:1707.02267,arxiv:1707.02267,2429849372134889609,,,related-papers-round2,,A1,false,false,false,true,A1/expansion-round2-registry.json | A1/paper-registry-complete.json | A5/expansion/raw/round2-references.json,A1/expansion-round2-triage.jsonl | A5/expansion/round2-triage.jsonl
190,arxiv:1709.06683,9,MEDIUM,A6,OptionGAN: Learning Joint Reward-Policy Options using Generative Adversarial Inverse Reinforcement Learning,arxiv:1709.06683,"Reinforcement learning has shown promise in learning policies that can solve complex problems. However, manually specifying a good reward function can be difficult, especially for intricate tasks. Inverse reinforcement learning offers a useful paradigm to learn the underlying reward function directly from expert demonstrations. Yet in reality, the corpus of demonstrations may contain trajectories arising from a diverse set of underlying reward functions rather than a single one. Thus, in inverse reinforcement learning, it is useful to consider such a decomposition. The options framework in reinforcement learning is specifically designed to decompose policies in a similar light. We therefore extend the options framework and propose a method to simultaneously recover reward options in addition to policy options. We leverage adversarial methods to learn joint reward-policy options using only observed expert states. We show that this approach works well in both simple and complex continuous control tasks and shows significant performance increases in one-shot transfer learning.",medium,A6,1,A6=medium,"A6=Learns or supplies recovery, correction, retry, repair, or replanning behavior from failed or perturbed executions.",A6=Makes failure states informative for robust execution and for deciding what corrective data to collect next.,A6=false,expansion_round_1,,,arxiv:1709.06683,arxiv:1709.06683,7102179805599554777,,,related-papers,,A6,false,false,false,false,A6/expansion/canonical-pool.jsonl,A6/expansion/triage.jsonl
203,arxiv:1711.02209,9,MEDIUM,A1,Unsupervised Learning of Semantic Audio Representations,arxiv:1711.02209,"Even in the absence of any explicit semantic annotation, vast collections of audio recordings provide valuable information for learning the categorical structure of sounds. We consider several class-agnostic semantic constraints that apply to unlabeled nonspeech audio: (i) noise and translations in time do not change the underlying sound category, (ii) a mixture of two sound events inherits the categories of the constituents, and (iii) the categories of events in close temporal proximity are likely to be the same or related. Without labels to ground them, these constraints are incompatible with classification loss functions. However, they may still be leveraged to identify geometric inequalities needed for triplet loss-based training of convolutional neural networks. The result is low-dimensional embeddings of the input spectrograms that recover 41% and 84% of the performance of their fully-supervised counterparts when applied to downstream query-by-example sound retrieval and sound event classification tasks, respectively. Moreover, in limited-supervision settings, our unsupervised embeddings double the state-of-the-art classification performance.",medium,A1,1,A1=medium,"A1=The paper develops or evaluates a temporal correspondence, synchronization, delay, or sequence-representation mechanism for Unsupervised Learning of Semantic Audio Representations.","A1=Its adjacent-domain method may provide a transferable alignment idea, but the robot transfer path requires verification.",A1=true,expansion_round_2,,,arxiv:1711.02209,arxiv:1711.02209,5127484238553866062,,,related-papers-round2 | related-papers-round3,,A1,false,false,false,false,A1/expansion-round2-registry.json | A1/expansion-round3-registry.json | A1/paper-registry-complete.json,A1/expansion-round2-triage.jsonl
216,arxiv:1802.05642,9,MEDIUM,A4,The Mechanics of n-Player Differentiable Games,arxiv:1802.05642,"The cornerstone underpinning deep learning is the guarantee that gradient descent on an objective converges to local minima. Unfortunately, this guarantee fails in settings, such as generative adversarial nets, where there are multiple interacting losses. The behavior of gradient-based methods in games is not well understood -- and is becoming increasingly important as adversarial and multi-objective architectures proliferate. In this paper, we develop new techniques to understand and control the dynamics in general games. The key result is to decompose the second-order dynamics into two components. The first is related to potential games, which reduce to gradient descent on an implicit function; the second relates to Hamiltonian games, a new class of games that obey a conservation law, akin to conservation laws in classical mechanical systems. The decomposition motivates Symplectic Gradient Adjustment (SGA), a new algorithm for finding stable fixed points in general games. Basic experiments show SGA is competitive with recently proposed algorithms for finding stable fixed points in GANs -- whilst at the same time being applicable to -- and having guarantees in -- much more general games.",medium,A4,1,A4=medium,A4=Provides adjacent evidence about how data composition affects learning outcomes.,A4=It extends the A4 mechanism space with adjacent data-centric evidence.,A4=true,expansion_round_1,,,arxiv:1802.05642 | paper:6841125793786636205,,,,,,,A4,false,false,false,false,A4/expansion/round3/registry.jsonl,A4/expansion/all-new-expansion-triage.jsonl
229,arxiv:1805.08125,9,MEDIUM,A4,A Marketplace for Data: An Algorithmic Solution,arxiv:1805.08125,"In this work, we aim to design a data marketplace; a robust real-time matching mechanism to efficiently buy and sell training data for Machine Learning tasks. While the monetization of data and pre-trained models is an essential focus of industry today, there does not exist a market mechanism to price training data and match buyers to sellers while still addressing the associated (computational and other) complexity. The challenge in creating such a market stems from the very nature of data as an asset: (i) it is freely replicable; (ii) its value is inherently combinatorial due to correlation with signal in other data; (iii) prediction tasks and the value of accuracy vary widely; (iv) usefulness of training data is difficult to verify a priori without first applying it to a prediction task. As our main contributions we: (i) propose a mathematical model for a two-sided data market and formally define the key associated challenges; (ii) construct algorithms for such a market to function and analyze how they meet the challenges defined. We highlight two technical contributions: (i) a new notion of 'fairness' required for cooperative games with freely replicable goods; (ii) a truthful, zero regret mechanism to auction a class of combinatorial goods based on utilizing Myerson's payment function and the Multiplicative Weights algorithm. These might be of independent interest.",medium,A4,1,A4=medium,A4=Provides adjacent evidence about how data composition affects learning outcomes.,A4=It extends the A4 mechanism space with adjacent data-centric evidence.,A4=false,expansion_round_1,,,arxiv:1805.08125 | paper:5996693128807787235,,,,,,,A4,false,false,false,false,A4/expansion/round2/registry.jsonl | A4/expansion/round5/registry.jsonl,A4/expansion/all-new-expansion-triage.jsonl
242,arxiv:1807.07049,9,HIGH,A7,Robot Learning in Homes: Improving Generalization and Reducing Dataset Bias,arxiv:1807.07049,"Data-driven approaches to solving robotic tasks have gained a lot of traction in recent years. However, most existing policies are trained on large-scale datasets collected in curated lab settings. If we aim to deploy these models in unstructured visual environments like people's homes, they will be unable to cope with the mismatch in data distribution. In such light, we present the first systematic effort in collecting a large dataset for robotic grasping in homes. First, to scale and parallelize data collection, we built a low cost mobile manipulator assembled for under 3K USD. Second, data collected using low cost robots suffer from noisy labels due to imperfect execution and calibration errors. To handle this, we develop a framework which factors out the noise as a latent variable. Our model is trained on 28K grasps collected in several houses under an array of different environmental conditions. We evaluate our models by physically executing grasps on a collection of novel objects in multiple unseen homes. The models trained with our home dataset showed a marked improvement of 43.7% over a baseline model trained with data collected in lab. Our architecture which explicitly models the latent noise in the dataset also performed 10% better than one that did not factor out the noise. We hope this effort inspires the robotics community to look outside the lab and embrace learning based approaches to handle inaccurate cheap robots.",high,A7,1,A7=high,A7=Data-driven approaches to solving robotic tasks have gained a lot of traction in recent years.,"A7=It expands or measures task, environment, object, or observation coverage for more robust behavior.",A7=true,expansion_round_1,,,arxiv:1807.07049,,,,,references,,A7,false,false,false,false,A7/work/expansion-registry.json | A7/work/expansion-registry.jsonl,A7/work/expansion-triage.jsonl
255,arxiv:1810.03043,9,HIGH,A6,Robustness via Retrying: Closed-Loop Robotic Manipulation with Self-Supervised Learning,arxiv:1810.03043,"Prediction is an appealing objective for self-supervised learning of behavioral skills, particularly for autonomous robots. However, effectively utilizing predictive models for control, especially with raw image inputs, poses a number of major challenges. How should the predictions be used? What happens when they are inaccurate? In this paper, we tackle these questions by proposing a method for learning robotic skills from raw image observations, using only autonomously collected experience. We show that even an imperfect model can complete complex tasks if it can continuously retry, but this requires the model to not lose track of the objective (e.g., the object of interest). To enable a robot to continuously retry a task, we devise a self-supervised algorithm for learning image registration, which can keep track of objects of interest for the duration of the trial. We demonstrate that this idea can be combined with a video-prediction based controller to enable complex behaviors to be learned from scratch using only raw visual inputs, including grasping, repositioning objects, and non-prehensile manipulation. Our real-world experiments demonstrate that a model trained with 160 robot hours of autonomously collected, unlabeled data is able to successfully perform complex manipulation tasks with a wide range of objects not seen during training.",high,A6,1,A6=high,"A6=Uses failure, recovery, retry, correction, or intervention data to return execution to a viable state or learn corrective behavior.",A6=Shows how imperfect experience can teach robust retry and recovery behavior instead of being discarded.,A6=true,primary_assignment,"Frederik Ebert, Sudeep Dasari, Alex X. Lee, Sergey Levine, Chelsea Finn",2018,arxiv:1810.03043,arxiv:1810.03043,7923455617757539481,cs.AI | cs.CV | cs.RO,expansion:recoverychaining-references,related-papers,,A6,true,true,false,false,A6/expansion/canonical-pool.jsonl | A6/registry-assignment.jsonl | A6/work/assigned-registry-inspected.jsonl | A6/work/assigned-registry-preinspect.jsonl | A6/work/evidence-index.jsonl,A6/triage.jsonl
268,arxiv:1811.06272,9,HIGH,A8,"Woulda, Coulda, Shoulda: Counterfactually-Guided Policy Search",arxiv:1811.06272,"Learning policies on data synthesized by models can in principle quench the thirst of reinforcement learning algorithms for large amounts of real experience, which is often costly to acquire. However, simulating plausible experience de novo is a hard problem for many complex environments, often resulting in biases for model-based policy evaluation and search. Instead of de novo synthesis of data, here we assume logged, real experience and model alternative outcomes of this experience under counterfactual actions, actions that were not actually taken. Based on this, we propose the Counterfactually-Guided Policy Search (CF-GPS) algorithm for learning policies in POMDPs from off-policy experience. It leverages structural causal models for counterfactual evaluation of arbitrary policies on individual off-policy episodes. CF-GPS can improve on vanilla model-based RL algorithms by making use of available logged data to de-bias model predictions. In contrast to off-policy algorithms based on Importance Sampling which re-weight data, CF-GPS leverages a model to explicitly consider alternative outcomes, allowing the algorithm to make better use of experience data. We find empirically that these advantages translate into improved policy evaluation and search results on a non-trivial grid-world task. Finally, we show that CF-GPS generalizes the previously proposed Guided Policy Search and that reparameterization-based algorithms such Stochastic Value Gradient can be interpreted as counterfactual methods.",high,A8,1,A8=high,A8=Counterfactual models evaluate alternative actions and guide policy search toward decisions with better predicted outcomes.,A8=Counterfactual action influence can identify which experience is informative for improving a policy.,A8=true,expansion_round_3,,,arxiv:1811.06272 | paperid:1565323882295405205,,,,,,,A8,false,false,false,false,A8/work/expansion-round3-novel.jsonl,A8/work/expansion-round3-triage.jsonl
281,arxiv:1902.00183,9,HIGH,A2,Learning Action Representations for Reinforcement Learning,arxiv:1902.00183,"Most model-free reinforcement learning methods leverage state representations (embeddings) for generalization, but either ignore structure in the space of actions or assume the structure is provided a priori. We show how a policy can be decomposed into a component that acts in a low-dimensional space of action representations and a component that transforms these representations into actual actions. These representations improve generalization over large, finite action sets by allowing the agent to infer the outcomes of actions similar to actions already taken. We provide an algorithm to both learn and use action representations and provide conditions for its convergence. The efficacy of the proposed method is demonstrated on large-scale real-world problems.",high,A2,1,A2=high,"A2=Encodes or selects compact trajectory segments or latent plans so sequential experience can be retrieved, recombined, or reused.","A2=The mechanism can turn long robot experience into reusable training units, skill memories, or better-conditioned policy targets.",A2=true,expansion_round_1,,2019,arxiv:1902.00183,,,,,,,A2,false,false,false,false,A2/expansion-pool.json | A2/expansion-pool.jsonl,A2/expansion-triage.jsonl
294,arxiv:1904.02868,9,HIGH,A3,Data Shapley: Equitable Valuation of Data for Machine Learning,arxiv:1904.02868,"As data becomes the fuel driving technological and economic growth, a fundamental challenge is how to quantify the value of data in algorithmic predictions and decisions. For example, in healthcare and consumer markets, it has been suggested that individuals should be compensated for the data that they generate, but it is not clear what is an equitable valuation for individual data. In this work, we develop a principled framework to address data valuation in the context of supervised machine learning. Given a learning algorithm trained on n data points to produce a predictor, we propose data S",high,A3,1,A3=high,"A3=The paper develops or evaluates Data Shapley: Equitable Valuation of Data for Machine Learning, offering a mechanism related to robot data quality, correction, attribution, or policy improvement.",A3=The mechanism is plausibly transferable to the Program A experience-to-policy loop and warrants follow-up.,A3=true,expansion_round_2,,2019,arxiv:1904.02868,arxiv:1904.02868,3975673247172170941,,q02-synonyms | q07-shapley | q22-datashapley,firecrawl research related-papers,,A3,false,false,false,false,A3/paper-registry.json | A3/round2-registry.json | A3/round3-registry.json | A4/canonical-registry.jsonl | A4/expansion/expansion-registry.jsonl | A4/expansion/round3/registry.jsonl | A4/raw/q02-synonyms.json | A4/raw/q07-shapley.json | A4/raw/q22-datashapley.json,A3/round2-triage.jsonl
307,arxiv:1905.13289,9,MEDIUM,A4,On the Accuracy of Influence Functions for Measuring Group Effects,arxiv:1905.13289,"Influence functions estimate the effect of removing a training point on a model without the need to retrain. They are based on a first-order Taylor approximation that is guaranteed to be accurate for sufficiently small changes to the model, and so are commonly used to study the effect of individual points in large datasets. However, we often want to study the effects of large groups of training points, e.g., to diagnose batch effects or apportion credit between different data sources. Removing such large groups can result in significant changes to the model. Are influence functions still accurate in this setting? In this paper, we find that across many different types of groups and for a range of real-world datasets, the predicted effect (using influence functions) of a group correlates surprisingly well with its actual effect, even if the absolute and relative errors are large. Our theoretical analysis shows that such strong correlation arises only under certain settings and need not hold in general, indicating that real-world datasets have particular properties that allow the influence approximation to be accurate.",medium,A4,1,A4=medium,A4=Uses data valuation or attribution to estimate example contribution to model or policy outcomes.,A4=It provides adjacent evidence for data-efficient training intelligence.,A4=false,expansion_round_1,,,arxiv:1905.13289 | paper:1048588146608528227,,,,,related-paper-expansion,,A4,false,false,false,false,A4/expansion/expansion-registry.jsonl | A4/expansion/round2/registry.jsonl | A4/expansion/round5/registry.jsonl,A4/expansion/expansion-triage.jsonl
320,arxiv:1907.00277,9,HIGH,A6,Active Learning of Probabilistic Movement Primitives,arxiv:1907.00277,"A Probabilistic Movement Primitive (ProMP) defines a distribution over trajectories with an associated feedback policy. ProMPs are typically initialized from human demonstrations and achieve task generalization through probabilistic operations. However, there is currently no principled guidance in the literature to determine how many demonstrations a teacher should provide and what constitutes a ""good"" demonstration for promoting generalization. In this paper, we present an active learning approach to learning a library of ProMPs capable of task generalization over a given space. We utilize uncertainty sampling techniques to generate a task instance for which a teacher should provide a demonstration. The provided demonstration is incorporated into an existing ProMP if possible, or a new ProMP is created from the demonstration if it is determined that it is too dissimilar from existing demonstrations. We provide a qualitative comparison between common active learning metrics; motivated by this comparison we present a novel uncertainty sampling approach named Greatest Mahalanobis Distance. We perform grasping experiments on a real KUKA robot and show our novel active learning measure achieves better task generalization with fewer demonstrations than a random sampling over the space.",high,A6,1,A6=high,"A6=Estimates demonstration quality or latent expertise to filter, weight, or optimize learning from mixed-quality experience.",A6=Offers a reusable mechanism for converting sequential experience into better policy or data decisions.,A6=true,expansion_round_1,,1907,arxiv:1907.00277,arxiv:1907.00277,4084674953039647992,,probabilistic movement primitives robot trajectory representation,related-papers,true,A3,false,false,false,false,A2/canonical-pool.json | A2/canonical-pool.jsonl | A2/raw/q34-promp.json | A3/paper-registry.json | A3/raw/q18-active-learning.txt | A5/canonical-pool.jsonl | A5/paper-registry.json | A6/expansion/canonical-pool.jsonl | A8/raw/q10-mechanism.json | A8/work/canonical-pool.jsonl,A6/expansion/triage.jsonl
333,arxiv:1908.08619,9,MEDIUM,A3,Efficient Task-Specific Data Valuation for Nearest Neighbor Algorithms,arxiv:1908.08619,"Given a data set D containing millions of data points and a data consumer who is willing to pay for $X to train a machine learning (ML) model over D, how should we distribute this $X to each data point to reflect its ""value""? In this paper, we define the ""relative value of data"" via the Shapley value, as it uniquely possesses properties with appealing real-world interpretations, such as fairness, rationality and decentralizability. For general, bounded utility functions, the Shapley value is known to be challenging to compute: to get Shapley values for all N data points, it requires O(2N) mode",medium,A3,1,A3=medium,"A3=The paper develops or evaluates Efficient Task-Specific Data Valuation for Nearest Neighbor Algorithms, providing an adjacent mechanism for robust learning, attribution, evaluation, or data selection.","A3=It may transfer to robot experience curation or training intelligence, but its direct relevance requires verification.",A3=false,expansion_round_1,,2019,arxiv:1908.08619,arxiv:1908.08619,2203310448672983125,,q22-datashapley,firecrawl research related-papers,,A3,false,false,false,false,A3/expansion-registry.json | A3/paper-registry.json | A4/canonical-registry.jsonl | A4/expansion/expansion-registry.jsonl | A4/expansion/round2/registry.jsonl | A4/expansion/round5/registry.jsonl | A4/raw/q22-datashapley.json,A3/expansion-triage.jsonl
346,arxiv:1910.11215,9,MEDIUM,A1 | A4 | A5,RoboNet: Large-Scale Multi-Robot Learning,arxiv:1910.11215,"Robot learning has emerged as a promising tool for taming the complexity and diversity of the real world. Methods based on high-capacity models, such as deep networks, hold the promise of providing effective generalization to a wide range of open-world environments. However, these same methods typically require large amounts of diverse training data to generalize effectively. In contrast, most robotic learning experiments are small-scale, single-domain, and single-robot. This leads to a frequent tension in robotic learning: how can we learn generalizable robotic controllers without having to collect impractically large amounts of data for each separate experiment? In this paper, we propose RoboNet, an open database for sharing robotic experience, which provides an initial pool of 15 million video frames, from 7 different robot platforms, and study how it can be used to learn generalizable models for vision-based robotic manipulation. We combine the dataset with two different learning algorithms: visual foresight, which uses forward video prediction models, and supervised inverse models. Our experiments test the learned algorithms' ability to work across new objects, new tasks, new scenes, new camera viewpoints, new grippers, or even entirely new robots. In our final experiment, we find that by pre-training on RoboNet and fine-tuning on data from a held-out Franka or Kuka robot, we can exceed the performance of a robot-specific training approach that uses 4x-20x more data. For videos and data, see the project webpage: https://www.robonet.wiki/",medium,A1 | A4 | A5,3,A1=low | A4=medium | A5=medium,"A1=The abstract does not expose a clear temporal mechanism connected to the lane. | A4=Connects trajectory or demonstration choice to downstream policy learning, behavior, or offline-RL utility. | A5=Our experiments test the learned algorithms' ability to work across new objects, new tasks, new scenes, new camera viewpoints, new grippers, or even entirely new robots.","A1=Its mechanism is a plausible transfer to multimodal robot experience, action-observation alignment, or temporally aware policy training. | A4=It is directly or plausibly transferable to selecting robot experience for policy learning. | A5=This adaptive mixture neighbor tests whether the expansion adds a reusable mechanism for controlling robot experience in policy training.",A1=false | A4=false | A5=true,expansion_round_1 | expansion_round_2,,2019,arxiv:1910.11215 | paper:7156445151875138130,arxiv:1910.11215,7156445151875138130,,,related-references,foundational,A1,false,false,false,true,A1/expansion-registry.json | A1/paper-registry-complete.json | A4/expansion/round2/registry.jsonl | A4/expansion/round3/registry.jsonl | A4/expansion/round5/registry.jsonl | A5/expansion/raw/round2-references.json | A7/raw/q01-direct-terms.json | A7/raw/q05-synonyms.json | A7/raw/q39-quality-vs-diversity.json | A7/work/expansion-registry.json | A7/work/expansion-registry.jsonl | A7/work/paper-registry.json | A7/work/paper-registry.jsonl | A7/work/verified-paper-registry.json | A7/work/verified-paper-registry.jsonl,A1/expansion-triage.jsonl | A4/expansion/all-new-expansion-triage.jsonl | A5/expansion/round2-triage.jsonl
359,arxiv:2002.03647,9,HIGH,A2 | A8,"Explore, Discover and Learn: Unsupervised Discovery of State-Covering Skills",arxiv:2002.03647,"Acquiring abilities in the absence of a task-oriented reward function is at the frontier of reinforcement learning research. This problem has been studied through the lens of empowerment, which draws a connection between option discovery and information theory. Information-theoretic skill discovery methods have garnered much interest from the community, but little research has been conducted in understanding their limitations. Through theoretical analysis and empirical evidence, we show that existing algorithms suffer from a common limitation -- they discover options that provide a poor coverage of the state space. In light of this, we propose 'Explore, Discover and Learn' (EDL), an alternative approach to information-theoretic skill discovery. Crucially, EDL optimizes the same information-theoretic objective derived from the empowerment literature, but addresses the optimization problem using different machinery. We perform an extensive evaluation of skill discovery methods on controlled environments and show that EDL offers significant advantages, such as overcoming the coverage problem, reducing the dependence of learned skills on the initial state, and allowing the user to define a prior over which behaviors should be learned. Code is publicly available at https://github.com/victorcampos7/edl.",high,A2 | A8,2,A2=high | A8=high,A2=Discovers reusable temporal structure in sequential experience for downstream decision making or policy learning. | A8=Unsupervised skills are trained to cover distinct regions of state space and are evaluated by their downstream controllability.,"A2=The mechanism can turn long robot experience into reusable training units, skill memories, or better-conditioned policy targets. | A8=It directly links state coverage to reusable skill representations.",A2=true | A8=true,expansion_round_1 | expansion_round_3,,2020,arxiv:2002.03647 | paperid:4931048104656860915,,,,,,,A2 | A8,false,false,false,false,A2/expansion-pool.json | A2/expansion-pool.jsonl | A8/work/expansion-round3-novel.jsonl,A2/expansion-triage.jsonl | A8/work/expansion-round3-triage.jsonl
372,arxiv:2003.14266,9,HIGH,A1,SCT: Set Constrained Temporal Transformer for Set Supervised Action Segmentation,arxiv:2003.14266,"Temporal action segmentation is a topic of increasing interest, however, annotating each frame in a video is cumbersome and costly. Weakly supervised approaches therefore aim at learning temporal action segmentation from videos that are only weakly labeled. In this work, we assume that for each training video only the list of actions is given that occur in the video, but not when, how often, and in which order they occur. In order to address this task, we propose an approach that can be trained end-to-end on such data. The approach divides the video into smaller temporal regions and predicts for each region the action label and its length. In addition, the network estimates the action labels for each frame. By measuring how consistent the frame-wise predictions are with respect to the temporal regions and the annotated action labels, the network learns to divide a video into class-consistent regions. We evaluate our approach on three datasets where the approach achieves state-of-the-art results.",high,A1,1,A1=high,"A1=The paper develops or evaluates a temporal correspondence, synchronization, delay, or sequence-representation mechanism for SCT: Set Constrained Temporal Transformer for Set Supervised Action Segmentation.","A1=Its mechanism is a plausible transfer to multimodal robot experience, action-observation alignment, or temporally aware policy training.",A1=true,expansion_round_2,,2003,arxiv:2003.14266,arxiv:2003.14266,3120384796082460037,,human activity recognition temporal action segmentation weak supervision,related-papers-round2 | related-papers-round3,true,A1,false,false,false,false,A1/expansion-round2-registry.json | A1/expansion-round3-registry.json | A1/paper-registry-complete.json | A2/canonical-pool.json | A2/canonical-pool.jsonl | A2/raw/q23-human-activity.json,A1/expansion-round2-triage.jsonl
385,arxiv:2006.03575,9,MEDIUM,A1,End-to-End Adversarial Text-to-Speech,arxiv:2006.03575,"Modern text-to-speech synthesis pipelines typically involve multiple processing stages, each of which is designed or learnt independently from the rest. In this work, we take on the challenging task of learning to synthesise speech from normalised text or phonemes in an end-to-end manner, resulting in models which operate directly on character or phoneme input sequences and produce raw speech audio outputs. Our proposed generator is feed-forward and thus efficient for both training and inference, using a differentiable alignment scheme based on token length prediction. It learns to produce high fidelity audio through a combination of adversarial feedback and prediction losses constraining the generated audio to roughly match the ground truth in terms of its total duration and mel-spectrogram. To allow the model to capture temporal variation in the generated audio, we employ soft dynamic time warping in the spectrogram-based prediction loss. The resulting model achieves a mean opinion score exceeding 4 on a 5 point scale, which is comparable to the state-of-the-art models relying on multi-stage training and additional supervision.",medium,A1,1,A1=medium,"A1=The paper develops or evaluates a temporal correspondence, synchronization, delay, or sequence-representation mechanism for End-to-End Adversarial Text-to-Speech.","A1=Its adjacent-domain method may provide a transferable alignment idea, but the robot transfer path requires verification.",A1=true,expansion_round_1,,,arxiv:2006.03575,arxiv:2006.03575,5719323997972718839,,,related-similar,,A1,false,false,false,false,A1/expansion-registry.json | A1/paper-registry-complete.json,A1/expansion-triage.jsonl
398,arxiv:2009.08319,9,MEDIUM,A8,Decoupling Representation Learning from Reinforcement Learning,arxiv:2009.08319,"In an effort to overcome limitations of reward-driven feature learning in deep reinforcement learning (RL) from images, we propose decoupling representation learning from policy learning. To this end, we introduce a new unsupervised learning (UL) task, called Augmented Temporal Contrast (ATC), which trains a convolutional encoder to associate pairs of observations separated by a short time difference, under image augmentations and using a contrastive loss. In online RL experiments, we show that training the encoder exclusively using ATC matches or outperforms end-to-end RL in most environments. Additionally, we benchmark several leading UL algorithms by pre-training encoders on expert demonstrations and using them, with weights frozen, in RL agents; we find that agents using ATC-trained encoders outperform all others. We also train multi-task encoders on data from multiple environments and show generalization to different downstream RL tasks. Finally, we ablate components of ATC, and introduce a new data augmentation to enable replay of (compressed) latent images from pre-trained encoders when RL requires augmentation. Our experiments span visually diverse RL benchmarks in DeepMind Control, DeepMind Lab, and Atari, and our complete code is available at https://github.com/astooke/rlpyt/tree/master/rlpyt/ul.",medium,A8,1,A8=medium,A8=The method separates representation pretraining from task optimization to study how state features affect downstream RL.,"A8=It supports evaluating representation usefulness independently from policy optimization, though collection is indirect.",A8=true,expansion_round_3,,,arxiv:2009.08319 | paperid:5136722468134060085,,,,,,,A8,false,false,false,false,A8/work/expansion-round3-novel.jsonl,A8/work/expansion-round3-triage.jsonl
411,arxiv:2010.07986,9,HIGH,A8,An Empowerment-based Solution to Robotic Manipulation Tasks with Sparse Rewards,arxiv:2010.07986,"In order to provide adaptive and user-friendly solutions to robotic manipulation, it is important that the agent can learn to accomplish tasks even if they are only provided with very sparse instruction signals. To address the issues reinforcement learning algorithms face when task rewards are sparse, this paper proposes an intrinsic motivation approach that can be easily integrated into any standard reinforcement learning algorithm and can allow robotic manipulators to learn useful manipulation skills with only sparse extrinsic rewards. Through integrating and balancing empowerment and curiosity, this approach shows superior performance compared to other state-of-the-art intrinsic exploration approaches during extensive empirical testing. Qualitative analysis also shows that when combined with diversity-driven intrinsic motivations, this approach can help manipulators learn a set of diverse skills which could potentially be applied to other more complicated manipulation tasks and accelerate their learning process.",high,A8,1,A8=high,"A8=Empowerment, curiosity, and diversity-driven intrinsic rewards encourage exploration and acquisition of varied manipulation skills under sparse rewards.",A8=It links novelty and controllability to exploration coverage and provides an adjacent mechanism for collecting diverse robot experience.,A8=true,primary_assignment,,,arxiv:2010.07986,arxiv:2010.07986,5736509947143852074,,A8 | q12-mechanism | q22-foundational,search-papers,foundational,A8,false,false,false,false,A8/raw/q12-mechanism.json | A8/raw/q22-foundational.json | A8/work/assigned-papers.json | A8/work/canonical-pool.jsonl,A8/work/abstract-triage.jsonl | A8/work/assigned-abstracts.jsonl
424,arxiv:2011.04627,9,HIGH,A6,Learning to Compose Hierarchical Object-Centric Controllers for Robotic Manipulation,arxiv:2011.04627,"Manipulation tasks can often be decomposed into multiple subtasks performed in parallel, e.g., sliding an object to a goal pose while maintaining contact with a table. Individual subtasks can be achieved by task-axis controllers defined relative to the objects being manipulated, and a set of object-centric controllers can be combined in an hierarchy. In prior works, such combinations are defined manually or learned from demonstrations. By contrast, we propose using reinforcement learning to dynamically compose hierarchical object-centric controllers for manipulation tasks. Experiments in both simulation and real world show how the proposed approach leads to improved sample efficiency, zero-shot generalization to novel test environments, and simulation-to-reality transfer without fine-tuning.",high,A6,1,A6=high,"A6=Estimates demonstration quality or latent expertise to filter, weight, or optimize learning from mixed-quality experience.",A6=Offers a reusable mechanism for converting sequential experience into better policy or data decisions.,A6=true,expansion_round_1,,,arxiv:2011.04627,arxiv:2011.04627,9148079343067145722,,,related-papers,,A6,false,false,false,false,A6/expansion/canonical-pool.jsonl,A6/expansion/triage.jsonl
437,arxiv:2101.07974,9,HIGH,A1,TCLR: Temporal Contrastive Learning for Video Representation,arxiv:2101.07974,"Contrastive learning has nearly closed the gap between supervised and self-supervised learning of image representations, and has also been explored for videos. However, prior work on contrastive learning for video data has not explored the effect of explicitly encouraging the features to be distinct across the temporal dimension. We develop a new temporal contrastive learning framework consisting of two novel losses to improve upon existing contrastive self-supervised video representation learning methods. The local-local temporal contrastive loss adds the task of discriminating between non-overlapping clips from the same video, whereas the global-local temporal contrastive aims to discriminate between timesteps of the feature map of an input clip in order to increase the temporal diversity of the learned features. Our proposed temporal contrastive learning framework achieves significant improvement over the state-of-the-art results in various downstream video understanding tasks such as action recognition, limited-label action classification, and nearest-neighbor video retrieval on multiple video datasets and backbones. We also demonstrate significant improvement in fine-grained action classification for visually similar classes. With the commonly used 3D ResNet-18 architecture with UCF101 pretraining, we achieve 82.4% (+5.1% increase over the previous best) top-1 accuracy on UCF101 and 52.9% (+5.4% increase) on HMDB51 action classification, and 56.2% (+11.7% increase) Top-1 Recall on UCF101 nearest neighbor video retrieval. Code released at github.com/DAVEISHAN/TCLR.",high,A1,1,A1=high,"A1=The paper develops or evaluates a temporal correspondence, synchronization, delay, or sequence-representation mechanism for TCLR: Temporal Contrastive Learning for Video Representation.","A1=Its mechanism is a plausible transfer to multimodal robot experience, action-observation alignment, or temporally aware policy training.",A1=true,expansion_round_2,,,arxiv:2101.07974,arxiv:2101.07974,3066940910566807334,,,related-papers-round2,,A1,false,false,false,false,A1/expansion-round2-registry.json | A1/paper-registry-complete.json,A1/expansion-round2-triage.jsonl
450,arxiv:2103.06011,9,MEDIUM,A1,DSEC: A Stereo Event Camera Dataset for Driving Scenarios,arxiv:2103.06011,"Once an academic venture, autonomous driving has received unparalleled corporate funding in the last decade. Still, the operating conditions of current autonomous cars are mostly restricted to ideal scenarios. This means that driving in challenging illumination conditions such as night, sunrise, and sunset remains an open problem. In these cases, standard cameras are being pushed to their limits in terms of low light and high dynamic range performance. To address these challenges, we propose, DSEC, a new dataset that contains such demanding illumination conditions and provides a rich set of sensory data. DSEC offers data from a wide-baseline stereo setup of two color frame cameras and two high-resolution monochrome event cameras. In addition, we collect lidar data and RTK GPS measurements, both hardware synchronized with all camera data. One of the distinctive features of this dataset is the inclusion of high-resolution event cameras. Event cameras have received increasing attention for their high temporal resolution and high dynamic range performance. However, due to their novelty, event camera datasets in driving scenarios are rare. This work presents the first high-resolution, large-scale stereo dataset with event cameras. The dataset contains 53 sequences collected by driving in a variety of illumination conditions and provides ground truth disparity for the development and evaluation of event-based stereo algorithms.",medium,A1,1,A1=medium,"A1=The paper develops or evaluates a temporal correspondence, synchronization, delay, or sequence-representation mechanism for DSEC: A Stereo Event Camera Dataset for Driving Scenarios.","A1=Its adjacent-domain method may provide a transferable alignment idea, but the robot transfer path requires verification.",A1=true,expansion_round_1,,,arxiv:2103.06011,arxiv:2103.06011,2730371564793671387,,,related-references,,A1,false,false,false,false,A1/expansion-registry.json | A1/paper-registry-complete.json,A1/expansion-triage.jsonl
463,arxiv:2105.05217,9,HIGH,A1,Representation Learning via Global Temporal Alignment and Cycle-Consistency,arxiv:2105.05217,"We introduce a weakly supervised method for representation learning based on aligning temporal sequences (e.g., videos) of the same process (e.g., human action). The main idea is to use the global temporal ordering of latent correspondences across sequence pairs as a supervisory signal. In particular, we propose a loss based on scoring the optimal sequence alignment to train an embedding network. Our loss is based on a novel probabilistic path finding view of dynamic time warping (DTW) that contains the following three key features: (i) the local path routing decisions are contrastive and differentiable, (ii) pairwise distances are cast as probabilities that are contrastive as well, and (iii) our formulation naturally admits a global cycle consistency loss that verifies correspondences. For evaluation, we consider the tasks of fine-grained action classification, few shot learning, and video synchronization. We report significant performance increases over previous methods. In addition, we report two applications of our temporal alignment framework, namely 3D pose reconstruction and fine-grained audio/visual retrieval.",high,A1,1,A1=high,A1=A differentiable probabilistic alignment loss uses global ordering and cycle consistency to learn embeddings and verify sequence correspondences.,A1=Cycle checks can expose false temporal matches in weakly labeled robot or human-video demonstrations.,A1=true,primary_assignment,,,arxiv:2105.05217,arxiv:2105.05217,2016032035901082354,,q03-dtw | q10-foundational-ctw,search-papers,foundational,A1,false,false,false,false,A1/assigned-papers.json | A1/evidence-read-manifest.json | A1/expansion-registry.json | A1/expansion-round3-registry.json | A1/inspection-manifest.json | A1/paper-registry-complete.json | A1/paper-registry.json | A1/raw/q03-dtw.json | A1/raw/q10-foundational-ctw.json,A1/assigned-abstracts.jsonl | A1/triage.jsonl
476,arxiv:2106.14405,9,MEDIUM,A4,Habitat 2.0: Training Home Assistants to Rearrange their Habitat,arxiv:2106.14405,"We introduce Habitat 2.0 (H2.0), a simulation platform for training virtual robots in interactive 3D environments and complex physics-enabled scenarios. We make comprehensive contributions to all levels of the embodied AI stack - data, simulation, and benchmark tasks. Specifically, we present: (i) ReplicaCAD: an artist-authored, annotated, reconfigurable 3D dataset of apartments (matching real spaces) with articulated objects (e.g. cabinets and drawers that can open/close); (ii) H2.0: a high-performance physics-enabled 3D simulator with speeds exceeding 25,000 simulation steps per second (850x real-time) on an 8-GPU node, representing 100x speed-ups over prior work; and, (iii) Home Assistant Benchmark (HAB): a suite of common tasks for assistive robots (tidy the house, prepare groceries, set the table) that test a range of mobile manipulation capabilities. These large-scale engineering contributions allow us to systematically compare deep reinforcement learning (RL) at scale and classical sense-plan-act (SPA) pipelines in long-horizon structured tasks, with an emphasis on generalization to new objects, receptacles, and layouts. We find that (1) flat RL policies struggle on HAB compared to hierarchical ones; (2) a hierarchy with independent skills suffers from 'hand-off problems', and (3) SPA pipelines are more brittle than RL policies.",medium,A4,1,A4=medium,"A4=Connects trajectory or demonstration choice to downstream policy learning, behavior, or offline-RL utility.",A4=It is directly or plausibly transferable to selecting robot experience for policy learning.,A4=false,expansion_round_1,,,arxiv:2106.14405 | paper:2701259356786814144,,,,,,,A4,false,false,false,false,A4/expansion/round4/registry.jsonl,A4/expansion/all-new-expansion-triage.jsonl
489,arxiv:2108.00625,9,HIGH,A3,Adaptive t-Momentum-based Optimization for Unknown Ratio of Outliers in Amateur Data in Imitation Learning,arxiv:2108.00625,"Behavioral cloning (BC) bears a high potential for safe and direct transfer of human skills to robots. However, demonstrations performed by human operators often contain noise or imperfect behaviors that can affect the efficiency of the imitator if left unchecked. In order to allow the imitators to effectively learn from imperfect demonstrations, we propose to employ the robust t-momentum optimization algorithm. This algorithm builds on the Student's t-distribution in order to deal with heavy-tailed data and reduce the effect of outlying observations. We extend the t-momentum algorithm to allo",high,A3,1,A3=high,A3=Student-t momentum reduces the effect of heavy-tailed outlying actions without requiring the outlier ratio in amateur demonstrations.,A3=It provides an optimization-side defense when noisy operator behavior is hard to label or model explicitly.,A3=true,primary_assignment,Wendyam Eric Lionel Ilboudo | Taisuke Kobayashi | Kenji Sugimoto,2021,arxiv:2108.00625,arxiv:2108.00625,paper:7202885681899517333,cs.LG,q01-direct | q04-mislabeled | q20-foundational-robust | q22-safe-bad-data,firecrawl research search-papers,general,A3,false,false,false,false,A3/assigned-papers.json | A3/evidence-index.json | A3/paper-registry.json | A3/raw/q01-direct.txt | A3/raw/q04-mislabeled.txt | A3/raw/q20-foundational-robust.txt | A3/raw/q22-safe-bad-data.txt | A5/canonical-pool.jsonl | A5/paper-registry.json | A6/raw-retrieval/q02-direct-imperfect-demo.json | A6/work/canonical-pool.jsonl | A7/raw/q15-long-tail-failure.json | A7/work/paper-registry.json | A7/work/paper-registry.jsonl | A7/work/verified-paper-registry.json | A7/work/verified-paper-registry.jsonl,A3/abstract-triage.jsonl
502,arxiv:2109.08273,9,HIGH,A3 | A6,ThriftyDAgger: Budget-Aware Novelty and Risk Gating for Interactive Imitation Learning,arxiv:2109.08273,"Effective robot learning often requires online human feedback and interventions that can cost significant human time, giving rise to the central challenge in interactive imitation learning: is it possible to control the timing and length of interventions to both facilitate learning and limit burden on the human supervisor? This paper presents ThriftyDAgger, an algorithm for actively querying a human supervisor given a desired budget of human interventions. ThriftyDAgger uses a learned switching policy to solicit interventions only at states that are sufficiently (1) novel, where the robot policy has no reference behavior to imitate, or (2) risky, where the robot has low confidence in task completion. To detect the latter, we introduce a novel metric for estimating risk under the current robot policy. Experiments in simulation and on a physical cable routing experiment suggest that ThriftyDAgger's intervention criteria balances task performance and supervisor burden more effectively than prior algorithms. ThriftyDAgger can also be applied at execution time, where it achieves a 100% success rate on both the simulation and physical tasks. A user study (N=10) in which users control a three-robot fleet while also performing a concentration task suggests that ThriftyDAgger increases human and robot performance by 58% and 80% respectively compared to the next best algorithm while reducing supervisor burden.",high,A3 | A6,2,A3=high | A6=high,"A3=ThriftyDAgger combines novelty and risk gating to request expert labels only for valuable interactive states. | A6=Learns or supplies recovery, correction, retry, repair, or replanning behavior from failed or perturbed executions.",A3=It directly operationalizes selective correction collection under human-time constraints. | A6=Makes failure states informative for robust execution and for deciding what corrective data to collect next.,A3=true | A6=true,expansion_round_1 | expansion_round_3,Ryan Hoque | Ashwin Balakrishna | Ellen Novoseller | Albert Wilcox | Daniel S. Brown | Ken Goldberg,2021,arxiv:2109.08273,arxiv:2109.08273,5013964582468463473,cs.AI | cs.RO,q24-found-dagger,firecrawl research related-papers | related-papers,,A3,false,false,false,false,A3/paper-registry.json | A3/round3-evidence-index.json | A3/round3-registry.json | A6/expansion/canonical-pool.jsonl | A6/raw-retrieval/q24-found-dagger.json | A6/work/canonical-pool.jsonl | A8/raw/q04-direct.json | A8/work/canonical-pool.jsonl | A8/work/expansion-pool.jsonl,A3/round3-triage.jsonl | A6/expansion/triage.jsonl
515,arxiv:2110.04633,9,HIGH,A3 | A6,Credit Assignment Safety Learning from Human Demonstrations,arxiv:2110.04633,"A critical need in assistive robotics, such as assistive wheelchairs for navigation, is a need to learn task intent and safety guarantees through user interactions in order to ensure safe task performance. For tasks where the objectives from the user are not easily defined, learning from user demonstrations has been a key step in enabling learning. However, most robot learning from demonstration (LfD) methods primarily rely on optimal demonstration in order to successfully learn a control policy, which can be challenging to acquire from novice users. Recent work does use suboptimal and failed demonstrations to learn about task intent; few focus on learning safety guarantees to prevent repeat failures experienced, essential for assistive robots. Furthermore, interactive human-robot learning aims to minimize effort from the human user to facilitate deployment in the real-world. As such, requiring users to label the unsafe states or keyframes from the demonstrations should not be a necessary requirement for learning. Here, we propose an algorithm to learn a safety value function from a set of suboptimal and failed demonstrations that is used to generate a real-time safety control filter. Importantly, we develop a credit assignment method that extracts the failure states from the failed demonstrations without requiring human labelling or prespecified knowledge of unsafe regions. Furthermore, we extend our formulation to allow for user-specific safety functions, by incorporating user-defined safety rankings from which we can generate safety level sets according to the users' preferences. By using both suboptimal and failed demonstrations and the developed credit assignment formulation, we enable learning a safety value function with minimal effort needed from the user, making it more feasible for widespread use in human-robot interactive learning tasks.",high,A3 | A6,2,A3=high | A6=high,"A3=Credit assignment learns task intent and safety-relevant contributions from human demonstrations that include failures and suboptimal behavior. | A6=Uses failure, recovery, retry, correction, or intervention data to return execution to a viable state or learn corrective behavior.",A3=It links imperfect human feedback to safety constraints rather than treating every observed action as a target to imitate. | A6=Shows how imperfect experience can teach robust retry and recovery behavior instead of being discarded.,A3=true | A6=true,primary_assignment,"Ahalya Prabhakar, Aude Billard",2021,arxiv:2110.04633,arxiv:2110.04633,4467357394806590491,cs.RO,q05-syn-suboptimal-demo | q07-harmful-data | q25-found-failures | q35-found-learn-failures,firecrawl research search-papers | search-papers,,A3 | A6,true,true,false,false,A3/assigned-papers.json | A3/evidence-index.json | A3/paper-registry.json | A3/raw/q07-harmful-data.txt | A6/raw-retrieval/q05-syn-suboptimal-demo.json | A6/raw-retrieval/q25-found-failures.json | A6/raw-retrieval/q35-found-learn-failures.json | A6/registry-assignment.jsonl | A6/work/assigned-registry-inspected.jsonl | A6/work/assigned-registry-preinspect.jsonl | A6/work/canonical-pool.jsonl | A6/work/evidence-index.jsonl,A3/abstract-triage.jsonl | A6/triage.jsonl
528,arxiv:2110.15142,9,HIGH,A6,Learning Feasibility to Imitate Demonstrators with Different Dynamics,arxiv:2110.15142,"The goal of learning from demonstrations is to learn a policy for an agent (imitator) by mimicking the behavior in the demonstrations. Prior works on learning from demonstrations assume that the demonstrations are collected by a demonstrator that has the same dynamics as the imitator. However, in many real-world applications, this assumption is limiting -- to improve the problem of lack of data in robotics, we would like to be able to leverage demonstrations collected from agents with different dynamics. This can be challenging as the demonstrations might not even be feasible for the imitator. Our insight is that we can learn a feasibility metric that captures the likelihood of a demonstration being feasible by the imitator. We develop a feasibility MDP (f-MDP) and derive the feasibility score by learning an optimal policy in the f-MDP. Our proposed feasibility measure encourages the imitator to learn from more informative demonstrations, and disregard the far from feasible demonstrations. Our experiments on four simulated environments and on a real robot show that the policy learned with our approach achieves a higher expected return than prior works. We show the videos of the real robot arm experiments on our website (https://sites.google.com/view/learning-feasibility).",high,A6,1,A6=high,"A6=Estimates demonstration quality or latent expertise to filter, weight, or optimize learning from mixed-quality experience.",A6=Offers a reusable mechanism for converting sequential experience into better policy or data decisions.,A6=true,expansion_round_1,,,arxiv:2110.15142,arxiv:2110.15142,3119597840811836316,,q01-direct,related-papers,,A6,false,false,false,false,A4/canonical-registry.jsonl | A4/raw/q01-direct.json | A6/expansion/canonical-pool.jsonl | A8/raw/q09-mechanism.json | A8/work/canonical-pool.jsonl,A6/expansion/triage.jsonl
541,arxiv:2201.03834,9,HIGH,A5,STIR²: Reward Relabelling for combined Reinforcement and Imitation Learning on sparse-reward tasks,arxiv:2201.03834,"In the search for more sample-efficient reinforcement-learning (RL) algorithms, a promising direction is to leverage as much external off-policy data as possible. For instance, expert demonstrations. In the past, multiple ideas have been proposed to make good use of the demonstrations added to the replay buffer, such as pretraining on demonstrations only or minimizing additional cost functions. We present a new method, able to leverage both demonstrations and episodes collected online in any sparse-reward environment with any off-policy algorithm. Our method is based on a reward bonus given to demonstrations and successful episodes (via relabeling), encouraging expert imitation and self-imitation. Our experiments focus on several robotic-manipulation tasks across two different simulation environments. We show that our method based on reward relabeling improves the performance of the base algorithm (SAC and DDPG) on these tasks. Finally, our best algorithm STIR² (Self and Teacher Imitation by Reward Relabeling), which integrates into our method multiple improvements from previous works, is more data-efficient than all baselines.",high,A5,1,A5=high,"A5=In the past, multiple ideas have been proposed to make good use of the demonstrations added to the replay buffer, such as pretraining on demonstrations only or minimizing additional cost functions.","A5=It informs which stored transitions or demonstrations should be replayed more often when sparse reward, rarity, or learning progress matters.",A5=true,primary_assignment,"Jesus Bujalance Martin, Fabien Moutarde",2022,arxiv:2201.03834 | paper:8311099796552268628,arxiv:2201.03834,paper:8311099796552268628,cs.LG | cs.RO,50 | 58,search-papers,foundational | general,A5,false,false,false,false,A2/canonical-pool.json | A2/canonical-pool.jsonl | A2/raw/q28-offline-rl.json | A5/assigned-papers.json | A5/canonical-pool.jsonl | A5/evidence-ledger.jsonl | A5/inspection-manifest.json | A5/paper-registry.json | A5/read-manifest.json,A5/assigned-abstracts.jsonl
554,arxiv:2202.04634,9,MEDIUM,A3,Offline Reinforcement Learning with Realizability and Single-policy Concentrability,arxiv:2202.04634,"Sample-efficiency guarantees for offline reinforcement learning (RL) often rely on strong assumptions on both the function classes (e.g., Bellman-completeness) and the data coverage (e.g., all-policy concentrability). Despite the recent efforts on relaxing these assumptions, existing works are only able to relax one of the two factors, leaving the strong assumption on the other factor intact. As an important open problem, can we achieve sample-efficient offline RL with weak assumptions on both factors? In this paper we answer the question in the positive. We analyze a simple algorithm based on",medium,A3,1,A3=medium,"A3=The paper develops or evaluates Offline Reinforcement Learning with Realizability and Single-policy Concentrability, providing an adjacent mechanism for robust learning, attribution, evaluation, or data selection.","A3=It may transfer to robot experience curation or training intelligence, but its direct relevance requires verification.",A3=false,expansion_round_1,,2022,arxiv:2202.04634,,,,,firecrawl research related-papers,,A3,false,false,false,false,A3/expansion-registry.json | A3/paper-registry.json,A3/expansion-triage.jsonl
567,arxiv:2204.01691,9,MEDIUM,A4,"Do As I Can, Not As I Say: Grounding Language in Robotic Affordances",arxiv:2204.01691,"Large language models can encode a wealth of semantic knowledge about the world. Such knowledge could be extremely useful to robots aiming to act upon high-level, temporally extended instructions expressed in natural language. However, a significant weakness of language models is that they lack real-world experience, which makes it difficult to leverage them for decision making within a given embodiment. For example, asking a language model to describe how to clean a spill might result in a reasonable narrative, but it may not be applicable to a particular agent, such as a robot, that needs to perform this task in a particular environment. We propose to provide real-world grounding by means of pretrained skills, which are used to constrain the model to propose natural language actions that are both feasible and contextually appropriate. The robot can act as the language model's ""hands and eyes,"" while the language model supplies high-level semantic knowledge about the task. We show how low-level skills can be combined with large language models so that the language model provides high-level knowledge about the procedures for performing complex and temporally-extended instructions, while value functions associated with these skills provide the grounding necessary to connect this knowledge to a particular physical environment. We evaluate our method on a number of real-world robotic tasks, where we show the need for real-world grounding and that this approach is capable of completing long-horizon, abstract, natural language instructions on a mobile manipulator. The project's website and the video can be found at https://say-can.github.io/.",medium,A4,1,A4=medium,"A4=Connects trajectory or demonstration choice to downstream policy learning, behavior, or offline-RL utility.",A4=It is directly or plausibly transferable to selecting robot experience for policy learning.,A4=false,expansion_round_1,,,arxiv:2204.01691 | paper:3420165033213569614,,,,,,,A4,false,false,false,false,A4/expansion/round4/registry.jsonl,A4/expansion/all-new-expansion-triage.jsonl
580,arxiv:2205.09550,9,HIGH,A3,Data Valuation for Offline Reinforcement Learning,arxiv:2205.09550,"The success of deep reinforcement learning (DRL) hinges on the availability of training data, which is typically obtained via a large number of environment interactions. In many real-world scenarios, costs and risks are associated with gathering these data. The field of offline reinforcement learning addresses these issues through outsourcing the collection of data to a domain expert or a carefully monitored program and subsequently searching for a batch-constrained optimal policy. With the emergence of data markets, an alternative to constructing a dataset in-house is to purchase external dat",high,A3,1,A3=high,A3=Data valuation assigns value to offline reinforcement-learning transitions according to their effect on learned policies.,A3=It provides a principled bridge between dataset records and policy improvement.,A3=true,expansion_round_2,Amir Abolfazli | Gregory Palmer | Daniel Kudenko,2022,arxiv:2205.09550,arxiv:2205.09550,5807790514024252067,cs.LG,,firecrawl research related-papers,foundational,A3,false,false,false,false,A3/paper-registry.json | A3/round2-evidence-index.json | A3/round2-registry.json | A7/raw/q23-offline-support.json | A7/work/paper-registry.json | A7/work/paper-registry.jsonl | A7/work/verified-paper-registry.json | A7/work/verified-paper-registry.jsonl,A3/round2-triage.jsonl
593,arxiv:2206.15469,9,HIGH,A4,Watch and Match: Supercharging Imitation with Regularized Optimal Transport,arxiv:2206.15469,"Imitation learning holds tremendous promise in learning policies efficiently for complex decision making problems. Current state-of-the-art algorithms often use inverse reinforcement learning (IRL), where given a set of expert demonstrations, an agent alternatively infers a reward function and the associated optimal policy. However, such IRL approaches often require substantial online interactions for complex control problems. In this work, we present Regularized Optimal Transport (ROT), a new imitation learning algorithm that builds on recent advances in optimal transport based trajectory-matching. Our key technical insight is that adaptively combining trajectory-matching rewards with behavior cloning can significantly accelerate imitation even with only a few demonstrations. Our experiments on 20 visual control tasks across the DeepMind Control Suite, the OpenAI Robotics Suite, and the Meta-World Benchmark demonstrate an average of 7.8X faster imitation to reach 90% of expert performance compared to prior state-of-the-art methods. On real-world robotic manipulation, with just one demonstration and an hour of online training, ROT achieves an average success rate of 90.1% across 14 tasks.",high,A4,1,A4=high,"A4=Ranks or weights trajectories/transitions according to return, coverage, value, or policy-improvement utility in offline learning.",A4=It offers a direct or transferable way to connect robot experience choices to learned policy behavior.,A4=true,primary_assignment,,,arxiv:2206.15469 | paper:8289749313926202526,arxiv:2206.15469,8289749313926202526,,q31-trajectory-rank,semantic-search,,A4,false,false,false,false,A4/assigned-papers.json | A4/assigned-registry-inspected.jsonl | A4/assigned-registry-preinspect.jsonl | A4/canonical-registry.jsonl | A4/raw/q31-trajectory-rank.json,A4/abstract-triage.jsonl
606,arxiv:2209.08959,9,HIGH,A2,Latent Plans for Task-Agnostic Offline Reinforcement Learning,arxiv:2209.08959,"Everyday tasks of long-horizon and comprising a sequence of multiple implicit subtasks still impose a major challenge in offline robot control. While a number of prior methods aimed to address this setting with variants of imitation and offline reinforcement learning, the learned behavior is typically narrow and often struggles to reach configurable long-horizon goals. As both paradigms have complementary strengths and weaknesses, we propose a novel hierarchical approach that combines the strengths of both methods to learn task-agnostic long-horizon policies from high-dimensional camera observations. Concretely, we combine a low-level policy that learns latent skills via imitation learning and a high-level policy learned from offline reinforcement learning for skill-chaining the latent behavior priors. Experiments in various simulated and real robot control tasks show that our formulation enables producing previously unseen combinations of skills to reach temporally extended goals by ""stitching"" together latent skills through goal chaining with an order-of-magnitude improvement in performance upon state-of-the-art baselines. We even learn one multi-task visuomotor policy for 25 distinct manipulation tasks in the real world which outperforms both imitation learning and offline reinforcement learning techniques.",high,A2,1,A2=high,A2=Detects or learns semantically meaningful trajectory segments and uses them as variable-horizon action chunks or keypose-to-keypose control targets.,"A2=Boundary and horizon choices determine the training unit, feedback latency, credit assignment, and compounding-error exposure in long-horizon robot learning.",A2=true,primary_assignment,"Erick Rosete-Beas, Oier Mees, Gabriel Kalweit, Joschka Boedecker, Wolfram Burgard",2022,arxiv:2209.08959,arxiv:2209.08959,6425993496031475105,cs.AI | cs.CV | cs.LG | cs.RO,episode parsing behavior segmentation offline reinforcement learning | latent plan discovery trajectory chunks transformer robot learning,search-papers,false,A2,false,false,false,false,A2/assigned-papers.json | A2/assigned-registry-inspected.json | A2/assigned-registry-inspected.jsonl | A2/canonical-pool.json | A2/canonical-pool.jsonl | A2/expansion-pool.json | A2/expansion-pool.jsonl | A2/raw/q07-synonyms.json | A2/raw/q15-latent-plan.json,A2/assigned-abstracts.jsonl | A2/triage.jsonl
619,arxiv:2210.03370,9,HIGH,A7,GNM: A General Navigation Model to Drive Any Robot,arxiv:2210.03370,"Learning provides a powerful tool for vision-based navigation, but the capabilities of learning-based policies are constrained by limited training data. If we could combine data from all available sources, including multiple kinds of robots, we could train more powerful navigation models. In this paper, we study how a general goal-conditioned model for vision-based navigation can be trained on data obtained from many distinct but structurally similar robots, and enable broad generalization across environments and embodiments. We analyze the necessary design decisions for effective data sharing across robots, including the use of temporal context and standardized action spaces, and demonstrate that an omnipolicy trained from heterogeneous datasets outperforms policies trained on any single dataset. We curate 60 hours of navigation trajectories from 6 distinct robots, and deploy the trained GNM on a range of new robots, including an underactuated quadrotor. We find that training on diverse data leads to robustness against degradation in sensing and actuation. Using a pre-trained navigation model with broad generalization capabilities can bootstrap applications on novel robots going forward, and we hope that the GNM represents a step in that direction. For more information on the datasets, code, and videos, please check out our project page https://sites.google.com/view/drive-any-robot.",high,A7,1,A7=high,"A7=Learning provides a powerful tool for vision-based navigation, but the capabilities of learning-based policies are constrained by limited training data.",A7=It helps diagnose or reduce behavior-distribution mismatch and spurious dependence under deployment shift.,A7=true,expansion_round_1,,,arxiv:2210.03370,,,,,references,,A7,false,false,false,false,A7/work/expansion-registry.json | A7/work/expansion-registry.jsonl,A7/work/expansion-triage.jsonl
632,arxiv:2210.15050,9,MEDIUM,A1,TILDE-Q: A Transformation Invariant Loss Function for Time-Series Forecasting,arxiv:2210.15050,"Time-series forecasting has gained increasing attention in the field of artificial intelligence due to its potential to address real-world problems across various domains, including energy, weather, traffic, and economy. While time-series forecasting is a well-researched field, predicting complex temporal patterns such as sudden changes in sequential data still poses a challenge with current models. This difficulty stems from minimizing Lp norm distances as loss functions, such as mean absolute error (MAE) or mean square error (MSE), which are susceptible to both intricate temporal dynamics modeling and signal shape capturing. Furthermore, these functions often cause models to behave aberrantly and generate uncorrelated results with the original time-series. Consequently, developing a shape-aware loss function that goes beyond mere point-wise comparison is essential. In this paper, we examine the definition of shape and distortions, which are crucial for shape-awareness in time-series forecasting, and provide a design rationale for the shape-aware loss function. Based on our design rationale, we propose a novel, compact loss function called TILDEQ (Transformation Invariant Loss function with Distance EQuilibrium) that considers not only amplitude and phase distortions but also allows models to capture the shape of time-series sequences. Furthermore, TILDE-Q supports the simultaneous modeling of periodic and nonperiodic temporal dynamics. We evaluate the efficacy of TILDE-Q by conducting extensive experiments under both periodic and nonperiodic conditions with various models ranging from naive to state-of-the-art. The experimental results show that the models trained with TILDE-Q surpass those trained with other metrics, such as MSE and DILATE, in various real-world applications, including electricity, traffic, illness, economics, weather, and electricity transformer temperature (ETT).",medium,A1,1,A1=medium,"A1=The paper develops or evaluates a temporal correspondence, synchronization, delay, or sequence-representation mechanism for TILDE-Q: A Transformation Invariant Loss Function for Time-Series Forecasting.","A1=Its adjacent-domain method may provide a transferable alignment idea, but the robot transfer path requires verification.",A1=true,expansion_round_3,,,arxiv:2210.15050,arxiv:2210.15050,8075945866475497529,,,related-papers-round3,,A1,false,false,false,false,A1/expansion-round3-registry.json | A1/paper-registry-complete.json,A1/expansion-round3-triage.jsonl
645,arxiv:2211.13726,9,HIGH,A1,Lightweight Event-based Optical Flow Estimation via Iterative Deblurring,arxiv:2211.13726,"Inspired by frame-based methods, state-of-the-art event-based optical flow networks rely on the explicit construction of correlation volumes, which are expensive to compute and store, rendering them unsuitable for robotic applications with limited compute and energy budget. Moreover, correlation volumes scale poorly with resolution, prohibiting them from estimating high-resolution flow. We observe that the spatiotemporally continuous traces of events provide a natural search direction for seeking pixel correspondences, obviating the need to rely on gradients of explicit correlation volumes as such search directions. We introduce IDNet (Iterative Deblurring Network), a lightweight yet high-performing event-based optical flow network directly estimating flow from event traces without using correlation volumes. We further propose two iterative update schemes: ""ID"" which iterates over the same batch of events, and ""TID"" which iterates over time with streaming events in an online fashion. Our top-performing ID model sets a new state of the art on DSEC benchmark. Meanwhile, the base ID model is competitive with prior arts while using 80% fewer parameters, consuming 20x less memory footprint and running 40% faster on the NVidia Jetson Xavier NX. Furthermore, the TID model is even more efficient offering an additional 5x faster inference speed and 8 ms ultra-low latency at the cost of only a 9% performance drop, making it the only model among current literature capable of real-time operation while maintaining decent performance.",high,A1,1,A1=high,"A1=The paper develops or evaluates a temporal correspondence, synchronization, delay, or sequence-representation mechanism for Lightweight Event-based Optical Flow Estimation via Iterative Deblurring.","A1=Its mechanism is a plausible transfer to multimodal robot experience, action-observation alignment, or temporally aware policy training.",A1=true,expansion_round_1,,,arxiv:2211.13726,arxiv:2211.13726,8311402514032271300,,,related-similar,,A1,false,false,false,false,A1/expansion-registry.json | A1/paper-registry-complete.json,A1/expansion-triage.jsonl
658,arxiv:2301.03330,9,HIGH,A1,HyRSM++: Hybrid Relation Guided Temporal Set Matching for Few-shot Action Recognition,arxiv:2301.03330,"Recent attempts mainly focus on learning deep representations for each video individually under the episodic meta-learning regime and then performing temporal alignment to match query and support videos. However, they still suffer from two drawbacks: (i) learning individual features without considering the entire task may result in limited representation capability, and (ii) existing alignment strategies are sensitive to noises and misaligned instances. To handle the two limitations, we propose a novel Hybrid Relation guided temporal Set Matching (HyRSM++) approach for few-shot action recognition. The core idea of HyRSM++ is to integrate all videos within the task to learn discriminative representations and involve a robust matching technique. To be specific, HyRSM++ consists of two key components, a hybrid relation module and a temporal set matching metric. Given the basic representations from the feature extractor, the hybrid relation module is introduced to fully exploit associated relations within and cross videos in an episodic task and thus can learn task-specific embeddings. Subsequently, in the temporal set matching metric, we carry out the distance measure between query and support videos from a set matching perspective and design a Bi-MHM to improve the resilience to misaligned instances. In addition, we explicitly exploit the temporal coherence in videos to regularize the matching process. Furthermore, we extend the proposed HyRSM++ to deal with the more challenging semi-supervised few-shot action recognition and unsupervised few-shot action recognition tasks. Experimental results on multiple benchmarks demonstrate that our method achieves state-of-the-art performance under various few-shot settings. The source code is available at https://github.com/alibaba-mmai-research/HyRSMPlusPlus.",high,A1,1,A1=high,"A1=The paper develops or evaluates a temporal correspondence, synchronization, delay, or sequence-representation mechanism for HyRSM++: Hybrid Relation Guided Temporal Set Matching for Few-shot Action Recognition.","A1=Its mechanism is a plausible transfer to multimodal robot experience, action-observation alignment, or temporally aware policy training.",A1=true,expansion_round_3,,,arxiv:2301.03330,arxiv:2301.03330,4220452015204281758,,,related-papers-round3,,A1,false,false,false,false,A1/expansion-round3-registry.json | A1/paper-registry-complete.json,A1/expansion-round3-triage.jsonl
671,arxiv:2301.13442,9,HIGH,A7,Scaling laws for single-agent reinforcement learning,arxiv:2301.13442,"Recent work has shown that, in generative modeling, cross-entropy loss improves smoothly with model size and training compute, following a power law plus constant scaling law. One challenge in extending these results to reinforcement learning is that the main performance objective of interest, mean episode return, need not vary smoothly. To overcome this, we introduce *intrinsic performance*, a monotonic function of the return defined as the minimum compute required to achieve the given return across a family of models of different sizes. We find that, across a range of environments, intrinsic performance scales as a power law in model size and environment interactions. Consequently, as in generative modeling, the optimal model size scales as a power law in the training compute budget. Furthermore, we study how this relationship varies with the environment and with other properties of the training setup. In particular, using a toy MNIST-based environment, we show that varying the ""horizon length"" of the task mostly changes the coefficient but not the exponent of this relationship.",high,A7,1,A7=high,"A7=Recent work has shown that, in generative modeling, cross-entropy loss improves smoothly with model size and training compute, following a power law plus constant scaling law.","A7=It informs how data quantity, composition, or offline experience should affect policy training.",A7=true,expansion_round_1,,,arxiv:2301.13442,,,,,references,,A7,false,false,false,false,A7/work/expansion-registry.json | A7/work/expansion-registry.jsonl,A7/work/expansion-triage.jsonl
684,arxiv:2302.08890,9,HIGH,A1,Deep Learning for Event-based Vision: A Comprehensive Survey and Benchmarks,arxiv:2302.08890,"Event cameras are bio-inspired sensors that capture the per-pixel intensity changes asynchronously and produce event streams encoding the time, pixel position, and polarity (sign) of the intensity changes. Event cameras possess a myriad of advantages over canonical frame-based cameras, such as high temporal resolution, high dynamic range, low latency, etc. Being capable of capturing information in challenging visual conditions, event cameras have the potential to overcome the limitations of frame-based cameras in the computer vision and robotics community. In very recent years, deep learning (DL) has been brought to this emerging field and inspired active research endeavors in mining its potential. However, there is still a lack of taxonomies in DL techniques for event-based vision. We first scrutinize the typical event representations with quality enhancement methods as they play a pivotal role as inputs to the DL models. We then provide a comprehensive survey of existing DL-based methods by structurally grouping them into two major categories: 1) image/video reconstruction and restoration; 2) event-based scene understanding and 3D vision. We conduct benchmark experiments for the existing methods in some representative research directions, i.e., image reconstruction, deblurring, and object recognition, to identify some critical insights and problems. Finally, we have discussions regarding the challenges and provide new perspectives for inspiring more research studies.",high,A1,1,A1=high,"A1=The paper develops or evaluates a temporal correspondence, synchronization, delay, or sequence-representation mechanism for Deep Learning for Event-based Vision: A Comprehensive Survey and Benchmarks.","A1=Its mechanism is a plausible transfer to multimodal robot experience, action-observation alignment, or temporally aware policy training.",A1=true,expansion_round_2,,,arxiv:2302.08890,arxiv:2302.08890,1110293417295773191,,,related-papers-round2,,A1,false,false,false,false,A1/expansion-round2-registry.json | A1/paper-registry-complete.json,A1/expansion-round2-triage.jsonl
697,arxiv:2303.08789,9,HIGH,A1,PLEX: Making the Most of the Available Data for Robotic Manipulation Pretraining,arxiv:2303.08789,"A rich representation is key to general robotic manipulation, but existing approaches to representation learning require large amounts of multimodal demonstrations. In this work we propose PLEX, a transformer-based architecture that learns from a small amount of task-agnostic visuomotor trajectories and a much larger amount of task-conditioned object manipulation videos -- a type of data available in quantity. PLEX uses visuomotor trajectories to induce a latent feature space and to learn task-agnostic manipulation routines, while diverse video-only demonstrations teach PLEX how to plan in the induced latent feature space for a wide variety of tasks. Experiments showcase PLEX's generalization on Meta-World and SOTA performance in challenging Robosuite environments. In particular, using relative positional encoding in PLEX's transformers greatly helps in low-data regimes of learning from human-collected demonstrations. The paper's accompanying code and data are available at https://microsoft.github.io/PLEX.",high,A1,1,A1=high,"A1=The paper develops or evaluates a temporal correspondence, synchronization, delay, or sequence-representation mechanism for PLEX: Making the Most of the Available Data for Robotic Manipulation Pretraining.","A1=Its mechanism is a plausible transfer to multimodal robot experience, action-observation alignment, or temporally aware policy training.",A1=true,expansion_round_1,,,arxiv:2303.08789,arxiv:2303.08789,1192808445387884683,,,related-similar,,A1,false,false,false,false,A1/expansion-registry.json | A1/expansion-round2-registry.json | A1/paper-registry-complete.json,A1/expansion-triage.jsonl
710,arxiv:2304.05171,9,HIGH,A5,Curriculum-Based Imitation of Versatile Skills,arxiv:2304.05171,"Learning skills by imitation is a promising concept for the intuitive teaching of robots. A common way to learn such skills is to learn a parametric model by maximizing the likelihood given the demonstrations. Yet, human demonstrations are often multi-modal, i.e., the same task is solved in multiple ways which is a major challenge for most imitation learning methods that are based on such a maximum likelihood (ML) objective. The ML objective forces the model to cover all data, it prevents specialization in the context space and can cause mode-averaging in the behavior space, leading to suboptimal or potentially catastrophic behavior. Here, we alleviate those issues by introducing a curriculum using a weight for each data point, allowing the model to specialize on data it can represent while incentivizing it to cover as much data as possible by an entropy bonus. We extend our algorithm to a Mixture of (linear) Experts (MoE) such that the single components can specialize on local context regions, while the MoE covers all data points. We evaluate our approach in complex simulated and real robot control tasks and show it learns from versatile human demonstrations and significantly outperforms current SOTA methods. A reference implementation can be found at https://github.com/intuitive-robots/ml-cur",high,A5,1,A5=high,"A5=Here, we alleviate those issues by introducing a curriculum using a weight for each data point, allowing the model to specialize on data it can represent while incentivizing it to cover as much data as possible by an entropy bonus.","A5=It informs how a robot learner can order tasks, stages, or examples to improve learning efficiency and stability.",A5=true,primary_assignment,"Maximilian Xiling Li, Onur Celik, Philipp Becker, Denis Blessing, Rudolf Lioutikov, Gerhard Neumann",2023,arxiv:2304.05171 | paper:2938985251634738342,arxiv:2304.05171,paper:2938985251634738342,cs.LG,1 | 10 | 19 | 2 | 22 | 25 | 62,search-papers,general | recent,A5,false,false,false,false,A5/assigned-papers.json | A5/canonical-pool.jsonl | A5/evidence-ledger.jsonl | A5/inspection-manifest.json | A5/paper-registry.json | A5/raw/q01-direct.json | A5/raw/q02-direct-curriculum.json | A5/read-manifest.json | A7/raw/q10-mixture-balance.json | A7/raw/q14-space-coverage.json | A7/raw/q15-long-tail-failure.json | A7/work/paper-registry.json | A7/work/paper-registry.jsonl | A7/work/verified-paper-registry.json | A7/work/verified-paper-registry.jsonl,A5/assigned-abstracts.jsonl
723,arxiv:2305.02605,9,MEDIUM,A8,Toward Evaluating Robustness of Reinforcement Learning with Adversarial Policy,arxiv:2305.02605,"Reinforcement learning agents are susceptible to evasion attacks during deployment. In single-agent environments, these attacks can occur through imperceptible perturbations injected into the inputs of the victim policy network. In multi-agent environments, an attacker can manipulate an adversarial opponent to influence the victim policy's observations indirectly. While adversarial policies offer a promising technique to craft such attacks, current methods are either sample-inefficient due to poor exploration strategies or require extra surrogate model training under the black-box assumption. To address these challenges, in this paper, we propose Intrinsically Motivated Adversarial Policy (IMAP) for efficient black-box adversarial policy learning in both single- and multi-agent environments. We formulate four types of adversarial intrinsic regularizers -- maximizing the adversarial state coverage, policy coverage, risk, or divergence -- to discover potential vulnerabilities of the victim policy in a principled way. We also present a novel bias-reduction method to balance the extrinsic objective and the adversarial intrinsic regularizers adaptively. Our experiments validate the effectiveness of the four types of adversarial intrinsic regularizers and the bias-reduction method in enhancing black-box adversarial policy learning across a variety of environments. Our IMAP successfully evades two types of defense methods, adversarial training and robust regularizer, decreasing the performance of the state-of-the-art robust WocaR-PPO agents by 34%-54% across four single-agent tasks. IMAP also achieves a state-of-the-art attacking success rate of 83.91% in the multi-agent game YouShallNotPass. Our code is available at https://github.com/x-zheng16/IMAP.",medium,A8,1,A8=medium,A8=Adversarial policies expose vulnerabilities by generating challenging state distributions for a learned policy.,"A8=Adversarial coverage can identify informative failure regions for targeted fleet collection, though the study is not a data selector.",A8=true,expansion_round_3,,,arxiv:2305.02605 | paperid:8422389545072040048,,,,,,,A8,false,false,false,false,A8/work/expansion-round3-novel.jsonl,A8/work/expansion-round3-triage.jsonl
736,arxiv:2306.03310,9,MEDIUM,A4 | A5 | A7 | A8,LIBERO: Benchmarking Knowledge Transfer for Lifelong Robot Learning,arxiv:2306.03310,"Lifelong learning offers a promising paradigm of building a generalist agent that learns and adapts over its lifespan. Unlike traditional lifelong learning problems in image and text domains, which primarily involve the transfer of declarative knowledge of entities and concepts, lifelong learning in decision-making (LLDM) also necessitates the transfer of procedural knowledge, such as actions and behaviors. To advance research in LLDM, we introduce LIBERO, a novel benchmark of lifelong learning for robot manipulation. Specifically, LIBERO highlights five key research topics in LLDM: 1) how to efficiently transfer declarative knowledge, procedural knowledge, or the mixture of both; 2) how to design effective policy architectures and 3) effective algorithms for LLDM; 4) the robustness of a lifelong learner with respect to task ordering; and 5) the effect of model pretraining for LLDM. We develop an extendible procedural generation pipeline that can in principle generate infinitely many tasks. For benchmarking purpose, we create four task suites (130 tasks in total) that we use to investigate the above-mentioned research topics. To support sample-efficient learning, we provide high-quality human-teleoperated demonstration data for all tasks. Our extensive experiments present several insightful or even unexpected discoveries: sequential finetuning outperforms existing lifelong learning methods in forward transfer, no single visual encoder architecture excels at all types of knowledge transfer, and naive supervised pretraining can hinder agents' performance in the subsequent LLDM. Check the website at https://libero-project.github.io for the code and the datasets.",medium,A4 | A5 | A7 | A8,4,A4=medium | A5=medium | A7=medium | A8=medium,"A4=Connects trajectory or demonstration choice to downstream policy learning, behavior, or offline-RL utility. | A5=Specifically, LIBERO highlights five key research topics in LLDM: 1) how to efficiently transfer declarative knowledge, procedural knowledge, or the mixture of both; 2) how to design effective policy architectures and 3) effective algorithms for LLDM; 4) the robustness of a li. | A7=Lifelong learning offers a promising paradigm of building a generalist agent that learns and adapts over its lifespan. | A8=LIBERO constructs lifelong manipulation tasks with controlled knowledge-transfer and distribution-shift conditions for evaluating policy reuse.",A4=It is directly or plausibly transferable to selecting robot experience for policy learning. | A5=This adaptive mixture neighbor tests whether the expansion adds a reusable mechanism for controlling robot experience in policy training. | A7=It helps diagnose or reduce behavior-distribution mismatch and spurious dependence under deployment shift. | A8=It supplies an evaluation environment for measuring whether selected data improve transfer and avoid negative interference.,A4=true | A5=true | A7=false | A8=true,expansion_round_1 | expansion_round_2,,,arxiv:2306.03310 | paper:7700782316976487985 | paperid:7700782316976487985,arxiv:2306.03310,7700782316976487985,,,similar,,A4 | A5 | A7 | A8,false,false,false,false,A4/expansion/round3/registry.jsonl | A4/expansion/round4/registry.jsonl | A5/expansion/raw/round2-similar.json | A5/expansion/raw/round3-similar.json | A7/work/expansion-registry.json | A7/work/expansion-registry.jsonl | A8/work/expansion-round2-novel.jsonl,A4/expansion/all-new-expansion-triage.jsonl | A5/expansion/round2-triage.jsonl | A7/work/expansion-triage.jsonl | A8/work/expansion-round2-triage.jsonl
749,arxiv:2307.00595,9,HIGH,A7 | A8,RH20T: A Comprehensive Robotic Dataset for Learning Diverse Skills in One-Shot,arxiv:2307.00595,"A key challenge in robotic manipulation in open domains is how to acquire diverse and generalizable skills for robots. Recent research in one-shot imitation learning has shown promise in transferring trained policies to new tasks based on demonstrations. This feature is attractive for enabling robots to acquire new skills and improving task and motion planning. However, due to limitations in the training dataset, the current focus of the community has mainly been on simple cases, such as push or pick-place tasks, relying solely on visual guidance. In reality, there are many complex skills, some of which may even require both visual and tactile perception to solve. This paper aims to unlock the potential for an agent to generalize to hundreds of real-world skills with multi-modal perception. To achieve this, we have collected a dataset comprising over 110,000 contact-rich robot manipulation sequences across diverse skills, contexts, robots, and camera viewpoints, all collected in the real world. Each sequence in the dataset includes visual, force, audio, and action information. Moreover, we also provide a corresponding human demonstration video and a language description for each robot sequence. We have invested significant efforts in calibrating all the sensors and ensuring a high-quality dataset. The dataset is made publicly available at rh20t.github.io",high,A7 | A8,2,A7=high | A8=medium,"A7=Collects contact-rich skills across robots, contexts, viewpoints, and modalities including force, audio, vision, action, and human demonstrations. | A8=A large multi-task dataset records synchronized multimodal demonstrations and task diversity for one-shot skill learning.",A7=It broadens the coverage axes available for one-shot skill generalization and multimodal policy learning. | A8=It is evidence and a benchmark for whether broad multimodal coverage produces reusable representations across skills.,A7=true | A8=true,expansion_round_1 | primary_assignment,"Hao-Shu Fang, Hongjie Fang, Zhenyu Tang, Jirong Liu, Chenxi Wang, Junbo Wang, Haoyi Zhu, Cewu Lu",2023,arxiv:2307.00595 | paperid:4357661716218283932,arxiv:2307.00595,4357661716218283932,cs.AI | cs.CV | cs.RO,,related-papers | search-papers,foundational,A7,false,true,true,true,A7/raw/q01-direct-terms.json | A7/raw/q02-synonyms.json | A7/raw/q04-composition.json | A7/raw/q25-foundational-multitask.json | A7/work/assigned-papers.json | A7/work/assigned-papers.jsonl | A7/work/expansion-registry.json | A7/work/expansion-registry.jsonl | A7/work/paper-registry.json | A7/work/paper-registry.jsonl | A7/work/read-manifest.json | A7/work/verified-paper-registry.json | A7/work/verified-paper-registry.jsonl | A8/work/expansion-novel.jsonl | A8/work/expansion-pool.jsonl,A7/work/abstract-triage.jsonl | A7/work/assigned-abstracts.jsonl | A8/work/expansion-triage.jsonl
762,arxiv:2307.15042,9,MEDIUM,A1,TEDi: Temporally-Entangled Diffusion for Long-Term Motion Synthesis,arxiv:2307.15042,"The gradual nature of a diffusion process that synthesizes samples in small increments constitutes a key ingredient of Denoising Diffusion Probabilistic Models (DDPM), which have presented unprecedented quality in image synthesis and been recently explored in the motion domain. In this work, we propose to adapt the gradual diffusion concept (operating along a diffusion time-axis) into the temporal-axis of the motion sequence. Our key idea is to extend the DDPM framework to support temporally varying denoising, thereby entangling the two axes. Using our special formulation, we iteratively denoise a motion buffer that contains a set of increasingly-noised poses, which auto-regressively produces an arbitrarily long stream of frames. With a stationary diffusion time-axis, in each diffusion step we increment only the temporal-axis of the motion such that the framework produces a new, clean frame which is removed from the beginning of the buffer, followed by a newly drawn noise vector that is appended to it. This new mechanism paves the way towards a new framework for long-term motion synthesis with applications to character animation and other domains.",medium,A1,1,A1=medium,"A1=The paper develops or evaluates a temporal correspondence, synchronization, delay, or sequence-representation mechanism for TEDi: Temporally-Entangled Diffusion for Long-Term Motion Synthesis.","A1=Its adjacent-domain method may provide a transferable alignment idea, but the robot transfer path requires verification.",A1=true,expansion_round_2,,,arxiv:2307.15042,arxiv:2307.15042,3876700955211388645,,,related-papers-round2,,A1,false,false,false,false,A1/expansion-round2-registry.json | A1/paper-registry-complete.json,A1/expansion-round2-triage.jsonl
775,arxiv:2309.08638,9,MEDIUM,A4,Anchor Points: Benchmarking Models with Much Fewer Examples,arxiv:2309.08638,"Modern language models often exhibit powerful but brittle behavior, leading to the development of larger and more diverse benchmarks to reliably assess their behavior. Here, we suggest that model performance can be benchmarked and elucidated with much smaller evaluation sets. We first show that in six popular language classification benchmarks, model confidence in the correct class on many pairs of points is strongly correlated across models. We build upon this phenomenon to propose Anchor Point Selection, a technique to select small subsets of datasets that capture model behavior across the entire dataset. Anchor points reliably rank models: across 87 diverse language model-prompt pairs, evaluating models using 1-30 anchor points outperforms uniform sampling and other baselines at accurately ranking models. Moreover, just several anchor points can be used to estimate model per-class predictions on all other points in a dataset with low mean absolute error, sufficient for gauging where the model is likely to fail. Lastly, we present Anchor Point Maps for visualizing these insights and facilitating comparisons of the performance of different models on various regions within the dataset distribution.",medium,A4,1,A4=medium,A4=Uses data valuation or attribution to estimate example contribution to model or policy outcomes.,A4=It provides adjacent evidence for data-efficient training intelligence.,A4=true,expansion_round_1,,,arxiv:2309.08638 | paper:2940097472858997618,,,,,related-paper-expansion,,A4,false,false,false,false,A4/expansion/expansion-registry.jsonl,A4/expansion/expansion-triage.jsonl
788,arxiv:2310.08864,9,MEDIUM,A4,Open X-Embodiment: Robotic Learning Datasets and RT-X Models,arxiv:2310.08864,"Large, high-capacity models trained on diverse datasets have shown remarkable successes on efficiently tackling downstream applications. In domains from NLP to Computer Vision, this has led to a consolidation of pretrained models, with general pretrained backbones serving as a starting point for many applications. Can such a consolidation happen in robotics? Conventionally, robotic learning methods train a separate model for every application, every robot, and even every environment. Can we instead train generalist X-robot policy that can be adapted efficiently to new robots, tasks, and environments? In this paper, we provide datasets in standardized data formats and models to make it possible to explore this possibility in the context of robotic manipulation, alongside experimental results that provide an example of effective X-robot policies. We assemble a dataset from 22 different robots collected through a collaboration between 21 institutions, demonstrating 527 skills (160266 tasks). We show that a high-capacity model trained on this data, which we call RT-X, exhibits positive transfer and improves the capabilities of multiple robots by leveraging experience from other platforms. More details can be found on the project website https://robotics-transformer-x.github.io.",medium,A4,1,A4=medium,"A4=Connects trajectory or demonstration choice to downstream policy learning, behavior, or offline-RL utility.",A4=It is directly or plausibly transferable to selecting robot experience for policy learning.,A4=true,expansion_round_1,,2023,arxiv:2310.08864 | paper:1376354825486305755,arxiv:2310.08864,paper:1376354825486305755,,5,references | similar,general,A4,false,false,false,false,A4/expansion/round3/registry.jsonl | A4/expansion/round4/registry.jsonl | A5/canonical-pool.jsonl | A5/expansion/raw/round1-references.json | A5/expansion/raw/round2-similar.json | A5/expansion/raw/round3-similar.json | A5/paper-registry.json | A7/raw/q01-direct-terms.json | A7/raw/q07-multitask.json | A7/raw/q27-cross-embodiment-foundation.json | A7/raw/q30-recent-generalist.json | A7/raw/q36-fleet-diversity.json | A7/work/expansion-registry.json | A7/work/expansion-registry.jsonl | A7/work/paper-registry.json | A7/work/paper-registry.jsonl | A7/work/verified-paper-registry.json | A7/work/verified-paper-registry.jsonl,A4/expansion/all-new-expansion-triage.jsonl
801,arxiv:2311.01329,9,HIGH,A6,A Simple Solution for Offline Imitation from Observations and Examples with Possibly Incomplete Trajectories,arxiv:2311.01329,"Offline imitation from observations aims to solve MDPs where only task-specific expert states and task-agnostic non-expert state-action pairs are available. Offline imitation is useful in real-world scenarios where arbitrary interactions are costly and expert actions are unavailable. The state-of-the-art ""DIstribution Correction Estimation"" (DICE) methods minimize divergence of state occupancy between expert and learner policies and retrieve a policy with weighted behavior cloning; however, their results are unstable when learning from incomplete trajectories, due to a non-robust optimization in the dual domain. To address the issue, in this paper, we propose Trajectory-Aware Imitation Learning from Observations (TAILO). TAILO uses a discounted sum along the future trajectory as the weight for weighted behavior cloning. The terms for the sum are scaled by the output of a discriminator, which aims to identify expert states. Despite simplicity, TAILO works well if there exist trajectories or segments of expert behavior in the task-agnostic data, a common assumption in prior work. In experiments across multiple testbeds, we find TAILO to be more robust and effective, particularly with incomplete trajectories.",high,A6,1,A6=high,"A6=Learns or supplies recovery, correction, retry, repair, or replanning behavior from failed or perturbed executions.",A6=Makes failure states informative for robust execution and for deciding what corrective data to collect next.,A6=true,expansion_round_1,,,arxiv:2311.01329,arxiv:2311.01329,377306367123481615,,6,related-papers,general,A6,false,false,false,false,A5/canonical-pool.jsonl | A5/paper-registry.json | A5/raw/q06-syn-bc.json | A6/expansion/canonical-pool.jsonl,A6/expansion/triage.jsonl
814,arxiv:2311.12996,9,HIGH,A6,RLIF: Interactive Imitation Learning as Reinforcement Learning,arxiv:2311.12996,"Although reinforcement learning methods offer a powerful framework for automatic skill acquisition, for practical learning-based control problems in domains such as robotics, imitation learning often provides a more convenient and accessible alternative. In particular, an interactive imitation learning method such as DAgger, which queries a near-optimal expert to intervene online to collect correction data for addressing the distributional shift challenges that afflict na""ive behavioral cloning, can enjoy good performance both in theory and practice without requiring manually specified reward functions and other components of full reinforcement learning methods. In this paper, we explore how off-policy reinforcement learning can enable improved performance under assumptions that are similar but potentially even more practical than those of interactive imitation learning. Our proposed method uses reinforcement learning with user intervention signals themselves as rewards. This relaxes the assumption that intervening experts in interactive imitation learning should be near-optimal and enables the algorithm to learn behaviors that improve over the potential suboptimal human expert. We also provide a unified framework to analyze our RL method and DAgger; for which we present the asymptotic analysis of the suboptimal gap for both methods as well as the non-asymptotic sample complexity bound of our method. We then evaluate our method on challenging high-dimensional continuous control simulation benchmarks as well as real-world robotic vision-based manipulation tasks. The results show that it strongly outperforms DAgger-like approaches across the different tasks, especially when the intervening experts are suboptimal. Code and videos can be found on the project website: https://rlif-page.github.io",high,A6,1,A6=high,"A6=Learns or supplies recovery, correction, retry, repair, or replanning behavior from failed or perturbed executions.",A6=Makes failure states informative for robust execution and for deciding what corrective data to collect next.,A6=true,expansion_round_1,,,arxiv:2311.12996,arxiv:2311.12996,2228674012315722523,,q24-found-dagger | q29-found-corrections | q34-found-original-dagger,related-papers,,A6,false,false,false,false,A6/expansion/canonical-pool.jsonl | A6/raw-retrieval/q24-found-dagger.json | A6/raw-retrieval/q29-found-corrections.json | A6/raw-retrieval/q34-found-original-dagger.json | A6/work/canonical-pool.jsonl,A6/expansion/triage.jsonl
827,arxiv:2401.08238,9,HIGH,A1,Phase-Independent Dynamic Movement Primitives With Applications to Human-Robot Co-manipulation and Time Optimal Planning,arxiv:2401.08238,"Dynamic Movement Primitives (DMP) are an established and efficient method for encoding robotic tasks that require adaptation based on reference motions. Typically, the nominal trajectory is obtained through Programming by Demonstration (PbD), where the robot learns a task via kinesthetic guidance and reproduces it in terms of both geometric path and timing law. Modifying the duration of the execution in standard DMPs is achieved by adjusting a time constant in the model. This paper introduces a novel approach to fully decouple the geometric information of a task from its temporal information using an algorithm called spatial sampling, which allows parameterizing the demonstrated curve by its arc-length. This leads to the definition of the Geometric DMP (GDMP). The proposed spatial sampling algorithm guarantees the regularity of the demonstrated curve and ensures a consistent projection of the human force throughout the task in a human-in-the-loop scenario. GDMP exhibits phase independence, as its phase variable is no longer constrained to the demonstration's timing law, enabling a wide range of applications, including phase optimization problems and human-in-the-loop applications. Firstly, a minimum task duration optimization problem subject to velocity and acceleration constraints is formulated. The decoupling of path and speed in GDMP allows to achieve optimal time duration without violating the constraints. Secondly, GDMP is validated in a human-in-the-loop application, providing a theoretical passivity analysis and an experimental stability evaluation in co-manipulation tasks. Finally, GDMP is compared with other DMP architectures available in the literature, both for the phase optimization problem and experimentally with reference to an insertion task, showcasing the enhanced performance of GDMP with respect to other solutions.",high,A1,1,A1=high,A1=Geometric DMPs parameterize demonstrations by arc length to decouple spatial path from timing and permit phase optimization under constraints.,"A1=Phase-independent representations support resampling, speed changes, and safe timing adaptation without changing learned task geometry.",A1=true,primary_assignment,,2024,arxiv:2401.08238,arxiv:2401.08238,4837107867345514167,,q13-resampling,search-papers,true,A1,false,false,false,false,A1/assigned-papers.json | A1/evidence-read-manifest.json | A1/expansion-registry.json | A1/inspection-manifest.json | A1/paper-registry-complete.json | A1/paper-registry.json | A1/raw/q13-resampling.json | A2/canonical-pool.json | A2/canonical-pool.jsonl | A2/raw/q33-dmp.json,A1/assigned-abstracts.jsonl | A1/triage.jsonl
840,arxiv:2402.02511,9,HIGH,A1,PoCo: Policy Composition from and for Heterogeneous Robot Learning,arxiv:2402.02511,"Training general robotic policies from heterogeneous data for different tasks is a significant challenge. Existing robotic datasets vary in different modalities such as color, depth, tactile, and proprioceptive information, and collected in different domains such as simulation, real robots, and human videos. Current methods usually collect and pool all data from one domain to train a single policy to handle such heterogeneity in tasks and domains, which is prohibitively expensive and difficult. In this work, we present a flexible approach, dubbed Policy Composition, to combine information across such diverse modalities and domains for learning scene-level and task-level generalized manipulation skills, by composing different data distributions represented with diffusion models. Our method can use task-level composition for multi-task manipulation and be composed with analytic cost functions to adapt policy behaviors at inference time. We train our method on simulation, human, and real robot data and evaluate in tool-use tasks. The composed policy achieves robust and dexterous performance under varying scenes and tasks and outperforms baselines from a single data source in both simulation and real-world experiments. See https://liruiw.github.io/policycomp for more details .",high,A1,1,A1=high,"A1=The paper develops or evaluates a temporal correspondence, synchronization, delay, or sequence-representation mechanism for PoCo: Policy Composition from and for Heterogeneous Robot Learning.","A1=Its mechanism is a plausible transfer to multimodal robot experience, action-observation alignment, or temporally aware policy training.",A1=true,expansion_round_2,,2024,arxiv:2402.02511,arxiv:2402.02511,5531762933309402344,,5,related-papers-round2,general,A1,false,false,false,false,A1/expansion-round2-registry.json | A1/paper-registry-complete.json | A5/canonical-pool.jsonl | A5/paper-registry.json | A5/raw/q05-direct-mixture.json | A7/raw/q04-composition.json | A7/raw/q30-recent-generalist.json | A7/work/paper-registry.json | A7/work/paper-registry.jsonl | A7/work/verified-paper-registry.json | A7/work/verified-paper-registry.jsonl,A1/expansion-round2-triage.jsonl
853,arxiv:2402.10511,9,HIGH,A1,Can Transformers Predict Vibrations?,arxiv:2402.10511,"Highly accurate time-series vibration prediction is an important research issue for electric vehicles (EVs). EVs often experience vibrations when driving on rough terrains, known as torsional resonance. This resonance, caused by the interaction between motor and tire vibrations, puts excessive loads on the vehicle's drive shaft. However, current damping technologies only detect resonance after the vibration amplitude of the drive shaft torque reaches a certain threshold, leading to significant loads on the shaft at the time of detection. In this study, we propose a novel approach to address this issue by introducing Resoformer, a transformer-based model for predicting torsional resonance. Resoformer utilizes time-series of the motor rotation speed as input and predicts the amplitude of torsional vibration at a specified quantile occurring in the shaft after the input series. By calculating the attention between recursive and convolutional features extracted from the measured data points, Resoformer improves the accuracy of vibration forecasting. To evaluate the model, we use a vibration dataset called VIBES (Dataset for Forecasting Vibration Transition in EVs), consisting of 2,600 simulator-generated vibration sequences. Our experiments, conducted on strong baselines built on the VIBES dataset, demonstrate that Resoformer achieves state-of-the-art results. In conclusion, our study answers the question ""Can Transformers Forecast Vibrations?"" While traditional transformer architectures show low performance in forecasting torsional resonance waves, our findings indicate that combining recurrent neural network and temporal convolutional network using the transformer architecture improves the accuracy of long-term vibration forecasting.",high,A1,1,A1=high,"A1=The paper develops or evaluates a temporal correspondence, synchronization, delay, or sequence-representation mechanism for Can Transformers Predict Vibrations.","A1=Its mechanism is a plausible transfer to multimodal robot experience, action-observation alignment, or temporally aware policy training.",A1=true,expansion_round_3,,,arxiv:2402.10511,arxiv:2402.10511,4411844218003874449,,,related-papers-round3,,A1,false,false,false,false,A1/expansion-round3-registry.json | A1/paper-registry-complete.json,A1/expansion-round3-triage.jsonl
866,arxiv:2403.01823,9,HIGH,A6 | A8,RT-H: Action Hierarchies Using Language,arxiv:2403.01823,"Language provides a way to break down complex concepts into digestible pieces. Recent works in robot imitation learning use language-conditioned policies that predict actions given visual observations and the high-level task specified in language. These methods leverage the structure of natural language to share data between semantically similar tasks (e.g., ""pick coke can"" and ""pick an apple"") in multi-task datasets. However, as tasks become more semantically diverse (e.g., ""pick coke can"" and ""pour cup""), sharing data between tasks becomes harder, so learning to map high-level tasks to actions requires much more demonstration data. To bridge tasks and actions, our insight is to teach the robot the language of actions, describing low-level motions with more fine-grained phrases like ""move arm forward"". Predicting these language motions as an intermediate step between tasks and actions forces the policy to learn the shared structure of low-level motions across seemingly disparate tasks. Furthermore, a policy that is conditioned on language motions can easily be corrected during execution through human-specified language motions. This enables a new paradigm for flexible policies that can learn from human intervention in language. Our method RT-H builds an action hierarchy using language motions: it first learns to predict language motions, and conditioned on this and the high-level task, it predicts actions, using visual context at all stages. We show that RT-H leverages this language-action hierarchy to learn policies that are more robust and flexible by effectively tapping into multi-task datasets. We show that these policies not only allow for responding to language interventions, but can also learn from such interventions and outperform methods that learn from teleoperated interventions. Our website and videos are found at https://rt-hierarchy.github.io.",high,A6 | A8,2,A6=high | A8=medium,"A6=Learns or supplies recovery, correction, retry, repair, or replanning behavior from failed or perturbed executions. | A8=Language-conditioned action hierarchies decompose long-horizon tasks into reusable high-level and low-level behaviors.","A6=Makes failure states informative for robust execution and for deciding what corrective data to collect next. | A8=It supports measuring fleet coverage at skill and subtask levels, although it is not an active selection method.",A6=true | A8=true,expansion_round_1 | expansion_round_2,,,arxiv:2403.01823 | paperid:4618870037491131402,arxiv:2403.01823,4618870037491131402,,,related-papers,,A6 | A8,false,false,false,true,A6/expansion/canonical-pool.jsonl | A8/work/expansion-round2-novel.jsonl,A6/expansion/triage.jsonl | A8/work/expansion-round2-triage.jsonl
879,arxiv:2403.17124,9,HIGH,A3,Grounding Language Plans in Demonstrations Through Counterfactual Perturbations,arxiv:2403.17124,"Grounding the common-sense reasoning of Large Language Models (LLMs) in physical domains remains a pivotal yet unsolved problem for embodied AI. Whereas prior works have focused on leveraging LLMs directly for planning in symbolic spaces, this work uses LLMs to guide the search of task structures and constraints implicit in multi-step demonstrations. Specifically, we borrow from manipulation planning literature the concept of mode families, which group robot configurations by specific motion constraints, to serve as an abstraction layer between the high-level language representations of an LLM",high,A3,1,A3=high,"A3=The paper develops or evaluates Grounding Language Plans in Demonstrations Through Counterfactual Perturbations, offering a mechanism related to failure detection, correction, attribution, or robot-data use.",A3=The mechanism is plausibly transferable to the Program A experience-to-policy loop and merits follow-up.,A3=true,expansion_round_3,,2024,arxiv:2403.17124,arxiv:2403.17124,2650464892201514573,,q07-syn-subsequences | q08-syn-negative-demo | q35-found-learn-failures,firecrawl research related-papers,recent,A3,false,false,false,false,A3/paper-registry.json | A3/round3-registry.json | A6/raw-retrieval/q07-syn-subsequences.json | A6/raw-retrieval/q08-syn-negative-demo.json | A6/raw-retrieval/q35-found-learn-failures.json | A6/work/canonical-pool.jsonl | A7/raw/q14-space-coverage.json | A7/work/paper-registry.json | A7/work/paper-registry.jsonl | A7/work/verified-paper-registry.json | A7/work/verified-paper-registry.jsonl,A3/round3-triage.jsonl
892,arxiv:2404.12281,9,MEDIUM,A3,RISE: 3D Perception Makes Real-World Robot Imitation Simple and Effective,arxiv:2404.12281,"Precise robot manipulations require rich spatial information in imitation learning. Image-based policies model object positions from fixed cameras, which are sensitive to camera view changes. Policies utilizing 3D point clouds usually predict keyframes rather than continuous actions, posing difficulty in dynamic and contact-rich scenarios. To utilize 3D perception efficiently, we present RISE, an end-to-end baseline for real-world imitation learning, which predicts continuous actions directly from single-view point clouds. It compresses the point cloud to tokens with a sparse 3D encoder. After",medium,A3,1,A3=medium,A3=A 3D perception representation improves real-world robot imitation from demonstrations.,"A3=Better representations can make quality and similarity estimates more reliable, but this is not primarily a curation method.",A3=false,expansion_round_2,,2024,arxiv:2404.12281,,,,,firecrawl research related-papers,,A3,false,false,false,false,A3/paper-registry.json | A3/round2-registry.json,A3/round2-triage.jsonl
905,arxiv:2405.05941,9,MEDIUM,A4 | A5,Evaluating Real-World Robot Manipulation Policies in Simulation,arxiv:2405.05941,"The field of robotics has made significant advances towards generalist robot manipulation policies. However, real-world evaluation of such policies is not scalable and faces reproducibility challenges, which are likely to worsen as policies broaden the spectrum of tasks they can perform. We identify control and visual disparities between real and simulated environments as key challenges for reliable simulated evaluation and propose approaches for mitigating these gaps without needing to craft full-fidelity digital twins of real-world environments. We then employ these approaches to create SIMPLER, a collection of simulated environments for manipulation policy evaluation on common real robot setups. Through paired sim-and-real evaluations of manipulation policies, we demonstrate strong correlation between policy performance in SIMPLER environments and in the real world. Additionally, we find that SIMPLER evaluations accurately reflect real-world policy behavior modes such as sensitivity to various distribution shifts. We open-source all SIMPLER environments along with our workflow for creating new environments at https://simpler-env.github.io to facilitate research on general-purpose manipulation policies and simulated evaluation frameworks.",medium,A4 | A5,2,A4=medium | A5=medium,"A4=Uses a valuation or attribution signal to estimate the contribution of training examples to model or policy outcomes. | A5=However, real-world evaluation of such policies is not scalable and faces reproducibility challenges, which are likely to worsen as policies broaden the spectrum of tasks they can perform.",A4=It is directly or plausibly transferable to selecting robot experience for policy learning. | A5=This adaptive mixture neighbor tests whether the expansion adds a reusable mechanism for controlling robot experience in policy training.,A4=true | A5=true,expansion_round_1 | expansion_round_2,,2024,arxiv:2405.05941 | paper:2195870894637987311,arxiv:2405.05941,2195870894637987311,,,search-papers,recent,A4 | A5,false,false,false,false,A4/expansion/round3/registry.jsonl | A5/expansion/raw/round2-similar.json | A7/raw/q34-recent-shift.json | A7/work/paper-registry.json | A7/work/paper-registry.jsonl | A7/work/verified-paper-registry.json | A7/work/verified-paper-registry.jsonl,A4/expansion/all-new-expansion-triage.jsonl | A5/expansion/round2-triage.jsonl
918,arxiv:2405.17516,9,MEDIUM,A1,Time Elastic Neural Networks,arxiv:2405.17516,"We introduce and detail an atypical neural network architecture, called time elastic neural network (teNN), for multivariate time series classification. The novelty compared to classical neural network architecture is that it explicitly incorporates time warping ability, as well as a new way of considering attention. In addition, this architecture is capable of learning a dropout strategy, thus optimizing its own architecture.Behind the design of this architecture, our overall objective is threefold: firstly, we are aiming at improving the accuracy of instance based classification approaches that shows quite good performances as far as enough training data is available. Secondly we seek to reduce the computational complexity inherent to these methods to improve their scalability. Ideally, we seek to find an acceptable balance between these first two criteria. And finally, we seek to enhance the explainability of the decision provided by this kind of neural architecture.The experiment demonstrates that the stochastic gradient descent implemented to train a teNN is quite effective. To the extent that the selection of some critical meta-parameters is correct, convergence is generally smooth and fast.While maintaining good accuracy, we get a drastic gain in scalability by first reducing the required number of reference time series, i.e. the number of teNN cells required. Secondly, we demonstrate that, during the training process, the teNN succeeds in reducing the number of neurons required within each cell. Finally, we show that the analysis of the activation and attention matrices as well as the reference time series after training provides relevant information to interpret and explain the classification results.The comparative study that we have carried out and which concerns around thirty diverse and multivariate datasets shows that the teNN obtains results comparable to those of the state of the art, in particular similar to those of a network mixing LSTM and CNN architectures for example.",medium,A1,1,A1=medium,"A1=The paper develops or evaluates a temporal correspondence, synchronization, delay, or sequence-representation mechanism for Time Elastic Neural Networks.","A1=Its adjacent-domain method may provide a transferable alignment idea, but the robot transfer path requires verification.",A1=true,expansion_round_1,,,arxiv:2405.17516,arxiv:2405.17516,1936540550903134302,,,related-citers | related-similar,,A1,false,false,false,false,A1/expansion-registry.json | A1/paper-registry-complete.json,A1/expansion-triage.jsonl
931,arxiv:2406.09246,9,HIGH,A1 | A4 | A5 | A7,OpenVLA: An Open-Source Vision-Language-Action Model,arxiv:2406.09246,"Large policies pretrained on a combination of Internet-scale vision-language data and diverse robot demonstrations have the potential to change how we teach robots new skills: rather than training new behaviors from scratch, we can fine-tune such vision-language-action (VLA) models to obtain robust, generalizable policies for visuomotor control. Yet, widespread adoption of VLAs for robotics has been challenging as 1) existing VLAs are largely closed and inaccessible to the public, and 2) prior work fails to explore methods for efficiently fine-tuning VLAs for new tasks, a key component for adoption. Addressing these challenges, we introduce OpenVLA, a 7B-parameter open-source VLA trained on a diverse collection of 970k real-world robot demonstrations. OpenVLA builds on a Llama 2 language model combined with a visual encoder that fuses pretrained features from DINOv2 and SigLIP. As a product of the added data diversity and new model components, OpenVLA demonstrates strong results for generalist manipulation, outperforming closed models such as RT-2-X (55B) by 16.5% in absolute task success rate across 29 tasks and multiple robot embodiments, with 7x fewer parameters. We further show that we can effectively fine-tune OpenVLA for new settings, with especially strong generalization results in multi-task environments involving multiple objects and strong language grounding abilities, and outperform expressive from-scratch imitation learning methods such as Diffusion Policy by 20.4%. We also explore compute efficiency; as a separate contribution, we show that OpenVLA can be fine-tuned on consumer GPUs via modern low-rank adaptation methods and served efficiently via quantization without a hit to downstream success rate. Finally, we release model checkpoints, fine-tuning notebooks, and our PyTorch codebase with built-in support for training VLAs at scale on Open X-Embodiment datasets.",high,A1 | A4 | A5 | A7,4,A1=low | A4=high | A5=high | A7=high,"A1=The abstract does not expose a clear temporal mechanism connected to the lane. | A4=Chooses examples using uncertainty, diversity, information gain, or expected utility. | A5=Yet, widespread adoption of VLAs for robotics has been challenging as 1) existing VLAs are largely closed and inaccessible to the public, and 2) prior work fails to explore methods for efficiently fine-tuning VLAs for new tasks, a key component for adoption. | A7=Large policies pretrained on a combination of Internet-scale vision-language data and diverse robot demonstrations have the potential to change how we teach robots new skills: rather than training new behaviors from scratch, we can fine-tune such vision-lan...","A1=Its mechanism is a plausible transfer to multimodal robot experience, action-observation alignment, or temporally aware policy training. | A4=It directly informs curation of robot experience or a transferable policy-data loop. | A5=The expansion tests whether this adaptive mixture mechanism adds a reusable way to control which robot experience influences policy training. | A7=It helps diagnose or reduce behavior-distribution mismatch and spurious dependence under deployment shift.",A1=false | A4=true | A5=true | A7=true,expansion_round_1 | expansion_round_2,,,arxiv:2406.09246 | paper:5132708402897817870,arxiv:2406.09246,5132708402897817870,,,references | related-paper-expansion | related-papers-round2 | similar,,A1,false,false,false,true,A1/expansion-round2-registry.json | A1/paper-registry-complete.json | A4/expansion/expansion-registry.jsonl | A4/expansion/round3/registry.jsonl | A4/expansion/round4/registry.jsonl | A5/expansion/inspection-manifest.json | A5/expansion/raw/round1-references.json | A5/expansion/raw/round3-similar.json | A5/expansion/read-manifest.json | A7/work/expansion-registry.json | A7/work/expansion-registry.jsonl,A1/expansion-round2-triage.jsonl | A4/expansion/expansion-triage.jsonl | A5/expansion/round1-triage.jsonl | A7/work/expansion-triage.jsonl
944,arxiv:2407.02666,9,MEDIUM,A6,Commonsense Reasoning for Legged Robot Adaptation with Vision-Language Models,arxiv:2407.02666,"Legged robots are physically capable of navigating a diverse variety of environments and overcoming a wide range of obstructions. For example, in a search and rescue mission, a legged robot could climb over debris, crawl through gaps, and navigate out of dead ends. However, the robot's controller needs to respond intelligently to such varied obstacles, and this requires handling unexpected and unusual scenarios successfully. This presents an open challenge to current learning methods, which often struggle with generalization to the long tail of unexpected situations without heavy human supervision. To address this issue, we investigate how to leverage the broad knowledge about the structure of the world and commonsense reasoning capabilities of vision-language models (VLMs) to aid legged robots in handling difficult, ambiguous situations. We propose a system, VLM-Predictive Control (VLM-PC), combining two key components that we find to be crucial for eliciting on-the-fly, adaptive behavior selection with VLMs: (1) in-context adaptation over previous robot interactions and (2) planning multiple skills into the future and replanning. We evaluate VLM-PC on several challenging real-world obstacle courses, involving dead ends and climbing and crawling, on a Go1 quadruped robot. Our experiments show that by reasoning over the history of interactions and future plans, VLMs enable the robot to autonomously perceive, navigate, and act in a wide range of complex scenarios that would otherwise require environment-specific engineering or human guidance.",medium,A6,1,A6=medium,"A6=Learns or supplies recovery, correction, retry, repair, or replanning behavior from failed or perturbed executions.",A6=Makes failure states informative for robust execution and for deciding what corrective data to collect next.,A6=false,expansion_round_1,,2024,arxiv:2407.02666,arxiv:2407.02666,6802497388817339780,,,related-papers,recent,A6,false,false,false,false,A6/expansion/canonical-pool.jsonl | A7/raw/q05-synonyms.json | A7/work/paper-registry.json | A7/work/paper-registry.jsonl | A7/work/verified-paper-registry.json | A7/work/verified-paper-registry.jsonl,A6/expansion/triage.jsonl
957,arxiv:2407.16636,9,MEDIUM,A1,Velocity Driven Vision: Asynchronous Sensor Fusion Birds Eye View Models for Autonomous Vehicles,arxiv:2407.16636,"Fusing different sensor modalities can be a difficult task, particularly if they are asynchronous. Asynchronisation may arise due to long processing times or improper synchronisation during calibration, and there must exist a way to still utilise this previous information for the purpose of safe driving, and object detection in ego vehicle/ multi-agent trajectory prediction. Difficulties arise in the fact that the sensor modalities have captured information at different times and also at different positions in space. Therefore, they are not spatially nor temporally aligned. This paper will investigate the challenge of radar and LiDAR sensors being asynchronous relative to the camera sensors, for various time latencies. The spatial alignment will be resolved before lifting into BEV space via the transformation of the radar/LiDAR point clouds into the new ego frame coordinate system. Only after this can we concatenate the radar/LiDAR point cloud and lifted camera features. Temporal alignment will be remedied for radar data only, we will implement a novel method of inferring the future radar point positions using the velocity information. Our approach to resolving the issue of sensor asynchrony yields promising results. We demonstrate velocity information can drastically improve IoU for asynchronous datasets, as for a time latency of 360 milliseconds (ms), IoU improves from 49.54 to 53.63. Additionally, for a time latency of 550ms, the camera+radar (C+R) model outperforms the camera+LiDAR (C+L) model by 0.18 IoU. This is an advancement in utilising the often-neglected radar sensor modality, which is less favoured than LiDAR for autonomous driving purposes.",medium,A1,1,A1=medium,A1=The method propagates asynchronous radar points forward using velocity before spatially fusing them with camera and LiDAR features.,A1=Velocity-based temporal extrapolation is a useful adjacent mechanism for correcting stale robot sensor observations.,A1=true,primary_assignment,,,arxiv:2407.16636,arxiv:2407.16636,6041479437865913858,,q02-synonyms,search-papers,,A1,false,false,false,false,A1/assigned-papers.json | A1/inspection-manifest.json | A1/paper-registry-complete.json | A1/paper-registry.json | A1/raw/q02-synonyms.json,A1/assigned-abstracts.jsonl | A1/triage.jsonl
970,arxiv:2408.10468,9,MEDIUM,A4,Tracing Privacy Leakage of Language Models to Training Data via Adjusted Influence Functions,arxiv:2408.10468,"The responses generated by Large Language Models (LLMs) can include sensitive information from individuals and organizations, leading to potential privacy leakage. This work implements Influence Functions (IFs) to trace privacy leakage back to the training data, thereby mitigating privacy concerns of Language Models (LMs). However, we notice that current IFs struggle to accurately estimate the influence of tokens with large gradient norms, potentially overestimating their influence. When tracing the most influential samples, this leads to frequently tracing back to samples with large gradient norm tokens, overshadowing the actual most influential samples even if their influences are well estimated. To address this issue, we propose Heuristically Adjusted IF (HAIF), which reduces the weight of tokens with large gradient norms, thereby significantly improving the accuracy of tracing the most influential samples. To establish easily obtained groundtruth for tracing privacy leakage, we construct two datasets, PII-E and PII-CR, representing two distinct scenarios: one with identical text in the model outputs and pre-training data, and the other where models leverage their reasoning abilities to generate text divergent from pre-training data. HAIF significantly improves tracing accuracy, enhancing it by 20.96% to 73.71% on the PII-E dataset and 3.21% to 45.93% on the PII-CR dataset, compared to the best SOTA IFs against various GPT-2 and QWen-1.5 models. HAIF also outperforms SOTA IFs on real-world pretraining data CLUECorpus2020, demonstrating strong robustness regardless prompt and response lengths.",medium,A4,1,A4=medium,A4=Uses data valuation or attribution to estimate example contribution to model or policy outcomes.,A4=It provides adjacent evidence for data-efficient training intelligence.,A4=false,expansion_round_1,,,arxiv:2408.10468 | paper:8493935279153127684,,,,,related-paper-expansion,,A4,false,false,false,false,A4/expansion/expansion-registry.jsonl,A4/expansion/expansion-triage.jsonl
983,arxiv:2409.08195,9,MEDIUM,A6,Composing Option Sequences by Adaptation: Initial Results,arxiv:2409.08195,"Robot manipulation in real-world settings often requires adapting the robot's behavior to the current situation, such as by changing the sequences in which policies execute to achieve the desired task. Problematically, however, we show that composing a novel sequence of five deep RL options to perform a pick-and-place task is unlikely to successfully complete, even if their initiation and termination conditions align. We propose a framework to determine whether sequences will succeed a priori, and examine three approaches that adapt options to sequence successfully if they will not. Crucially, our adaptation methods consider the actual subset of points that the option is trained from or where it ends: (1) trains the second option to start where the first ends; (2) trains the first option to reach the centroid of where the second starts; and (3) trains the first option to reach the median of where the second starts. Our results show that our framework and adaptation methods have promise in adapting options to work in novel sequences.",medium,A6,1,A6=medium,"A6=Transforms, segments, augments, retrieves, or composes trajectories so useful subsequences and corrective context become training signal.",A6=Offers a reusable mechanism for converting sequential experience into better policy or data decisions.,A6=false,expansion_round_1,,,arxiv:2409.08195,arxiv:2409.08195,6294292349448832259,,q07-syn-subsequences,related-papers,,A6,false,false,false,false,A6/expansion/canonical-pool.jsonl | A6/raw-retrieval/q07-syn-subsequences.json | A6/work/canonical-pool.jsonl,A6/expansion/triage.jsonl
996,arxiv:2409.19998,9,HIGH,A3,Do Influence Functions Work on Large Language Models?,arxiv:2409.19998,"Influence functions are important for quantifying the impact of individual training data points on a model's predictions. Although extensive research has been conducted on influence functions in traditional machine learning models, their application to large language models (LLMs) has been limited. In this work, we conduct a systematic study to address a key question: do influence functions work on LLMs? Specifically, we evaluate influence functions across multiple tasks and find that they consistently perform poorly in most settings. Our further investigation reveals that their poor performan",high,A3,1,A3=high,"A3=The paper develops or evaluates Do Influence Functions Work on Large Language Models?, offering a mechanism related to failure detection, correction, attribution, or robot-data use.",A3=The mechanism is plausibly transferable to the Program A experience-to-policy loop and merits follow-up.,A3=true,expansion_round_3,,2024,arxiv:2409.19998,,,,,firecrawl research related-papers,,A3,false,false,false,false,A3/paper-registry.json | A3/round3-registry.json,A3/round3-triage.jsonl
1009,arxiv:2410.13322,9,HIGH,A1 | A8,Arc-Length-Based Warping for Robot Skill Synthesis from Multiple Demonstrations,arxiv:2410.13322,"In robotics, Learning from Demonstration (LfD) aims to transfer skills to robots by using multiple demonstrations of the same task. These demonstrations are recorded and processed to extract a consistent skill representation. This process typically requires temporal alignment through techniques such as Dynamic Time Warping (DTW). In this paper, we consider a novel algorithm, named Spatial Sampling (SS), specifically designed for robot trajectories, that enables time-independent alignment of the trajectories by providing an arc-length parametrization of the signals. This approach eliminates the need for temporal alignment, enhancing the accuracy and robustness of skill representation, especially when recorded movements are subject to intermittent motions or extremely variable speeds, a common characteristic of operations based on kinesthetic teaching, where the operator may encounter difficulties in guiding the end-effector smoothly. To prove this, we built a custom publicly available dataset of robot recordings to test real-world movements, where the user tracks the same geometric path multiple times, with motion laws that vary greatly and are subject to starting and stopping. The SS demonstrates better performances against state-of-the-art algorithms in terms of (i) trajectory synchronization and (ii) quality of the extracted skill.",high,A1 | A8,2,A1=high | A8=medium,"A1=Spatial sampling reparameterizes robot trajectories by arc length, making correspondence independent of variable speed, pauses, and intermittent motion. | A8=Arc-length parameterization aligns trajectories by geometric progress rather than clock time to produce a more stable skill representation.","A1=It directly separates path shape from execution timing for robust skill representations from kinesthetic demonstrations. | A8=It shows that representation quality depends on the invariances used for similarity, especially when demonstrations have irregular speed or pauses.",A1=true | A8=true,primary_assignment,,2024,arxiv:2410.13322,arxiv:2410.13322,115772545139737857,,A8 | q01-direct | q02-direct | q03-dtw | q09-foundational-robot | q13-resampling,search-papers,foundational,A1,false,false,false,true,A1/assigned-papers.json | A1/evidence-read-manifest.json | A1/expansion-registry.json | A1/expansion-round2-registry.json | A1/inspection-manifest.json | A1/paper-registry-complete.json | A1/paper-registry.json | A1/raw/q01-direct.json | A1/raw/q03-dtw.json | A1/raw/q09-foundational-robot.json | A1/raw/q13-resampling.json | A2/canonical-pool.json | A2/canonical-pool.jsonl | A2/raw/q12-compression.json | A2/raw/q13-dtw.json | A6/raw-retrieval/q09-mech-segmentation.json | A6/work/canonical-pool.jsonl | A8/raw/q02-direct.json | A8/work/assigned-papers.json | A8/work/canonical-pool.jsonl,A1/assigned-abstracts.jsonl | A1/triage.jsonl | A8/work/abstract-triage.jsonl | A8/work/assigned-abstracts.jsonl
1022,arxiv:2410.21845,9,HIGH,A3 | A6,Precise and Dexterous Robotic Manipulation via Human-in-the-Loop Reinforcement Learning,arxiv:2410.21845,"Reinforcement learning (RL) holds great promise for enabling autonomous acquisition of complex robotic manipulation skills, but realizing this potential in real-world settings has been challenging. We present a human-in-the-loop vision-based RL system that demonstrates impressive performance on a diverse set of dexterous manipulation tasks, including dynamic manipulation, precision assembly, and dual-arm coordination. Our approach integrates demonstrations and human corrections, efficient RL algorithms, and other system-level design choices to learn policies that achieve near-perfect success rates and fast cycle times within just 1 to 2.5 hours of training. We show that our method significantly outperforms imitation learning baselines and prior RL approaches, with an average 2x improvement in success rate and 1.8x faster execution. Through extensive experiments and analysis, we provide insights into the effectiveness of our approach, demonstrating how it learns robust, adaptive policies for both reactive and predictive control strategies. Our results suggest that RL can indeed learn a wide range of complex vision-based manipulation policies directly in the real world within practical training times. We hope this work will inspire a new generation of learned robotic manipulation techniques, benefiting both industrial applications and research advancements. Videos and code are available at our project website https://hil-serl.github.io/.",high,A3 | A6,2,A3=medium | A6=high,"A3=Human-in-the-loop reinforcement learning uses precise human corrections to improve dexterous manipulation. | A6=Learns or supplies recovery, correction, retry, repair, or replanning behavior from failed or perturbed executions.","A3=It is a plausible recovery-data mechanism, although the abstract does not focus on post-hoc quality detection. | A6=Makes failure states informative for robust execution and for deciding what corrective data to collect next.",A3=true | A6=true,expansion_round_1 | expansion_round_3,Jianlan Luo | Charles Xu | Jeffrey Wu | Sergey Levine,2024,arxiv:2410.21845,arxiv:2410.21845,1962217789353986828,cs.AI | cs.RO,,firecrawl research related-papers | related-papers,,A3,false,false,false,true,A3/paper-registry.json | A3/round3-registry.json | A6/expansion/canonical-pool.jsonl,A3/round3-triage.jsonl | A6/expansion/triage.jsonl
1035,arxiv:2411.04549,9,HIGH,A5,Vision Language Models are In-Context Value Learners,arxiv:2411.04549,"Predicting temporal progress from visual trajectories is important for intelligent robots that can learn, adapt, and improve. However, learning such progress estimator, or temporal value function, across different tasks and domains requires both a large amount of diverse data and methods which can scale and generalize. To address these challenges, we present Generative Value Learning (), a universal value function estimator that leverages the world knowledge embedded in vision-language models (VLMs) to predict task progress. Naively asking a VLM to predict values for a video sequence performs poorly due to the strong temporal correlation between successive frames. Instead, GVL poses value estimation as a temporal ordering problem over shuffled video frames; this seemingly more challenging task encourages VLMs to more fully exploit their underlying semantic and temporal grounding capabilities to differentiate frames based on their perceived task progress, consequently producing significantly better value predictions. Without any robot or task specific training, GVL can in-context zero-shot and few-shot predict effective values for more than 300 distinct real-world tasks across diverse robot platforms, including challenging bimanual manipulation tasks. Furthermore, we demonstrate that GVL permits flexible multi-modal in-context learning via examples from heterogeneous tasks and embodiments, such as human videos. The generality of GVL enables various downstream applications pertinent to visuomotor policy learning, including dataset filtering, success detection, and advantage-weighted regression -- all without any model training or finetuning.",high,A5,1,A5=high,"A5=However, learning such progress estimator, or temporal value function, across different tasks and domains requires both a large amount of diverse data and methods which can scale and generalize.",A5=The expansion tests whether this curriculum mechanism adds a reusable way to control which robot experience influences policy training.,A5=true,expansion_round_1,,,arxiv:2411.04549,arxiv:2411.04549,4886363718288638851,,,,,A5,false,false,false,false,A5/expansion/inspection-manifest.json | A5/expansion/raw/round1-citers.json | A5/expansion/read-manifest.json,A5/expansion/round1-triage.jsonl
1048,arxiv:2412.04158,9,MEDIUM,A4,LossVal: Efficient Data Valuation for Neural Networks,arxiv:2412.04158,"Assessing the importance of individual training samples is a key challenge in machine learning. Traditional approaches retrain models with and without specific samples, which is computationally expensive and ignores dependencies between data points. We introduce LossVal, an efficient data valuation method that computes importance scores during neural network training by embedding a self-weighting mechanism into loss functions like cross-entropy and mean squared error. LossVal reduces computational costs, making it suitable for large datasets and practical applications. Experiments on classification and regression tasks across multiple datasets show that LossVal effectively identifies noisy samples and is able to distinguish helpful from harmful samples. We examine the gradient calculation of LossVal to highlight its advantages. The source code is available at: https://github.com/twibiral/LossVal",medium,A4,1,A4=medium,A4=Uses data valuation or attribution to estimate example contribution to model or policy outcomes.,A4=It provides adjacent evidence for data-efficient training intelligence.,A4=false,expansion_round_1,,,arxiv:2412.04158 | paper:6278813740513009072,,,,,related-paper-expansion,,A4,false,false,false,false,A4/expansion/expansion-registry.jsonl,A4/expansion/expansion-triage.jsonl
1061,arxiv:2412.18234,9,MEDIUM,A1,Conditional Deep Canonical Time Warping,arxiv:2412.18234,"Temporal alignment of sequences is a fundamental challenge in many applications, such as computer vision and bioinformatics, where local time shifting needs to be accounted for. Misalignment can lead to poor model generalization, especially in high-dimensional sequences. Existing methods often struggle with optimization when dealing with high-dimensional sparse data, falling into poor alignments. Feature selection is frequently used to enhance model performance for sparse data. However, a fixed set of selected features would not generally work for dynamically changing sequences and would need to be modified based on the state of the sequence. Therefore, modifying the selected feature based on contextual input would result in better alignment. Our suggested method, Conditional Deep Canonical Temporal Time Warping (CDCTW), is designed for temporal alignment in sparse temporal data to address these challenges. CDCTW enhances alignment accuracy for high dimensional time-dependent views be performing dynamic time warping on data embedded in maximally correlated subspace which handles sparsity with novel feature selection method. We validate the effectiveness of CDCTW through extensive experiments on various datasets, demonstrating superior performance over previous techniques.",medium,A1,1,A1=medium,A1=CDCTW performs DTW in a maximally correlated subspace with context-dependent feature selection for sparse temporal data.,"A1=Contextual feature selection may help align robot streams whose informative sensors change across task phases, pending stronger verification.",A1=true,primary_assignment,,2024,arxiv:2412.18234,arxiv:2412.18234,3716470670973504180,,q03-dtw | q08-irregular | q10-foundational-ctw,search-papers,foundational,A1,false,false,false,false,A1/assigned-papers.json | A1/inspection-manifest.json | A1/paper-registry-complete.json | A1/paper-registry.json | A1/raw/q03-dtw.json | A1/raw/q08-irregular.json | A1/raw/q10-foundational-ctw.json | A2/canonical-pool.json | A2/canonical-pool.jsonl | A2/raw/q13-dtw.json,A1/assigned-abstracts.jsonl | A1/triage.jsonl
1074,arxiv:2501.12942,9,HIGH,A7,Offline Diffusion Policy for Multi-User Delay-Constrained Scheduling,arxiv:2501.12942,"Effective multi-user delay-constrained scheduling is crucial in various real-world applications, including embodied AI, instant messaging, live streaming, and data center management, where efficient resource allocation is required among users with diverse delay sensitivities. In these scenarios, schedulers must make real-time decisions to satisfy both delay and resource constraints without prior knowledge of system dynamics, which are often time-varying and challenging to estimate. Current learning-based methods typically require online interactions with actual systems during the training stage. Therefore, these approaches are often difficult or impractical, as they can significantly degrade system performance and incur substantial service costs. To address these challenges, we propose a novel offline reinforcement learning-based algorithm, named Scheduling By Offline Learning with Critic Guidance and Diffusion Model (SOCD), to learn efficient scheduling policies purely from pre-collected offline data. SOCD innovatively employs a diffusion policy, complemented by a sampling-free critic network for policy guidance. By integrating the Lagrangian multiplier optimization into the offline reinforcement learning, SOCD efficiently trains high-quality constraint-aware policies exclusively from available datasets, eliminating the need for online interactions with the system. Experimental results demonstrate that SOCD is resilient to various system dynamics, including partially observable and large-scale environments, and delivers superior performance compared to existing methods.",high,A7,1,A7=high,"A7=Effective multi-user delay-constrained scheduling is crucial in various real-world applications, including embodied AI, instant messaging, live streaming, and data center management, where efficient resource allocation is required among users with diverse d...","A7=It informs how data quantity, composition, or offline experience should affect policy training.",A7=true,expansion_round_1,,,arxiv:2501.12942,,,,,similar,,A7,false,false,false,false,A7/work/expansion-registry.json | A7/work/expansion-registry.jsonl,A7/work/expansion-triage.jsonl
1087,arxiv:2502.03814,9,MEDIUM,A4 | A5,Large Language Models for Multi-Robot Systems: A Survey,arxiv:2502.03814,"The rapid advancement of Large Language Models (LLMs) has opened new possibilities in Multi-Robot Systems (MRS), enabling enhanced communication, task allocation and planning, and human-robot interaction. Unlike traditional single-robot and multi-agent systems, MRS poses unique challenges, including coordination, scalability, and real-world adaptability. This survey provides the first dedicated review of LLM integration into MRS. It systematically categorizes their applications across high-level task allocation, mid-level motion planning, low-level action generation, and human intervention. We highlight key applications in diverse domains, such as household robotics, construction, formation control, target tracking, and robot games, showcasing the versatility and transformative potential of LLMs in MRS. Furthermore, we examine the challenges that limit adapting LLMs to MRS, including mathematical reasoning limitations, hallucination, latency issues, and the need for robust benchmarking systems. Finally, we outline opportunities for future research, emphasizing advancements in fine-tuning, reasoning techniques, and task-specific models. This survey aims to guide researchers in the intelligence and real-world deployment of MRS powered by LLMs. Given the rapidly evolving nature of research in the field, we continuously update the paper list in the open-source GitHub repository.",medium,A4 | A5,2,A4=medium | A5=low,"A4=Connects trajectory or demonstration choice to downstream policy learning, behavior, or offline-RL utility. | A5=The rapid advancement of Large Language Models (LLMs) has opened new possibilities in Multi-Robot Systems (MRS), enabling enhanced communication, task allocation and planning, and human-robot interaction.",A4=It is directly or plausibly transferable to selecting robot experience for policy learning. | A5=This adaptive mixture neighbor tests whether the expansion adds a reusable mechanism for controlling robot experience in policy training.,A4=false | A5=false,expansion_round_1 | expansion_round_2,,,arxiv:2502.03814 | paper:2198198917261368994,arxiv:2502.03814,2198198917261368994,,,,,A4 | A5,false,false,false,true,A4/expansion/round4/registry.jsonl | A5/expansion/raw/round2-citers.json,A4/expansion/all-new-expansion-triage.jsonl | A5/expansion/round2-triage.jsonl
1100,arxiv:2502.16634,9,HIGH,A2,OptionZero: Planning with Learned Options,arxiv:2502.16634,"Planning with options -- a sequence of primitive actions -- has been shown effective in reinforcement learning within complex environments. Previous studies have focused on planning with predefined options or learned options through expert demonstration data. Inspired by MuZero, which learns superhuman heuristics without any human knowledge, we propose a novel approach, named OptionZero. OptionZero incorporates an option network into MuZero, providing autonomous discovery of options through self-play games. Furthermore, we modify the dynamics network to provide environment transitions when using options, allowing searching deeper under the same simulation constraints. Empirical experiments conducted in 26 Atari games demonstrate that OptionZero outperforms MuZero, achieving a 131.58% improvement in mean human-normalized score. Our behavior analysis shows that OptionZero not only learns options but also acquires strategic skills tailored to different game characteristics. Our findings show promising directions for discovering and using options in planning. Our code is available at https://rlg.iis.sinica.edu.tw/papers/optionzero.",high,A2,1,A2=high,A2=Discovers reusable temporal structure in sequential experience for downstream decision making or policy learning.,"A2=The mechanism can turn long robot experience into reusable training units, skill memories, or better-conditioned policy targets.",A2=true,expansion_round_1,,2025,arxiv:2502.16634,,,,,,,A2,false,false,false,false,A2/expansion-pool.json | A2/expansion-pool.jsonl,A2/expansion-triage.jsonl
1113,arxiv:2503.02048,9,HIGH,A2,FRMD: Fast Robot Motion Diffusion with Consistency-Distilled Movement Primitives for Smooth Action Generation,arxiv:2503.02048,"We consider the problem of using diffusion models to generate fast, smooth, and temporally consistent robot motions. Although diffusion models have demonstrated superior performance in robot learning due to their task scalability and multi-modal flexibility, they suffer from two fundamental limitations: (1) they often produce non-smooth, jerky motions due to their inability to capture temporally consistent movement dynamics, and (2) their iterative sampling process incurs prohibitive latency for many robotic tasks. Inspired by classic robot motion generation methods such as DMPs and ProMPs, which capture temporally and spatially consistent dynamic of trajectories using low-dimensional vectors -- and by recent advances in diffusion-based image generation that use consistency models with probability flow ODEs to accelerate the denoising process, we propose Fast Robot Motion Diffusion (FRMD). FRMD uniquely integrates Movement Primitives (MPs) with Consistency Models to enable efficient, single-step trajectory generation. By leveraging probabilistic flow ODEs and consistency distillation, our method models trajectory distributions while learning a compact, time-continuous motion representation within an encoder-decoder architecture. This unified approach eliminates the slow, multi-step denoising process of conventional diffusion models, enabling efficient one-step inference and smooth robot motion generation. We extensively evaluated our FRMD on the well-recognized Meta-World and ManiSkills Benchmarks, ranging from simple to more complex manipulation tasks, comparing its performance against state-of-the-art baselines. Our results show that FRMD generates significantly faster, smoother trajectories while achieving higher success rates.",high,A2,1,A2=high,"A2=Discovers, represents, or composes reusable skills, motion primitives, subgoals, or macro-actions from sequential experience.","A2=A reusable segment or skill representation can support retrieval, recombination, coverage, and transfer across tasks or embodiments.",A2=true,primary_assignment,"Xirui Shi, Jun Jin",2025,arxiv:2503.02048,arxiv:2503.02048,7501651985129205653,cs.AI | cs.RO,probabilistic movement primitives robot trajectory representation,search-papers,true,A2,false,false,false,false,A2/assigned-papers.json | A2/assigned-registry-inspected.json | A2/assigned-registry-inspected.jsonl | A2/canonical-pool.json | A2/canonical-pool.jsonl | A2/raw/q34-promp.json,A2/assigned-abstracts.jsonl | A2/triage.jsonl
1126,arxiv:2503.11646,9,HIGH,A8,Adversarial Data Collection: Human-Collaborative Perturbations for Efficient and Robust Robotic Imitation Learning,arxiv:2503.11646,"The pursuit of data efficiency, where quality outweighs quantity, has emerged as a cornerstone in robotic manipulation, especially given the high costs associated with real-world data collection. We propose that maximizing the informational density of individual demonstrations can dramatically reduce reliance on large-scale datasets while improving task performance. To this end, we introduce Adversarial Data Collection, a Human-in-the-Loop (HiL) framework that redefines robotic data acquisition through real-time, bidirectional human-environment interactions. Unlike conventional pipelines that passively record static demonstrations, ADC adopts a collaborative perturbation paradigm: during a single episode, an adversarial operator dynamically alters object states, environmental conditions, and linguistic commands, while the tele-operator adaptively adjusts actions to overcome these evolving challenges. This process compresses diverse failure-recovery behaviors, compositional task variations, and environmental perturbations into minimal demonstrations. Our experiments demonstrate that ADC-trained models achieve superior compositional generalization to unseen task instructions, enhanced robustness to perceptual perturbations, and emergent error recovery capabilities. Strikingly, models trained with merely 20% of the demonstration volume collected through ADC significantly outperform traditional approaches using full datasets. These advances bridge the gap between data-centric learning paradigms and practical robotic deployment, demonstrating that strategic data acquisition, not merely post-hoc processing, is critical for scalable, real-world robot learning. Additionally, we are curating a large-scale ADC-Robotics dataset comprising real-world manipulation tasks with adversarial perturbations. This benchmark will be open-sourced to facilitate advancements in robotic imitation learning.",high,A8,1,A8=high,"A8=A human operator deliberately perturbs objects, environments, and commands so one demonstration concentrates failure recovery and compositional variation.","A8=It shifts data intelligence from post-hoc filtering to strategic collection of high-information, hard-case experience.",A8=true,primary_assignment,,2025,arxiv:2503.11646,arxiv:2503.11646,4070106857344761341,,A8 | q25-recent,search-papers,recent,A8,false,false,false,false,A2/canonical-pool.json | A2/canonical-pool.jsonl | A2/raw/q12-compression.json | A5/canonical-pool.jsonl | A5/paper-registry.json | A7/raw/q33-recent-longtail.json | A7/work/paper-registry.json | A7/work/paper-registry.jsonl | A7/work/verified-paper-registry.json | A7/work/verified-paper-registry.jsonl | A8/raw/q25-recent.json | A8/work/assigned-papers.json | A8/work/canonical-pool.jsonl,A8/work/abstract-triage.jsonl | A8/work/assigned-abstracts.jsonl
1139,arxiv:2503.17674,9,HIGH,A2,MultiScale Contextual Bandits for Long Term Objectives,arxiv:2503.17674,"The feedback that AI systems (e.g., recommender systems, chatbots) collect from user interactions is a crucial source of training data. While short-term feedback (e.g., clicks, engagement) is widely used for training, there is ample evidence that optimizing short-term feedback does not necessarily achieve the desired long-term objectives. Unfortunately, directly optimizing for long-term objectives is challenging, and we identify the disconnect in the timescales of short-term interventions (e.g., rankings) and the long-term feedback (e.g., user retention) as one of the key obstacles. To overcome this disconnect, we introduce the framework of MultiScale Policy Learning to contextually reconcile that AI systems need to act and optimize feedback at multiple interdependent timescales. Following a PAC-Bayes motivation, we show how the lower timescales with more plentiful data can provide a data-dependent hierarchical prior for faster learning at higher scales, where data is more scarce. As a result, the policies at all levels effectively optimize for the long-term. We instantiate the framework with MultiScale Off-Policy Bandit Learning (MSBL) and demonstrate its effectiveness on three tasks relating to recommender and conversational systems.",high,A2,1,A2=high,A2=Discovers reusable temporal structure in sequential experience for downstream decision making or policy learning.,"A2=The mechanism can turn long robot experience into reusable training units, skill memories, or better-conditioned policy targets.",A2=true,expansion_round_1,,2025,arxiv:2503.17674,,,,,,,A2,false,false,false,false,A2/expansion-pool.json | A2/expansion-pool.jsonl,A2/expansion-triage.jsonl
1152,arxiv:2504.03515,9,HIGH,A2,Dexterous Manipulation through Imitation Learning: A Survey,arxiv:2504.03515,"Dexterous manipulation, which refers to the ability of a robotic hand or multi-fingered end-effector to skillfully control, reorient, and manipulate objects through precise, coordinated finger movements and adaptive force modulation, enables complex interactions similar to human hand dexterity. With recent advances in robotics and machine learning, there is a growing demand for these systems to operate in complex and unstructured environments. Traditional model-based approaches struggle to generalize across tasks and object variations due to the high dimensionality and complex contact dynamics of dexterous manipulation. Although model-free methods such as reinforcement learning (RL) show promise, they require extensive training, large-scale interaction data, and carefully designed rewards for stability and effectiveness. Imitation learning (IL) offers an alternative by allowing robots to acquire dexterous manipulation skills directly from expert demonstrations, capturing fine-grained coordination and contact dynamics while bypassing the need for explicit modeling and large-scale trial-and-error. This survey provides an overview of dexterous manipulation methods based on imitation learning, details recent advances, and addresses key challenges in the field. Additionally, it explores potential research directions to enhance IL-driven dexterous manipulation. Our goal is to offer researchers and practitioners a comprehensive introduction to this rapidly evolving domain.",high,A2,1,A2=high,A2=Discovers reusable temporal structure in sequential experience for downstream decision making or policy learning.,"A2=The mechanism can turn long robot experience into reusable training units, skill memories, or better-conditioned policy targets.",A2=true,expansion_round_1,,2025,arxiv:2504.03515,,,,,,,A2,false,false,false,false,A2/expansion-pool.json | A2/expansion-pool.jsonl,A2/expansion-triage.jsonl
1165,arxiv:2504.19341,9,HIGH,A1,PolyTouch: A Robust Multi-Modal Tactile Sensor for Contact-rich Manipulation Using Tactile-Diffusion Policies,arxiv:2504.19341,"Achieving robust dexterous manipulation in unstructured domestic environments remains a significant challenge in robotics. Even with state-of-the-art robot learning methods, haptic-oblivious control strategies (i.e. those relying only on external vision and/or proprioception) often fall short due to occlusions, visual complexities, and the need for precise contact interaction control. To address these limitations, we introduce PolyTouch, a novel robot finger that integrates camera-based tactile sensing, acoustic sensing, and peripheral visual sensing into a single design that is compact and durable. PolyTouch provides high-resolution tactile feedback across multiple temporal scales, which is essential for efficiently learning complex manipulation tasks. Experiments demonstrate an at least 20-fold increase in lifespan over commercial tactile sensors, with a design that is both easy to manufacture and scalable. We then use this multi-modal tactile feedback along with visuo-proprioceptive observations to synthesize a tactile-diffusion policy from human demonstrations; the resulting contact-aware control policy significantly outperforms haptic-oblivious policies in multiple contact-aware manipulation policies. This paper highlights how effectively integrating multi-modal contact sensing can hasten the development of effective contact-aware manipulation policies, paving the way for more reliable and versatile domestic robots. More information can be found at https://polytouch.alanz.info/",high,A1,1,A1=high,"A1=The paper develops or evaluates a temporal correspondence, synchronization, delay, or sequence-representation mechanism for PolyTouch: A Robust Multi-Modal Tactile Sensor for Contact-rich Manipulation Using Tactile-Diffusion Policies.","A1=Its mechanism is a plausible transfer to multimodal robot experience, action-observation alignment, or temporally aware policy training.",A1=true,expansion_round_2,,,arxiv:2504.19341,arxiv:2504.19341,4602234803954384178,,,related-papers-round2 | related-papers-round3,,A1,false,false,false,false,A1/expansion-round2-registry.json | A1/expansion-round3-registry.json | A1/paper-registry-complete.json,A1/expansion-round2-triage.jsonl
1178,arxiv:2505.06357,9,MEDIUM,A6,DAPPER: Discriminability-Aware Policy-to-Policy Preference-Based Reinforcement Learning for Query-Efficient Robot Skill Acquisition,arxiv:2505.06357,"Preference-based Reinforcement Learning (PbRL) enables policy learning through simple queries comparing trajectories from a single policy. While human responses to these queries make it possible to learn policies aligned with human preferences, PbRL suffers from low query efficiency, as policy bias limits trajectory diversity and reduces the number of discriminable queries available for learning preferences. This paper identifies preference discriminability, which quantifies how easily a human can judge which trajectory is closer to their ideal behavior, as a key metric for improving query efficiency. To address this, we move beyond comparisons within a single policy and instead generate queries by comparing trajectories from multiple policies, as training them from scratch promotes diversity without policy bias. We propose Discriminability-Aware Policy-to-Policy Preference-Based Efficient Reinforcement Learning (DAPPER), which integrates preference discriminability with trajectory diversification achieved by multiple policies. DAPPER trains new policies from scratch after each reward update and employs a discriminator that learns to estimate preference discriminability, enabling the prioritized sampling of more discriminable queries. During training, it jointly maximizes the preference reward and preference discriminability score, encouraging the discovery of highly rewarding and easily distinguishable policies. Experiments in simulated and real-world legged robot environments demonstrate that DAPPER outperforms previous methods in query efficiency, particularly under challenging preference discriminability conditions. A supplementary video that facilitates understanding of the proposed framework and its experimental results is available at: https://youtu.be/lRwX8FNN8n4",medium,A6,1,A6=medium,"A6=Infers quality, reward, value, or preferences from mixed-outcome demonstrations to reweight or improve actions.","A6=Turns success, failure, and relative-quality signals into supervision for experience selection or policy improvement.",A6=true,primary_assignment,"Yuki Kadokawa, Jonas Frey, Takahiro Miki, Takamitsu Matsubara, Marco Hutter",2025,arxiv:2505.06357,arxiv:2505.06357,7556241613272110970,cs.RO,q13-mech-reward-preference,search-papers,,A6,true,true,false,false,A6/raw-retrieval/q13-mech-reward-preference.json | A6/registry-assignment.jsonl | A6/work/assigned-registry-inspected.jsonl | A6/work/assigned-registry-preinspect.jsonl | A6/work/canonical-pool.jsonl | A6/work/evidence-index.jsonl,A6/triage.jsonl
1191,arxiv:2505.10760,9,HIGH,A3 | A6 | A8,Counterfactual Behavior Cloning: Offline Imitation Learning from Imperfect Human Demonstrations,arxiv:2505.10760,"Learning from humans is challenging because people are imperfect teachers. When everyday humans show the robot a new task they want it to perform, humans inevitably make errors (e.g., inputting noisy actions) and provide suboptimal examples (e.g., overshooting the goal). Existing methods often learn by matching some or all of the human's behavior --- but this approach is fundamentally limited because the demonstrations themselves are imperfect. In this work we advance offline imitation learning by enabling robots to extrapolate across nearby actions, instead of only considering what the human actually showed. We achieve this by hypothesizing that all of the human's demonstrations are trying to convey an underlying policy, while the noise and sub-optimality within their behaviors obfuscates the data and introduces unintentional complexity. To recover the underlying policy and learn what the human teacher meant, we introduce Counter-BC, a generalized version of behavior cloning. Counter-BC expands the dataset to include actions close to behaviors the human demonstrated (i.e., counterfactual actions that the human teacher could have intended, but did not actually show). During training Counter-BC autonomously modifies the human's demonstrations within this expanded region to reach a simplified policy that explains the underlying trends in the human's dataset. Theoretically, we prove that Counter-BC can extract a simple and similar-to-demonstration policy from imperfect data, multiple users, and teachers of varying skill levels. Empirically, we compare Counter-BC to state-of-the-art alternatives in settings with noisy demonstrations, standardized datasets, and real human teachers. Overall, we find that trying to extrapolate what the human teacher meant by considering nearby actions can lead to more proficient learning from humans. See videos of our work here: https://youtu.be/XaeOZWhTt68",high,A3 | A6 | A8,3,A3=high | A6=high | A8=high,"A3=Counterfactual behavior cloning extrapolates across nearby actions rather than treating every human action label as an exact target. | A6=Uses failure, recovery, retry, correction, or intervention data to return execution to a viable state or learn corrective behavior. | A8=Counterfactual action evaluation identifies and corrects imperfect demonstration choices during offline behavior cloning.","A3=It can recover intended behavior when human demonstrations contain overshoots and noisy actions without discarding the whole example. | A6=Shows how imperfect experience can teach robust retry and recovery behavior instead of being discarded. | A8=It makes imperfect trajectories informative about alternatives, increasing usefulness without requiring every collected action to be optimal.",A3=true | A6=true | A8=true,expansion_round_1 | primary_assignment,"Shahabedin Sagheb, Dylan P. Losey",2026,arxiv:2505.10760 | paperid:5940446443785024773,arxiv:2505.10760,5940446443785024773,cs.RO,q01-direct | q02-direct-imperfect-demo | q02-synonyms | q04-mislabeled | q06-syn-noisy-demo | q10-suboptimal | q11-mech-quality-weighted | q12-mech-offline-failures | q19-foundational-il | q23-recent-noisy-il | q30-recent-fail-recovery,firecrawl research search-papers | related-papers,general,A3 | A6,true,true,false,false,A3/assigned-papers.json | A3/evidence-index.json | A3/paper-registry.json | A3/raw/q01-direct.txt | A3/raw/q02-synonyms.txt | A3/raw/q04-mislabeled.txt | A3/raw/q10-suboptimal.txt | A3/raw/q19-foundational-il.txt | A3/raw/q23-recent-noisy-il.txt | A4/canonical-registry.jsonl | A4/raw/q11-help-harm.json | A5/canonical-pool.jsonl | A5/paper-registry.json | A6/expansion/canonical-pool.jsonl | A6/raw-retrieval/q02-direct-imperfect-demo.json | A6/raw-retrieval/q06-syn-noisy-demo.json | A6/raw-retrieval/q11-mech-quality-weighted.json | A6/raw-retrieval/q12-mech-offline-failures.json | A6/raw-retrieval/q30-recent-fail-recovery.json | A6/registry-assignment.jsonl | A6/work/assigned-registry-inspected.jsonl | A6/work/assigned-registry-preinspect.jsonl | A6/work/canonical-pool.jsonl | A6/work/evidence-index.jsonl | A8/work/expansion-novel.jsonl | A8/work/expansion-pool.jsonl,A3/abstract-triage.jsonl | A6/triage.jsonl | A8/work/expansion-triage.jsonl
1204,arxiv:2505.18472,9,HIGH,A1,ManiFeel: Benchmarking and Understanding Visuotactile Manipulation Policy Learning,arxiv:2505.18472,"Supervised visuomotor policies have shown strong performance in robotic manipulation but often struggle in tasks with limited visual inputs, such as operations in confined spaces and dimly lit environments, or tasks requiring precise perception of object properties and environmental interactions. In such cases, tactile feedback becomes essential for manipulation. While the rapid progress of supervised visuomotor policies has benefited greatly from high-quality, reproducible simulation benchmarks in visual imitation, the visuotactile domain still lacks a similarly comprehensive and reliable benchmark for large-scale and rigorous evaluation. To address this, we introduce ManiFeel, a reproducible and scalable simulation benchmark designed to systematically study supervised visuotactile policy learning. ManiFeel offers a diverse suite of contact-rich and visually challenging manipulation tasks, a modular evaluation pipeline spanning sensing modalities, tactile representations, and policy architectures, as well as real-world validation. Through extensive experiments, ManiFeel demonstrates how tactile sensing enhances policy performance across diverse manipulation scenarios, ranging from precise contact-driven operations to visually constrained settings. In addition, the results reveal task-dependent strengths of different tactile modalities and identify key design principles and open challenges for robust visuotactile policy learning. Real-world evaluations further confirm that ManiFeel provides a reliable and meaningful foundation for benchmarking and future visuotactile policy development. To foster reproducibility and future research, we will release our codebase, datasets, training logs, and pretrained checkpoints, aiming to accelerate progress toward generalizable visuotactile policy learning and manipulation.",high,A1,1,A1=high,"A1=The paper develops or evaluates a temporal correspondence, synchronization, delay, or sequence-representation mechanism for ManiFeel: Benchmarking and Understanding Visuotactile Manipulation Policy Learning.","A1=Its mechanism is a plausible transfer to multimodal robot experience, action-observation alignment, or temporally aware policy training.",A1=true,expansion_round_2,,,arxiv:2505.18472,arxiv:2505.18472,8188321816755114179,,,related-papers-round2 | related-papers-round3,,A1,false,false,false,false,A1/expansion-round2-registry.json | A1/expansion-round3-registry.json | A1/paper-registry-complete.json,A1/expansion-round2-triage.jsonl
1217,arxiv:2505.22626,9,HIGH,A3 | A4 | A8,SCIZOR: A Self-Supervised Approach to Data Curation for Large-Scale Imitation Learning,arxiv:2505.22626,"Imitation learning advances robot capabilities by enabling the acquisition of diverse behaviors from human demonstrations. However, large-scale datasets used for policy training often introduce substantial variability in quality, which can negatively impact performance. As a result, automatically curating datasets by filtering low-quality samples to improve quality becomes essential. Existing robotic curation approaches rely on costly manual annotations and perform curation at a coarse granularity, such as the dataset or trajectory level, failing to account for the quality of individual state-action pairs. To address this, we introduce SCIZOR, a self-supervised data curation framework that filters out low-quality state-action pairs to improve the performance of imitation learning policies. SCIZOR targets two complementary sources of low-quality data: suboptimal data, which hinders learning with undesirable actions, and redundant data, which dilutes training with repetitive patterns. SCIZOR leverages a self-supervised task progress predictor for suboptimal data to remove samples lacking task progression, and a deduplication module operating on joint state-action representation for samples with redundant patterns. Empirically, we show that SCIZOR enables imitation learning policies to achieve higher performance with less data, yielding an average improvement of 15.4% across multiple benchmarks. More information is available at: https://ut-austin-rpl.github.io/SCIZOR/",high,A3 | A4 | A8,3,A3=high | A4=high | A8=high,A3=Self-supervised state-action-level curation identifies and filters low-quality portions of heterogeneous robot datasets. | A4=Removes redundant or near-duplicate examples to improve information density and reduce wasted training capacity. | A8=A task-progress predictor removes suboptimal state-action pairs while a joint state-action representation deduplicates redundant samples.,A3=State-action granularity can prevent a brief harmful segment from contaminating an otherwise valuable demonstration. | A4=It offers a direct or transferable way to connect robot experience choices to learned policy behavior. | A8=It combines outcome-aware quality estimation and representation-space redundancy removal to improve imitation with less data.,A3=true | A4=true | A8=true,primary_assignment,Yu Zhang | Yuqi Xie | Huihan Liu | Rutav Shah | Michael Wan | Linxi Fan | Yuke Zhu,2025,arxiv:2505.22626 | paper:7626502141917090167,arxiv:2505.22626,7626502141917090167,cs.AI | cs.LG | cs.RO,A8 | q01-direct | q02-direct | q05-quality-scoring | q05-synonyms | q08-information-gain | q09-dedup | q13-harmful-demo | q24-recent-quality | q33-recent-robot | q37-recent-dedup,firecrawl research search-papers | search-papers | semantic-search,false,A3 | A4,false,false,false,false,A2/canonical-pool.json | A2/canonical-pool.jsonl | A2/raw/q21-bad-segments.json | A2/raw/q42-2024-2025-subsequence.json | A3/assigned-papers.json | A3/evidence-index.json | A3/expansion-registry.json | A3/paper-registry.json | A3/raw/q05-quality-scoring.txt | A3/raw/q24-recent-quality.txt | A4/assigned-papers.json | A4/assigned-registry-inspected.jsonl | A4/assigned-registry-preinspect.jsonl | A4/canonical-registry.jsonl | A4/raw/q08-information-gain.json | A4/raw/q09-dedup.json | A4/raw/q13-harmful-demo.json | A4/raw/q33-recent-robot.json | A4/raw/q37-recent-dedup.json | A6/raw-retrieval/q31-recent-mixed-quality.json | A6/work/canonical-pool.jsonl | A8/raw/q01-direct.json | A8/raw/q02-direct.json | A8/raw/q05-synonyms.json | A8/work/assigned-papers.json | A8/work/canonical-pool.jsonl | A8/work/expansion-pool.jsonl,A3/abstract-triage.jsonl | A4/abstract-triage.jsonl | A8/work/abstract-triage.jsonl | A8/work/assigned-abstracts.jsonl
1230,arxiv:2506.07339,9,HIGH,A1,Real-Time Execution of Action Chunking Flow Policies,arxiv:2506.07339,"Modern AI systems, especially those interacting with the physical world, increasingly require real-time performance. However, the high latency of state-of-the-art generalist models, including recent vision-language action models (VLAs), poses a significant challenge. While action chunking has enabled temporal consistency in high-frequency control tasks, it does not fully address the latency problem, leading to pauses or out-of-distribution jerky movements at chunk boundaries. This paper presents a novel inference-time algorithm that enables smooth asynchronous execution of action chunking policies. Our method, real-time chunking (RTC), is applicable to any diffusion- or flow-based VLA out of the box with no re-training. It generates the next action chunk while executing the current one, ""freezing"" actions guaranteed to execute and ""inpainting"" the rest. To test RTC, we introduce a new benchmark of 12 highly dynamic tasks in the Kinetix simulator, as well as evaluate 6 challenging real-world bimanual manipulation tasks. Results demonstrate that RTC is fast, performant, and uniquely robust to inference delay, significantly improving task throughput and enabling high success rates in precise tasks x2013 such as lighting a match x2013 even in the presence of significant latency. See https://pi.website/research/realtimechunking for videos.",high,A1,1,A1=high,"A1=The paper develops or evaluates a temporal correspondence, synchronization, delay, or sequence-representation mechanism for Real-Time Execution of Action Chunking Flow Policies.","A1=Its mechanism is a plausible transfer to multimodal robot experience, action-observation alignment, or temporally aware policy training.",A1=true,expansion_round_1,,2025,arxiv:2506.07339,arxiv:2506.07339,7760238320497540606,,2024 2025 diffusion policy action chunking trajectory representation,related-references | related-similar,false,A1,false,false,false,false,A1/expansion-registry.json | A1/expansion-round2-registry.json | A1/paper-registry-complete.json | A2/canonical-pool.json | A2/canonical-pool.jsonl | A2/raw/q41-2024-2025-diffusion.json,A1/expansion-triage.jsonl
1243,arxiv:2506.13536,9,HIGH,A3 | A7 | A8,What Matters in Learning from Large-Scale Datasets for Robot Manipulation,arxiv:2506.13536,"Imitation learning from large multi-task demonstration datasets has emerged as a promising path for building generally-capable robots. As a result, 1000s of hours have been spent on building such large-scale datasets around the globe. Despite the continuous growth of such efforts, we still lack a systematic understanding of what data should be collected to improve the utility of a robotics dataset and facilitate downstream policy learning. In this work, we conduct a large-scale dataset composition study to answer this question. We develop a data generation framework to procedurally emulate common sources of diversity in existing datasets (such as sensor placements and object types and arrangements), and use it to generate large-scale robot datasets with controlled compositions, enabling a suite of dataset composition studies that would be prohibitively expensive in the real world. We focus on two practical settings: (1) what types of diversity should be emphasized when future researchers collect large-scale datasets for robotics, and (2) how should current practitioners retrieve relevant demonstrations from existing datasets to maximize downstream policy performance on tasks of interest. Our study yields several critical insights -- for example, we find that camera poses and spatial arrangements are crucial dimensions for both diversity in collection and alignment in retrieval. In real-world robot learning settings, we find that not only do our insights from simulation carry over, but our retrieval strategies on existing datasets such as DROID allow us to consistently outperform existing training strategies by up to 70%. More results at https://robo-mimiclabs.github.io/",high,A3 | A7 | A8,3,A3=high | A7=high | A8=high,"A3=A large-scale dataset-composition study measures which task, object, environment, and behavior attributes improve manipulation learning. | A7=Uses controlled procedural composition and retrieval to identify which diversity axes, especially camera pose and spatial arrangement, matter for downstream tasks. | A8=It studies dataset composition and retrieves demonstrations using scene dimensions such as camera pose and spatial arrangement to align training data with target tasks.",A3=It provides evidence for choosing future collection mixtures rather than maximizing raw hours. | A7=It directly informs coverage measurement and target-conditioned dataset retrieval. | A8=It directly asks what a robot dataset should collect and how representation-aware retrieval affects downstream policy success.,A3=true | A7=true | A8=true,expansion_round_1 | primary_assignment,"Vaibhav Saxena, Matthew Bronars, Nadun Ranawaka Arachchige, Kuancheng Wang, Woo Chul Shin, Soroush Nasiriany, Ajay Mandlekar, Danfei Xu",2025,arxiv:2506.13536,arxiv:2506.13536,2164268087201720550,cs.LG | cs.RO,2024 2025 robot data subsequence selection useful trajectories | A8 | q04-direct | q07-synonyms | q10-mechanism | q25-recent,firecrawl research related-papers | search-papers,false | foundational | recent,A3 | A7,false,true,true,false,A2/canonical-pool.json | A2/canonical-pool.jsonl | A2/raw/q42-2024-2025-subsequence.json | A3/expansion-evidence-index.json | A3/expansion-registry.json | A3/paper-registry.json | A4/canonical-registry.jsonl | A4/expansion/round2/registry.jsonl | A4/expansion/round5/registry.jsonl | A4/raw/q01-direct.json | A4/raw/q08-information-gain.json | A4/raw/q33-recent-robot.json | A4/raw/q37-recent-dedup.json | A7/raw/q01-direct-terms.json | A7/raw/q04-composition.json | A7/raw/q05-synonyms.json | A7/raw/q09-mechanism-generalization.json | A7/raw/q11-scaling-laws.json | A7/raw/q25-foundational-multitask.json | A7/raw/q32-recent-scaling.json | A7/raw/q36-fleet-diversity.json | A7/raw/q37-trajectory-composition.json | A7/raw/q39-quality-vs-diversity.json | A7/work/assigned-papers.json | A7/work/assigned-papers.jsonl | A7/work/expansion-registry.json | A7/work/expansion-registry.jsonl | A7/work/paper-registry.json | A7/work/paper-registry.jsonl | A7/work/read-manifest.json | A7/work/verified-paper-registry.json | A7/work/verified-paper-registry.jsonl | A8/raw/q04-direct.json | A8/raw/q07-synonyms.json | A8/raw/q10-mechanism.json | A8/raw/q25-recent.json | A8/work/assigned-papers.json | A8/work/canonical-pool.jsonl,A3/expansion-triage.jsonl | A7/work/abstract-triage.jsonl | A7/work/assigned-abstracts.jsonl | A8/work/abstract-triage.jsonl | A8/work/assigned-abstracts.jsonl
1256,arxiv:2506.18847,9,HIGH,A2,Offline Goal-Conditioned Reinforcement Learning with Projective Quasimetric Planning,arxiv:2506.18847,"Offline Goal-Conditioned Reinforcement Learning seeks to train agents to reach specified goals from previously collected trajectories. Scaling that promises to long-horizon tasks remains challenging, notably due to compounding value-estimation errors. Principled geometric offers a potential solution to address these issues. Following this insight, we introduce Projective Quasimetric Planning (ProQ), a compositional framework that learns an asymmetric distance and then repurposes it, firstly as a repulsive energy forcing a sparse set of keypoints to uniformly spread over the learned latent space, and secondly as a structured directional cost guiding towards proximal sub-goals. In particular, ProQ couples this geometry with a Lagrangian out-of-distribution detector to ensure the learned keypoints stay within reachable areas. By unifying metric learning, keypoint coverage, and goal-conditioned control, our approach produces meaningful sub-goals and robustly drives long-horizon goal-reaching on diverse a navigation benchmarks.",high,A2,1,A2=high,"A2=Encodes or selects compact trajectory segments or latent plans so sequential experience can be retrieved, recombined, or reused.",A2=The mechanism connects temporal structure to data selection or learning efficiency in the Program A loop.,A2=true,expansion_round_1,,2025,arxiv:2506.18847,,,,,,,A2,false,false,false,false,A2/expansion-pool.json | A2/expansion-pool.jsonl,A2/expansion-triage.jsonl
1269,arxiv:2507.06219,9,HIGH,A5 | A7 | A8,Is Diversity All You Need for Scalable Robotic Manipulation?,arxiv:2507.06219,"Data scaling has driven remarkable success in foundation models for Natural Language Processing (NLP) and Computer Vision (CV), yet the principles of effective data scaling in robotic manipulation remain insufficiently understood. In this work, we investigate the nuanced role of data diversity in robot learning by examining three critical dimensions-task (what to do), embodiment (which robot to use), and expert (who demonstrates)-challenging the conventional intuition of ""more diverse is better"". Throughout extensive experiments on various robot platforms, we reveal that (1) task diversity proves more critical than per-task demonstration quantity, benefiting transfer from diverse pre-training tasks to novel downstream scenarios; (2) multi-embodiment pre-training data is optional for cross-embodiment transfer-models trained on high-quality single-embodiment data can efficiently transfer to different platforms, showing more desirable scaling property during fine-tuning than multi-embodiment pre-trained models; and (3) expert diversity, arising from individual operational preferences and stochastic variations in human demonstrations, can be confounding to policy learning, with velocity multimodality emerging as a key contributing factor. Based on this insight, we propose a distribution debiasing method to mitigate velocity ambiguity, the yielding GO-1-Pro achieves substantial performance gains of 15%, equivalent to using 2.5 times pre-training data. Collectively, these findings provide new perspectives and offer practical guidance on how to scale robotic manipulation datasets effectively.",high,A5 | A7 | A8,3,A5=medium | A7=high | A8=high,"A5=In this work, we investigate the nuanced role of data diversity in robot learning by examining three critical dimensions-task (what to do), embodiment (which robot to use), and expert (who demonstrates)-challenging the conventional intuition of ""more diverse is better"". | A7=Controlledly separates task, embodiment, and expert diversity and debiases multimodal velocity demonstrations when diversity creates conflicting action targets. | A8=Controlled studies separate task, embodiment, and expert diversity and use distribution debiasing to reduce harmful velocity multimodality.","A5=This hard example neighbor tests whether the expansion adds a reusable mechanism for controlling robot experience in policy training. | A7=It directly tests which diversity axes help, which can hurt, and how composition quality can substitute for more data. | A8=It identifies which diversity dimensions improve transfer and which can make a fleet dataset less useful despite being larger.",A5=true | A7=true | A8=true,expansion_round_1 | expansion_round_2 | primary_assignment,"Modi Shi, Li Chen, Jin Chen, Yuxiang Lu, Chiming Liu, Guanghui Ren, Ping Luo, Di Huang, Maoqing Yao, Hongyang Li",2025,arxiv:2507.06219 | paperid:7958127329840344829,arxiv:2507.06219,7958127329840344829,cs.AI | cs.LG | cs.RO,q33-recent-robot,related-papers | search-papers | semantic-search,foundational | recent,A7,false,true,true,true,A4/canonical-registry.jsonl | A4/expansion/round2/registry.jsonl | A4/expansion/round3/registry.jsonl | A4/expansion/round5/registry.jsonl | A4/raw/q33-recent-robot.json | A5/expansion/raw/round2-citers.json | A5/expansion/raw/round3-citers.json | A7/raw/q01-direct-terms.json | A7/raw/q05-synonyms.json | A7/raw/q07-multitask.json | A7/raw/q09-mechanism-generalization.json | A7/raw/q11-scaling-laws.json | A7/raw/q17-negative-transfer.json | A7/raw/q18-benchmark-failures.json | A7/raw/q27-cross-embodiment-foundation.json | A7/raw/q30-recent-generalist.json | A7/raw/q32-recent-scaling.json | A7/raw/q36-fleet-diversity.json | A7/raw/q39-quality-vs-diversity.json | A7/work/assigned-papers.json | A7/work/assigned-papers.jsonl | A7/work/expansion-registry.json | A7/work/expansion-registry.jsonl | A7/work/paper-registry.json | A7/work/paper-registry.jsonl | A7/work/read-manifest.json | A7/work/verified-paper-registry.json | A7/work/verified-paper-registry.jsonl | A8/work/expansion-novel.jsonl | A8/work/expansion-pool.jsonl,A5/expansion/round2-triage.jsonl | A7/work/abstract-triage.jsonl | A7/work/assigned-abstracts.jsonl | A8/work/expansion-triage.jsonl
1282,arxiv:2507.11895,9,HIGH,A4,Newfluence: Boosting Model interpretability and Understanding in High Dimensions,arxiv:2507.11895,"The increasing complexity of machine learning (ML) and artificial intelligence (AI) models has created a pressing need for tools that help scientists, engineers, and policymakers interpret and refine model decisions and predictions. Influence functions, originating from robust statistics, have emerged as a popular approach for this purpose. However, the heuristic foundations of influence functions rely on low-dimensional assumptions where the number of parameters p is much smaller than the number of observations n. In contrast, modern AI models often operate in high-dimensional regimes with large p, challenging these assumptions. In this paper, we examine the accuracy of influence functions in high-dimensional settings. Our theoretical and empirical analyses reveal that influence functions cannot reliably fulfill their intended purpose. We then introduce an alternative approximation, called Newfluence, that maintains similar computational efficiency while offering significantly improved accuracy. Newfluence is expected to provide more accurate insights than many existing methods for interpreting complex AI models and diagnosing their issues. Moreover, the high-dimensional framework we develop in this paper can also be applied to analyze other popular techniques, such as Shapley values.",high,A4,1,A4=high,A4=Uses data valuation or attribution to estimate example contribution to model or policy outcomes.,A4=It directly informs curation of robot experience or a transferable policy-data loop.,A4=true,expansion_round_1,,,arxiv:2507.11895 | paper:8735334734861603315,,,,,related-paper-expansion,,A4,false,false,false,false,A4/expansion/expansion-registry.jsonl,A4/expansion/expansion-triage.jsonl
1295,arxiv:2508.02219,9,HIGH,A2,CO-RFT: Efficient Fine-Tuning of Vision-Language-Action Models through Chunked Offline Reinforcement Learning,arxiv:2508.02219,"Vision-Language-Action (VLA) models demonstrate significant potential for developing generalized policies in real-world robotic control. This progress inspires researchers to explore fine-tuning these models with Reinforcement Learning (RL). However, fine-tuning VLA models with RL still faces challenges related to sample efficiency, compatibility with action chunking, and training stability. To address these challenges, we explore the fine-tuning of VLA models through offline reinforcement learning incorporating action chunking. In this work, we propose Chunked RL, a novel reinforcement learning framework specifically designed for VLA models. Within this framework, we extend temporal difference (TD) learning to incorporate action chunking, a prominent characteristic of VLA models. Building upon this framework, we propose CO-RFT, an algorithm aimed at fine-tuning VLA models using a limited set of demonstrations (30 to 60 samples). Specifically, we first conduct imitation learning (IL) with full parameter fine-tuning to initialize both the backbone and the policy. Subsequently, we implement offline RL with action chunking to optimize the pretrained policy. Our empirical results in real-world environments demonstrate that CO-RFT outperforms previous supervised methods, achieving a 57% improvement in success rate and a 22.3% reduction in cycle time. Moreover, our method exhibits robust positional generalization capabilities, attaining a success rate of 44.3% in previously unseen positions.",high,A2,1,A2=high,A2=Predicts or executes temporally extended action sequences or keypose-conditioned chunks to trade feedback frequency against longer-horizon control.,"A2=Boundary and horizon choices determine the training unit, feedback latency, credit assignment, and compounding-error exposure in long-horizon robot learning.",A2=true,primary_assignment,"Dongchi Huang, Zhirui Fang, Tianle Zhang, Yihang Li, Lin Zhao, Chunhe Xia",2025,arxiv:2508.02219,arxiv:2508.02219,4165841275633391396,cs.LG | cs.RO,action chunking compounding error temporal horizon imitation learning | hierarchical policy action chunking chunk length prediction robot imitation learning,search-papers,false,A2,false,false,false,false,A2/assigned-papers.json | A2/assigned-registry-inspected.json | A2/assigned-registry-inspected.jsonl | A2/canonical-pool.json | A2/canonical-pool.jsonl | A2/raw/q11-action-chunking.json | A2/raw/q18-compounding.json,A2/assigned-abstracts.jsonl | A2/triage.jsonl
1308,arxiv:2508.11286,9,HIGH,A6,Scene Graph-Guided Proactive Replanning for Failure-Resilient Embodied Agent,arxiv:2508.11286,"When humans perform everyday tasks, we naturally adjust our actions based on the current state of the environment. For instance, if we intend to put something into a drawer but notice it is closed, we open it first. However, many autonomous robots lack this adaptive awareness. They often follow pre-planned actions that may overlook subtle yet critical changes in the scene, which can result in actions being executed under outdated assumptions and eventual failure. While replanning is critical for robust autonomy, most existing methods respond only after failures occur, when recovery may be inefficient or infeasible. While proactive replanning holds promise for preventing failures in advance, current solutions often rely on manually designed rules and extensive supervision. In this work, we present a proactive replanning framework that detects and corrects failures at subtask boundaries by comparing scene graphs constructed from current RGB-D observations against reference graphs extracted from successful demonstrations. When the current scene fails to align with reference trajectories, a lightweight reasoning module is activated to diagnose the mismatch and adjust the plan. Experiments in the AI2-THOR simulator demonstrate that our approach detects semantic and spatial mismatches before execution failures occur, significantly improving task success and robustness.",high,A6,1,A6=high,"A6=Learns or supplies recovery, correction, retry, repair, or replanning behavior from failed or perturbed executions.",A6=Makes failure states informative for robust execution and for deciding what corrective data to collect next.,A6=true,expansion_round_1,,,arxiv:2508.11286,arxiv:2508.11286,9015489180174796944,,,related-papers,,A6,false,false,false,false,A6/expansion/canonical-pool.jsonl,A6/expansion/triage.jsonl
1321,arxiv:2508.19958,9,HIGH,A2,Long-VLA: Unleashing Long-Horizon Capability of Vision Language Action Model for Robot Manipulation,arxiv:2508.19958,"Vision-Language-Action (VLA) models have become a cornerstone in robotic policy learning, leveraging large-scale multimodal data for robust and scalable control. However, existing VLA frameworks primarily address short-horizon tasks, and their effectiveness on long-horizon, multi-step robotic manipulation remains limited due to challenges in skill chaining and subtask dependencies. In this work, we introduce Long-VLA, the first end-to-end VLA model specifically designed for long-horizon robotic tasks. Our approach features a novel phase-aware input masking strategy that adaptively segments each subtask into moving and interaction phases, enabling the model to focus on phase-relevant sensory cues and enhancing subtask compatibility. This unified strategy preserves the scalability and data efficiency of VLA training, and our architecture-agnostic module can be seamlessly integrated into existing VLA models. We further propose the L-CALVIN benchmark to systematically evaluate long-horizon manipulation. Extensive experiments on both simulated and real-world tasks demonstrate that Long-VLA significantly outperforms prior state-of-the-art methods, establishing a new baseline for long-horizon robotic control.",high,A2,1,A2=high,A2=Detects or learns semantically meaningful trajectory segments and uses them as variable-horizon action chunks or keypose-to-keypose control targets.,"A2=Boundary and horizon choices determine the training unit, feedback latency, credit assignment, and compounding-error exposure in long-horizon robot learning.",A2=true,primary_assignment,"Yiguo Fan, Pengxiang Ding, Shuanghao Bai, Xinyang Tong, Yuyang Zhu, Hongchao Lu, Fengqi Dai, Wei Zhao, Yang Liu, Siteng Huang, Zhaoxin Fan, Badong Chen, Donglin Wang",2025,arxiv:2508.19958,arxiv:2508.19958,1129577662761466954,cs.RO,2024 2025 vision language action chunk prediction temporal horizon | 2025 2026 long horizon robot manipulation temporal abstraction action chunks | robot manipulation demonstration segmentation subtask boundaries temporally extended actions,search-papers,false,A2,false,false,false,false,A1/paper-registry-complete.json | A1/paper-registry.json | A1/raw/q18-phase.json | A2/assigned-papers.json | A2/assigned-registry-inspected.json | A2/assigned-registry-inspected.jsonl | A2/canonical-pool.json | A2/canonical-pool.jsonl | A2/raw/q02-direct.json | A2/raw/q40-2024-2025-vla.json | A2/raw/q43-2025-2026-long-horizon.json,A2/assigned-abstracts.jsonl | A2/triage.jsonl
1334,arxiv:2509.15212,9,MEDIUM,A8,RynnVLA-001: Using Human Demonstrations to Improve Robot Manipulation,arxiv:2509.15212,"This paper presents RynnVLA-001, a vision-language-action(VLA) model built upon large-scale video generative pretraining from human demonstrations. We propose a novel two-stage pretraining methodology. The first stage, Ego-Centric Video Generative Pretraining, trains an Image-to-Video model on 12M ego-centric manipulation videos to predict future frames conditioned on an initial frame and a language instruction. The second stage, Human-Centric Trajectory-Aware Modeling, extends this by jointly predicting future keypoint trajectories, thereby effectively bridging visual frame prediction with action prediction. Furthermore, to enhance action representation, we propose ActionVAE, a variational autoencoder that compresses sequences of actions into compact latent embeddings, reducing the complexity of the VLA output space. When finetuned on the same downstream robotics datasets, RynnVLA-001 achieves superior performance over state-of-the-art baselines, demonstrating that the proposed pretraining strategy provides a more effective initialization for VLA models.",medium,A8,1,A8=medium,A8=It pretrains visual and keypoint trajectory representations from human video and compresses action sequences into ActionVAE latent embeddings before VLA fine-tuning.,A8=It suggests representation pretraining and action compression as ways to increase the utility of heterogeneous human and robot experience.,A8=true,primary_assignment,,,arxiv:2509.15212,arxiv:2509.15212,7191295012736576310,,A8 | q26-recent,search-papers,recent,A8,false,false,false,false,A8/raw/q26-recent.json | A8/work/assigned-papers.json | A8/work/canonical-pool.jsonl,A8/work/abstract-triage.jsonl | A8/work/assigned-abstracts.jsonl
1347,arxiv:2509.20612,9,MEDIUM,A8,Policy Compatible Skill Incremental Learning via Lazy Learning Interface,arxiv:2509.20612,"Skill Incremental Learning (SIL) is the process by which an embodied agent expands and refines its skill set over time by leveraging experience gained through interaction with its environment or by the integration of additional data. SIL facilitates efficient acquisition of hierarchical policies grounded in reusable skills for downstream tasks. However, as the skill repertoire evolves, it can disrupt compatibility with existing skill-based policies, limiting their reusability and generalization. In this work, we propose SIL-C, a novel framework that ensures skill-policy compatibility, allowing improvements in incrementally learned skills to enhance the performance of downstream policies without requiring policy re-training or structural adaptation. SIL-C employs a bilateral lazy learning-based mapping technique to dynamically align the subtask space referenced by policies with the skill space decoded into agent behaviors. This enables each subtask, derived from the policy's decomposition of a complex task, to be executed by selecting an appropriate skill based on trajectory distribution similarity. We evaluate SIL-C across diverse SIL scenarios and demonstrate that it maintains compatibility between evolving skills and downstream policies while ensuring efficiency throughout the learning process.",medium,A8,1,A8=medium,A8=A lazy interface incrementally adds skills while preserving compatibility with the existing policy and selecting reusable skill data.,"A8=It addresses how new fleet data can expand capability without causing negative transfer, though active selection is secondary.",A8=true,expansion_round_2,,2025,arxiv:2509.20612 | paperid:1959673439136639858,arxiv:2509.20612,1959673439136639858,,2025 2026 embodied learning trajectory compression skill segmentation | event boundary errors skill segmentation downstream policy performance,search-papers,false,A8,false,false,false,false,A2/canonical-pool.json | A2/canonical-pool.jsonl | A2/raw/q22-boundary-errors.json | A2/raw/q44-2025-2026-compression.json | A8/work/expansion-round2-novel.jsonl,A8/work/expansion-round2-triage.jsonl
1360,arxiv:2509.26294,9,MEDIUM,A3,Noise-Guided Transport for Imitation Learning,arxiv:2509.26294,"We consider imitation learning in the low-data regime, where only a limited number of expert demonstrations are available. In this setting, methods that rely on large-scale pretraining or high-capacity architectures can be difficult to apply, and efficiency with respect to demonstration data becomes critical. We introduce Noise-Guided Transport (NGT), a lightweight off-policy method that casts imitation as an optimal transport problem solved via adversarial training. NGT requires no pretraining or specialized architectures, incorporates uncertainty estimation by design, and is easy to implemen",medium,A3,1,A3=medium,A3=An optimal-transport imitation method incorporates uncertainty estimation while learning from limited demonstrations.,"A3=The uncertainty signal could support robust weighting and selective follow-up, although the abstract does not establish direct corrupted-data filtering.",A3=true,primary_assignment,Lionel Blondé | Joao A. Candido Ramos | Alexandros Kalousis,2025,arxiv:2509.26294,,,cs.AI | cs.LG,q23-recent-noisy-il,firecrawl research search-papers,,A3,false,false,false,false,A3/assigned-papers.json | A3/evidence-index.json | A3/paper-registry.json | A3/raw/q23-recent-noisy-il.txt,A3/abstract-triage.jsonl
1373,arxiv:2510.09096,9,HIGH,A6,When a Robot is More Capable than a Human: Learning from Constrained Demonstrators,arxiv:2510.09096,"Learning from demonstrations enables experts to teach robots complex tasks using interfaces such as kinesthetic teaching, joystick control, and sim-to-real transfer. However, these interfaces often constrain the expert's ability to demonstrate optimal behavior due to indirect control, setup restrictions, and hardware safety. For example, a joystick can move a robotic arm only in a 2D plane, even though the robot operates in a higher-dimensional space. As a result, the demonstrations collected by constrained experts lead to suboptimal performance of the learned policies. This raises a key question: Can a robot learn a better policy than the one demonstrated by a constrained expert? We address this by allowing the agent to go beyond direct imitation of expert actions and explore shorter and more efficient trajectories. We use the demonstrations to infer a state-only reward signal that measures task progress, and self-label reward for unknown states using temporal interpolation. Our approach outperforms common imitation learning in both sample efficiency and task completion time. On a real WidowX robotic arm, it completes the task in 12 seconds, 10x faster than behavioral cloning, as shown in real-robot videos on https://sites.google.com/view/constrainedexpert .",high,A6,1,A6=high,"A6=Infers quality, reward, value, or preferences from mixed-outcome demonstrations to reweight or improve actions.","A6=Turns success, failure, and relative-quality signals into supervision for experience selection or policy improvement.",A6=true,primary_assignment,"Xinhu Li, Ayush Jain, Zhaojing Yang, Yigit Korkmaz, Erdem BÄ±yÄ±k",2025,arxiv:2510.09096,arxiv:2510.09096,148249198443564677,cs.AI | cs.LG | cs.RO,q05-syn-suboptimal-demo | q08-syn-negative-demo | q25-found-failures,related-papers,false,A6,true,true,false,false,A2/canonical-pool.json | A2/canonical-pool.jsonl | A2/raw/q12-compression.json | A4/canonical-registry.jsonl | A4/raw/q01-direct.json | A4/raw/q11-help-harm.json | A5/canonical-pool.jsonl | A5/paper-registry.json | A5/raw/q03-direct-hard.json | A6/expansion/canonical-pool.jsonl | A6/raw-retrieval/q05-syn-suboptimal-demo.json | A6/raw-retrieval/q08-syn-negative-demo.json | A6/raw-retrieval/q25-found-failures.json | A6/registry-assignment.jsonl | A6/work/assigned-registry-inspected.jsonl | A6/work/assigned-registry-preinspect.jsonl | A6/work/canonical-pool.jsonl | A6/work/evidence-index.jsonl,A6/triage.jsonl
1386,arxiv:2510.17111,9,HIGH,A1,Efficient Vision-Language-Action Models for Embodied Manipulation: A Systematic Survey,arxiv:2510.17111,"Vision-Language-Action (VLA) models extend vision-language models to embodied control by mapping natural-language instructions and visual observations to robot actions. Despite their capabilities, VLA systems face significant challenges due to their massive computational and memory demands, which conflict with the constraints of edge platforms such as on-board mobile manipulators that require real-time performance. Addressing this tension has become a central focus of recent research. In light of the growing efforts toward more efficient and scalable VLA systems, this survey provides a systematic review of approaches for improving VLA efficiency, with an emphasis on reducing latency, memory footprint, and training and inference costs. We categorize existing solutions into four dimensions: model architecture, perception feature, action generation, and training/inference strategies, summarizing representative techniques within each category. Finally, we discuss future trends and open challenges, highlighting directions for advancing efficient embodied intelligence.",high,A1,1,A1=high,"A1=The paper develops or evaluates a temporal correspondence, synchronization, delay, or sequence-representation mechanism for Efficient Vision-Language-Action Models for Embodied Manipulation: A Systematic Survey.","A1=Its mechanism is a plausible transfer to multimodal robot experience, action-observation alignment, or temporally aware policy training.",A1=true,expansion_round_2,,,arxiv:2510.17111,arxiv:2510.17111,4766139000239976698,,,related-papers-round2,,A1,false,false,false,false,A1/expansion-round2-registry.json | A1/paper-registry-complete.json,A1/expansion-round2-triage.jsonl
1399,arxiv:2510.24095,9,HIGH,A2,Learning Parameterized Skills from Demonstrations,arxiv:2510.24095,"We present DEPS, an end-to-end algorithm for discovering parameterized skills from expert demonstrations. Our method learns parameterized skill policies jointly with a meta-policy that selects the appropriate discrete skill and continuous parameters at each timestep. Using a combination of temporal variational inference and information-theoretic regularization methods, we address the challenge of degeneracy common in latent variable models, ensuring that the learned skills are temporally extended, semantically meaningful, and adaptable. We empirically show that learning parameterized skills from multitask expert demonstrations significantly improves generalization to unseen tasks. Our method outperforms multitask as well as skill learning baselines on both LIBERO and MetaWorld benchmarks. We also demonstrate that DEPS discovers interpretable parameterized skills, such as an object grasping skill whose continuous arguments define the grasp location.",high,A2,1,A2=high,"A2=Encodes or selects compact trajectory segments or latent plans so sequential experience can be retrieved, recombined, or reused.","A2=The mechanism can turn long robot experience into reusable training units, skill memories, or better-conditioned policy targets.",A2=true,expansion_round_1,,2025,arxiv:2510.24095,arxiv:2510.24095,4197177455214316091,,learning to segment demonstrations programming by demonstration,search-papers,false,A2,false,false,false,false,A2/canonical-pool.json | A2/canonical-pool.jsonl | A2/expansion-pool.json | A2/expansion-pool.jsonl | A2/raw/q29-programming-by-demo.json,A2/expansion-triage.jsonl
1412,arxiv:2511.01331,9,HIGH,A7,RobustVLA: Robustness-Aware Reinforcement Post-Training for Vision-Language-Action Models,arxiv:2511.01331,"Vision-Language-Action (VLA) models have recently emerged as powerful general-purpose policies for robotic manipulation, benefiting from large-scale multi-modal pre-training. However, they often fail to generalize reliably in out-of-distribution deployments, where unavoidable disturbances such as observation noise, sensor errors, or actuation perturbations become prevalent. While recent Reinforcement Learning (RL)-based post-training provides a practical means to adapt pre-trained VLA models, existing methods mainly emphasize reward maximization and overlook robustness to environmental uncertainty. In this work, we introduce RobustVLA, a lightweight online RL post-training method designed to explicitly enhance the resilience of VLA models. Through a systematic robustness analysis, we identify two key regularizations: Jacobian regularization, which mitigates sensitivity to observation noise, and smoothness regularization, which stabilizes policies under action perturbations. Extensive experiments across diverse robotic environments demonstrate that RobustVLA significantly outperforms prior state-of-the-art methods in robustness and reliability. Our results highlight the importance of principled robustness-aware RL post-training as a key step toward improving the reliability and robustness of VLA models.",high,A7,1,A7=high,"A7=Vision-Language-Action (VLA) models have recently emerged as powerful general-purpose policies for robotic manipulation, benefiting from large-scale multi-modal pre-training.",A7=It helps diagnose or reduce behavior-distribution mismatch and spurious dependence under deployment shift.,A7=true,expansion_round_1,,,arxiv:2511.01331,,,,,citers,,A7,false,false,false,false,A7/work/expansion-read-manifest.json | A7/work/expansion-registry.json | A7/work/expansion-registry.jsonl,A7/work/expansion-triage.jsonl
1425,arxiv:2511.14396,9,HIGH,A1,Continuous Vision-Language-Action Co-Learning with Semantic-Physical Alignment for Behavioral Cloning,arxiv:2511.14396,"Language-conditioned manipulation facilitates human-robot interaction via behavioral cloning (BC), which learns control policies from human demonstrations and serves as a cornerstone of embodied AI. Overcoming compounding errors in sequential action decisions remains a central challenge to improving BC performance. Existing approaches mitigate compounding errors through data augmentation, expressive representation, or temporal abstraction. However, they suffer from physical discontinuities and semantic-physical misalignment, leading to inaccurate action cloning and intermittent execution. In this paper, we present Continuous vision-language-action Co-Learning with Semantic-Physical Alignment (CCoL), a novel BC framework that ensures temporally consistent execution and fine-grained semantic grounding. It generates robust and smooth action execution trajectories through continuous co-learning across vision, language, and proprioceptive inputs (e.g., robot internal states). Meanwhile, we anchor language semantics to visuomotor representations by a bidirectional cross-attention to learn contextual information for action generation, successfully overcoming the problem of semantic-physical misalignment. Extensive experiments show that CCoL achieves an average 8.0% relative improvement across three simulation suites, with up to 19.2% relative gain in human-demonstrated bimanual insertion tasks. Real-world tests on a 7-DoF robot further confirm CCoL's generalization under unseen and noisy object states.",high,A1,1,A1=high,"A1=CCoL uses continuous co-learning and bidirectional cross-attention across vision, language, and proprioception to enforce smooth semantic-physical action grounding.",A1=It targets physical discontinuities and temporally inconsistent action cloning in bimanual manipulation.,A1=true,primary_assignment,,,arxiv:2511.14396,arxiv:2511.14396,901122192558029385,,q05-failure | q15-recent-vla | q17-recent-failure | q18-phase,search-papers,recent,A1,false,false,false,false,A1/assigned-papers.json | A1/inspection-manifest.json | A1/paper-registry-complete.json | A1/paper-registry.json | A1/raw/q05-failure.json | A1/raw/q15-recent-vla.json | A1/raw/q17-recent-failure.json | A1/raw/q18-phase.json | A5/canonical-pool.jsonl | A5/paper-registry.json,A1/assigned-abstracts.jsonl | A1/triage.jsonl
1438,arxiv:2512.01321,9,MEDIUM,A8,Extending NGU to Multi-Agent RL: A Preliminary Study,arxiv:2512.01321,"The Never Give Up (NGU) algorithm has proven effective in reinforcement learning tasks with sparse rewards by combining episodic novelty and intrinsic motivation. In this work, we extend NGU to multi-agent environments and evaluate its performance in the simpletag environment from the PettingZoo suite. Compared to a multi-agent DQN baseline, NGU achieves moderately higher returns and more stable learning dynamics. We investigate three design choices: (1) shared replay buffer versus individual replay buffers, (2) sharing episodic novelty among agents using different k thresholds, and (3) using heterogeneous values of the beta parameter. Our results show that NGU with a shared replay buffer yields the best performance and stability, highlighting that the gains come from combining NGU intrinsic exploration with experience sharing. Novelty sharing performs comparably when k = 1 but degrades learning for larger values. Finally, heterogeneous beta values do not improve over a small common value. These findings suggest that NGU can be effectively applied in multi-agent settings when experiences are shared and intrinsic exploration signals are carefully tuned.",medium,A8,1,A8=medium,A8=Multi-agent episodic and lifelong novelty signals extend intrinsic exploration across cooperating agents.,"A8=It suggests shared novelty memory for fleet exploration, but the preliminary setting needs validation.",A8=true,expansion_round_3,,,arxiv:2512.01321 | paperid:5588495275950532896,,paper:5588495275950532896,,18,,general,A8,false,false,false,false,A5/canonical-pool.jsonl | A5/paper-registry.json | A8/work/expansion-round3-novel.jsonl,A8/work/expansion-round3-triage.jsonl
1451,arxiv:2512.10042,9,HIGH,A8,SEMDICE: Off-policy State Entropy Maximization via Stationary Distribution Correction Estimation,arxiv:2512.10042,"In the unsupervised pre-training for reinforcement learning, the agent aims to learn a prior policy for downstream tasks without relying on task-specific reward functions. We focus on state entropy maximization (SEM), where the goal is to learn a policy that maximizes the entropy of the state stationary distribution. In this paper, we introduce SEMDICE, a principled off-policy algorithm that computes an SEM policy from an arbitrary off-policy dataset, which optimizes the policy directly within the space of stationary distributions. SEMDICE computes a single, stationary Markov state-entropy-maximizing policy from an arbitrary off-policy dataset. Experimental results demonstrate that SEMDICE outperforms baseline algorithms in maximizing state entropy while achieving the best adaptation efficiency for downstream tasks among SEM-based unsupervised RL pre-training methods.",high,A8,1,A8=high,A8=Stationary-distribution correction estimates off-policy state entropy and optimizes behavior toward high-coverage state distributions.,A8=It provides an offline-compatible state-coverage objective for deciding which experience mixture to collect or replay.,A8=true,expansion_round_3,,,arxiv:2512.10042 | paperid:5039393524535964580,,,,,,,A8,false,false,false,false,A8/work/expansion-round3-novel.jsonl,A8/work/expansion-round3-triage.jsonl
1464,arxiv:2512.19270,9,HIGH,A4,Are All Data Necessary? Efficient Data Pruning for Large-scale Autonomous Driving Dataset via Trajectory Entropy Maximization,arxiv:2512.19270,"Collecting large-scale naturalistic driving data is essential for training robust autonomous driving planners. However, real-world datasets often contain a substantial amount of repetitive and low-value samples, which lead to excessive storage costs and bring limited benefits to policy learning. To address this issue, we propose an information-theoretic data pruning method that effectively reduces the training data volume without compromising model performance. Our approach evaluates the trajectory distribution information entropy of driving data and iteratively selects high-value samples that preserve the statistical characteristics of the original dataset in a model-agnostic manner. From a theoretical perspective, we show that maximizing trajectory entropy effectively constrains the Kullback-Leibler divergence between the pruned subset and the original data distribution, thereby maintaining generalization ability. Comprehensive experiments on the NuPlan benchmark with a large-scale imitation learning framework demonstrate that the proposed method can reduce the dataset size by up to 40% while maintaining closed-loop performance. This work provides a lightweight and theoretically grounded approach for scalable data management and efficient policy learning in autonomous driving systems.",high,A4,1,A4=high,"A4=Constructs a smaller or weighted training subset by matching gradients, coverage, representativeness, or expected utility.",A4=It offers a direct or transferable way to connect robot experience choices to learned policy behavior.,A4=true,primary_assignment,,2025,arxiv:2512.19270 | paper:2526571604248250802,arxiv:2512.19270,2526571604248250802,,q20-driving,semantic-search,false,A4,false,false,false,false,A2/canonical-pool.json | A2/canonical-pool.jsonl | A2/raw/q21-bad-segments.json | A4/assigned-papers.json | A4/assigned-registry-inspected.jsonl | A4/assigned-registry-preinspect.jsonl | A4/canonical-registry.jsonl | A4/raw/q20-driving.json,A4/abstract-triage.jsonl
1477,arxiv:2601.01651,9,HIGH,A2,DemoBot: Efficient Learning of Bimanual Manipulation with Dexterous Hands From Third-Person Human Videos,arxiv:2601.01651,"This work presents DemoBot, a learning framework that enables a dual-arm, multi-finger robotic system to acquire complex manipulation skills from a single unannotated RGB-D video demonstration. The method extracts structured motion trajectories of both hands and objects from raw video data. These trajectories serve as motion priors for a novel reinforcement learning (RL) pipeline that learns to refine them through contact-rich interactions, thereby eliminating the need to learn from scratch. To address the challenge of learning long-horizon manipulation skills, we introduce: (1) Temporal-segment based RL to enforce temporal alignment of the current state with demonstrations; (2) Success-Gated Reset strategy to balance the refinement of readily acquired skills and the exploration of subsequent task stages; and (3) Event-Driven Reward curriculum with adaptive thresholding to guide the RL learning of high-precision manipulation. The novel video processing and RL framework successfully achieved long-horizon synchronous and asynchronous bimanual assembly tasks, offering a scalable approach for direct skill acquisition from human videos.",high,A2,1,A2=high,A2=Detects or learns semantically meaningful trajectory segments and uses them as variable-horizon action chunks or keypose-to-keypose control targets.,"A2=Boundary and horizon choices determine the training unit, feedback latency, credit assignment, and compounding-error exposure in long-horizon robot learning.",A2=true,primary_assignment,"Yucheng Xu, Xiaofeng Mao, Elle Miller, Xinyu Yi, Yang Li, Zhibin Li, Robert B. Fisher",2026,arxiv:2601.01651,arxiv:2601.01651,5576374471582489225,cs.RO,dynamic time warping temporal alignment segmentation robot manipulation trajectories,search-papers,false,A2,false,false,false,false,A1/paper-registry-complete.json | A1/paper-registry.json | A1/raw/q01-direct.json | A1/raw/q09-foundational-robot.json | A2/assigned-papers.json | A2/assigned-registry-inspected.json | A2/assigned-registry-inspected.jsonl | A2/canonical-pool.json | A2/canonical-pool.jsonl | A2/raw/q13-dtw.json | A5/canonical-pool.jsonl | A5/paper-registry.json | A5/raw/q02-direct-curriculum.json,A2/assigned-abstracts.jsonl | A2/triage.jsonl
1490,arxiv:2601.05241,9,MEDIUM,A4 | A5,RoboVIP: Multi-View Video Generation with Visual Identity Prompting Augments Robot Manipulation,arxiv:2601.05241,"The diversity, quantity, and quality of manipulation data are critical for training effective robot policies. However, due to hardware and physical setup constraints, collecting large-scale real-world manipulation data remains difficult to scale across diverse environments. Recent work uses text-prompt conditioned image diffusion models to augment manipulation data by altering the backgrounds and tabletop objects in the visual observations. However, these approaches often overlook the practical need for multi-view and temporally coherent observations required by state-of-the-art policy models. Further, text prompts alone cannot reliably specify the scene setup. To provide the diffusion model with explicit visual guidance, we introduce visual identity prompting, which supplies exemplar images as conditioning inputs to guide the generation of the desired scene setup. To this end, we also build a scalable pipeline to curate a visual identity pool from large robotics datasets. Using our augmented manipulation data to train downstream vision-language-action and visuomotor policy models yields consistent performance gains in both simulation and real-robot settings.",medium,A4 | A5,2,A4=medium | A5=medium,"A4=Connects trajectory or demonstration choice to downstream policy learning, behavior, or offline-RL utility. | A5=The diversity, quantity, and quality of manipulation data are critical for training effective robot policies.",A4=It is directly or plausibly transferable to selecting robot experience for policy learning. | A5=This adjacent transfer neighbor tests whether the expansion adds a reusable mechanism for controlling robot experience in policy training.,A4=false | A5=true,expansion_round_1 | expansion_round_3,,2026,arxiv:2601.05241 | paper:383161011009935380,arxiv:2601.05241,383161011009935380,,,search-papers,recent,A4 | A5,false,false,false,false,A4/expansion/round4/registry.jsonl | A5/expansion/raw/round3-citers.json | A7/raw/q11-scaling-laws.json | A7/raw/q39-quality-vs-diversity.json | A7/work/paper-registry.json | A7/work/paper-registry.jsonl | A7/work/verified-paper-registry.json | A7/work/verified-paper-registry.jsonl,A4/expansion/all-new-expansion-triage.jsonl | A5/expansion/round3-triage.jsonl
1503,arxiv:2601.10738,9,HIGH,A2,CTHA: Constrained Temporal Hierarchical Architecture for Stable Multi-Agent LLM Systems,arxiv:2601.10738,"Recently, multi-time-scale agent architectures have extended the ubiquitous single-loop paradigm by introducing temporal hierarchies with distinct cognitive layers. While yielding substantial performance gains, this diversification fundamentally compromises the coordination stability intrinsic to unified agent systems, which causes severe inter-layer conflicts, unbounded error propagation, and restricted scalability. To address these challenges, we propose Constrained Temporal Hierarchical Architecture (CTHA), a general framework that projects the inter-layer communication space onto structured manifolds to restore coordination stability, while incorporating principled arbitration mechanisms to ensure coherent decision-making. Specifically, CTHA enforces three key constraints: (1) Message Contract Constraints that formalize information flow between layers via typed summary, plan, and policy packets; (2) Authority Manifold Constraints that bound each layer's decision space according to its temporal scope; and (3) Arbiter Resolution Constraints that guarantee conflict-free composition of multi-layer decisions. Empirical experiments demonstrate that CTHA is effective for complex task execution at scale, offering 47% reduction in failure cascades, 2.3x improvement in sample efficiency, and superior scalability compared to unconstrained hierarchical baselines. We anticipate that CTHA, as a principled extension of temporal hierarchies, will contribute to a deeper understanding of multi-agent coordination and suggest promising directions for the evolution of robust autonomous systems.",high,A2,1,A2=high,A2=Discovers reusable temporal structure in sequential experience for downstream decision making or policy learning.,"A2=The mechanism can turn long robot experience into reusable training units, skill memories, or better-conditioned policy targets.",A2=true,expansion_round_1,,2026,arxiv:2601.10738,,,,,,,A2,false,false,false,false,A2/expansion-pool.json | A2/expansion-pool.jsonl,A2/expansion-triage.jsonl
1516,arxiv:2601.14133,9,MEDIUM,A4,TwinBrainVLA: Unleashing the Potential of Generalist VLMs for Embodied Tasks via Asymmetric Mixture-of-Transformers,arxiv:2601.14133,"The fundamental premise of Vision-Language-Action (VLA) models is to harness the extensive general capabilities of pre-trained Vision-Language Models (VLMs) for generalized embodied intelligence. However, standard robotic fine-tuning inevitably disrupts the pre-trained feature space, leading to ""catastrophic forgetting"" that compromises the general visual understanding we aim to leverage. To effectively utilize the uncorrupted general capabilities of VLMs for robotic tasks, we propose TwinBrainVLA, which coordinates two isomorphic VLM pathways: a frozen generalist (also called ""Left Brain"") and a trainable specialist (also called ""Right Brain""). Our architecture utilizes a Asymmetric Mixture-of-Transformers (AsyMoT) mechanism, enabling the Right Brain to dynamically query and fuse intact semantic knowledge from the Left Brain with proprioceptive states. This fused representation conditions a flow-matching action expert for precise continuous control. Empirical results on SimplerEnv and RoboCasa benchmarks demonstrate that by explicitly retaining general capabilities, TwinBrainVLA achieves substantial performance gains over baseline models in complex manipulation tasks.",medium,A4,1,A4=medium,"A4=Connects trajectory or demonstration choice to downstream policy learning, behavior, or offline-RL utility.",A4=It is directly or plausibly transferable to selecting robot experience for policy learning.,A4=true,expansion_round_1,,,arxiv:2601.14133 | paper:5991421281769623022,,,,,,,A4,false,false,false,false,A4/expansion/round3/registry.jsonl | A4/expansion/round4/registry.jsonl,A4/expansion/all-new-expansion-triage.jsonl
1529,arxiv:2601.19452,9,HIGH,A2 | A6,APC-RL: Exceeding Data-Driven Behavior Priors with Adaptive Policy Composition,arxiv:2601.19452,"Incorporating demonstration data into reinforcement learning (RL) can greatly accelerate learning, but existing approaches often assume demonstrations are optimal and fully aligned with the target task. In practice, demonstrations are frequently sparse, suboptimal, or misaligned, which can degrade performance when these demonstrations are integrated into RL. We propose Adaptive Policy Composition (APC), a hierarchical model that adaptively composes multiple data-driven Normalizing Flow (NF) priors. Instead of enforcing strict adherence to the priors, APC estimates each prior's applicability to the target task while leveraging them for exploration. Moreover, APC either refines useful priors, or sidesteps misaligned ones when necessary to optimize downstream reward. Across diverse benchmarks, APC accelerates learning when demonstrations are aligned, remains robust under severe misalignment, and leverages suboptimal demonstrations to bootstrap exploration while avoiding performance degradation caused by overly strict adherence to suboptimal demonstrations.",high,A2 | A6,2,A2=high | A6=medium,"A2=Discovers reusable temporal structure in sequential experience for downstream decision making or policy learning. | A6=Estimates demonstration quality or latent expertise to filter, weight, or optimize learning from mixed-quality experience.","A2=The mechanism can turn long robot experience into reusable training units, skill memories, or better-conditioned policy targets. | A6=Shows how heterogeneous demonstrations can contribute without treating every transition as equally trustworthy.",A2=true | A6=true,expansion_round_1,,2026,arxiv:2601.19452,arxiv:2601.19452,6723986118301446421,,q03-synonyms | q12-mech-offline-failures,firecrawl research search-papers | related-papers,,A3,false,false,false,true,A2/expansion-pool.json | A2/expansion-pool.jsonl | A3/paper-registry.json | A3/raw/q03-synonyms.txt | A6/expansion/canonical-pool.jsonl | A6/raw-retrieval/q12-mech-offline-failures.json | A6/work/canonical-pool.jsonl,A2/expansion-triage.jsonl | A6/expansion/triage.jsonl
1542,arxiv:2601.21998,9,HIGH,A1,Causal World Modeling for Robot Control,arxiv:2601.21998,"This work highlights that video world modeling, alongside vision-language pre-training, establishes a fresh and independent foundation for robot learning. Intuitively, video world models provide the ability to imagine the near future by understanding the causality between actions and visual dynamics. Inspired by this, we introduce LingBot-VA, an autoregressive diffusion framework that learns frame prediction and policy execution simultaneously. Our model features three carefully crafted designs: (1) a shared latent space, integrating vision and action tokens, driven by a Mixture-of-Transformers (MoT) architecture, (2) a closed-loop rollout mechanism, allowing for ongoing acquisition of environmental feedback with ground-truth observations, (3) an asynchronous inference pipeline, parallelizing action prediction and motor execution to support efficient control. We evaluate our model on both simulation benchmarks and real-world scenarios, where it shows significant promise in long-horizon manipulation, data efficiency in post-training, and strong generalizability to novel configurations. The code and model are made publicly available to facilitate the community.",high,A1,1,A1=high,"A1=The paper develops or evaluates a temporal correspondence, synchronization, delay, or sequence-representation mechanism for Causal World Modeling for Robot Control.","A1=Its mechanism is a plausible transfer to multimodal robot experience, action-observation alignment, or temporally aware policy training.",A1=true,expansion_round_2,,,arxiv:2601.21998,arxiv:2601.21998,7207923511884259225,,,related-papers-round2,,A1,false,false,false,false,A1/expansion-round2-registry.json | A1/paper-registry-complete.json,A1/expansion-round2-triage.jsonl
1555,arxiv:2602.01067,9,HIGH,A4 | A7,A Systematic Study of Data Modalities and Strategies for Co-training Large Behavior Models for Robot Manipulation,arxiv:2602.01067,"Large behavior models have shown strong dexterous manipulation capabilities by extending imitation learning to large-scale training on multi-task robot data, yet their generalization remains limited by the insufficient robot data coverage. To expand this coverage without costly additional data collection, recent work relies on co-training: jointly learning from target robot data and heterogeneous data modalities. However, how different co-training data modalities and strategies affect policy performance remains poorly understood. We present a large-scale empirical study examining five co-training data modalities: standard vision-language data, dense language annotations for robot trajectories, cross-embodiment robot data, human videos, and discrete robot action tokens across single- and multi-phase training strategies. Our study leverages 4,000 hours of robot and human manipulation data and 50M vision-language samples to train vision-language-action policies. We evaluate 89 policies over 58,000 simulation rollouts and 2,835 real-world rollouts. Our results show that co-training with forms of vision-language and cross-embodiment robot data substantially improves generalization to distribution shifts, unseen tasks, and language following, while discrete action token variants yield no significant benefits. Combining effective modalities produces cumulative gains and enables rapid adaptation to unseen long-horizon dexterous tasks via fine-tuning. Training exclusively on robot data degrades the visiolinguistic understanding of the vision-language model backbone, while co-training with effective modalities restores these capabilities. Explicitly conditioning action generation on chain-of-thought traces learned from co-training data does not improve performance in our simulation benchmark. Together, these results provide practical guidance for building scalable generalist robot policies.",high,A4 | A7,2,A4=high | A7=high,"A4=Relates data composition or example properties to downstream model or policy behavior and provides a mechanism for selecting or weighting experience. | A7=Systematically co-trains robot policies with language, human video, cross-embodiment robot data, and other modalities to expand coverage under distribution shifts.",A4=It offers a direct or transferable way to connect robot experience choices to learned policy behavior. | A7=It compares source modalities and training schedules at scale rather than assuming all added data is equally useful.,A4=true | A7=true,primary_assignment,"Fanqi Lin, Kushal Arora, Jean Mercat, Haruki Nishimura, Paarth Shah, Chen Xu, Mengchao Zhang, Mark Zolotas, Maya Angeles, Owen Pfannenstiehl, Andrew Beaulieu, Jose Barreiros",2026,arxiv:2602.01067 | paper:4273333867653501783,arxiv:2602.01067,4273333867653501783,cs.RO,q12-action-labels | q30-vla-data | q35-recent-vla,search-papers | semantic-search,general | recent,A4 | A7,false,true,true,false,A3/paper-registry.json | A3/raw/q12-action-labels.txt | A4/assigned-papers.json | A4/assigned-registry-inspected.jsonl | A4/assigned-registry-preinspect.jsonl | A4/canonical-registry.jsonl | A4/raw/q30-vla-data.json | A4/raw/q35-recent-vla.json | A5/canonical-pool.jsonl | A5/paper-registry.json | A7/raw/q03-heterogeneous.json | A7/raw/q05-synonyms.json | A7/raw/q09-mechanism-generalization.json | A7/raw/q12-vla-composition.json | A7/raw/q31-recent-heterogeneous.json | A7/raw/q32-recent-scaling.json | A7/raw/q36-fleet-diversity.json | A7/raw/q39-quality-vs-diversity.json | A7/work/assigned-papers.json | A7/work/assigned-papers.jsonl | A7/work/expansion-registry.json | A7/work/expansion-registry.jsonl | A7/work/paper-registry.json | A7/work/paper-registry.jsonl | A7/work/read-manifest.json | A7/work/verified-paper-registry.json | A7/work/verified-paper-registry.jsonl,A4/abstract-triage.jsonl | A7/work/abstract-triage.jsonl | A7/work/assigned-abstracts.jsonl
1568,arxiv:2602.04315,9,HIGH,A4 | A8,GeneralVLA: Generalizable Vision-Language-Action Models with Knowledge-Guided Trajectory Planning,arxiv:2602.04315,"Large foundation models have shown strong open-world generalization to complex problems in vision and language, but similar levels of generalization have yet to be achieved in robotics. One fundamental challenge is that the models exhibit limited zero-shot capability, which hampers their ability to generalize effectively to unseen scenarios. In this work, we propose GeneralVLA (Generalizable Vision-Language-Action Models with Knowledge-Guided Trajectory Planning), a hierarchical vision-language-action (VLA) model that can be more effective in utilizing the generalization of foundation models, enabling zero-shot manipulation and automatically generating data for robotics. In particular, we study a class of hierarchical VLA model where the high-level ASM (Affordance Segmentation Module) is finetuned to perceive image keypoint affordances of the scene; the mid-level 3DAgent carries out task understanding, skill knowledge, and trajectory planning to produce a 3D path indicating the desired robot end-effector trajectory. The intermediate 3D path prediction is then served as guidance to the low-level, 3D-aware control policy capable of precise manipulation. Compared to alternative approaches, our method requires no real-world robotic data collection or human demonstration, making it much more scalable to diverse tasks and viewpoints. Empirically, GeneralVLA successfully generates trajectories for 14 tasks, significantly outperforming state-of-the-art methods such as VoxPoser. The generated demonstrations can train more robust behavior cloning policies than training with human demonstrations or from data generated by VoxPoser, Scaling-up, and Code-As-Policies. We believe GeneralVLA can be the scalable method for both generating data for robotics and solving novel tasks in a zero-shot setting. Code: https://github.com/AIGeeksGroup/GeneralVLA. Website: https://aigeeksgroup.github.io/GeneralVLA.",high,A4 | A8,2,A4=medium | A8=high,"A4=Connects trajectory or demonstration choice to downstream policy learning, behavior, or offline-RL utility. | A8=A hierarchical VLA predicts affordances and 3D trajectories that can generate demonstrations for new tasks without real-world teleoperation.",A4=It is directly or plausibly transferable to selecting robot experience for policy learning. | A8=It provides a transfer path from structured representation and planning to scalable synthetic experience collection.,A4=false | A8=true,expansion_round_1 | primary_assignment,,,arxiv:2602.04315 | paper:4725001328504647142,arxiv:2602.04315,4725001328504647142,,A8 | q26-recent,search-papers,recent,A4 | A8,false,false,false,true,A4/expansion/round4/registry.jsonl | A8/raw/q26-recent.json | A8/work/assigned-papers.json | A8/work/canonical-pool.jsonl,A4/expansion/all-new-expansion-triage.jsonl | A8/work/abstract-triage.jsonl | A8/work/assigned-abstracts.jsonl
1581,arxiv:2602.09017,9,MEDIUM,A4,Contact-Anchored Policies: Contact Conditioning Creates Strong Robot Utility Models,arxiv:2602.09017,"The prevalent paradigm in robot learning attempts to generalize across environments, embodiments, and tasks with language prompts at runtime. A fundamental tension limits this approach: language is often too abstract to guide the concrete physical understanding required for robust manipulation. In this work, we introduce Contact-Anchored Policies (CAP), which replace language conditioning with points of physical contact in space. Simultaneously, we structure CAP as a library of modular utility models rather than a monolithic generalist policy. This factorization allows us to implement a real-to-sim iteration cycle: we build EgoGym, a lightweight simulation benchmark, to rapidly identify failure modes and refine our models and datasets prior to real-world deployment. We show that by conditioning on contact and iterating via simulation, CAP generalizes to novel environments and embodiments out of the box on three fundamental manipulation skills while using only 23 hours of demonstration data, and outperforms large, state-of-the-art VLAs in zero-shot evaluations by 56%. All model checkpoints, codebase, hardware, simulation, and datasets will be open-sourced. Project page: https://cap-policy.github.io/",medium,A4,1,A4=medium,A4=Uses a valuation or attribution signal to estimate the contribution of training examples to model or policy outcomes.,A4=It is directly or plausibly transferable to selecting robot experience for policy learning.,A4=true,expansion_round_1,,2026,arxiv:2602.09017 | paper:8985611711543224540,arxiv:2602.09017,8985611711543224540,,,citers,recent,A4,false,false,false,false,A4/expansion/round3/registry.jsonl | A7/raw/q18-benchmark-failures.json | A7/work/expansion-registry.json | A7/work/expansion-registry.jsonl | A7/work/paper-registry.json | A7/work/paper-registry.jsonl | A7/work/verified-paper-registry.json | A7/work/verified-paper-registry.jsonl,A4/expansion/all-new-expansion-triage.jsonl
1594,arxiv:2602.11978,9,HIGH,A3,Accelerating Robotic Reinforcement Learning with Agent Guidance,arxiv:2602.11978,"Reinforcement Learning (RL) offers a powerful paradigm for autonomous robots to master generalist manipulation skills through trial-and-error. However, its real-world application is stifled by low sample efficiency. Recent Human-in-the-Loop (HIL) methods accelerate training by using human corrections, yet this approach faces a scalability barrier. Reliance on human supervisors imposes a 1:1 supervision ratio that limits scalability, suffers from operator fatigue over extended sessions, and introduces high variance due to inconsistent human proficiency. We present Agent-guided Policy Search (AG (poolSize=1)",high,A3,1,A3=high,"A3=The paper develops or evaluates Accelerating Robotic Reinforcement Learning with Agent Guidance, offering a mechanism related to robot data quality, correction, attribution, or policy improvement.",A3=The mechanism is plausibly transferable to the Program A experience-to-policy loop and warrants follow-up.,A3=true,expansion_round_2,,2026,arxiv:2602.11978,arxiv:2602.11978,132691662855403571,,q29-found-corrections,firecrawl research related-papers,,A3,false,false,false,false,A3/paper-registry.json | A3/round2-registry.json | A6/raw-retrieval/q29-found-corrections.json | A6/work/canonical-pool.jsonl,A3/round2-triage.jsonl
1607,arxiv:2602.14255,9,HIGH,A1,A Latency-Aware Framework for Visuomotor Policy Learning on Industrial Robots,arxiv:2602.14255,"Industrial robots are increasingly deployed in construction and manufacturing tasks, where the deployment of end-to-end visuomotor policies is challenged by the observation-execution gap induced by observation, inference, and execution latencies. This gap is often significant on industrial robotic arms due to high-level control interfaces and slower closed-loop dynamics, making execution timing a dominant system-level concern. This paper presents a system-level, latency-aware framework for deploying and evaluating visuomotor policies on industrial robotic arms. The framework integrates latency-calibrated multimodal sensing, data synchronization, a unified communication pipeline, and a teleoperation interface for collecting expert demonstrations. Within this framework, we formalize a latency-aware execution strategy that assigns timestamps to policy-predicted action sequences and schedules only temporally feasible actions according to their intended execution time, enabling asynchronous inference and execution without modifying policy architectures or training procedures. We evaluate the framework on a contact-rich assembly task while systematically varying inference latency and compare latency-aware execution against blocking and naive asynchronous baselines using identical policies and sensing modalities. Results show that latency-aware execution preserves smooth motion, compliant contact behavior, and task progression consistent with demonstrations across inference latencies of 100-500 ms. Latency-aware execution maintained task duration and motion smoothness within 13% and 9% of the demonstration reference, respectively, while avoiding the latency-dependent slowdown observed under blocking execution and the large contact-force overshoots produced by naive asynchronous execution.",high,A1,1,A1=high,A1=The framework timestamps predicted action sequences and schedules only actions feasible at their intended execution times under asynchronous inference.,"A1=Timestamped scheduling avoids stale-chunk execution and connects calibration, teleoperation, and deployment evaluation.",A1=true,primary_assignment,,,arxiv:2602.14255,arxiv:2602.14255,1377215500411763354,,q01-direct | q02-synonyms | q06-delay,search-papers,,A1,false,false,false,false,A1/assigned-papers.json | A1/evidence-read-manifest.json | A1/inspection-manifest.json | A1/paper-registry-complete.json | A1/paper-registry.json | A1/raw/q01-direct.json | A1/raw/q02-synonyms.json | A1/raw/q06-delay.json,A1/assigned-abstracts.jsonl | A1/triage.jsonl
1620,arxiv:2602.18817,9,MEDIUM,A6,HeRO: Hierarchical 3D Semantic Representation for Pose-aware Object Manipulation,arxiv:2602.18817,"Imitation learning for robotic manipulation has progressed from 2D image policies to 3D representations that explicitly encode geometry. Yet purely geometric policies often lack explicit part-level semantics, which are critical for pose-aware manipulation (e.g., distinguishing a shoe's toe from heel). In this paper, we present HeRO, a diffusion-based policy that couples geometry and semantics via hierarchical semantic fields. HeRO employs dense semantics lifting to fuse discriminative, geometry-sensitive features from DINOv2 with the smooth, globally coherent correspondences from Stable Diffusion, yielding dense features that are both fine-grained and spatially consistent. These features are processed and partitioned to construct a global field and a set of local fields. A hierarchical conditioning module conditions the generative denoiser on global and local fields using permutation-invariant network architecture, thereby avoiding order-sensitive bias and producing a coherent control policy for pose-aware manipulation. In various tests, HeRO establishes a new state-of-the-art, improving success on Place Dual Shoes by 12.3% and averaging 6.5% gains across six challenging pose-aware tasks. Code is available at https://github.com/Chongyang-99/HeRO.",medium,A6,1,A6=medium,"A6=Provides a policy, data, or control mechanism with a plausible path to learning from robot experience.",A6=Offers a reusable mechanism for converting sequential experience into better policy or data decisions.,A6=false,expansion_round_1,,,arxiv:2602.18817,arxiv:2602.18817,671065587036985814,,,related-papers,,A6,false,false,false,false,A6/expansion/canonical-pool.jsonl,A6/expansion/triage.jsonl
1633,arxiv:2602.23770,9,HIGH,A4,MAGE: Multi-scale Autoregressive Generation for Offline Reinforcement Learning,arxiv:2602.23770,"Generative models have gained significant traction in offline reinforcement learning (RL) due to their ability to model complex trajectory distributions. However, existing generation-based approaches still struggle with long-horizon tasks characterized by sparse rewards. Some hierarchical generation methods have been developed to mitigate this issue by decomposing the original problem into shorter-horizon subproblems using one policy and generating detailed actions with another. While effective, these methods often overlook the multi-scale temporal structure inherent in trajectories, resulting in suboptimal performance. To overcome these limitations, we propose MAGE, a Multi-scale Autoregressive GEneration-based offline RL method. MAGE incorporates a condition-guided multi-scale autoencoder to learn hierarchical trajectory representations, along with a multi-scale transformer that autoregressively generates trajectory representations from coarse to fine temporal scales. MAGE effectively captures temporal dependencies of trajectories at multiple resolutions. Additionally, a condition-guided decoder is employed to exert precise control over short-term behaviors. Extensive experiments on five offline RL benchmarks against fifteen baseline algorithms show that MAGE successfully integrates multi-scale trajectory modeling with conditional guidance, generating coherent and controllable trajectories in long-horizon sparse-reward settings.",high,A4,1,A4=high,"A4=Ranks or weights trajectories/transitions according to return, coverage, value, or policy-improvement utility in offline learning.",A4=It offers a direct or transferable way to connect robot experience choices to learned policy behavior.,A4=true,primary_assignment,,2026,arxiv:2602.23770 | paper:636052299872850866,arxiv:2602.23770,636052299872850866,,q36-recent-offline,semantic-search,false,A4,false,false,false,false,A2/canonical-pool.json | A2/canonical-pool.jsonl | A2/raw/q19-success-subsequences.json | A4/assigned-papers.json | A4/assigned-registry-inspected.jsonl | A4/assigned-registry-preinspect.jsonl | A4/canonical-registry.jsonl | A4/raw/q36-recent-offline.json,A4/abstract-triage.jsonl
1646,arxiv:2603.03278,9,HIGH,A4 | A8,Tether: Autonomous Functional Play with Correspondence-Driven Trajectory Warping,arxiv:2603.03278,"The ability to conduct and learn from interaction and experience is a central challenge in robotics, offering a scalable alternative to labor-intensive human demonstrations. However, realizing such ""play"" requires (1) a policy robust to diverse, potentially out-of-distribution environment states, and (2) a procedure that continuously produces useful robot experience. To address these challenges, we introduce Tether, a method for autonomous functional play involving structured, task-directed interactions. First, we design a novel open-loop policy that warps actions from a small set of source demonstrations (<=10) by anchoring them to semantic keypoint correspondences in the target scene. We show that this design is extremely data-efficient and robust even under significant spatial and semantic variations. Second, we deploy this policy for autonomous functional play in the real world via a continuous cycle of task selection, execution, evaluation, and improvement, guided by the visual understanding capabilities of vision-language models. This procedure generates diverse, high-quality datasets with minimal human intervention. In a household-like multi-object setup, our method is the first to perform many hours of autonomous multi-task play in the real world starting from only a handful of demonstrations. This produces a stream of data that consistently improves the performance of closed-loop imitation policies over time, ultimately yielding over 1000 expert-level trajectories and training policies competitive with those learned from human-collected demonstrations.",high,A4 | A8,2,A4=high | A8=high,A4=Uses a valuation or attribution signal to estimate the contribution of training examples to model or policy outcomes. | A8=Autonomous functional play discovers object interactions and warps successful trajectories across corresponding objects and contexts.,A4=It is directly or plausibly transferable to selecting robot experience for policy learning. | A8=It combines active exploration with correspondence-based similarity to expand reusable manipulation experience.,A4=true | A8=true,expansion_round_1 | expansion_round_2,,,arxiv:2603.03278 | paper:6575375750577981388 | paperid:6575375750577981388,,,,,,,A4 | A8,false,false,false,false,A4/expansion/round3/registry.jsonl | A8/work/expansion-round2-novel.jsonl,A4/expansion/all-new-expansion-triage.jsonl | A8/work/expansion-round2-triage.jsonl
1659,arxiv:2603.08122,9,HIGH,A1,Towards Human-Like Manipulation through RL-Augmented Teleoperation and Mixture-of-Dexterous-Experts VLA,arxiv:2603.08122,"While Vision-Language-Action (VLA) models have demonstrated remarkable success in robotic manipulation, their application has largely been confined to low-degree-of-freedom end-effectors performing simple, vision-guided pick-and-place tasks. Extending these models to human-like, bimanual dexterous manipulation-specifically contact-rich in-hand operations-introduces critical challenges in high-fidelity data acquisition, multi-skill learning, and multimodal sensory fusion. In this paper, we propose an integrated framework to address these bottlenecks, built upon two components. First, we introduce IMCopilot (In-hand Manipulation Copilot), a suite of reinforcement learning-trained atomic skills that plays a dual role: it acts as a shared-autonomy assistant to simplify teleoperation data collection, and it serves as a callable low-level execution primitive for the VLA. Second, we present MoDE-VLA (Mixture-of-Dexterous-Experts VLA), an architecture that seamlessly integrates heterogeneous force and tactile modalities into a pretrained VLA backbone. By utilizing a residual injection mechanism, MoDE-VLA enables contact-aware refinement without degrading the model's pretrained knowledge. We validate our approach on four tasks of escalating complexity, demonstrating doubled success rate improvement over the baseline in dexterous contact-rich tasks.",high,A1,1,A1=high,"A1=The paper develops or evaluates a temporal correspondence, synchronization, delay, or sequence-representation mechanism for Towards Human-Like Manipulation through RL-Augmented Teleoperation and Mixture-of-Dexterous-Experts VLA.","A1=Its mechanism is a plausible transfer to multimodal robot experience, action-observation alignment, or temporally aware policy training.",A1=true,expansion_round_2,,,arxiv:2603.08122,arxiv:2603.08122,1517847985194127213,,,related-papers-round2,,A1,false,false,false,false,A1/expansion-round2-registry.json | A1/paper-registry-complete.json,A1/expansion-round2-triage.jsonl
1672,arxiv:2603.11809,9,HIGH,A1,HiSync: Spatio-Temporally Aligning Hand Motion from Wearable IMU and On-Robot Camera for Command Source Identification in Long-Range HRI,arxiv:2603.11809,"Long-range Human-Robot Interaction (HRI) remains underexplored. Within it, Command Source Identification (CSI) - determining who issued a command - is especially challenging due to multi-user and distance-induced sensor ambiguity. We introduce HiSync, an optical-inertial fusion framework that treats hand motion as binding cues by aligning robot-mounted camera optical flow with hand-worn IMU signals. We first elicit a user-defined (N=12) gesture set and collect a multimodal command gesture dataset (N=38) in long-range multi-user HRI scenarios. Next, HiSync extracts frequency-domain hand motion features from both camera and IMU data, and a learned CSINet denoises IMU readings, temporally aligns modalities, and performs distance-aware multi-window fusion to compute cross-modal similarity of subtle, natural gestures, enabling robust CSI. In three-person scenes up to 34m, HiSync achieves 92.32% CSI accuracy, outperforming the prior SOTA by 48.44%. HiSync is also validated on real-robot deployment. By making CSI reliable and natural, HiSync provides a practical primitive and design guidance for public-space HRI. https://github.com/OctopusWen/HiSync",high,A1,1,A1=high,"A1=HiSync denoises IMU signals, aligns camera optical flow and IMU features, and fuses multiple windows for distance-aware cross-modal similarity.","A1=The design combines learned denoising, temporal alignment, and adaptive windows for subtle multimodal interaction signals.",A1=true,primary_assignment,,,arxiv:2603.11809,arxiv:2603.11809,3664798275827078983,,q01-direct,search-papers,,A1,false,false,false,false,A1/assigned-papers.json | A1/inspection-manifest.json | A1/paper-registry-complete.json | A1/paper-registry.json | A1/raw/q01-direct.json,A1/assigned-abstracts.jsonl | A1/triage.jsonl
1685,arxiv:2603.15152,9,HIGH,A1,Master Micro Residual Correction with Adaptive Tactile Fusion and Force-Mixed Control for Contact-Rich Manipulation,arxiv:2603.15152,"Robotic contact-rich and fine-grained manipulation remains a significant challenge due to complex interaction dynamics and the competing requirements of multi-timescale control. While current visual imitation learning methods excel at long-horizon planning, they often fail to perceive critical interaction cues like friction variations or incipient slip, and struggle to balance global task coherence with local reactive feedback. To address these challenges, we propose M2-ResiPolicy, a novel Master-Micro residual control architecture that synergizes high-level action guidance with low-level correction. The framework consists of a Master-Guidance Policy (MGP) operating at 10 Hz, which generates temporally consistent action chunks via a diffusion-based backbone and employs a tactile-intensity-driven adaptive fusion mechanism to dynamically modulate perceptual weights between vision and touch. Simultaneously, a high-frequency (60 Hz) Micro-Residual Corrector (MRC) utilizes a lightweight GRU to provide real-time action compensation based on TCP wrench feedback. This policy is further integrated with a force-mixed PBIC execution layer, effectively regulating contact forces to ensure interaction safety. Experiments across several demanding tasks including fragile object grasping and precision insertion, demonstrate that M2-ResiPolicy significantly outperforms standard Diffusion Policy (DP) and state-of-the-art Reactive Diffusion Policy (RDP), achieving a 93% damage-free success rate in chip grasping and superior force regulation stability.",high,A1,1,A1=high,"A1=The paper develops or evaluates a temporal correspondence, synchronization, delay, or sequence-representation mechanism for Master Micro Residual Correction with Adaptive Tactile Fusion and Force-Mixed Control for Contact-Rich Manipulation.","A1=Its mechanism is a plausible transfer to multimodal robot experience, action-observation alignment, or temporally aware policy training.",A1=true,expansion_round_2,,,arxiv:2603.15152,arxiv:2603.15152,98380436054021360,,,related-papers-round2 | related-papers-round3,,A1,false,false,false,false,A1/expansion-round2-registry.json | A1/expansion-round3-registry.json | A1/paper-registry-complete.json,A1/expansion-round2-triage.jsonl
1698,arxiv:2603.22750,9,MEDIUM,A8,REALITrees: Rashomon Ensemble Active Learning for Interpretable Trees,arxiv:2603.22750,"Active learning reduces labeling costs by selecting samples that maximize information gain. A dominant framework, Query-by-Committee (QBC), typically relies on perturbation-based diversity by inducing model disagreement through random feature subsetting or data blinding. While this approximates one notion of epistemic uncertainty, it sacrifices direct characterization of the plausible hypothesis space. We propose the complementary approach: Rashomon Ensembled Active Learning (REAL) which constructs a committee by exhaustively enumerating the Rashomon Set of all near-optimal models. To address functional redundancy within this set, we adopt a PAC-Bayesian framework using a Gibbs posterior to weight committee members by their empirical risk. Leveraging recent algorithmic advances, we exactly enumerate this set for the class of sparse decision trees. Across synthetic and established active learning baselines, REAL outperforms randomized ensembles, particularly in moderately noisy environments where it strategically leverages expanded model multiplicity to achieve faster convergence.",medium,A8,1,A8=medium,A8=It builds an active-learning committee from near-optimal models and weights members with a Gibbs posterior to capture meaningful disagreement.,A8=It offers a principled alternative to random ensembles for estimating epistemic disagreement when selecting informative labels or demonstrations.,A8=true,primary_assignment,,,arxiv:2603.22750,arxiv:2603.22750,8653443632812827154,,A8 | q10-mechanism | q21-foundational,search-papers,foundational,A8,false,false,false,false,A8/raw/q10-mechanism.json | A8/raw/q21-foundational.json | A8/work/assigned-papers.json | A8/work/canonical-pool.jsonl,A8/work/abstract-triage.jsonl | A8/work/assigned-abstracts.jsonl
1711,arxiv:2604.06067,9,HIGH,A2,HiPolicy: Hierarchical Multi-Frequency Action Chunking for Policy Learning,arxiv:2604.06067,"Robotic imitation learning faces a fundamental trade-off between modeling long-horizon dependencies and enabling fine-grained closed-loop control. Existing fixed-frequency action chunking approaches struggle to achieve both. Building on this insight, we propose HiPolicy, a hierarchical multi-frequency action chunking framework that jointly predicts action sequences at different frequencies to capture both coarse high-level plans and precise reactive motions. We extract and fuse hierarchical features from history observations aligned to each frequency for multi-frequency chunk generation, and introduce an entropy-guided execution mechanism that adaptively balances long-horizon planning with fine-grained control based on action uncertainty. Experiments on diverse simulated benchmarks and real-world manipulation tasks show that HiPolicy can be seamlessly integrated into existing 2D and 3D generative policies, delivering consistent improvements in performance while significantly enhancing execution efficiency.",high,A2,1,A2=high,A2=Predicts or executes temporally extended action sequences or keypose-conditioned chunks to trade feedback frequency against longer-horizon control.,"A2=Boundary and horizon choices determine the training unit, feedback latency, credit assignment, and compounding-error exposure in long-horizon robot learning.",A2=true,primary_assignment,"Jiyao Zhang, Zimu Han, Junhan Wang, Xionghao Wu, Shihong Lin, Jinzhou Li, Hongwei Fan, Ruihai Wu, Dongjiang Li, Hao Dong",2026,arxiv:2604.06067,arxiv:2604.06067,95093076394801350,cs.RO,2025 2026 long horizon robot manipulation temporal abstraction action chunks | action chunking compounding error temporal horizon imitation learning | behavioral cloning action chunking robot imitation learning foundational | hierarchical policy action chunking chunk length prediction robot imitation learning | temporally abstract actions robot learning action chunks,search-papers,true,A2,false,false,false,false,A2/assigned-papers.json | A2/assigned-registry-inspected.json | A2/assigned-registry-inspected.jsonl | A2/canonical-pool.json | A2/canonical-pool.jsonl | A2/raw/q04-direct.json | A2/raw/q11-action-chunking.json | A2/raw/q18-compounding.json | A2/raw/q36-bc-chunking.json | A2/raw/q43-2025-2026-long-horizon.json | A5/canonical-pool.jsonl | A5/paper-registry.json,A2/assigned-abstracts.jsonl | A2/triage.jsonl
1724,arxiv:2604.23360,9,HIGH,A3 | A4 | A6,Learning from Demonstration with Failure Awareness for Safe Robot Navigation,arxiv:2604.23360,"Learning from demonstration is widely used for robot navigation, yet it suffers from a fundamental limitation: demonstrations consist predominantly of successful behaviors and provide limited coverage of unsafe states. This limitation leads to poor safety when the robot encounters scenarios beyond the demonstration distribution. Failure experiences, such as collisions, contain essential information about unsafe regions, but remain underutilized. The key difficulty lies in the fact that failure data do not provide valid guidance for action imitation, and their naive incorporation into policy learning often degrades performance. We address this challenge by proposing a failure-aware learning framework that explicitly decouples the roles of success and failure data. In this framework, failure experiences are used to shape value estimation in hazardous regions, while policy learning is restricted to successful demonstrations. This separation enables the effective use of failure data without corrupting policy behavior. We implement this design within an offline reinforcement learning (RL) setting and evaluate it in both simulation and real-world environments. The results show that our framework consistently reduces collision rates while preserving the task success rate, and demonstrate strong generalization across different environments and robot platforms.",high,A3 | A4 | A6,3,A3=high | A4=high | A6=high,"A3=Failure trajectories are converted into information about unsafe regions or constraints rather than copied as action labels. | A4=Ranks or weights trajectories/transitions according to return, coverage, value, or policy-improvement utility in offline learning. | A6=Uses failure, recovery, retry, correction, or intervention data to return execution to a viable state or learn corrective behavior.",A3=It demonstrates how negative demonstrations can improve safety while avoiding the error of imitating collisions. | A4=It offers a direct or transferable way to connect robot experience choices to learned policy behavior. | A6=Shows how imperfect experience can teach robust retry and recovery behavior instead of being discarded.,A3=true | A4=true | A6=true,primary_assignment,"Xianghui Wang, Siwei Cheng, Shanze Wang, Xinming Zhang, Dan Zhang, Wei Zhang",2026,arxiv:2604.23360 | paper:2044953370546941133,arxiv:2604.23360,2044953370546941133,cs.RO,q01-direct | q01-direct-failed-recovery | q03-direct-partial-success | q04-direct-failure-aware-data | q07-harmful-data | q08-syn-negative-demo | q09-failed | q12-mech-offline-failures | q16-failure-replay | q25-found-failures | q30-recent-fail-recovery | q35-found-learn-failures,firecrawl research search-papers | search-papers | semantic-search,general,A3 | A4 | A6,true,true,false,false,A3/assigned-papers.json | A3/evidence-index.json | A3/paper-registry.json | A3/raw/q07-harmful-data.txt | A3/raw/q09-failed.txt | A4/assigned-papers.json | A4/assigned-registry-inspected.jsonl | A4/assigned-registry-preinspect.jsonl | A4/canonical-registry.jsonl | A4/raw/q01-direct.json | A5/canonical-pool.jsonl | A5/paper-registry.json | A6/raw-retrieval/q01-direct-failed-recovery.json | A6/raw-retrieval/q03-direct-partial-success.json | A6/raw-retrieval/q04-direct-failure-aware-data.json | A6/raw-retrieval/q08-syn-negative-demo.json | A6/raw-retrieval/q12-mech-offline-failures.json | A6/raw-retrieval/q16-failure-replay.json | A6/raw-retrieval/q25-found-failures.json | A6/raw-retrieval/q30-recent-fail-recovery.json | A6/raw-retrieval/q35-found-learn-failures.json | A6/registry-assignment.jsonl | A6/work/assigned-registry-inspected.jsonl | A6/work/assigned-registry-preinspect.jsonl | A6/work/canonical-pool.jsonl | A6/work/evidence-index.jsonl,A3/abstract-triage.jsonl | A4/abstract-triage.jsonl | A6/triage.jsonl
1737,arxiv:2605.12084,9,HIGH,A8,Learning What Matters: Adaptive Information-Theoretic Objectives for Robot Exploration,arxiv:2605.12084,"Designing learnable information-theoretic objectives for robot exploration remains challenging. Such objectives aim to guide exploration toward data that reduces uncertainty in model parameters, yet it is often unclear what information the collected data can actually reveal. Although reinforcement learning (RL) can optimize a given objective, constructing objectives that reflect parametric learnability is difficult in high-dimensional robotic systems. Many parameter directions are weakly observable or unidentifiable, and even when identifiable directions are selected, omitted directions can still influence exploration and distort information measures. To address this challenge, we propose Quasi-Optimal Experimental Design (QOED), an adaptive information objective grounded in optimal experimental design. QOED (i) performs eigenspace analysis of the Fisher information matrix to identify an observable subspace and select identifiable parameter directions, and (ii) modifies the exploration objective to emphasize these directions while suppressing nuisance effects from non-critical parameters. Under bounded nuisance influence and limited coupling between critical and nuisance directions, QOED provides a constant-factor approximation to the ideal information objective that explores all parameters. We evaluate QOED on simulated and real-world navigation and manipulation tasks, where identifiable-direction selection and nuisance suppression yield performance improvements of 35.23 and 21.98, respectively. When integrated as an exploration objective in model-based policy optimization, QOED further improves policy performance over established RL baselines.",high,A8,1,A8=high,A8=QOED uses Fisher-information eigenspaces to select identifiable parameter directions and suppress nuisance dimensions in an adaptive exploration objective.,"A8=It distinguishes information that is learnable and decision-relevant from nominal uncertainty, improving the value of collected robot experience.",A8=true,primary_assignment,,,arxiv:2605.12084,arxiv:2605.12084,5317367265491319149,,A8 | q03-direct | q25-recent,search-papers,recent,A8,false,false,false,false,A5/canonical-pool.jsonl | A5/paper-registry.json | A8/raw/q03-direct.json | A8/raw/q25-recent.json | A8/work/assigned-papers.json | A8/work/canonical-pool.jsonl,A8/work/abstract-triage.jsonl | A8/work/assigned-abstracts.jsonl
1750,arxiv:2605.27114,9,HIGH,A8,VR-DAgger: Immersive VR for Dexterous Data Collection and Uncertainty-Guided On-Policy Correction,arxiv:2605.27114,"Learning from demonstrations is effective for robotic manipulation, but collecting sufficient task-specific data remains a major bottleneck. Under distribution shift, small errors compound, performance degrades, and expert time is often spent on redundant, low-value corrections instead of the few critical failure cases. We present VR-DAgger, a human-in-the-loop framework centered on an immersive VR application for dexterous teleoperation, demonstration collection, and selective policy correction. The VR client provides intuitive hand control with synchronized scene visualization, while a backend workstation runs simulation and learning, enabling autonomous rollouts without continuous operator oversight. We use Monte Carlo (MC) dropout to score uncertainty during Isaac Lab rollouts of a diffusion policy and select informative failure segments for correction. These segments are replayed in VR as clips, where the operator selectively labels and corrects the policy's behavior, concentrating supervision where uncertainty is highest without full-rollout monitoring or a separate intervention classifier. We evaluate on three dexterous manipulation tasks (Pan pick-and-place, Drawer opening, Valve turning) with a 10-DoF XHand under standard and challenging initial configurations. Active labeling consistently improves over behavioral cloning across all tasks, with gains of up to 23 percentage points. Compared to unguided human-in-the-loop inspection, VR-DAgger reduces per-sample collection time by approximately 40% by focusing review on selected segments rather than full rollouts.",high,A8,1,A8=high,A8=MC-dropout uncertainty selects failure segments from autonomous rollouts for targeted human correction instead of reviewing complete trajectories.,"A8=It operationalizes uncertainty-guided, segment-level acquisition that reduces collector time while improving dexterous manipulation.",A8=true,primary_assignment,,,arxiv:2605.27114,arxiv:2605.27114,388580932880063643,,A8 | q15-outcome,search-papers,,A8,false,false,false,false,A6/raw-retrieval/q24-found-dagger.json | A6/work/canonical-pool.jsonl | A8/raw/q15-outcome.json | A8/work/assigned-papers.json | A8/work/canonical-pool.jsonl,A8/work/abstract-triage.jsonl | A8/work/assigned-abstracts.jsonl
1763,arxiv:2606.10305,9,HIGH,A5,SARM2: Multi-Task Stage Aware Reward Modeling for Self Improving Robotic Manipulation,arxiv:2606.10305,"Fine-tuning vision-language-action (VLA) policies for long-horizon manipulation still relies heavily on behavior cloning, which requires costly high-quality demonstrations and keeps policies near the demonstration distribution. Reward models can reduce this dependence by reweighting demonstrations and providing dense supervision for on-robot reinforcement learning (RL), but they must be dense, accurate, and general. Existing methods fall short: task-specific stage-aware models are accurate but require per-task annotations, while general vision-language-model (VLM) reward models are broadly applicable but too coarse for fine-grained long-horizon progress. We introduce RM, a multi-task stage-aware reward model that combines an action-primitive-based stage estimator with a multi-gate Mixture-of-Experts (MMoE) value head to produce dense per-step rewards across manipulation tasks. Building on RM, we further propose SPIRAL (Self-Policy Improvement via Reward-Aligned Learning), an on-policy reward-guided framework that improves VLA policies from cheap autonomous rollouts. On a 10-task benchmark, RM reduces value-estimation MSE by 80% over the strongest baselines; when used in SPIRAL, it improves task success from around 50% to near-perfect performance on Folding Shorts (58% to 100%) and Cleaning Whiteboard (50% to 90%), showing that high-quality dense rewards are key to a stable robot data flywheel. Project website: https://qianzhong-chen.github.io/sarm2.github.io/.",high,A5,1,A5=high,"A5=Fine-tuning vision-language-action (VLA) policies for long-horizon manipulation still relies heavily on behavior cloning, which requires costly high-quality demonstrations and keeps policies near the demonstration distribution.","A5=It informs how contribution weights can align training with quality, advantage, density, or task importance in the robot experience-to-policy loop.",A5=true,primary_assignment,"Qianzhong Chen, Hau Zheng, Justin Yu, Suning Huang, Jiankai Sun, Ken Goldberg, Chuan Wen, Pieter Abbeel, Yide Shentu, Philipp Wu, Mac Schwager",2026,arxiv:2606.10305 | paper:2175269809517540344,arxiv:2606.10305,paper:2175269809517540344,cs.RO,27 | 64 | 72,search-papers,general | recent,A5,false,false,false,false,A5/assigned-papers.json | A5/canonical-pool.jsonl | A5/evidence-ledger.jsonl | A5/inspection-manifest.json | A5/paper-registry.json | A5/read-manifest.json | A7/raw/q10-mixture-balance.json | A7/work/paper-registry.json | A7/work/paper-registry.jsonl | A7/work/verified-paper-registry.json | A7/work/verified-paper-registry.jsonl,A5/assigned-abstracts.jsonl
1776,arxiv:2606.18043,9,HIGH,A8,Uncertainty Quantification for Flow-Based Vision-Language-Action Models,arxiv:2606.18043,"Vision-language-action models (VLAs) combine vision-language backbones with expressive generative action heads trained via flow matching on large-scale robotic datasets. Despite their strong empirical performance in robotic manipulation, VLAs lack mechanisms to quantify confidence in their predictions and to detect when their actions may be unreliable. This presents a critical limitation for real-world deployment in non-stationary environments, where models inevitably encounter scenarios outside their pretraining distribution and may fail without warning. To address this, we derive an efficient method for quantifying epistemic uncertainty in flow-matching models by leveraging velocity-field disagreement (VFD) across a small ensemble. We successfully use this uncertainty estimate for failure detection during deployment and active fine-tuning of flow-based VLAs. To this end, we propose SAVE, a framework for uncertainty-guided active multitask fine-tuning that reduces the number of costly expert demonstrations required to adapt VLAs to new tasks. Through extensive experiments on the LIBERO benchmark, we demonstrate that VFD yields better-calibrated uncertainty estimates predictive of downstream performance, that VFD achieves strong performance in detecting failures, and that uncertainty-guided data acquisition with SAVE requires at least 22% fewer samples than baselines. In summary, our work shows that quantifying epistemic uncertainty in flow-based VLAs improves both failure awareness and adaptation. Project website: tum-lsy.github.io/uqvla/.",high,A8,1,A8=high,A8=Velocity-field disagreement across a small flow-model ensemble estimates epistemic uncertainty for failure detection and active VLA fine-tuning.,A8=It supplies a policy-family-specific disagreement signal that reduces expert samples needed for adaptation.,A8=true,primary_assignment,,,arxiv:2606.18043,arxiv:2606.18043,1203538209449296219,,A8 | q08-synonyms,search-papers,,A8,false,false,false,false,A8/raw/q08-synonyms.json | A8/work/assigned-papers.json | A8/work/canonical-pool.jsonl,A8/work/abstract-triage.jsonl | A8/work/assigned-abstracts.jsonl
1789,arxiv:2606.25985,9,HIGH,A1,Action ControlNet: A Lightweight Delay-Aware Adapter for Smooth Asynchronous Control in Vision-Language-Action Models,arxiv:2606.25985,"Vision-language-action (VLA) models have shown strong potential for general-purpose robot manipulation, but their inference latency remains a major obstacle to stable high-frequency control. Asynchronous execution mitigates this bottleneck by overlapping policy inference with action execution, yet the next action chunk is still predicted from stale observations while the robot continues to move. Direct chunk stitching therefore introduces handoff discontinuities, action jitter, and failures in contact-rich manipulation. Existing remedies typically require either full-policy retraining or architecture-specific runtime logic. This work proposes Action ControlNet (ACNet), a lightweight delay-aware adapter that uses the executed motion suffix as a residual condition for a mostly frozen action head. ACNet leaves the pretrained backbone unchanged, introduces few trainable parameters, and remains compatible with generative action heads such as diffusion and flow matching. On Kinetix, Meta-World MT50, and a real-world SO-ARM101 platform, ACNet improves robustness under inference delay and yields smoother asynchronous trajectories than direct chunk stitching, while remaining more lightweight than full delay-conditioned retraining.",high,A1,1,A1=high,A1=ACNet conditions a mostly frozen action head on the executed motion suffix to produce delay-aware residual corrections between chunks.,A1=Executed suffixes provide an explicit action-observation handoff signal for smoothing asynchronous chunk transitions.,A1=true,primary_assignment,,,arxiv:2606.25985,arxiv:2606.25985,2922426078850415078,,q05-failure | q17-recent-failure,search-papers,recent,A1,false,false,false,false,A1/assigned-papers.json | A1/inspection-manifest.json | A1/paper-registry-complete.json | A1/paper-registry.json | A1/raw/q05-failure.json | A1/raw/q17-recent-failure.json,A1/assigned-abstracts.jsonl | A1/triage.jsonl
1802,arxiv:2607.04591,9,HIGH,A4,Simple-to-Complex Structured Demonstrations for Vision-Language-Action Learning,arxiv:2607.04591,"Vision-Language-Action (VLA) models have demonstrated strong capabilities in robotic manipulation by integrating visual perception, language understanding, and robot action generation. Existing research has primarily focused on improving model architectures, training strategies, and dataset scale, while little attention has been paid to how demonstrations are collected and organized. We identify demonstration organization as a fundamental yet overlooked aspect of imitation learning, as it directly affects policy learning efficiency, training stability, and policy generalization. To address this gap, we propose a simple-to-complex structured demonstration collection strategy for VLA learning using a dual-arm robotic platform. Our approach systematically organizes data through three general principles: (i) decomposing complex manipulation tasks into progressively learnable sub-skills, (ii) standardizing the interaction environment to reduce unnecessary variability, and (iii) organizing demonstrations according to progressively increasing task complexity. This structured design enables VLA models to first acquire fundamental manipulation skills before learning increasingly complex task compositions, facilitating more effective learning of long-horizon manipulation tasks. We evaluate the proposed strategy on two representative robotic manipulation tasks: block grasping and sorting, and towel folding. Experimental results show consistent improvements in task success rate and training stability compared with the baseline method of directly collecting end-to-end complete task trajectories. These findings highlight demonstration organization as a previously underexplored but important factor in VLA learning and provide practical insights into efficient skill acquisition, scalable dataset construction, and long-horizon robotic manipulation.",high,A4,1,A4=high,A4=Relates data composition or example properties to downstream model or policy behavior and provides a mechanism for selecting or weighting experience.,A4=It offers a direct or transferable way to connect robot experience choices to learned policy behavior.,A4=true,primary_assignment,,,arxiv:2607.04591 | paper:7000562644173252603,arxiv:2607.04591,7000562644173252603,,q30-vla-data | q33-recent-robot,semantic-search,,A4,false,false,false,false,A4/assigned-papers.json | A4/assigned-registry-inspected.jsonl | A4/assigned-registry-preinspect.jsonl | A4/canonical-registry.jsonl | A4/raw/q30-vla-data.json | A4/raw/q33-recent-robot.json,A4/abstract-triage.jsonl
1815,arxiv:2607.13429,9,MEDIUM,A1,Generalizable VLA Finetuning via Representation Anchoring and Language-Action Alignment,arxiv:2607.13429,"Finetuning a pretrained vision-language model (VLM) on robot demonstrations via behavior cloning (BC) has become the standard recipe for vision-language-action (VLA) policies. However, BC finetuning progressively overwrites the pretrained representations that support visual and semantic generalization. Co-training on web image-text data, a common remedy, does not prevent this; it applies language and action losses to separate observations, leaving VLAs with language-action misalignment that standard manipulation benchmarks do not expose. We propose Anchor-Align, which augments BC with two objectives: Vision-Language Anchoring distills layer-wise representations from a frozen VLM copy to prevent this drift, while Language-Action Alignment converts each action target into a discrete motion-direction label and jointly trains language and action prediction on the same robot observation. On a physical xArm7 robot, across two widely used VLA architectures, Anchor-Align improves real-robot success on both (28% to 54% and 37% to 60%). At scale in simulation, we demonstrate consistent improvements on OOD perturbations, perceptual robustness, and long-horizon control across LIBERO-PRO, LIBERO-Plus, and CALVIN, respectively, suggesting that preserving pretrained representations and effective action learning are not fundamentally at odds. Project page: anchoralignvla.github.io",medium,A1,1,A1=medium,A1=Anchor-Align jointly trains language and discrete motion-direction labels on the same observation while distilling frozen vision-language representations.,"A1=Co-locating semantic and action supervision may reduce temporal/semantic drift in multimodal policy fine-tuning, pending direct alignment evidence.",A1=true,primary_assignment,,,arxiv:2607.13429,arxiv:2607.13429,4939152418453747647,,q15-recent-vla,search-papers,recent,A1,false,false,false,false,A1/assigned-papers.json | A1/inspection-manifest.json | A1/paper-registry-complete.json | A1/paper-registry.json | A1/raw/q15-recent-vla.json | A5/canonical-pool.jsonl | A5/paper-registry.json,A1/assigned-abstracts.jsonl | A1/triage.jsonl
1828,arxiv:2607.29169,9,HIGH,A1,ActFovea: Runtime Safeguarding for VLA Policies via Spatiotemporal Visual-Action Consistency,arxiv:2607.29169,"Vision-language-action (VLA) policies achieve strong performance in robotic manipulation but remain vulnerable to runtime disturbances that break the temporal alignment among visual observations, robot states, and executed actions. We introduce ActFovea, a plug-and-play safeguarding framework that detects and mitigates such failures without retraining or modifying the underlying VLA policy. ActFovea uses robot kinematics, proprioceptive states, and recent actions to construct action-conditioned foveated regions that retain contact-relevant areas and predicted motion corridors while suppressing task-irrelevant visual content. It detects runtime risks by evaluating whether visual motion and observation freshness remain consistent with geometric, proprioceptive, and action transitions. For recoverable disturbances, ActFovea constructs disturbance-specific candidate observations and accepts a recovery only after verifying the resulting action chunk. When stale or replayed observations make reliable recovery impossible, it invokes a bounded safe-failure procedure. In closed-loop evaluations of π₀ across multiple LIBERO suites, ActFovea increases success under localized visual overlays from 49.3% to 90.3%, closing 93.7% of the gap to clean performance. It further improves success under action drift and visual delay by 7.0 and 9.8 percentage points, respectively, while preserving clean-task performance. Under frozen-observation replay, ActFovea triggers timely safe failure in all trials, with no unprotected failures. These results demonstrate that spatiotemporal visual-action consistency provides an effective basis for runtime safeguarding of VLA policies.",high,A1,1,A1=high,"A1=ActFovea checks visual freshness and motion against geometry, proprioception, and recent actions, then verifies recovery chunks or safe-fails.","A1=It turns temporal correspondence into a runtime data-quality and safety gate for stale, drifted, or replayed observations.",A1=true,primary_assignment,,,arxiv:2607.29169,arxiv:2607.29169,5731255064663698235,,q17-recent-failure,search-papers,recent,A1,false,false,false,false,A1/assigned-papers.json | A1/inspection-manifest.json | A1/paper-registry-complete.json | A1/paper-registry.json | A1/raw/q17-recent-failure.json | A6/raw-retrieval/q32-recent-vla-recovery.json | A6/work/canonical-pool.jsonl,A1/assigned-abstracts.jsonl | A1/triage.jsonl
1841,arxiv:2608.14028,9,HIGH,A7,AdvDex: Learning Dexterous Manipulation from Human Demonstrations via Joint-Aligned Actions and Adversarial Learning,arxiv:2608.14028,"Dexterous manipulation is a fundamental capability for embodied intelligence, but scaling it remains difficult because robot demonstrations are expensive to collect and action spaces vary across embodiments. Policies trained on heterogeneous data can also entangle task-relevant visual cues with embodiment-specific appearance, limiting cross-embodiment generalization. We present AdvDex, a unified Vision-Language-Action framework for learning dexterous manipulation from human and robot demonstrations. First, we introduce OmniShare, a large-scale multimodal dataset of human manipulation demonstrations that provides high-quality kinematic supervision and tactile measurements while reducing reliance on robot teleoperation. Second, we propose the Joint-Aligned Action Space (JAAS), a canonical action representation comprising an SE(3) wrist pose and 15 finger joints, thereby functionally aligning human hands, dexterous robot hands, and parallel grippers. Finally, we use domain-adversarial learning to reduce embodiment-specific information in the learned visual representation. Experiments on hand-action prediction and real-world dexterous manipulation show consistent improvements over baselines, effective zero-shot human-to-robot skill transfer, generalization to unseen objects and environments, and data-efficient few-shot adaptation.",high,A7,1,A7=high,"A7=Uses a canonical joint-aligned action representation and domain-adversarial visual learning to combine human, gripper, and dexterous-hand data.",A7=It tackles both action-space heterogeneity and embodiment-specific visual shortcuts.,A7=true,primary_assignment,"Zhiyue Zhao, Jingyi Wu, Hairuo Liu, Mingyu Liu, Liyang Li, Hengdi Zhang, Tong He, Zhengxue Cheng",2026,arxiv:2608.14028,arxiv:2608.14028,740560841751875654,cs.AI | cs.RO,,search-papers,recent,A7,false,true,true,false,A7/raw/q03-heterogeneous.json | A7/raw/q07-multitask.json | A7/raw/q14-space-coverage.json | A7/raw/q31-recent-heterogeneous.json | A7/raw/q38-shared-policy.json | A7/work/assigned-papers.json | A7/work/assigned-papers.jsonl | A7/work/paper-registry.json | A7/work/paper-registry.jsonl | A7/work/read-manifest.json | A7/work/verified-paper-registry.json | A7/work/verified-paper-registry.jsonl,A7/work/abstract-triage.jsonl | A7/work/assigned-abstracts.jsonl
1854,doi:10.1002/rcs.70072,9,HIGH,A1,DP4AuSu: Autonomous Surgical Framework for Suturing Manipulation Using Diffusion Policy With Dynamic Time Wrapping-Based Locally Weighted Regression.,doi:10.1002/rcs.70072,"BACKGROUND: Emerging imitation learning (IL) approaches have provided innovative solutions for completing surgical robotic suturing autonomously, significantly aiding surgeons in their manipulations. METHODS: We introduce Diffusion Policy for Autonomous Suturing (DP4AuSu), a…",high,A1,1,A1=high,"A1=The paper develops or evaluates a temporal correspondence, synchronization, delay, or sequence-representation mechanism for DP4AuSu: Autonomous Surgical Framework for Suturing Manipulation Using Diffusion Policy With Dynamic Time Wrapping-Based Locally Weighted Regression.","A1=Its mechanism is a plausible transfer to multimodal robot experience, action-observation alignment, or temporally aware policy training.",A1=true,expansion_round_2,,,doi:10.1002/rcs.70072 | pmid:40387646,pmid:40387646,2854168262037277207,,,related-papers-round2,,A1,false,false,false,false,A1/expansion-round2-registry.json | A1/paper-registry-complete.json,A1/expansion-round2-triage.jsonl
1867,doi:10.1109/lra.2026.3698364,9,HIGH,A6,LOPAL: Local Performance-Aware Active Learning from Imperfect Demonstrations,doi:10.1109/lra.2026.3698364,"Learning from Demonstration (LfD) enables intuitive robot skill acquisition by allowing robots to learn directly from human task demonstrations. However, current methods often fail to address the fact that due to suboptimal and inconsistent human behavior, the quality of the demonstration can vary within each demonstration. Therefore, we introduce LOPAL (LOcal Performance-aware Active Learning), an active learning approach that leverages this local demonstration quality information. Our approach consists of two synergistic components. First, a local performance-driven LfD method uses a Gaussian Mixture Model (GMM) to encode both the demonstrated trajectories and their associated local quality assessments. This enables the generation of trajectories that outperform the imperfect demonstrations by utilizing complementary local data of high performance. Second, active data acquisition allows to improve beyond the imperfect demonstrations by collecting additional informative samples. In areas missing good data, the user is actively requested to provide corrections through a shared autonomy (SA) mechanism, while the robot autonomously executes the learned behavior. The efficacy of LOPAL was validated in both a simulation and a real-world experiment. The results from a real-world pipe inspection task showed that the proposed approach can achieve up to 27.31 % improvement in task performance while also reducing the effort required to collect the demonstrations.",high,A6,1,A6=high,"A6=Uses failure, recovery, retry, correction, or intervention data to return execution to a viable state or learn corrective behavior.",A6=Shows how imperfect experience can teach robust retry and recovery behavior instead of being discarded.,A6=true,primary_assignment,"Johannes Heidersberger, Shail Jadav, Dongheui Lee",2026,arxiv:2606.16888 | doi:10.1109/LRA.2026.3698364,arxiv:2606.16888,8608037420384244332,cs.RO,q02-direct-imperfect-demo | q05-syn-suboptimal-demo | q29-found-corrections | q30-recent-fail-recovery,search-papers,general,A6,true,true,false,false,A5/canonical-pool.jsonl | A5/paper-registry.json | A6/registry-assignment.jsonl | A6/work/assigned-registry-inspected.jsonl | A6/work/assigned-registry-preinspect.jsonl | A6/work/canonical-pool.jsonl | A6/work/evidence-index.jsonl | A8/work/canonical-pool.jsonl,A6/triage.jsonl
1880,doi:10.1109/tpami.2017.2710047,9,HIGH,A1,Deep Canonical Time Warping for Simultaneous Alignment and Representation Learning of Sequences.,doi:10.1109/tpami.2017.2710047,"To this end, we present Deep Canonical Time Warping (DCTW), a method that automatically learns non-linear representations of multiple time-series that are (i) maximally correlated in a shared subspace, and (ii) temporally aligned.",high,A1,1,A1=high,A1=DCTW learns nonlinear shared representations while optimizing temporal correspondence across multiple time series.,"A1=It couples representation quality and synchronization, a useful pattern when raw modalities are not directly comparable.",A1=true,primary_assignment,,,doi:10.1109/TPAMI.2017.2710047 | pmid:28613160,pmid:28613160,4943232043604725586,,q03-dtw | q09-foundational-robot | q10-foundational-ctw,search-papers,foundational,A1,false,false,false,false,A1/assigned-papers.json | A1/evidence-read-manifest.json | A1/expansion-registry.json | A1/inspection-manifest.json | A1/paper-registry-complete.json | A1/paper-registry.json,A1/assigned-abstracts.jsonl | A1/triage.jsonl
1893,doi:10.3390/s17122894,9,HIGH,A1,Accurate Sample Time Reconstruction of Inertial FIFO Data.,doi:10.3390/s17122894,"However, using the FIFO interface increases the negative influence of individual clock drifts-introduced by fabrication inaccuracies, temperature changes and wear-out effects-onto the sampling data reconstruction. In this article, we present an approach for an accurate sample…",high,A1,1,A1=high,"A1=The method reconstructs inertial sample times while accounting for device clock drift caused by fabrication, temperature, and wear.",A1=Accurate per-sample timing is foundational for aligning high-rate proprioception or IMU signals with actions and video.,A1=true,primary_assignment,,,doi:10.3390/s17122894 | pmcid:PMC5751385 | pmid:29236032,pmcid:PMC5751385,3860974450908273774,,q02-synonyms,search-papers,,A1,false,false,false,false,A1/assigned-papers.json | A1/evidence-read-manifest.json | A1/inspection-manifest.json | A1/paper-registry-complete.json | A1/paper-registry.json,A1/assigned-abstracts.jsonl | A1/triage.jsonl
