"pass2_index","canonical_paper_id","assigned_agent","first_pass_classification","source_lane","paper_name","id","abstract","triage_label","lanes","lane_count","triage_labels_by_lane","mechanisms_by_lane","why_it_matters_by_lane","follow_up_by_lane","corpus_stages","authors","year","source_ids","primary_id","paper_id","categories","queries","discovery_methods","designations","primary_readers","metadata_verified_any","body_inspected_any","evidence_read_any","triage_disagreement","source_registry_paths","source_triage_paths"
"10","arxiv:1201.6583","11","MEDIUM","A8","Empowerment for Continuous Agent-Environment Systems","arxiv:1201.6583","This paper develops generalizations of empowerment to continuous states. Empowerment is a recently introduced information-theoretic quantity motivated by hypotheses about the efficiency of the sensorimotor loop in biological organisms, but also from considerations stemming from curiosity-driven learning. Empowemerment measures, for agent-environment systems with stochastic transitions, how much influence an agent has on its environment, but only that influence that can be sensed by the agent sensors. It is an information-theoretic generalization of joint controllability (influence on environment) and observability (measurement by sensors) of the environment by the agent, both controllability and observability being usually defined in control theory as the dimensionality of the control/observation spaces. Earlier work has shown that empowerment has various interesting and relevant properties, e.g., it allows us to identify salient states using only the dynamics, and it can act as intrinsic reward without requiring an external reward. However, in this previous work empowerment was limited to the case of small-scale and discrete domains and furthermore state transition probabilities were assumed to be known. The goal of this paper is to extend empowerment to the significantly more important and relevant case of continuous vector-valued state spaces and initially unknown state transition probabilities. The continuous state space is addressed by Monte-Carlo approximation; the unknown transitions are addressed by model learning and prediction for which we apply Gaussian processes regression with iterated forecasting. In a number of well-known continuous control tasks we examine the dynamics induced by empowerment and include an application to exploration and online model learning.","medium","A8","1","A8=medium","A8=Empowerment measures the action-to-future-state channel capacity of continuous systems as a controllability objective.","A8=It offers a controllability-based alternative to raw novelty for selecting useful exploratory states.","A8=true","expansion_round_3","","","arxiv:1201.6583 | paperid:5985185908420914949","","","","","","","A8","false","false","false","false","A8/work/expansion-round3-novel.jsonl","A8/work/expansion-round3-triage.jsonl"
"23","arxiv:1306.4265","11","MEDIUM","A4","Bounding the Estimation Error of Sampling-based Shapley Value Approximation","arxiv:1306.4265","The Shapley value is arguably the most central normative solution concept in cooperative game theory. It specifies a unique way in which the reward from cooperation can be ""fairly"" divided among players. While it has a wide range of real world applications, its use is in many cases hampered by the hardness of its computation. A number of researchers have tackled this problem by (i) focusing on classes of games where the Shapley value can be computed efficiently, or (ii) proposing representation formalisms that facilitate such efficient computation, or (iii) approximating the Shapley value in certain classes of games. For the classical characteristic function representation, the only attempt to approximate the Shapley value for the general class of games is due to Castro et al. castro. While this algorithm provides a bound on the approximation error, this bound is asymptotic, meaning that it only holds when the number of samples increases to infinity. On the other hand, when a finite number of samples is drawn, an unquantifiable error is introduced, meaning that the bound no longer holds. With this in mind, we provide non-asymptotic bounds on the estimation error for two cases: where (i) the variance, and (ii) the range, of the players' marginal contributions is known. Furthermore, for the second case, we show that when the range is significantly large relative to the Shapley value, the bound can be improved (from O(rm) to O(√rm)). Finally, we propose, and demonstrate the effectiveness of using stratified sampling for improving the bounds further.","medium","A4","1","A4=medium","A4=Uses a valuation or attribution signal to estimate the contribution of training examples to model or policy outcomes.","A4=It extends the A4 mechanism space with adjacent data-centric evidence.","A4=false","expansion_round_1","","","arxiv:1306.4265 | paper:7181094248645974860","","","","","","","A4","false","false","false","false","A4/expansion/round2/registry.jsonl | A4/expansion/round5/registry.jsonl","A4/expansion/all-new-expansion-triage.jsonl"
"36","arxiv:1408.3060","11","MEDIUM","A4","Fastfood: Approximate Kernel Expansions in Loglinear Time","arxiv:1408.3060","Despite their successes, what makes kernel methods difficult to use in many large scale problems is the fact that storing and computing the decision function is typically expensive, especially at prediction time. In this paper, we overcome this difficulty by proposing Fastfood, an approximation that accelerates such computation significantly. Key to Fastfood is the observation that Hadamard matrices, when combined with diagonal Gaussian matrices, exhibit properties similar to dense Gaussian random matrices. Yet unlike the latter, Hadamard and diagonal matrices are inexpensive to multiply and store. These two matrices can be used in lieu of Gaussian matrices in Random Kitchen Sinks proposed by Rahimi and Recht (2009) and thereby speeding up the computation for a large range of kernel functions. Specifically, Fastfood requires O(n log d) time and O(n) storage to compute n non-linear basis functions in d dimensions, a significant improvement from O(nd) computation and storage, without sacrificing accuracy. Our method applies to any translation invariant and any dot-product kernel, such as the popular RBF kernels and polynomial kernels. We prove that the approximation is unbiased and has low variance. Experiments show that we achieve similar accuracy to full kernel expansions and Random Kitchen Sinks while being 100x faster and using 1000x less memory. These improvements, especially in terms of memory usage, make kernel methods more practical for applications that have large training sets and/or require real-time prediction.","medium","A4","1","A4=medium","A4=Provides adjacent evidence about how data composition affects learning outcomes.","A4=It extends the A4 mechanism space with adjacent data-centric evidence.","A4=true","expansion_round_1","","","arxiv:1408.3060 | paper:6752033194942519435","","","","","","","A4","false","false","false","false","A4/expansion/round3/registry.jsonl","A4/expansion/all-new-expansion-triage.jsonl"
"49","arxiv:1504.00702","11","HIGH","A5 | A7","End-to-End Training of Deep Visuomotor Policies","arxiv:1504.00702","Policy search methods can allow robots to learn control policies for a wide range of tasks, but practical applications of policy search often require hand-engineered components for perception, state estimation, and low-level control. In this paper, we aim to answer the following question: does training the perception and control systems jointly end-to-end provide better performance than training each component separately? To this end, we develop a method that can be used to learn policies that map raw image observations directly to torques at the robot's motors. The policies are represented by deep convolutional neural networks (CNNs) with 92,000 parameters, and are trained using a partially observed guided policy search method, which transforms policy search into supervised learning, with supervision provided by a simple trajectory-centric reinforcement learning method. We evaluate our method on a range of real-world manipulation tasks that require close coordination between vision and control, such as screwing a cap onto a bottle, and present simulated comparisons to a range of prior policy search methods.","high","A5 | A7","2","A5=high | A7=high","A5=Policy search methods can allow robots to learn control policies for a wide range of tasks, but practical applications of policy search often require hand-engineered components for perception, state estimation, and low-level control. | A7=Policy search methods can allow robots to learn control policies for a wide range of tasks, but practical applications of policy search often require hand-engineered components for perception, state estimation, and low-level control.","A5=The expansion tests whether this adaptive mixture mechanism adds a reusable way to control which robot experience influences policy training. | A7=It informs how data quantity, composition, or offline experience should affect policy training.","A5=true | A7=true","expansion_round_1","","","arxiv:1504.00702","arxiv:1504.00702","7833288986849694550","","","references","","A5 | A7","false","false","false","false","A5/expansion/inspection-manifest.json | A5/expansion/raw/round1-references.json | A5/expansion/raw/round2-references.json | A5/expansion/raw/round2-similar.json | A5/expansion/raw/round3-similar.json | A5/expansion/read-manifest.json | A7/work/expansion-registry.json | A7/work/expansion-registry.jsonl","A5/expansion/round1-triage.jsonl | A7/work/expansion-triage.jsonl"
"62","arxiv:1510.09142","11","MEDIUM","A5","Learning Continuous Control Policies by Stochastic Value Gradients","arxiv:1510.09142","We present a unified framework for learning continuous control policies using backpropagation. It supports stochastic control by treating stochasticity in the Bellman equation as a deterministic function of exogenous noise. The product is a spectrum of general policy gradient algorithms that range from model-free methods with value functions to model-based methods without value functions. We use learned models but only require observations from the environment in- stead of observations from model-predicted trajectories, minimizing the impact of compounded model errors. We apply these algorithms first to a toy stochastic control problem and then to several physics-based control problems in simulation. One of these variants, SVG(1), shows the effectiveness of learning models, value functions, and policies simultaneously in continuous domains.","medium","A5","1","A5=medium","A5=We present a unified framework for learning continuous control policies using backpropagation.","A5=This adjacent transfer neighbor tests whether the expansion adds a reusable mechanism for controlling robot experience in policy training.","A5=true","expansion_round_2","","","arxiv:1510.09142","arxiv:1510.09142","8889175631041496580","","","","","A5","false","false","false","false","A5/expansion/raw/round2-references.json | A5/expansion/raw/round2-similar.json","A5/expansion/round2-triage.jsonl"
"75","arxiv:1602.01407","11","MEDIUM","A4","A Kronecker-factored approximate Fisher matrix for convolution layers","arxiv:1602.01407","Second-order optimization methods such as natural gradient descent have the potential to speed up training of neural networks by correcting for the curvature of the loss function. Unfortunately, the exact natural gradient is impractical to compute for large models, and most approximations either require an expensive iterative procedure or make crude approximations to the curvature. We present Kronecker Factors for Convolution (KFC), a tractable approximation to the Fisher matrix for convolutional networks based on a structured probabilistic model for the distribution over backpropagated derivatives. Similarly to the recently proposed Kronecker-Factored Approximate Curvature (K-FAC), each block of the approximate Fisher matrix decomposes as the Kronecker product of small matrices, allowing for efficient inversion. KFC captures important curvature information while still yielding comparably efficient updates to stochastic gradient descent (SGD). We show that the updates are invariant to commonly used reparameterizations, such as centering of the activations. In our experiments, approximate natural gradient descent with KFC was able to train convolutional networks several times faster than carefully tuned SGD. Furthermore, it was able to train the networks in 10-20 times fewer iterations than SGD, suggesting its potential applicability in a distributed setting.","medium","A4","1","A4=medium","A4=Provides adjacent evidence about how data composition affects learning outcomes.","A4=It extends the A4 mechanism space with adjacent data-centric evidence.","A4=true","expansion_round_1","","","arxiv:1602.01407 | paper:4724535279156668486","","","","","","","A4","false","false","false","false","A4/expansion/round3/registry.jsonl","A4/expansion/all-new-expansion-triage.jsonl"
"88","arxiv:1603.08561","11","HIGH","A1","Shuffle and Learn: Unsupervised Learning using Temporal Order Verification","arxiv:1603.08561","In this paper, we present an approach for learning a visual representation from the raw spatiotemporal signals in videos. Our representation is learned without supervision from semantic labels. We formulate our method as an unsupervised sequential verification task, i.e., we determine whether a sequence of frames from a video is in the correct temporal order. With this simple task and no semantic labels, we learn a powerful visual representation using a Convolutional Neural Network (CNN). The representation contains complementary information to that learned from supervised image datasets like ImageNet. Qualitative results show that our method captures information that is temporally varying, such as human pose. When used as pre-training for action recognition, our method gives significant gains over learning without external data on benchmark datasets like UCF101 and HMDB51. To demonstrate its sensitivity to human pose, we show results for pose estimation on the FLIC and MPII datasets that are competitive, or better than approaches using significantly more supervision. Our method can be combined with supervised representations to provide an additional boost in accuracy.","high","A1","1","A1=high","A1=The paper develops or evaluates a temporal correspondence, synchronization, delay, or sequence-representation mechanism for Shuffle and Learn: Unsupervised Learning using Temporal Order Verification.","A1=Its mechanism is a plausible transfer to multimodal robot experience, action-observation alignment, or temporally aware policy training.","A1=true","expansion_round_1","","","arxiv:1603.08561","arxiv:1603.08561","1371898707737452311","","","related-references","","A1","false","false","false","false","A1/expansion-registry.json | A1/paper-registry-complete.json","A1/expansion-triage.jsonl"
"101","arxiv:1606.03558","11","MEDIUM","A1","Universal Correspondence Network","arxiv:1606.03558","We present a deep learning framework for accurate visual correspondences and demonstrate its effectiveness for both geometric and semantic matching, spanning across rigid motions to intra-class shape or appearance variations. In contrast to previous CNN-based approaches that optimize a surrogate patch similarity objective, we use deep metric learning to directly learn a feature space that preserves either geometric or semantic similarity. Our fully convolutional architecture, along with a novel correspondence contrastive loss allows faster training by effective reuse of computations, accurate gradient computation through the use of thousands of examples per image pair and faster testing with O(n) feed forward passes for n keypoints, instead of O(n²) for typical patch similarity methods. We propose a convolutional spatial transformer to mimic patch normalization in traditional features like SIFT, which is shown to dramatically boost accuracy for semantic correspondences across intra-class shape variations. Extensive experiments on KITTI, PASCAL, and CUB-2011 datasets demonstrate the significant advantages of our features over prior works that use either hand-constructed or learned features.","medium","A1","1","A1=medium","A1=The paper develops or evaluates a temporal correspondence, synchronization, delay, or sequence-representation mechanism for Universal Correspondence Network.","A1=Its adjacent-domain method may provide a transferable alignment idea, but the robot transfer path requires verification.","A1=true","expansion_round_3","","","arxiv:1606.03558","arxiv:1606.03558","5538597469867498931","","","related-papers-round3","","A1","false","false","false","false","A1/expansion-round3-registry.json | A1/paper-registry-complete.json","A1/expansion-round3-triage.jsonl"
"114","arxiv:1610.00850","11","HIGH","A6","Comparing Human-Centric and Robot-Centric Sampling for Robot Deep Learning from Demonstrations","arxiv:1610.00850","Motivated by recent advances in Deep Learning for robot control, this paper considers two learning algorithms in terms of how they acquire demonstrations. ""Human-Centric"" (HC) sampling is the standard supervised learning algorithm, where a human supervisor demonstrates the task by teleoperating the robot to provide trajectories consisting of state-control pairs. ""Robot-Centric"" (RC) sampling is an increasingly popular alternative used in algorithms such as DAgger, where a human supervisor observes the robot executing a learned policy and provides corrective control labels for each state visited. RC sampling can be challenging for human supervisors and prone to mislabeling. RC sampling can also induce error in policy performance because it repeatedly visits areas of the state space that are harder to learn. Although policies learned with RC sampling can be superior to HC sampling for standard learning models such as linear SVMs, policies learned with HC sampling may be comparable with highly-expressive learning models such as deep learning and hyper-parametric decision trees, which have little model error. We compare HC and RC using a grid world and a physical robot singulation task, where in the latter the input is a binary image of a connected set of objects on a planar worksurface and the policy generates a motion of the gripper to separate one object from the rest. We observe in simulation that for linear SVMs, policies learned with RC outperformed those learned with HC but that with deep models this advantage disappears. We also find that with RC, the corrective control labels provided by humans can be highly inconsistent. We prove there exists a class of examples where in the limit, HC is guaranteed to converge to an optimal policy while RC may fail to converge.","high","A6","1","A6=high","A6=Estimates demonstration quality or latent expertise to filter, weight, or optimize learning from mixed-quality experience.","A6=Connects trajectory outcomes to policy improvement rather than copying actions independently of consequences.","A6=true","expansion_round_1","","2016","arxiv:1610.00850","arxiv:1610.00850","3463877691795519144","","q29-found-corrections","related-papers","general","A6","false","false","false","false","A5/canonical-pool.jsonl | A5/paper-registry.json | A5/raw/q03-direct-hard.json | A6/expansion/canonical-pool.jsonl | A6/raw-retrieval/q29-found-corrections.json | A6/work/canonical-pool.jsonl | A7/raw/q14-space-coverage.json | A7/work/paper-registry.json | A7/work/paper-registry.jsonl | A7/work/verified-paper-registry.json | A7/work/verified-paper-registry.jsonl","A6/expansion/triage.jsonl"
"127","arxiv:1612.06699","11","HIGH","A3 | A4","Unsupervised Perceptual Rewards for Imitation Learning","arxiv:1612.06699","Reward function design and exploration time are arguably the biggest obstacles to the deployment of reinforcement learning (RL) agents in the real world. In many real-world tasks, designing a reward function takes considerable hand engineering and often requires additional sensors to be installed just to measure whether the task has been executed successfully. Furthermore, many interesting tasks consist of multiple implicit intermediate steps that must be executed in sequence. Even when the final outcome can be measured, it does not necessarily provide feedback on these intermediate steps. To address these issues, we propose leveraging the abstraction power of intermediate visual representations learned by deep models to quickly infer perceptual reward functions from small numbers of demonstrations. We present a method that is able to identify key intermediate steps of a task from only a handful of demonstration sequences, and automatically identify the most discriminative features for identifying these steps. This method makes use of the features in a pre-trained deep model, but does not require any explicit specification of sub-goals. The resulting reward functions can then be used by an RL agent to learn to perform the task in real-world settings. To evaluate the learned reward, we present qualitative results on two real-world tasks and a quantitative evaluation against a human-designed reward function. We also show that our method can be used to learn a real-world door opening skill using a real robot, even when the demonstration used for reward learning is provided by a human using their own hand. To our knowledge, these are the first results showing that complex robotic manipulation skills can be learned directly and without supervised labels from a video of a human performing the task. Supplementary material and data are available at https://sermanet.github.io/rewards","high","A3 | A4","2","A3=high | A4=high","A3=The paper develops or evaluates Unsupervised Perceptual Rewards for Imitation Learning, with a mechanism for selecting, weighting, repairing, auditing, or robustifying experience. | A4=Uses data valuation or attribution to estimate example contribution to model or policy outcomes.","A3=Its related-paper mechanism is plausibly transferable to the Program A data-to-policy loop and merits targeted review. | A4=It directly informs curation of robot experience or a transferable policy-data loop.","A3=true | A4=true","expansion_round_1","","2016","arxiv:1612.06699 | paper:6419621599409575857","","","","","firecrawl research related-papers | related-paper-expansion","","A3","false","false","false","false","A3/expansion-registry.json | A3/paper-registry.json | A4/expansion/expansion-registry.jsonl","A3/expansion-triage.jsonl | A4/expansion/expansion-triage.jsonl"
"140","arxiv:1703.01310","11","HIGH","A8","Count-Based Exploration with Neural Density Models","arxiv:1703.01310","Bellemare et al. (2016) introduced the notion of a pseudo-count, derived from a density model, to generalize count-based exploration to non-tabular reinforcement learning. This pseudo-count was used to generate an exploration bonus for a DQN agent and combined with a mixed Monte Carlo update was sufficient to achieve state of the art on the Atari 2600 game Montezuma's Revenge. We consider two questions left open by their work: First, how important is the quality of the density model for exploration? Second, what role does the Monte Carlo update play in exploration? We answer the first question by demonstrating the use of PixelCNN, an advanced neural density model for images, to supply a pseudo-count. In particular, we examine the intrinsic difficulties in adapting Bellemare et al.'s approach when assumptions about the model are violated. The result is a more practical and general algorithm requiring no special apparatus. We combine PixelCNN pseudo-counts with different agent architectures to dramatically improve the state of the art on several hard Atari games. One surprising finding is that the mixed Monte Carlo update is a powerful facilitator of exploration in the sparsest of settings, including Montezuma's Revenge.","high","A8","1","A8=high","A8=A neural density model estimates state visitation likelihood and gives intrinsic reward to observations with low estimated density.","A8=It scales novelty-driven collection beyond exact state counts and can prioritize rare fleet situations.","A8=true","expansion_round_2","","","arxiv:1703.01310 | paperid:3454951387643947727","","","","","","","A8","false","false","false","false","A8/work/expansion-round2-novel.jsonl","A8/work/expansion-round2-triage.jsonl | A8/work/expansion-round3-triage.jsonl"
"153","arxiv:1703.09327","11","HIGH","A3 | A6 | A8","DART: Noise Injection for Robust Imitation Learning","arxiv:1703.09327","One approach to Imitation Learning is Behavior Cloning, in which a robot observes a supervisor and infers a control policy. A known problem with this ""off-policy"" approach is that the robot's errors compound when drifting away from the supervisor's demonstrations. On-policy, techniques alleviate this by iteratively collecting corrective actions for the current robot policy. However, these techniques can be tedious for human supervisors, add significant computation burden, and may visit dangerous states during training. We propose an off-policy approach that injects noise into the supervisor's policy while demonstrating. This forces the supervisor to demonstrate how to recover from errors. We propose a new algorithm, DART (Disturbances for Augmenting Robot Trajectories), that collects demonstrations with injected noise, and optimizes the noise level to approximate the error of the robot's trained policy during data collection. We compare DART with DAgger and Behavior Cloning in two domains: in simulation with an algorithmic supervisor on the MuJoCo tasks (Walker, Humanoid, Hopper, Half-Cheetah) and in physical experiments with human supervisors training a Toyota HSR robot to perform grasping in clutter. For high dimensional tasks like Humanoid, DART can be up to 3x faster in computation time and only decreases the supervisor's cumulative reward by 5% during training, whereas DAgger executes policies that have 80% less cumulative reward than the supervisor. On the grasping in clutter task, DART obtains on average a 62% performance increase over Behavior Cloning.","high","A3 | A6 | A8","3","A3=high | A6=high | A8=high","A3=Noise is injected into expert demonstrations to train policies that remain robust when deployment states drift from the demonstrations. | A6=Uses failure, recovery, retry, correction, or intervention data to return execution to a viable state or learn corrective behavior. | A8=Demonstration noise is sampled from a learned perturbation model so data expose recoverable off-demonstration states during imitation training.","A3=It is a foundational way to turn expected execution error into corrective training coverage without repeatedly relabeling every rollout. | A6=Shows how imperfect experience can teach robust retry and recovery behavior instead of being discarded. | A8=It reframes useful collection around controlled failure and recovery coverage rather than only clean nominal trajectories.","A3=true | A6=true | A8=true","expansion_round_1 | primary_assignment","Michael Laskey, Jonathan Lee, Roy Fox, Anca Dragan, Ken Goldberg","2017","arxiv:1703.09327 | paperid:6547671706728105945","arxiv:1703.09327","6547671706728105945","cs.LG","q01-direct | q01-direct-failed-recovery | q02-direct-imperfect-demo | q03-direct-partial-success | q04-mislabeled | q05-failure | q06-syn-noisy-demo | q08-syn-negative-demo | q12-action-labels | q13-weak-supervision | q20-foundational-robust | q25-found-failures","firecrawl research search-papers | related-papers","true","A1 | A3 | A6","true","true","false","false","A1/paper-registry-complete.json | A1/paper-registry.json | A1/raw/q05-failure.json | A2/canonical-pool.json | A2/canonical-pool.jsonl | A2/raw/q17-failure-boundaries.json | A3/assigned-papers.json | A3/evidence-index.json | A3/expansion-registry.json | A3/paper-registry.json | A3/raw/q01-direct.txt | A3/raw/q04-mislabeled.txt | A3/raw/q12-action-labels.txt | A3/raw/q13-weak-supervision.txt | A3/raw/q20-foundational-robust.txt | A4/canonical-registry.jsonl | A4/expansion/expansion-registry.jsonl | A4/expansion/round2/registry.jsonl | A4/expansion/round5/registry.jsonl | A4/raw/q11-help-harm.json | A5/canonical-pool.jsonl | A5/expansion/raw/round3-references.json | A5/paper-registry.json | A6/expansion/canonical-pool.jsonl | A6/raw-retrieval/q01-direct-failed-recovery.json | A6/raw-retrieval/q02-direct-imperfect-demo.json | A6/raw-retrieval/q03-direct-partial-success.json | A6/raw-retrieval/q06-syn-noisy-demo.json | A6/raw-retrieval/q08-syn-negative-demo.json | A6/raw-retrieval/q25-found-failures.json | A6/registry-assignment.jsonl | A6/work/assigned-registry-inspected.jsonl | A6/work/assigned-registry-preinspect.jsonl | A6/work/canonical-pool.jsonl | A6/work/evidence-index.jsonl | A8/work/expansion-novel.jsonl | A8/work/expansion-pool.jsonl","A3/abstract-triage.jsonl | A6/triage.jsonl | A8/work/expansion-triage.jsonl"
"166","arxiv:1705.10941","11","MEDIUM","A4","Spectral Norm Regularization for Improving the Generalizability of Deep Learning","arxiv:1705.10941","We investigate the generalizability of deep learning based on the sensitivity to input perturbation. We hypothesize that the high sensitivity to the perturbation of data degrades the performance on it. To reduce the sensitivity to perturbation, we propose a simple and effective regularization method, referred to as spectral norm regularization, which penalizes the high spectral norm of weight matrices in neural networks. We provide supportive evidence for the abovementioned hypothesis by experimentally confirming that the models trained using spectral norm regularization exhibit better generalizability than other baseline methods.","medium","A4","1","A4=medium","A4=Connects trajectory or dataset composition to downstream policy or model behavior.","A4=It provides adjacent evidence for data-efficient training intelligence.","A4=false","expansion_round_1","","","arxiv:1705.10941 | paper:7656126067859380855","","","","","related-paper-expansion","","A4","false","false","false","false","A4/expansion/expansion-registry.jsonl","A4/expansion/expansion-triage.jsonl"
"179","arxiv:1707.02920","11","HIGH","A6","Vision-Based Multi-Task Manipulation for Inexpensive Robots Using End-To-End Learning from Demonstration","arxiv:1707.02920","We propose a technique for multi-task learning from demonstration that trains the controller of a low-cost robotic arm to accomplish several complex picking and placing tasks, as well as non-prehensile manipulation. The controller is a recurrent neural network using raw images as input and generating robot arm trajectories, with the parameters shared across the tasks. The controller also combines VAE-GAN-based reconstruction with autoregressive multimodal action prediction. Our results demonstrate that it is possible to learn complex manipulation tasks, such as picking up a towel, wiping an object, and depositing the towel to its previous position, entirely from raw images with direct behavior cloning. We show that weight sharing and reconstruction-based regularization substantially improve generalization and robustness, and training on multiple tasks simultaneously increases the success rate on all tasks.","high","A6","1","A6=high","A6=Estimates demonstration quality or latent expertise to filter, weight, or optimize learning from mixed-quality experience.","A6=Offers a reusable mechanism for converting sequential experience into better policy or data decisions.","A6=true","expansion_round_1","","","arxiv:1707.02920","arxiv:1707.02920","6062589610082937717","","54","related-papers","general","A6","false","false","false","false","A5/canonical-pool.jsonl | A5/expansion/raw/round2-references.json | A5/expansion/raw/round3-references.json | A5/paper-registry.json | A6/expansion/canonical-pool.jsonl","A6/expansion/triage.jsonl"
"192","arxiv:1709.10087","11","MEDIUM","A5","Learning Complex Dexterous Manipulation with Deep Reinforcement Learning and Demonstrations","arxiv:1709.10087","Dexterous multi-fingered hands are extremely versatile and provide a generic way to perform a multitude of tasks in human-centric environments. However, effectively controlling them remains challenging due to their high dimensionality and large number of potential contacts. Deep reinforcement learning (DRL) provides a model-agnostic approach to control complex dynamical systems, but has not been shown to scale to high-dimensional dexterous manipulation. Furthermore, deployment of DRL on physical systems remains challenging due to sample inefficiency. Consequently, the success of DRL in robotics has thus far been limited to simpler manipulators and tasks. In this work, we show that model-free DRL can effectively scale up to complex manipulation tasks with a high-dimensional 24-DoF hand, and solve them from scratch in simulated experiments. Furthermore, with the use of a small number of human demonstrations, the sample complexity can be significantly reduced, which enables learning with sample sizes equivalent to a few hours of robot experience. The use of demonstrations result in policies that exhibit very natural movements and, surprisingly, are also substantially more robust.","medium","A5","1","A5=medium","A5=Dexterous multi-fingered hands are extremely versatile and provide a generic way to perform a multitude of tasks in human-centric environments.","A5=The expansion tests whether this adaptive mixture mechanism adds a reusable way to control which robot experience influences policy training.","A5=true","expansion_round_1","","","arxiv:1709.10087","arxiv:1709.10087","2756720844482182174","","","","","A5","false","false","false","false","A5/expansion/inspection-manifest.json | A5/expansion/raw/round1-references.json | A5/expansion/raw/round2-references.json | A5/expansion/raw/round3-references.json | A5/expansion/read-manifest.json","A5/expansion/round1-triage.jsonl"
"205","arxiv:1711.09156","11","MEDIUM","A1","Warped-Linear Models for Time Series Classification","arxiv:1711.09156","This article proposes and studies warped-linear models for time series classification. The proposed models are time-warp invariant analogues of linear models. Their construction is in line with time series averaging and extensions of k-means and learning vector quantization to dynamic time warping (DTW) spaces. The main theoretical result is that warped-linear models correspond to polyhedral classifiers in Euclidean spaces. This result simplifies the analysis of time-warp invariant models by reducing to max-linear functions. We exploit this relationship and derive solutions to the label-dependency problem and the problem of learning warped-linear models. Empirical results on time series classification suggest that warped-linear functions better trade solution quality against computation time than nearest-neighbor and prototype-based methods.","medium","A1","1","A1=medium","A1=The paper develops or evaluates a temporal correspondence, synchronization, delay, or sequence-representation mechanism for Warped-Linear Models for Time Series Classification.","A1=Its adjacent-domain method may provide a transferable alignment idea, but the robot transfer path requires verification.","A1=true","expansion_round_1","","","arxiv:1711.09156","arxiv:1711.09156","6773846949439954580","","","related-similar","","A1","false","false","false","false","A1/expansion-registry.json | A1/paper-registry-complete.json","A1/expansion-triage.jsonl"
"218","arxiv:1802.06604","11","HIGH","A2","Learning High-level Representations from Demonstrations","arxiv:1802.06604","Hierarchical learning (HL) is key to solving complex sequential decision problems with long horizons and sparse rewards. It allows learning agents to break-up large problems into smaller, more manageable subtasks. A common approach to HL, is to provide the agent with a number of high-level skills that solve small parts of the overall problem. A major open question, however, is how to identify a suitable set of reusable skills. We propose a principled approach that uses human demonstrations to infer a set of subgoals based on changes in the demonstration dynamics. Using these subgoals, we decompose the learning problem into an abstract high-level representation and a set of low-level subtasks. The abstract description captures the overall problem structure, while subtasks capture desired skills. We demonstrate that we can jointly optimize over both levels of learning. We show that the resulting method significantly outperforms previous baselines on two challenging problems: the Atari 2600 game Montezuma's Revenge, and a simulated robotics problem moving the ant robot through a maze.","high","A2","1","A2=high","A2=Detects or learns semantically meaningful trajectory segments and uses them as variable-horizon action chunks or keypose-to-keypose control targets.","A2=Boundary and horizon choices determine the training unit, feedback latency, credit assignment, and compounding-error exposure in long-horizon robot learning.","A2=true","primary_assignment","Garrett Andersen, Peter Vrancx, Haitham Bou-Ammar","2018","arxiv:1802.06604","arxiv:1802.06604","4911621461968714016","cs.AI","subgoal discovery temporal abstraction demonstrations inverse dynamics robotics","search-papers","true","A2","false","false","false","false","A2/assigned-papers.json | A2/assigned-registry-inspected.json | A2/assigned-registry-inspected.jsonl | A2/canonical-pool.json | A2/canonical-pool.jsonl | A2/raw/q16-subgoal.json","A2/assigned-abstracts.jsonl | A2/triage.jsonl"
"231","arxiv:1805.09843","11","MEDIUM","A4","Baseline Needs More Love: On Simple Word-Embedding-Based Models and Associated Pooling Mechanisms","arxiv:1805.09843","Many deep learning architectures have been proposed to model the compositionality in text sequences, requiring a substantial number of parameters and expensive computations. However, there has not been a rigorous evaluation regarding the added value of sophisticated compositional functions. In this paper, we conduct a point-by-point comparative study between Simple Word-Embedding-based Models (SWEMs), consisting of parameter-free pooling operations, relative to word-embedding-based RNN/CNN models. Surprisingly, SWEMs exhibit comparable or even superior performance in the majority of cases considered. Based upon this understanding, we propose two additional pooling strategies over learned word embeddings: (i) a max-pooling operation for improved interpretability; and (ii) a hierarchical pooling operation, which preserves spatial (n-gram) information within text sequences. We present experiments on 17 datasets encompassing three tasks: (i) (long) document classification; (ii) text sequence matching; and (iii) short text tasks, including classification and tagging. The source code and datasets can be obtained from https:// github.com/dinghanshen/SWEM.","medium","A4","1","A4=medium","A4=Uses a valuation or attribution signal to estimate the contribution of training examples to model or policy outcomes.","A4=It extends the A4 mechanism space with adjacent data-centric evidence.","A4=false","expansion_round_1","","","arxiv:1805.09843 | paper:3969792892558974765","","","","","","","A4","false","false","false","false","A4/expansion/round2/registry.jsonl | A4/expansion/round5/registry.jsonl","A4/expansion/all-new-expansion-triage.jsonl"
"244","arxiv:1807.10299","11","HIGH","A2 | A8","Variational Option Discovery Algorithms","arxiv:1807.10299","We explore methods for option discovery based on variational inference and make two algorithmic contributions. First: we highlight a tight connection between variational option discovery methods and variational autoencoders, and introduce Variational Autoencoding Learning of Options by Reinforcement (VALOR), a new method derived from the connection. In VALOR, the policy encodes contexts from a noise distribution into trajectories, and the decoder recovers the contexts from the complete trajectories. Second: we propose a curriculum learning approach where the number of contexts seen by the agent increases whenever the agent's performance is strong enough (as measured by the decoder) on the current set of contexts. We show that this simple trick stabilizes training for VALOR and prior variational option discovery methods, allowing a single agent to learn many more modes of behavior than it could with a fixed context distribution. Finally, we investigate other topics related to variational option discovery, including fundamental limitations of the general approach and the applicability of learned options to downstream tasks.","high","A2 | A8","2","A2=high | A8=high","A2=Discovers reusable temporal structure in sequential experience for downstream decision making or policy learning. | A8=Variational objectives discover temporally extended options whose latent codes predict distinct future state distributions.","A2=The mechanism can turn long robot experience into reusable training units, skill memories, or better-conditioned policy targets. | A8=Options provide skill-level units for measuring representation similarity and coverage.","A2=true | A8=true","expansion_round_1 | expansion_round_3","","2018","arxiv:1807.10299 | paperid:3485326996611326452","","","","","","","A2 | A8","false","false","false","false","A2/expansion-pool.json | A2/expansion-pool.jsonl | A8/work/expansion-round3-novel.jsonl","A2/expansion-triage.jsonl | A8/work/expansion-round3-triage.jsonl"
"257","arxiv:1810.06045","11","MEDIUM","A5","Dexterous Manipulation with Deep Reinforcement Learning: Efficient, General, and Low-Cost","arxiv:1810.06045","Dexterous multi-fingered robotic hands can perform a wide range of manipulation skills, making them an appealing component for general-purpose robotic manipulators. However, such hands pose a major challenge for autonomous control, due to the high dimensionality of their configuration space and complex intermittent contact interactions. In this work, we propose deep reinforcement learning (deep RL) as a scalable solution for learning complex, contact rich behaviors with multi-fingered hands. Deep RL provides an end-to-end approach to directly map sensor readings to actions, without the need for task specific models or policy classes. We show that contact-rich manipulation behavior with multi-fingered hands can be learned by directly training with model-free deep RL algorithms in the real world, with minimal additional assumption and without the aid of simulation. We learn a variety of complex behaviors on two different low-cost hardware platforms. We show that each task can be learned entirely from scratch, and further study how the learning process can be further accelerated by using a small number of human demonstrations to bootstrap learning. Our experiments demonstrate that complex multi-fingered manipulation skills can be learned in the real world in about 4-7 hours for most tasks, and that demonstrations can decrease this to 2-3 hours, indicating that direct deep RL training in the real world is a viable and practical alternative to simulation and model-based control. https://sites.google.com/view/deeprl-handmanipulation","medium","A5","1","A5=medium","A5=Deep RL provides an end-to-end approach to directly map sensor readings to actions, without the need for task specific models or policy classes.","A5=This adaptive mixture neighbor tests whether the expansion adds a reusable mechanism for controlling robot experience in policy training.","A5=true","expansion_round_2","","","arxiv:1810.06045","arxiv:1810.06045","2605869835387771030","","","","","A5","false","false","false","false","A5/expansion/raw/round2-references.json","A5/expansion/round2-triage.jsonl"
"270","arxiv:1811.11359","11","HIGH","A8","Unsupervised Control Through Non-Parametric Discriminative Rewards","arxiv:1811.11359","Learning to control an environment without hand-crafted rewards or expert data remains challenging and is at the frontier of reinforcement learning research. We present an unsupervised learning algorithm to train agents to achieve perceptually-specified goals using only a stream of observations and actions. Our agent simultaneously learns a goal-conditioned policy and a goal achievement reward function that measures how similar a state is to the goal state. This dual optimization leads to a co-operative game, giving rise to a learned reward function that reflects similarity in controllable aspects of the environment instead of distance in the space of observations. We demonstrate the efficacy of our agent to learn, in an unsupervised manner, to reach a diverse set of goals on three domains -- Atari, the DeepMind Control Suite and DeepMind Lab.","high","A8","1","A8=high","A8=Non-parametric discriminative rewards encourage the agent to reach distinguishable states and discover diverse controllable behaviors.","A8=It ties novelty in representation space to controllable skill coverage.","A8=true","expansion_round_3","","","arxiv:1811.11359 | paperid:8505258741385432949","","","","","","","A8","false","false","false","false","A8/work/expansion-round3-novel.jsonl","A8/work/expansion-round3-triage.jsonl"
"283","arxiv:1902.09641","11","HIGH","A1","Stochastic Prediction of Multi-Agent Interactions from Partial Observations","arxiv:1902.09641","We present a method that learns to integrate temporal information, from a learned dynamics model, with ambiguous visual information, from a learned vision model, in the context of interacting agents. Our method is based on a graph-structured variational recurrent neural network (Graph-VRNN), which is trained end-to-end to infer the current state of the (partially observed) world, as well as to forecast future states. We show that our method outperforms various baselines on two sports datasets, one based on real basketball trajectories, and one generated by a soccer game engine.","high","A1","1","A1=high","A1=The paper develops or evaluates a temporal correspondence, synchronization, delay, or sequence-representation mechanism for Stochastic Prediction of Multi-Agent Interactions from Partial Observations.","A1=Its mechanism is a plausible transfer to multimodal robot experience, action-observation alignment, or temporally aware policy training.","A1=true","expansion_round_2","","","arxiv:1902.09641","arxiv:1902.09641","4781798048463351675","","","related-papers-round2 | related-papers-round3","","A1","false","false","false","false","A1/expansion-round2-registry.json | A1/expansion-round3-registry.json | A1/paper-registry-complete.json","A1/expansion-round2-triage.jsonl"
"296","arxiv:1904.04689","11","HIGH","A1","Action Recognition from Single Timestamp Supervision in Untrimmed Videos","arxiv:1904.04689","Recognising actions in videos relies on labelled supervision during training, typically the start and end times of each action instance. This supervision is not only subjective, but also expensive to acquire. Weak video-level supervision has been successfully exploited for recognition in untrimmed videos, however it is challenged when the number of different actions in training videos increases. We propose a method that is supervised by single timestamps located around each action instance, in untrimmed videos. We replace expensive action bounds with sampling distributions initialised from these timestamps. We then use the classifier's response to iteratively update the sampling distributions. We demonstrate that these distributions converge to the location and extent of discriminative action segments. We evaluate our method on three datasets for fine-grained recognition, with increasing number of different actions per video, and show that single timestamps offer a reasonable compromise between recognition performance and labelling effort, performing comparably to full temporal supervision. Our update method improves top-1 test accuracy by up to 5.4%. across the evaluated datasets.","high","A1","1","A1=high","A1=The paper develops or evaluates a temporal correspondence, synchronization, delay, or sequence-representation mechanism for Action Recognition from Single Timestamp Supervision in Untrimmed Videos.","A1=Its mechanism is a plausible transfer to multimodal robot experience, action-observation alignment, or temporally aware policy training.","A1=true","expansion_round_2","","1904","arxiv:1904.04689","arxiv:1904.04689","5991492641956141128","","human activity recognition temporal action segmentation weak supervision","related-papers-round2 | related-papers-round3","true","A1","false","false","false","false","A1/expansion-round2-registry.json | A1/expansion-round3-registry.json | A1/paper-registry-complete.json | A2/canonical-pool.json | A2/canonical-pool.jsonl | A2/raw/q23-human-activity.json","A1/expansion-round2-triage.jsonl"
"309","arxiv:1906.01728","11","HIGH","A8","BayesSim: adaptive domain randomization via probabilistic inference for robotics simulators","arxiv:1906.01728","We introduce BayesSim, a framework for robotics simulations allowing a full Bayesian treatment for the parameters of the simulator. As simulators become more sophisticated and able to represent the dynamics more accurately, fundamental problems in robotics such as motion planning and perception can be solved in simulation and solutions transferred to the physical robot. However, even the most complex simulator might still not be able to represent reality in all its details either due to inaccurate parametrization or simplistic assumptions in the dynamic models. BayesSim provides a principled framework to reason about the uncertainty of simulation parameters. Given a black box simulator (or generative model) that outputs trajectories of state and action pairs from unknown simulation parameters, followed by trajectories obtained with a physical robot, we develop a likelihood-free inference method that computes the posterior distribution of simulation parameters. This posterior can then be used in problems where Sim2Real is critical, for example in policy search. We compare the performance of BayesSim in obtaining accurate posteriors in a number of classical control and robotics problems. Results show that the posterior computed from BayesSim can be used for domain randomization outperforming alternative methods that randomize based on uniform priors.","high","A8","1","A8=high","A8=Bayesian inference fits simulator parameters to real observations and adaptively randomizes training around posterior uncertainty.","A8=It provides a mechanism for selecting real data that most reduce sim-to-real uncertainty and for targeting synthetic coverage.","A8=true","expansion_round_3","","","arxiv:1906.01728 | paperid:7948876732035967393","","","","","","","A8","false","false","false","false","A8/work/expansion-round3-novel.jsonl","A8/work/expansion-round3-triage.jsonl"
"322","arxiv:1907.03146","11","MEDIUM","A6","A Review of Robot Learning for Manipulation: Challenges, Representations, and Algorithms","arxiv:1907.03146","A key challenge in intelligent robotics is creating robots that are capable of directly interacting with the world around them to achieve their goals. The last decade has seen substantial growth in research on the problem of robot manipulation, which aims to exploit the increasing availability of affordable robot arms and grippers to create robots capable of directly interacting with the world to achieve their goals. Learning will be central to such autonomous systems, as the real world contains too much variation for a robot to expect to have an accurate model of its environment, the objects in it, or the skills required to manipulate them, in advance. We aim to survey a representative subset of that research which uses machine learning for manipulation. We describe a formalization of the robot manipulation learning problem that synthesizes existing research into a single coherent framework and highlight the many remaining research opportunities and challenges.","medium","A6","1","A6=medium","A6=Transforms, segments, augments, retrieves, or composes trajectories so useful subsequences and corrective context become training signal.","A6=Offers a reusable mechanism for converting sequential experience into better policy or data decisions.","A6=false","expansion_round_1","","","arxiv:1907.03146","arxiv:1907.03146","7591947825390428898","","","related-papers","","A6","false","false","false","false","A6/expansion/canonical-pool.jsonl","A6/expansion/triage.jsonl"
"335","arxiv:1909.06933","11","HIGH","A1","Self-Supervised Correspondence in Visuomotor Policy Learning","arxiv:1909.06933","In this paper we explore using self-supervised correspondence for improving the generalization performance and sample efficiency of visuomotor policy learning. Prior work has primarily used approaches such as autoencoding, pose-based losses, and end-to-end policy optimization in order to train the visual portion of visuomotor policies. We instead propose an approach using self-supervised dense visual correspondence training, and show this enables visuomotor policy learning with surprisingly high generalization performance with modest amounts of data: using imitation learning, we demonstrate extensive hardware validation on challenging manipulation tasks with as few as 50 demonstrations. Our learned policies can generalize across classes of objects, react to deformable object configurations, and manipulate textureless symmetrical objects in a variety of backgrounds, all with closed-loop, real-time vision-based policies. Simulated imitation learning experiments suggest that correspondence training offers sample complexity and generalization benefits compared to autoencoding and end-to-end training.","high","A1","1","A1=high","A1=The paper develops or evaluates a temporal correspondence, synchronization, delay, or sequence-representation mechanism for Self-Supervised Correspondence in Visuomotor Policy Learning.","A1=Its mechanism is a plausible transfer to multimodal robot experience, action-observation alignment, or temporally aware policy training.","A1=true","expansion_round_3","","","arxiv:1909.06933","arxiv:1909.06933","4198760831809907313","","7","related-papers-round3","general","A1","false","false","false","false","A1/expansion-round3-registry.json | A1/paper-registry-complete.json | A5/canonical-pool.jsonl | A5/expansion/raw/round3-references.json | A5/paper-registry.json","A1/expansion-round3-triage.jsonl"
"348","arxiv:1911.00997","11","HIGH","A1","Multiple Futures Prediction","arxiv:1911.00997","Temporal prediction is critical for making intelligent and robust decisions in complex dynamic environments. Motion prediction needs to model the inherently uncertain future which often contains multiple potential outcomes, due to multi-agent interactions and the latent goals of others. Towards these goals, we introduce a probabilistic framework that efficiently learns latent variables to jointly model the multi-step future motions of agents in a scene. Our framework is data-driven and learns semantically meaningful latent variables to represent the multimodal future, without requiring explicit labels. Using a dynamic attention-based state encoder, we learn to encode the past as well as the future interactions among agents, efficiently scaling to any number of agents. Finally, our model can be used for planning via computing a conditional probability density over the trajectories of other agents given a hypothetical rollout of the 'self' agent. We demonstrate our algorithms by predicting vehicle trajectories of both simulated and real data, demonstrating the state-of-the-art results on several vehicle trajectory datasets.","high","A1","1","A1=high","A1=The paper develops or evaluates a temporal correspondence, synchronization, delay, or sequence-representation mechanism for Multiple Futures Prediction.","A1=Its mechanism is a plausible transfer to multimodal robot experience, action-observation alignment, or temporally aware policy training.","A1=true","expansion_round_3","","","arxiv:1911.00997","arxiv:1911.00997","590180905307460044","","","related-papers-round3","","A1","false","false","false","false","A1/expansion-round3-registry.json | A1/paper-registry-complete.json","A1/expansion-round3-triage.jsonl"
"361","arxiv:2002.06038","11","HIGH","A8","Never Give Up: Learning Directed Exploration Strategies","arxiv:2002.06038","We propose a reinforcement learning agent to solve hard exploration games by learning a range of directed exploratory policies. We construct an episodic memory-based intrinsic reward using k-nearest neighbors over the agent's recent experience to train the directed exploratory policies, thereby encouraging the agent to repeatedly revisit all states in its environment. A self-supervised inverse dynamics model is used to train the embeddings of the nearest neighbour lookup, biasing the novelty signal towards what the agent can control. We employ the framework of Universal Value Function Approximators (UVFA) to simultaneously learn many directed exploration policies with the same neural network, with different trade-offs between exploration and exploitation. By using the same neural network for different degrees of exploration/exploitation, transfer is demonstrated from predominantly exploratory policies yielding effective exploitative policies. The proposed method can be incorporated to run with modern distributed RL agents that collect large amounts of experience from many actors running in parallel on separate environment instances. Our method doubles the performance of the base agent in all hard exploration in the Atari-57 suite while maintaining a very high score across the remaining games, obtaining a median human normalised score of 1344.0%. Notably, the proposed method is the first algorithm to achieve non-zero rewards (with a mean score of 8,400) in the game of Pitfall! without using demonstrations or hand-crafted features.","high","A8","1","A8=high","A8=A novelty module based on episodic memory and learned embeddings directs exploration toward states unlike prior experience.","A8=It combines representation-space novelty with persistent memory to target underexplored fleet scenarios.","A8=true","expansion_round_2","","","arxiv:2002.06038 | paperid:5349633168323911866","","","","","","","A8","false","false","false","false","A8/work/expansion-round2-novel.jsonl","A8/work/expansion-round2-triage.jsonl | A8/work/expansion-round3-triage.jsonl"
"374","arxiv:2004.07219","11","MEDIUM","A2 | A5 | A6","D4RL: Datasets for Deep Data-Driven Reinforcement Learning","arxiv:2004.07219","The offline reinforcement learning (RL) setting (also known as full batch RL), where a policy is learned from a static dataset, is compelling as progress enables RL methods to take advantage of large, previously-collected datasets, much like how the rise of large datasets has fueled results in supervised learning. However, existing online RL benchmarks are not tailored towards the offline setting and existing offline RL benchmarks are restricted to data generated by partially-trained agents, making progress in offline RL difficult to measure. In this work, we introduce benchmarks specifically designed for the offline setting, guided by key properties of datasets relevant to real-world applications of offline RL. With a focus on dataset collection, examples of such properties include: datasets generated via hand-designed controllers and human demonstrators, multitask datasets where an agent performs different tasks in the same environment, and datasets collected with mixtures of policies. By moving beyond simple benchmark tasks and data collected by partially-trained RL agents, we reveal important and unappreciated deficiencies of existing algorithms. To facilitate research, we have released our benchmark tasks and datasets with a comprehensive evaluation of existing algorithms, an evaluation protocol, and open-source examples. This serves as a common starting point for the community to identify shortcomings in existing offline RL methods and a collaborative route for progress in this emerging area.","medium","A2 | A5 | A6","3","A2=low | A5=medium | A6=medium","A2=Discovers reusable temporal structure in sequential experience for downstream decision making or policy learning. | A5=The offline reinforcement learning (RL) setting (also known as full batch RL), where a policy is learned from a static dataset, is compelling as progress enables RL methods to take advantage of large, previously-collected datasets, much like how the rise of large datasets has. | A6=Uses value or reward inference, offline reinforcement learning, or advantage signals to extract task-relevant behavior from heterogeneous trajectories.","A2=The mechanism can turn long robot experience into reusable training units, skill memories, or better-conditioned policy targets. | A5=The expansion tests whether this weighting mechanism adds a reusable way to control which robot experience influences policy training. | A6=Connects trajectory outcomes to policy improvement rather than copying actions independently of consequences.","A2=false | A5=true | A6=false","expansion_round_1","","2020","arxiv:2004.07219","arxiv:2004.07219","5216023879850160934","","","related-papers","foundational","A2 | A5 | A6","false","false","false","true","A2/expansion-pool.json | A2/expansion-pool.jsonl | A5/expansion/inspection-manifest.json | A5/expansion/raw/round1-references.json | A5/expansion/read-manifest.json | A6/expansion/canonical-pool.jsonl | A7/raw/q23-offline-support.json | A7/work/expansion-registry.json | A7/work/expansion-registry.jsonl | A7/work/paper-registry.json | A7/work/paper-registry.jsonl | A7/work/verified-paper-registry.json | A7/work/verified-paper-registry.jsonl","A2/expansion-triage.jsonl | A5/expansion/round1-triage.jsonl | A6/expansion/triage.jsonl"
"387","arxiv:2006.08506","11","MEDIUM","A1","Regularized Forward-Backward Decoder for Attention Models","arxiv:2006.08506","Nowadays, attention models are one of the popular candidates for speech recognition. So far, many studies mainly focus on the encoder structure or the attention module to enhance the performance of these models. However, mostly ignore the decoder. In this paper, we propose a novel regularization technique incorporating a second decoder during the training phase. This decoder is optimized on time-reversed target labels beforehand and supports the standard decoder during training by adding knowledge from future context. Since it is only added during training, we are not changing the basic structure of the network or adding complexity during decoding. We evaluate our approach on the smaller TEDLIUMv2 and the larger LibriSpeech dataset, achieving consistent improvements on both of them.","medium","A1","1","A1=medium","A1=The paper develops or evaluates a temporal correspondence, synchronization, delay, or sequence-representation mechanism for Regularized Forward-Backward Decoder for Attention Models.","A1=Its adjacent-domain method may provide a transferable alignment idea, but the robot transfer path requires verification.","A1=true","expansion_round_1","","","arxiv:2006.08506","arxiv:2006.08506","3681851282716019478","","","related-similar","","A1","false","false","false","false","A1/expansion-registry.json | A1/paper-registry-complete.json","A1/expansion-triage.jsonl"
"400","arxiv:2009.13436","11","MEDIUM","A1","Learning to Detect Objects with a 1 Megapixel Event Camera","arxiv:2009.13436","Event cameras encode visual information with high temporal precision, low data-rate, and high-dynamic range. Thanks to these characteristics, event cameras are particularly suited for scenarios with high motion, challenging lighting conditions and requiring low latency. However, due to the novelty of the field, the performance of event-based systems on many vision tasks is still lower compared to conventional frame-based solutions. The main reasons for this performance gap are: the lower spatial resolution of event sensors, compared to frame cameras; the lack of large-scale training datasets; the absence of well established deep learning architectures for event-based processing. In this paper, we address all these problems in the context of an event-based object detection task. First, we publicly release the first high-resolution large-scale dataset for object detection. The dataset contains more than 14 hours recordings of a 1 megapixel event camera, in automotive scenarios, together with 25M bounding boxes of cars, pedestrians, and two-wheelers, labeled at high frequency. Second, we introduce a novel recurrent architecture for event-based detection and a temporal consistency loss for better-behaved training. The ability to compactly represent the sequence of events into the internal memory of the model is essential to achieve high accuracy. Our model outperforms by a large margin feed-forward event-based architectures. Moreover, our method does not require any reconstruction of intensity images from events, showing that training directly from raw events is possible, more efficient, and more accurate than passing through an intermediate intensity image. Experiments on the dataset introduced in this work, for which events and gray level images are available, show performance on par with that of highly tuned and studied frame-based detectors.","medium","A1","1","A1=medium","A1=The paper develops or evaluates a temporal correspondence, synchronization, delay, or sequence-representation mechanism for Learning to Detect Objects with a 1 Megapixel Event Camera.","A1=Its adjacent-domain method may provide a transferable alignment idea, but the robot transfer path requires verification.","A1=true","expansion_round_1","","","arxiv:2009.13436","arxiv:2009.13436","245496596607761651","","","related-similar","","A1","false","false","false","false","A1/expansion-registry.json | A1/paper-registry-complete.json","A1/expansion-triage.jsonl"
"413","arxiv:2010.08354","11","MEDIUM","A1","Differentiable Divergences Between Time Series","arxiv:2010.08354","Computing the discrepancy between time series of variable sizes is notoriously challenging. While dynamic time warping (DTW) is popularly used for this purpose, it is not differentiable everywhere and is known to lead to bad local optima when used as a ""loss"". Soft-DTW addresses these issues, but it is not a positive definite divergence: due to the bias introduced by entropic regularization, it can be negative and it is not minimized when the time series are equal. We propose in this paper a new divergence, dubbed soft-DTW divergence, which aims to correct these issues. We study its properties; in particular, under conditions on the ground cost, we show that it is a valid divergence: it is non-negative and minimized if and only if the two time series are equal. We also propose a new ""sharp"" variant by further removing entropic bias. We showcase our divergences on time series averaging and demonstrate significant accuracy improvements compared to both DTW and soft-DTW on 84 time series classification datasets.","medium","A1","1","A1=medium","A1=The paper develops or evaluates a temporal correspondence, synchronization, delay, or sequence-representation mechanism for Differentiable Divergences Between Time Series.","A1=Its adjacent-domain method may provide a transferable alignment idea, but the robot transfer path requires verification.","A1=true","expansion_round_1","","","arxiv:2010.08354","arxiv:2010.08354","4787024802566846412","","","related-similar","","A1","false","false","false","false","A1/expansion-registry.json | A1/expansion-round3-registry.json | A1/paper-registry-complete.json","A1/expansion-triage.jsonl"
"426","arxiv:2011.05970","11","HIGH","A1","Transformers for One-Shot Visual Imitation","arxiv:2011.05970","Humans are able to seamlessly visually imitate others, by inferring their intentions and using past experience to achieve the same end goal. In other words, we can parse complex semantic knowledge from raw video and efficiently translate that into concrete motor control. Is it possible to give a robot this same capability? Prior research in robot imitation learning has created agents which can acquire diverse skills from expert human operators. However, expanding these techniques to work with a single positive example during test time is still an open challenge. Apart from control, the difficulty stems from mismatches between the demonstrator and robot domains. For example, objects may be placed in different locations (e.g. kitchen layouts are different in every house). Additionally, the demonstration may come from an agent with different morphology and physical appearance (e.g. human), so one-to-one action correspondences are not available. This paper investigates techniques which allow robots to partially bridge these domain gaps, using their past experience. A neural network is trained to mimic ground truth robot actions given context video from another agent, and must generalize to unseen task instances when prompted with new videos during test time. We hypothesize that our policy representations must be both context driven and dynamics aware in order to perform these tasks. These assumptions are baked into the neural network using the Transformers attention mechanism and a self-supervised inverse dynamics loss. Finally, we experimentally determine that our method accomplishes a ∼ 2x improvement in terms of task success rate over prior baselines in a suite of one-shot manipulation tasks.","high","A1","1","A1=high","A1=The paper develops or evaluates a temporal correspondence, synchronization, delay, or sequence-representation mechanism for Transformers for One-Shot Visual Imitation.","A1=Its mechanism is a plausible transfer to multimodal robot experience, action-observation alignment, or temporally aware policy training.","A1=true","expansion_round_1","","","arxiv:2011.05970","arxiv:2011.05970","2107468745920313614","","q03-direct-partial-success | q20-adj-human-activity","related-references","","A1","false","false","false","false","A1/expansion-registry.json | A1/expansion-round2-registry.json | A1/expansion-round3-registry.json | A1/paper-registry-complete.json | A6/raw-retrieval/q03-direct-partial-success.json | A6/raw-retrieval/q20-adj-human-activity.json | A6/work/canonical-pool.jsonl","A1/expansion-triage.jsonl"
"439","arxiv:2102.00431","11","MEDIUM","A1","Synergetic Learning of Heterogeneous Temporal Sequences for Multi-Horizon Probabilistic Forecasting","arxiv:2102.00431","Time-series is ubiquitous across applications, such as transportation, finance and healthcare. Time-series is often influenced by external factors, especially in the form of asynchronous events, making forecasting difficult. However, existing models are mainly designated for either synchronous time-series or asynchronous event sequence, and can hardly provide a synthetic way to capture the relation between them. We propose Variational Synergetic Multi-Horizon Network (VSMHN), a novel deep conditional generative model. To learn complex correlations across heterogeneous sequences, a tailored encoder is devised to combine the advances in deep point processes models and variational recurrent neural networks. In addition, an aligned time coding and an auxiliary transition scheme are carefully devised for batched training on unaligned sequences. Our model can be trained effectively using stochastic variational inference and generates probabilistic predictions with Monte-Carlo simulation. Furthermore, our model produces accurate, sharp and more realistic probabilistic forecasts. We also show that modeling asynchronous event sequences is crucial for multi-horizon time-series forecasting.","medium","A1","1","A1=medium","A1=The paper develops or evaluates a temporal correspondence, synchronization, delay, or sequence-representation mechanism for Synergetic Learning of Heterogeneous Temporal Sequences for Multi-Horizon Probabilistic Forecasting.","A1=Its adjacent-domain method may provide a transferable alignment idea, but the robot transfer path requires verification.","A1=true","expansion_round_3","","","arxiv:2102.00431","arxiv:2102.00431","8621664566219476628","","","related-papers-round3","","A1","false","false","false","false","A1/expansion-round3-registry.json | A1/paper-registry-complete.json","A1/expansion-round3-triage.jsonl"
"452","arxiv:2103.09458","11","HIGH","A1","Learning Discriminative Prototypes with Dynamic Time Warping","arxiv:2103.09458","Dynamic Time Warping (DTW) is widely used for temporal data processing. However, existing methods can neither learn the discriminative prototypes of different classes nor exploit such prototypes for further analysis. We propose Discriminative Prototype DTW (DP-DTW), a novel method to learn class-specific discriminative prototypes for temporal recognition tasks. DP-DTW shows superior performance compared to conventional DTWs on time series classification benchmarks. Combined with end-to-end deep learning, DP-DTW can handle challenging weakly supervised action segmentation problems and achieves state of the art results on standard benchmarks. Moreover, detailed reasoning on the input video is enabled by the learned action prototypes. Specifically, an action-based video summarization can be obtained by aligning the input sequence with action prototypes.","high","A1","1","A1=high","A1=The paper develops or evaluates a temporal correspondence, synchronization, delay, or sequence-representation mechanism for Learning Discriminative Prototypes with Dynamic Time Warping.","A1=Its mechanism is a plausible transfer to multimodal robot experience, action-observation alignment, or temporally aware policy training.","A1=true","expansion_round_1","","","arxiv:2103.09458","arxiv:2103.09458","5992494384720264815","","","related-references","","A1","false","false","false","false","A1/expansion-inspection-manifest.json | A1/expansion-registry.json | A1/paper-registry-complete.json","A1/expansion-triage.jsonl"
"465","arxiv:2105.14829","11","MEDIUM","A3","Q-attention: Enabling Efficient Learning for Vision-based Robotic Manipulation","arxiv:2105.14829","Despite the success of reinforcement learning methods, they have yet to have their breakthrough moment when applied to a broad range of robotic manipulation tasks. This is partly due to the fact that reinforcement learning algorithms are notoriously difficult and time consuming to train, which is exacerbated when training from images rather than full-state inputs. As humans perform manipulation tasks, our eyes closely monitor every step of the process with our gaze focusing sequentially on the objects being manipulated. With this in mind, we present our Attention-driven Robotic Manipulation (A","medium","A3","1","A3=medium","A3=The paper develops or evaluates Q-attention: Enabling Efficient Learning for Vision-based Robotic Manipulation, offering an adjacent mechanism for robot learning or data use.","A3=The result may transfer to A3 quality estimation or harmful-data handling, but direct relevance is uncertain.","A3=false","expansion_round_2","Stephen James | Andrew J. Davison","2021","arxiv:2105.14829","","","cs.AI | cs.CV | cs.LG | cs.RO","","firecrawl research related-papers","","A3","false","false","false","false","A3/paper-registry.json | A3/round2-registry.json","A3/round2-triage.jsonl"
"478","arxiv:2107.02625","11","HIGH","A1","Open-Source LiDAR Time Synchronization System by Mimicking GNSS-clock","arxiv:2107.02625","Data fusion algorithms that employ LiDAR measurements, such as Visual-LiDAR, LiDAR-Inertial, or Multiple LiDAR Odometry and simultaneous localization and mapping (SLAM) rely on precise timestamping schemes that grant synchronicity to data from LiDAR and other sensors. Poor synchronization performance, due to incorrect timestamping procedure, may negatively affect the algorithms' state estimation results. To provide highly accurate and precise synchronization between the sensors, we introduce an open-source hardware-software LiDAR to other sensors time synchronization system that exploits a dedicated hardware LiDAR time synchronization interface by providing emulated GNSS-clock to this interface, no physical GNSS-receiver is needed. The emulator is based on a general-purpose microcontroller and, due to concise hardware and software architecture, can be easily modified or extended for synchronization of sets of different sensors such as cameras, inertial measurement units (IMUs), wheel encoders, other LiDARs, etc. In the paper, we provide an example of such a system with synchronized LiDAR and IMU sensors. We conducted an evaluation of the sensors synchronization accuracy and precision, and state 1 microsecond performance. We compared our results with timestamping provided by ROS software and by a LiDAR inner clocking scheme to underline clear advantages over these two baseline methods.","high","A1","1","A1=high","A1=A hardware-software GNSS-clock emulator supplies precise common timing to LiDAR and other sensors, outperforming software or internal clocks.","A1=It demonstrates a practical hardware timestamping path when software-level synchronization is not precise enough for robot fusion.","A1=true","primary_assignment","","","arxiv:2107.02625","arxiv:2107.02625","2390575294533569870","","q02-synonyms","search-papers","","A1","false","false","false","false","A1/assigned-papers.json | A1/evidence-read-manifest.json | A1/inspection-manifest.json | A1/paper-registry-complete.json | A1/paper-registry.json | A1/raw/q02-synonyms.json","A1/assigned-abstracts.jsonl | A1/triage.jsonl"
"491","arxiv:2108.03298","11","HIGH","A1 | A4 | A6 | A7 | A8","What Matters in Learning from Offline Human Demonstrations for Robot Manipulation","arxiv:2108.03298","Imitating human demonstrations is a promising approach to endow robots with various manipulation capabilities. While recent advances have been made in imitation learning and batch (offline) reinforcement learning, a lack of open-source human datasets and reproducible learning methods make assessing the state of the field difficult. In this paper, we conduct an extensive study of six offline learning algorithms for robot manipulation on five simulated and three real-world multi-stage manipulation tasks of varying complexity, and with datasets of varying quality. Our study analyzes the most critical challenges when learning from offline human data for manipulation. Based on the study, we derive a series of lessons including the sensitivity to different algorithmic design choices, the dependence on the quality of the demonstrations, and the variability based on the stopping criteria due to the different objectives in training and evaluation. We also highlight opportunities for learning from human datasets, such as the ability to learn proficient policies on challenging, multi-stage tasks beyond the scope of current reinforcement learning methods, and the ability to easily scale to natural, real-world manipulation scenarios where only raw sensory signals are available. We have open-sourced our datasets and all algorithm implementations to facilitate future research and fair comparisons in learning from human demonstration data. Codebase, datasets, trained models, and more available at https://arise-initiative.github.io/robomimic-web/","high","A1 | A4 | A6 | A7 | A8","5","A1=low | A4=high | A6=high | A7=high | A8=medium","A1=The abstract does not expose a clear temporal mechanism connected to the lane. | A4=Uses data valuation or attribution to estimate example contribution to model or policy outcomes. | A6=Uses data-quality estimates, filtering, weighting, or offline reinforcement learning to extract signal from suboptimal demonstrations. | A7=Imitating human demonstrations is a promising approach to endow robots with various manipulation capabilities. | A8=A controlled study compares demonstration quality, coverage, and quantity to determine which offline human-data properties drive manipulation success.","A1=Its mechanism is a plausible transfer to multimodal robot experience, action-observation alignment, or temporally aware policy training. | A4=It directly informs curation of robot experience or a transferable policy-data loop. | A6=Directly informs how a robot data loop can learn from heterogeneous and imperfect trajectories. | A7=It provides a route to reuse heterogeneous experience across embodiments or data sources. | A8=It provides evidence for prioritizing collection dimensions instead of assuming more demonstrations are uniformly valuable.","A1=false | A4=true | A6=true | A7=true | A8=true","expansion_round_1 | expansion_round_2 | primary_assignment","Ajay Mandlekar, Danfei Xu, Josiah Wong, Soroush Nasiriany, Chen Wang, Rohun Kulkarni, Li Fei-Fei, Silvio Savarese, Yuke Zhu, Roberto MartÃ­n-MartÃ­n","2021","arxiv:2108.03298 | paper:7032286529022162894 | paperid:7032286529022162894","arxiv:2108.03298","7032286529022162894","cs.AI | cs.LG | cs.RO","3 | q02-direct-imperfect-demo | q35-found-learn-failures","references | related-paper-expansion | related-papers | related-papers-round2 | related-papers-round3 | similar","general","A1 | A6","true","true","false","true","A1/expansion-round2-registry.json | A1/expansion-round3-registry.json | A1/paper-registry-complete.json | A4/expansion/expansion-registry.jsonl | A4/expansion/round2/registry.jsonl | A4/expansion/round3/registry.jsonl | A4/expansion/round5/registry.jsonl | A5/canonical-pool.jsonl | A5/expansion/raw/round2-references.json | A5/expansion/raw/round3-references.json | A5/expansion/raw/round3-similar.json | A5/paper-registry.json | A5/raw/q03-direct-hard.json | A6/expansion/canonical-pool.jsonl | A6/raw-retrieval/q02-direct-imperfect-demo.json | A6/raw-retrieval/q35-found-learn-failures.json | A6/registry-assignment.jsonl | A6/work/assigned-registry-inspected.jsonl | A6/work/assigned-registry-preinspect.jsonl | A6/work/canonical-pool.jsonl | A6/work/evidence-index.jsonl | A7/work/expansion-registry.json | A7/work/expansion-registry.jsonl | A8/work/expansion-novel.jsonl | A8/work/expansion-pool.jsonl","A1/expansion-round2-triage.jsonl | A4/expansion/expansion-triage.jsonl | A6/triage.jsonl | A7/work/expansion-triage.jsonl | A8/work/expansion-triage.jsonl"
"504","arxiv:2109.10312","11","HIGH","A6","Example-Driven Model-Based Reinforcement Learning for Solving Long-Horizon Visuomotor Tasks","arxiv:2109.10312","In this paper, we study the problem of learning a repertoire of low-level skills from raw images that can be sequenced to complete long-horizon visuomotor tasks. Reinforcement learning (RL) is a promising approach for acquiring short-horizon skills autonomously. However, the focus of RL algorithms has largely been on the success of those individual skills, more so than learning and grounding a large repertoire of skills that can be sequenced to complete extended multi-stage tasks. The latter demands robustness and persistence, as errors in skills can compound over time, and may require the robot to have a number of primitive skills in its repertoire, rather than just one. To this end, we introduce EMBER, a model-based RL method for learning primitive skills that are suitable for completing long-horizon visuomotor tasks. EMBER learns and plans using a learned model, critic, and success classifier, where the success classifier serves both as a reward function for RL and as a grounding mechanism to continuously detect if the robot should retry a skill when unsuccessful or under perturbations. Further, the learned model is task-agnostic and trained using data from all skills, enabling the robot to efficiently learn a number of distinct primitives. These visuomotor primitive skills and their associated pre- and post-conditions can then be directly combined with off-the-shelf symbolic planners to complete long-horizon tasks. On a Franka Emika robot arm, we find that EMBER enables the robot to complete three long-horizon visuomotor tasks at 85% success rate, such as organizing an office desk, a file cabinet, and drawers, which require sequencing up to 12 skills, involve 14 unique learned primitives, and demand generalization to novel objects.","high","A6","1","A6=high","A6=Learns or supplies recovery, correction, retry, repair, or replanning behavior from failed or perturbed executions.","A6=Makes failure states informative for robust execution and for deciding what corrective data to collect next.","A6=true","expansion_round_1","Bohan Wu, Suraj Nair, Li Fei-Fei, Chelsea Finn","2021","arxiv:2109.10312","arxiv:2109.10312","1483768860952169000","cs.AI | cs.LG | cs.RO","","related-papers","","A6","false","true","false","false","A6/expansion/canonical-pool.jsonl | A6/expansion/selected-registry.jsonl","A6/expansion-triage.jsonl | A6/expansion/triage.jsonl"
"517","arxiv:2110.05697","11","HIGH","A1","Hierarchical Modeling for Task Recognition and Action Segmentation in Weakly-Labeled Instructional Videos","arxiv:2110.05697","This paper focuses on task recognition and action segmentation in weakly-labeled instructional videos, where only the ordered sequence of video-level actions is available during training. We propose a two-stream framework, which exploits semantic and temporal hierarchies to recognize top-level tasks in instructional videos. Further, we present a novel top-down weakly-supervised action segmentation approach, where the predicted task is used to constrain the inference of fine-grained action sequences. Experimental results on the popular Breakfast and Cooking 2 datasets show that our two-stream hierarchical task modeling significantly outperforms existing methods in top-level task recognition for all datasets and metrics. Additionally, using our task recognition framework in the proposed top-down action segmentation approach consistently improves the state of the art, while also reducing segmentation inference time by 80-90 percent.","high","A1","1","A1=high","A1=The paper develops or evaluates a temporal correspondence, synchronization, delay, or sequence-representation mechanism for Hierarchical Modeling for Task Recognition and Action Segmentation in Weakly-Labeled Instructional Videos.","A1=Its mechanism is a plausible transfer to multimodal robot experience, action-observation alignment, or temporally aware policy training.","A1=true","expansion_round_2","","","arxiv:2110.05697","arxiv:2110.05697","8544841261954275796","","","related-papers-round2 | related-papers-round3","","A1","false","false","false","false","A1/expansion-round2-registry.json | A1/expansion-round3-registry.json | A1/paper-registry-complete.json","A1/expansion-round2-triage.jsonl"
"530","arxiv:2110.15360","11","HIGH","A6","Accelerating Robotic Reinforcement Learning via Parameterized Action Primitives","arxiv:2110.15360","Despite the potential of reinforcement learning (RL) for building general-purpose robotic systems, training RL agents to solve robotics tasks still remains challenging due to the difficulty of exploration in purely continuous action spaces. Addressing this problem is an active area of research with the majority of focus on improving RL methods via better optimization or more efficient exploration. An alternate but important component to consider improving is the interface of the RL algorithm with the robot. In this work, we manually specify a library of robot action primitives (RAPS), parameterized with arguments that are learned by an RL policy. These parameterized primitives are expressive, simple to implement, enable efficient exploration and can be transferred across robots, tasks and environments. We perform a thorough empirical study across challenging tasks in three distinct domains with image input and a sparse terminal reward. We find that our simple change to the action interface substantially improves both the learning efficiency and task performance irrespective of the underlying RL algorithm, significantly outperforming prior methods which learn skills from offline expert data. Code and videos at https://mihdalal.github.io/raps/","high","A6","1","A6=high","A6=Uses value or reward inference, offline reinforcement learning, or advantage signals to extract task-relevant behavior from heterogeneous trajectories.","A6=Connects trajectory outcomes to policy improvement rather than copying actions independently of consequences.","A6=true","expansion_round_1","","","arxiv:2110.15360","arxiv:2110.15360","1819508903675542502","","","related-papers","","A6","false","false","false","false","A6/expansion/canonical-pool.jsonl","A6/expansion/triage.jsonl"
"543","arxiv:2201.10766","11","HIGH","A7","A Comprehensive Study of Image Classification Model Sensitivity to Foregrounds, Backgrounds, and Visual Attributes","arxiv:2201.10766","While datasets with single-label supervision have propelled rapid advances in image classification, additional annotations are necessary in order to quantitatively assess how models make predictions. To this end, for a subset of ImageNet samples, we collect segmentation masks for the entire object and 18 informative attributes. We call this dataset RIVAL10 (RIch Visual Attributes with Localization), consisting of roughly 26k instances over 10 classes. Using RIVAL10, we evaluate the sensitivity of a broad set of models to noise corruptions in foregrounds, backgrounds and attributes. In our analysis, we consider diverse state-of-the-art architectures (ResNets, Transformers) and training procedures (CLIP, SimCLR, DeiT, Adversarial Training). We find that, somewhat surprisingly, in ResNets, adversarial training makes models more sensitive to the background compared to foreground than standard training. Similarly, contrastively-trained models also have lower relative foreground sensitivity in both transformers and ResNets. Lastly, we observe intriguing adaptive abilities of transformers to increase relative foreground sensitivity as corruption level increases. Using saliency methods, we automatically discover spurious features that drive the background sensitivity of models and assess alignment of saliency maps with foregrounds. Finally, we quantitatively study the attribution problem for neural features by comparing feature saliency with ground-truth localization of semantic attributes.","high","A7","1","A7=high","A7=While datasets with single-label supervision have propelled rapid advances in image classification, additional annotations are necessary in order to quantitatively assess how models make predictions.","A7=It helps diagnose or reduce behavior-distribution mismatch and spurious dependence under deployment shift.","A7=true","expansion_round_1","","","arxiv:2201.10766","","","","","references","","A7","false","false","false","false","A7/work/expansion-registry.json | A7/work/expansion-registry.jsonl","A7/work/expansion-triage.jsonl"
"556","arxiv:2202.05894","11","HIGH","A3","Failure Prediction with Statistical Guarantees for Vision-Based Robot Control","arxiv:2202.05894","We are motivated by the problem of performing failure prediction for safety-critical robotic systems with high-dimensional sensor observations (e.g., vision). Given access to a black-box control policy (e.g., in the form of a neural network) and a dataset of training environments, we present an approach for synthesizing a failure predictor with guaranteed bounds on false-positive and false-negative errors. In order to achieve this, we utilize techniques from Probably Approximately Correct (PAC)-Bayes generalization theory. In addition, we present novel class-conditional bounds that allow us to","high","A3","1","A3=high","A3=Statistical failure prediction gives finite-sample guarantees for vision-based robot control.","A3=Calibrated failure warnings can make harmful-data detection auditable under limited failure observations.","A3=true","expansion_round_3","Alec Farid | David Snyder | Allen Z. Ren | Anirudha Majumdar","2022","arxiv:2202.05894","","","cs.RO","","firecrawl research related-papers","","A3","false","false","false","false","A3/paper-registry.json | A3/round3-evidence-index.json | A3/round3-registry.json","A3/round3-triage.jsonl"
"569","arxiv:2204.02968","11","HIGH","A1","Temporal Alignment Networks for Long-term Video","arxiv:2204.02968","The objective of this paper is a temporal alignment network that ingests long term video sequences, and associated text sentences, in order to: (1) determine if a sentence is alignable with the video; and (2) if it is alignable, then determine its alignment. The challenge is to train such networks from large-scale datasets, such as HowTo100M, where the associated text sentences have significant noise, and are only weakly aligned when relevant. Apart from proposing the alignment network, we also make four contributions: (i) we describe a novel co-training method that enables to denoise and train on raw instructional videos without using manual annotation, despite the considerable noise; (ii) to benchmark the alignment performance, we manually curate a 10-hour subset of HowTo100M, totalling 80 videos, with sparse temporal descriptions. Our proposed model, trained on HowTo100M, outperforms strong baselines (CLIP, MIL-NCE) on this alignment dataset by a significant margin; (iii) we apply the trained model in the zero-shot settings to multiple downstream video understanding tasks and achieve state-of-the-art results, including text-video retrieval on YouCook2, and weakly supervised video action segmentation on Breakfast-Action; (iv) we use the automatically aligned HowTo100M annotations for end-to-end finetuning of the backbone model, and obtain improved performance on downstream action recognition tasks.","high","A1","1","A1=high","A1=The paper develops or evaluates a temporal correspondence, synchronization, delay, or sequence-representation mechanism for Temporal Alignment Networks for Long-term Video.","A1=Its mechanism is a plausible transfer to multimodal robot experience, action-observation alignment, or temporally aware policy training.","A1=true","expansion_round_1","","","arxiv:2204.02968","arxiv:2204.02968","7689034283843777888","","","related-citers | related-similar","","A1","false","false","false","false","A1/expansion-registry.json | A1/expansion-round2-registry.json | A1/expansion-round3-registry.json | A1/paper-registry-complete.json","A1/expansion-triage.jsonl"
"582","arxiv:2205.09991","11","HIGH","A1 | A5","Planning with Diffusion for Flexible Behavior Synthesis","arxiv:2205.09991","Model-based reinforcement learning methods often use learning only for the purpose of estimating an approximate dynamics model, offloading the rest of the decision-making work to classical trajectory optimizers. While conceptually simple, this combination has a number of empirical shortcomings, suggesting that learned models may not be well-suited to standard trajectory optimization. In this paper, we consider what it would look like to fold as much of the trajectory optimization pipeline as possible into the modeling problem, such that sampling from the model and planning with it become nearly identical. The core of our technical approach lies in a diffusion probabilistic model that plans by iteratively denoising trajectories. We show how classifier-guided sampling and image inpainting can be reinterpreted as coherent planning strategies, explore the unusual and useful properties of diffusion-based planning methods, and demonstrate the effectiveness of our framework in control settings that emphasize long-horizon decision-making and test-time flexibility.","high","A1 | A5","2","A1=high | A5=low","A1=The paper develops or evaluates a temporal correspondence, synchronization, delay, or sequence-representation mechanism for Planning with Diffusion for Flexible Behavior Synthesis. | A5=In this paper, we consider what it would look like to fold as much of the trajectory optimization pipeline as possible into the modeling problem, such that sampling from the model and planning with it become nearly identical.","A1=Its mechanism is a plausible transfer to multimodal robot experience, action-observation alignment, or temporally aware policy training. | A5=This adaptive mixture neighbor tests whether the expansion adds a reusable mechanism for controlling robot experience in policy training.","A1=true | A5=false","expansion_round_2 | expansion_round_3","","","arxiv:2205.09991","arxiv:2205.09991","3322607262388661296","","","related-papers-round2 | related-papers-round3","","A1","false","false","false","true","A1/expansion-round2-registry.json | A1/expansion-round3-registry.json | A1/paper-registry-complete.json | A5/expansion/raw/round3-similar.json","A1/expansion-round2-triage.jsonl | A5/expansion/round3-triage.jsonl"
"595","arxiv:2207.03395","11","HIGH","A6","Unified Learning from Demonstrations, Corrections, and Preferences during Physical Human-Robot Interaction","arxiv:2207.03395","Humans can leverage physical interaction to teach robot arms. This physical interaction takes multiple forms depending on the task, the user, and what the robot has learned so far. State-of-the-art approaches focus on learning from a single modality, or combine multiple interaction types by assuming that the robot has prior information about the human's intended task. By contrast, in this paper we introduce an algorithmic formalism that unites learning from demonstrations, corrections, and preferences. Our approach makes no assumptions about the tasks the human wants to teach the robot; instead, we learn a reward model from scratch by comparing the human's inputs to nearby alternatives. We first derive a loss function that trains an ensemble of reward models to match the human's demonstrations, corrections, and preferences. The type and order of feedback is up to the human teacher: we enable the robot to collect this feedback passively or actively. We then apply constrained optimization to convert our learned reward into a desired robot trajectory. Through simulations and a user study we demonstrate that our proposed approach more accurately learns manipulation tasks from physical human interaction than existing baselines, particularly when the robot is faced with new or unexpected objectives. Videos of our user study are available at: https://youtu.be/FSUJsTYvEKU","high","A6","1","A6=high","A6=Learns or supplies recovery, correction, retry, repair, or replanning behavior from failed or perturbed executions.","A6=Makes failure states informative for robust execution and for deciding what corrective data to collect next.","A6=true","expansion_round_1","","","arxiv:2207.03395","arxiv:2207.03395","4646691137256456954","","q13-mech-reward-preference | q25-found-failures | q29-found-corrections | q35-found-learn-failures","related-papers","","A6","false","false","false","false","A6/expansion/canonical-pool.jsonl | A6/raw-retrieval/q13-mech-reward-preference.json | A6/raw-retrieval/q25-found-failures.json | A6/raw-retrieval/q29-found-corrections.json | A6/raw-retrieval/q35-found-learn-failures.json | A6/work/canonical-pool.jsonl","A6/expansion/triage.jsonl"
"608","arxiv:2209.13605","11","HIGH","A6","Efficient Recovery Learning using Model Predictive Meta-Reasoning","arxiv:2209.13605","Operating under real world conditions is challenging due to the possibility of a wide range of failures induced by execution errors and state uncertainty. In relatively benign settings, such failures can be overcome by retrying or executing one of a small number of hand-engineered recovery strategies. By contrast, contact-rich sequential manipulation tasks, like opening doors and assembling furniture, are not amenable to exhaustive hand-engineering. To address this issue, we present a general approach for robustifying manipulation strategies in a sample-efficient manner. Our approach incrementally improves robustness by first discovering the failure modes of the current strategy via exploration in simulation and then learning additional recovery skills to handle these failures. To ensure efficient learning, we propose an online algorithm called Meta-Reasoning for Skill Learning (MetaReSkill) that monitors the progress of all recovery policies during training and allocates training resources to recoveries that are likely to improve the task performance the most. We use our approach to learn recovery skills for door-opening and evaluate them both in simulation and on a real robot with little fine-tuning. Compared to open-loop execution, our experiments show that even a limited amount of recovery learning improves task success substantially from 71% to 92.4% in simulation and from 75% to 90% on a real robot.","high","A6","1","A6=high","A6=Uses a recovery, correction, failure-analysis, or imperfect-demonstration mechanism to improve robot execution from non-ideal experience.","A6=Adds an independently discovered A6 mechanism or an important variant for experience/data/training design.","A6=true","expansion_round_1","Shivam Vats, Maxim Likhachev, Oliver Kroemer","2022","arxiv:2209.13605","arxiv:2209.13605","2585017505797783257","cs.AI | cs.LG | cs.RO","q01-direct-failed-recovery | q14-mech-recovery-intervention | q15-failure-detection-recovery | q16-failure-replay","related-papers","","A6","false","true","false","false","A6/expansion/canonical-pool.jsonl | A6/expansion/selected-registry.jsonl | A6/raw-retrieval/q01-direct-failed-recovery.json | A6/raw-retrieval/q14-mech-recovery-intervention.json | A6/raw-retrieval/q15-failure-detection-recovery.json | A6/raw-retrieval/q16-failure-replay.json | A6/work/canonical-pool.jsonl","A6/expansion-triage.jsonl | A6/expansion/triage.jsonl"
"621","arxiv:2210.06407","11","HIGH","A7","Interactive Language: Talking to Robots in Real Time","arxiv:2210.06407","We present a framework for building interactive, real-time, natural language-instructable robots in the real world, and we open source related assets (dataset, environment, benchmark, and policies). Trained with behavioral cloning on a dataset of hundreds of thousands of language-annotated trajectories, a produced policy can proficiently execute an order of magnitude more commands than previous works: specifically we estimate a 93.5% success rate on a set of 87,000 unique natural language strings specifying raw end-to-end visuo-linguo-motor skills in the real world. We find that the same policy is capable of being guided by a human via real-time language to address a wide range of precise long-horizon rearrangement goals, e.g. ""make a smiley face out of blocks"". The dataset we release comprises nearly 600,000 language-labeled trajectories, an order of magnitude larger than prior available datasets. We hope the demonstrated results and associated assets enable further advancement of helpful, capable, natural-language-interactable robots. See videos at https://interactive-language.github.io.","high","A7","1","A7=high","A7=We present a framework for building interactive, real-time, natural language-instructable robots in the real world, and we open source related assets (dataset, environment, benchmark, and policies).","A7=It provides a route to reuse heterogeneous experience across embodiments or data sources.","A7=true","expansion_round_1","","","arxiv:2210.06407","","","","","references","","A7","false","false","false","false","A7/work/expansion-registry.json | A7/work/expansion-registry.jsonl","A7/work/expansion-triage.jsonl"
"634","arxiv:2211.00600","11","HIGH","A8","Interactive Imitation Learning in Robotics: A Survey","arxiv:2211.00600","Interactive Imitation Learning (IIL) is a branch of Imitation Learning (IL) where human feedback is provided intermittently during robot execution allowing an online improvement of the robot's behavior. In recent years, IIL has increasingly started to carve out its own space as a promising data-driven alternative for solving complex robotic tasks. The advantages of IIL are its data-efficient, as the human feedback guides the robot directly towards an improved behavior, and its robustness, as the distribution mismatch between the teacher and learner trajectories is minimized by providing feedback directly over the learner's trajectories. Nevertheless, despite the opportunities that IIL presents, its terminology, structure, and applicability are not clear nor unified in the literature, slowing down its development and, therefore, the research of innovative formulations and discoveries. In this article, we attempt to facilitate research in IIL and lower entry barriers for new practitioners by providing a survey of the field that unifies and structures it. In addition, we aim to raise awareness of its potential, what has been accomplished and what are still open research questions. We organize the most relevant works in IIL in terms of human-robot interaction (i.e., types of feedback), interfaces (i.e., means of providing feedback), learning (i.e., models learned from feedback and function approximators), user experience (i.e., human perception about the learning process), applications, and benchmarks. Furthermore, we analyze similarities and differences between IIL and RL, providing a discussion on how the concepts offline, online, off-policy and on-policy learning should be transferred to IIL from the RL literature. We particularly focus on robotic applications in the real world and discuss their implications, limitations, and promising future areas of research.","high","A8","1","A8=high","A8=The survey organizes interactive imitation methods by querying experts on learner states, uncertainty, corrections, and aggregation.","A8=It provides the taxonomy and baseline vocabulary needed to compare active fleet collection mechanisms consistently.","A8=true","expansion_round_1","","","arxiv:2211.00600 | paperid:8545243615112712627","","","","","related-papers","","A8","false","false","false","false","A8/work/expansion-novel.jsonl | A8/work/expansion-pool.jsonl","A8/work/expansion-triage.jsonl"
"647","arxiv:2212.04280","11","HIGH","A3 | A6","Model-based trajectory stitching for improved behavioural cloning and its applications","arxiv:2212.04280","Behavioural cloning (BC) is a commonly used imitation learning method to infer a sequential decision-making policy from expert demonstrations. However, when the quality of the data is not optimal, the resulting behavioural policy also performs sub-optimally once deployed. Recently, there has been a surge in offline reinforcement learning methods that hold the promise to extract high-quality policies from sub-optimal historical data. A common approach is to perform regularisation during training, encouraging updates during policy evaluation and/or policy improvement to stay close to the underlying data. In this work, we investigate whether an offline approach to improving the quality of the existing data can lead to improved behavioural policies without any changes in the BC algorithm. The proposed data improvement approach - Trajectory Stitching (TS) - generates new trajectories (sequences of states and actions) by `stitching' pairs of states that were disconnected in the original data and generating their connecting new action. By construction, these new transitions are guaranteed to be highly plausible according to probabilistic models of the environment, and to improve a state-value function. We demonstrate that the iterative process of replacing old trajectories with new ones incrementally improves the underlying behavioural policy. Extensive experimental results show that significant performance gains can be achieved using TS over BC policies extracted from the original data. Furthermore, using the D4RL benchmarking suite, we demonstrate that state-of-the-art results are obtained by combining TS with two existing offline learning methodologies reliant on BC, model-based offline planning (MBOP) and policy constraint (TD3+BC).","high","A3 | A6","2","A3=high | A6=high","A3=A model-based procedure stitches compatible trajectory pieces so behavioral cloning can exploit suboptimal historical data. | A6=Selects, segments, repairs, or stitches trajectory prefixes and subsequences so training emphasizes feasible and informative behavior.","A3=Model-based repair can transform partial experience into cleaner supervision while exposing compatibility assumptions. | A6=Provides a way to preserve useful partial progress while suppressing harmful or redundant trajectory content.","A3=true | A6=true","primary_assignment","Charles A. Hepburn, Giovanni Montana","2022","arxiv:2212.04280","arxiv:2212.04280","5660218873727342314","cs.LG | stat.ML","q04-mislabeled | q10-suboptimal | q11-mech-quality-weighted | q18-failure-conditioned-bc","firecrawl research search-papers | search-papers","false","A3 | A6","true","true","false","false","A2/canonical-pool.json | A2/canonical-pool.jsonl | A2/raw/q07-synonyms.json | A2/raw/q21-bad-segments.json | A2/raw/q28-offline-rl.json | A3/assigned-papers.json | A3/evidence-index.json | A3/paper-registry.json | A3/raw/q04-mislabeled.txt | A3/raw/q10-suboptimal.txt | A5/canonical-pool.jsonl | A5/paper-registry.json | A6/raw-retrieval/q11-mech-quality-weighted.json | A6/raw-retrieval/q18-failure-conditioned-bc.json | A6/registry-assignment.jsonl | A6/work/assigned-registry-inspected.jsonl | A6/work/assigned-registry-preinspect.jsonl | A6/work/canonical-pool.jsonl | A6/work/evidence-index.jsonl","A3/abstract-triage.jsonl | A6/triage.jsonl"
"660","arxiv:2301.08556","11","HIGH","A6","NeRF in the Palm of Your Hand: Corrective Augmentation for Robotics via Novel-View Synthesis","arxiv:2301.08556","Expert demonstrations are a rich source of supervision for training visual robotic manipulation policies, but imitation learning methods often require either a large number of demonstrations or expensive online expert supervision to learn reactive closed-loop behaviors. In this work, we introduce SPARTN (Synthetic Perturbations for Augmenting Robot Trajectories via NeRF): a fully-offline data augmentation scheme for improving robot policies that use eye-in-hand cameras. Our approach leverages neural radiance fields (NeRFs) to synthetically inject corrective noise into visual demonstrations, using NeRFs to generate perturbed viewpoints while simultaneously calculating the corrective actions. This requires no additional expert supervision or environment interaction, and distills the geometric information in NeRFs into a real-time reactive RGB-only policy. In a simulated 6-DoF visual grasping benchmark, SPARTN improves success rates by 2.8Ã— over imitation learning without the corrective augmentations and even outperforms some methods that use online supervision. It additionally closes the gap between RGB-only and RGB-D success rates, eliminating the previous need for depth sensors. In real-world 6-DoF robotic grasping experiments from limited human demonstrations, our method improves absolute success rates by 22.5% on average, including objects that are traditionally challenging for depth-based methods. See video results at https://bland.website/spartn.","high","A6","1","A6=high","A6=Estimates demonstration quality or latent expertise to filter, weight, or optimize learning from mixed-quality experience.","A6=Offers a reusable mechanism for converting sequential experience into better policy or data decisions.","A6=true","expansion_round_1","","","arxiv:2301.08556","arxiv:2301.08556","1521668124780495603","","","related-papers","","A6","false","false","false","false","A6/expansion/canonical-pool.jsonl","A6/expansion/triage.jsonl"
"673","arxiv:2302.00935","11","MEDIUM","A8","Policy Expansion for Bridging Offline-to-Online Reinforcement Learning","arxiv:2302.00935","Pre-training with offline data and online fine-tuning using reinforcement learning is a promising strategy for learning control policies by leveraging the best of both worlds in terms of sample efficiency and performance. One natural approach is to initialize the policy for online learning with the one trained offline. In this work, we introduce a policy expansion scheme for this task. After learning the offline policy, we use it as one candidate policy in a policy set. We then expand the policy set with another policy which will be responsible for further learning. The two policies will be composed in an adaptive manner for interacting with the environment. With this approach, the policy previously learned offline is fully retained during online learning, thus mitigating the potential issues such as destroying the useful behaviors of the offline policy in the initial stage of online learning while allowing the offline policy participate in the exploration naturally in an adaptive manner. Moreover, new useful behaviors can potentially be captured by the newly added policy through learning. Experiments are conducted on a number of tasks and the results demonstrate the effectiveness of the proposed approach. Code is available at https://github.com/Haichao-Zhang/PEX","medium","A8","1","A8=medium","A8=Policy expansion uses offline data to initialize online behavior and broadens support during subsequent interaction.","A8=It connects offline coverage to which new online states should be explored, though selection is indirect.","A8=true","expansion_round_3","","","arxiv:2302.00935 | paperid:4028652081693945913","","","","","","","A8","false","false","false","false","A8/work/expansion-round3-novel.jsonl","A8/work/expansion-round3-triage.jsonl"
"686","arxiv:2302.11550","11","MEDIUM","A8","Scaling Robot Learning with Semantically Imagined Experience","arxiv:2302.11550","Recent advances in robot learning have shown promise in enabling robots to perform a variety of manipulation tasks and generalize to novel scenarios. One of the key contributing factors to this progress is the scale of robot data used to train the models. To obtain large-scale datasets, prior approaches have relied on either demonstrations requiring high human involvement or engineering-heavy autonomous data collection schemes, both of which are challenging to scale. To mitigate this issue, we propose an alternative route and leverage text-to-image foundation models widely used in computer vision and natural language processing to obtain meaningful data for robot learning without requiring additional robot data. We term our method Robot Learning with Semantically Imagened Experience (ROSIE). Specifically, we make use of the state of the art text-to-image diffusion models and perform aggressive data augmentation on top of our existing robotic manipulation datasets via inpainting various unseen objects for manipulation, backgrounds, and distractors with text guidance. Through extensive real-world experiments, we show that manipulation policies trained on data augmented this way are able to solve completely unseen tasks with new objects and can behave more robustly w.r.t. novel distractors. In addition, we find that we can improve the robustness and generalization of high-level robot learning tasks such as success detection through training with the diffusion-based data augmentation. The project's website and videos can be found at diffusion-rosie.github.io","medium","A8","1","A8=medium","A8=Text-guided diffusion inpainting augments robot observations with unseen objects, backgrounds, and distractors while preserving manipulation supervision.","A8=It offers a representation-preserving data transformation for testing and covering visual shifts without new robot interaction.","A8=true","expansion_round_1","","2023","arxiv:2302.11550 | paperid:7815312043648363970","arxiv:2302.11550","7815312043648363970","","","related-papers","recent","A8","false","false","false","false","A7/raw/q05-synonyms.json | A7/raw/q11-scaling-laws.json | A7/raw/q32-recent-scaling.json | A7/raw/q36-fleet-diversity.json | A7/work/paper-registry.json | A7/work/paper-registry.jsonl | A7/work/verified-paper-registry.json | A7/work/verified-paper-registry.jsonl | A8/work/expansion-novel.jsonl | A8/work/expansion-pool.jsonl","A8/work/expansion-triage.jsonl"
"699","arxiv:2303.13193","11","HIGH","A1","VADER: Video Alignment Differencing and Retrieval","arxiv:2303.13193","We propose VADER, a spatio-temporal matching, alignment, and change summarization method to help fight misinformation spread via manipulated videos. VADER matches and coarsely aligns partial video fragments to candidate videos using a robust visual descriptor and scalable search over adaptively chunked video content. A transformer-based alignment module then refines the temporal localization of the query fragment within the matched video. A space-time comparator module identifies regions of manipulation between aligned content, invariant to any changes due to any residual temporal misalignments or artifacts arising from non-editorial changes of the content. Robustly matching video to a trusted source enables conclusions to be drawn on video provenance, enabling informed trust decisions on content encountered.","high","A1","1","A1=high","A1=The paper develops or evaluates a temporal correspondence, synchronization, delay, or sequence-representation mechanism for VADER: Video Alignment Differencing and Retrieval.","A1=Its mechanism is a plausible transfer to multimodal robot experience, action-observation alignment, or temporally aware policy training.","A1=true","expansion_round_1","","","arxiv:2303.13193","arxiv:2303.13193","7926833397493859218","","","related-citers","","A1","false","false","false","false","A1/expansion-registry.json | A1/paper-registry-complete.json","A1/expansion-triage.jsonl"
"712","arxiv:2304.08742","11","HIGH","A3 | A6 | A8","Behavior Retrieval: Few-Shot Imitation Learning by Querying Unlabeled Datasets","arxiv:2304.08742","Enabling robots to learn novel visuomotor skills in a data-efficient manner remains an unsolved problem with myriad challenges. A popular paradigm for tackling this problem is through leveraging large unlabeled datasets that have many behaviors in them and then adapting a policy to a specific task using a small amount of task-specific human supervision (i.e. interventions or demonstrations). However, how best to leverage the narrow task-specific supervision and balance it with offline data remains an open question. Our key insight in this work is that task-specific data not only provides new data for an agent to train on but can also inform the type of prior data the agent should use for learning. Concretely, we propose a simple approach that uses a small amount of downstream expert data to selectively query relevant behaviors from an offline, unlabeled dataset (including many sub-optimal behaviors). The agent is then jointly trained on the expert and queried data. We observe that our method learns to query only the relevant transitions to the task, filtering out sub-optimal or task-irrelevant data. By doing so, it is able to learn more effectively from the mix of task-specific and offline data compared to naively mixing the data or only using the task-specific data. Furthermore, we find that our simple querying approach outperforms more complex goal-conditioned methods by 20% across simulated and real robotic manipulation tasks from images. See https://sites.google.com/view/behaviorretrieval for videos and code.","high","A3 | A6 | A8","3","A3=high | A6=high | A8=high","A3=Behavior retrieval queries unlabeled datasets using narrow task-specific supervision and balances retrieved data against offline experience. | A6=Learns or supplies recovery, correction, retry, repair, or replanning behavior from failed or perturbed executions. | A8=A small amount of task-specific supervision queries relevant transitions from a large unlabeled behavior dataset and filters task-irrelevant or suboptimal data.","A3=It offers a mechanism for reusing relevant weak data without treating the entire corpus as expert. | A6=Makes failure states informative for robust execution and for deciding what corrective data to collect next. | A8=It makes new supervision informative twice: for policy learning and for choosing which existing experience to reuse.","A3=true | A6=true | A8=true","expansion_round_1 | primary_assignment","Maximilian Du | Suraj Nair | Dorsa Sadigh | Chelsea Finn","2023","arxiv:2304.08742","arxiv:2304.08742","5330213421305516991","cs.AI | cs.LG | cs.RO","2024 2025 robot data subsequence selection useful trajectories | A8 | q05-synonyms | q10-mechanism","firecrawl research related-papers | related-papers | search-papers","false","A3","false","false","false","false","A2/canonical-pool.json | A2/canonical-pool.jsonl | A2/raw/q42-2024-2025-subsequence.json | A3/expansion-evidence-index.json | A3/expansion-registry.json | A3/paper-registry.json | A4/canonical-registry.jsonl | A4/expansion/expansion-registry.jsonl | A4/expansion/round2/registry.jsonl | A4/expansion/round5/registry.jsonl | A4/raw/q03-selection.json | A5/canonical-pool.jsonl | A5/paper-registry.json | A6/expansion/canonical-pool.jsonl | A7/raw/q15-long-tail-failure.json | A7/work/expansion-registry.json | A7/work/expansion-registry.jsonl | A7/work/paper-registry.json | A7/work/paper-registry.jsonl | A7/work/verified-paper-registry.json | A7/work/verified-paper-registry.jsonl | A8/raw/q05-synonyms.json | A8/raw/q10-mechanism.json | A8/work/assigned-papers.json | A8/work/canonical-pool.jsonl | A8/work/expansion-pool.jsonl","A3/expansion-triage.jsonl | A6/expansion/triage.jsonl | A8/work/abstract-triage.jsonl | A8/work/assigned-abstracts.jsonl"
"725","arxiv:2305.06114","11","HIGH","A1","Few-shot Action Recognition via Intra- and Inter-Video Information Maximization","arxiv:2305.06114","Current few-shot action recognition involves two primary sources of information for classification:(1) intra-video information, determined by frame content within a single video clip, and (2) inter-video information, measured by relationships (e.g., feature similarity) among videos. However, existing methods inadequately exploit these two information sources. In terms of intra-video information, current sampling operations for input videos may omit critical action information, reducing the utilization efficiency of video data. For the inter-video information, the action misalignment among videos makes it challenging to calculate precise relationships. Moreover, how to jointly consider both inter- and intra-video information remains under-explored for few-shot action recognition. To this end, we propose a novel framework, Video Information Maximization (VIM), for few-shot video action recognition. VIM is equipped with an adaptive spatial-temporal video sampler and a spatiotemporal action alignment model to maximize intra- and inter-video information, respectively. The video sampler adaptively selects important frames and amplifies critical spatial regions for each input video based on the task at hand. This preserves and emphasizes informative parts of video clips while eliminating interference at the data level. The alignment model performs temporal and spatial action alignment sequentially at the feature level, leading to more precise measurements of inter-video similarity. Finally, These goals are facilitated by incorporating additional loss terms based on mutual information measurement. Consequently, VIM acts to maximize the distinctiveness of video information from limited video data. Extensive experimental results on public datasets for few-shot action recognition demonstrate the effectiveness and benefits of our framework.","high","A1","1","A1=high","A1=The paper develops or evaluates a temporal correspondence, synchronization, delay, or sequence-representation mechanism for Few-shot Action Recognition via Intra- and Inter-Video Information Maximization.","A1=Its mechanism is a plausible transfer to multimodal robot experience, action-observation alignment, or temporally aware policy training.","A1=true","expansion_round_1","","","arxiv:2305.06114","arxiv:2305.06114","5048997851451522471","","","related-citers","","A1","false","false","false","false","A1/expansion-registry.json | A1/expansion-round3-registry.json | A1/paper-registry-complete.json","A1/expansion-triage.jsonl"
"738","arxiv:2306.05412","11","HIGH","A4","Decoupled Prioritized Resampling for Offline RL","arxiv:2306.05412","Offline reinforcement learning (RL) is challenged by the distributional shift problem. To address this problem, existing works mainly focus on designing sophisticated policy constraints between the learned policy and the behavior policy. However, these constraints are applied equally to well-performing and inferior actions through uniform sampling, which might negatively affect the learned policy. To alleviate this issue, we propose Offline Prioritized Experience Replay (OPER), featuring a class of priority functions designed to prioritize highly-rewarding transitions, making them more frequently visited during training. Through theoretical analysis, we show that this class of priority functions induce an improved behavior policy, and when constrained to this improved policy, a policy-constrained offline RL algorithm is likely to yield a better solution. We develop two practical strategies to obtain priority weights by estimating advantages based on a fitted value network (OPER-A) or utilizing trajectory returns (OPER-R) for quick computation. OPER is a plug-and-play component for offline RL algorithms. As case studies, we evaluate OPER on five different algorithms, including BC, TD3+BC, Onestep RL, CQL, and IQL. Extensive experiments demonstrate that both OPER-A and OPER-R significantly improve the performance for all baseline methods. Codes and priority weights are availiable at https://github.com/sail-sg/OPER.","high","A4","1","A4=high","A4=Ranks or weights trajectories/transitions according to return, coverage, value, or policy-improvement utility in offline learning.","A4=It offers a direct or transferable way to connect robot experience choices to learned policy behavior.","A4=true","primary_assignment","","","arxiv:2306.05412 | paper:7159082831649230452","arxiv:2306.05412","7159082831649230452","","q26-per-replay","semantic-search","","A4","false","false","false","false","A4/assigned-papers.json | A4/assigned-registry-inspected.jsonl | A4/assigned-registry-preinspect.jsonl | A4/canonical-registry.jsonl | A4/raw/q26-per-replay.json | A5/raw/q04-direct-replay.json","A4/abstract-triage.jsonl"
"751","arxiv:2307.03659","11","HIGH","A7","Decomposing the Generalization Gap in Imitation Learning for Visual Robotic Manipulation","arxiv:2307.03659","What makes generalization hard for imitation learning in visual robotic manipulation? This question is difficult to approach at face value, but the environment from the perspective of a robot can often be decomposed into enumerable factors of variation, such as the lighting conditions or the placement of the camera. Empirically, generalization to some of these factors have presented a greater obstacle than others, but existing work sheds little light on precisely how much each factor contributes to the generalization gap. Towards an answer to this question, we study imitation learning policies in simulation and on a real robot language-conditioned manipulation task to quantify the difficulty of generalization to different (sets of) factors. We also design a new simulated benchmark of 19 tasks with 11 factors of variation to facilitate more controlled evaluations of generalization. From our study, we determine an ordering of factors based on generalization difficulty, that is consistent across simulation and our real robot setup.","high","A7","1","A7=high","A7=What makes generalization hard for imitation learning in visual robotic manipulation?","A7=It informs how data quantity, composition, or offline experience should affect policy training.","A7=true","expansion_round_1","","","arxiv:2307.03659","","","","","references","","A7","false","false","false","false","A7/work/expansion-registry.json | A7/work/expansion-registry.jsonl","A7/work/expansion-triage.jsonl"
"764","arxiv:2308.03063","11","HIGH","A1","M³Net: Multi-view Encoding, Matching, and Fusion for Few-shot Fine-grained Action Recognition","arxiv:2308.03063","Due to the scarcity of manually annotated data required for fine-grained video understanding, few-shot fine-grained (FS-FG) action recognition has gained significant attention, with the aim of classifying novel fine-grained action categories with only a few labeled instances. Despite the progress made in FS coarse-grained action recognition, current approaches encounter two challenges when dealing with the fine-grained action categories: the inability to capture subtle action details and the insufficiency of learning from limited data that exhibit high intra-class variance and inter-class similarity. To address these limitations, we propose M³Net, a matching-based framework for FS-FG action recognition, which incorporates multi-view encoding, multi-view matching, and multi-view fusion to facilitate embedding encoding, similarity matching, and decision making across multiple viewpoints. Multi-view encoding captures rich contextual details from the intra-frame, intra-video, and intra-episode perspectives, generating customized higher-order embeddings for fine-grained data. Multi-view matching integrates various matching functions enabling flexible relation modeling within limited samples to handle multi-scale spatio-temporal variations by leveraging the instance-specific, category-specific, and task-specific perspectives. Multi-view fusion consists of matching-predictions fusion and matching-losses fusion over the above views, where the former promotes mutual complementarity and the latter enhances embedding generalizability by employing multi-task collaborative learning. Explainable visualizations and experimental results on three challenging benchmarks demonstrate the superiority of M³Net in capturing fine-grained action details and achieving state-of-the-art performance for FS-FG action recognition.","high","A1","1","A1=high","A1=The paper develops or evaluates a temporal correspondence, synchronization, delay, or sequence-representation mechanism for M³Net: Multi-view Encoding, Matching, and Fusion for Few-shot Fine-grained Action Recognition.","A1=Its mechanism is a plausible transfer to multimodal robot experience, action-observation alignment, or temporally aware policy training.","A1=true","expansion_round_3","","","arxiv:2308.03063","arxiv:2308.03063","6766227770299476884","","","related-papers-round3","","A1","false","false","false","false","A1/expansion-round3-registry.json | A1/paper-registry-complete.json","A1/expansion-round3-triage.jsonl"
"777","arxiv:2309.12300","11","HIGH","A1","See to Touch: Learning Tactile Dexterity through Visual Incentives","arxiv:2309.12300","Equipping multi-fingered robots with tactile sensing is crucial for achieving the precise, contact-rich, and dexterous manipulation that humans excel at. However, relying solely on tactile sensing fails to provide adequate cues for reasoning about objects' spatial configurations, limiting the ability to correct errors and adapt to changing situations. In this paper, we present Tactile Adaptation from Visual Incentives (TAVI), a new framework that enhances tactile-based dexterity by optimizing dexterous policies using vision-based rewards. First, we use a contrastive-based objective to learn visual representations. Next, we construct a reward function using these visual representations through optimal-transport based matching on one human demonstration. Finally, we use online reinforcement learning on our robot to optimize tactile-based policies that maximize the visual reward. On six challenging tasks, such as peg pick-and-place, unstacking bowls, and flipping slender objects, TAVI achieves a success rate of 73% using our four-fingered Allegro robot hand. The increase in performance is 108% higher than policies using tactile and vision-based rewards and 135% higher than policies without tactile observational input. Robot videos are best viewed on our project website: https://see-to-touch.github.io/.","high","A1","1","A1=high","A1=The paper develops or evaluates a temporal correspondence, synchronization, delay, or sequence-representation mechanism for See to Touch: Learning Tactile Dexterity through Visual Incentives.","A1=Its mechanism is a plausible transfer to multimodal robot experience, action-observation alignment, or temporally aware policy training.","A1=true","expansion_round_2","","","arxiv:2309.12300","arxiv:2309.12300","8881912317444971027","","","related-papers-round2 | related-papers-round3","","A1","false","false","false","false","A1/expansion-round2-registry.json | A1/expansion-round3-registry.json | A1/paper-registry-complete.json","A1/expansion-round2-triage.jsonl"
"790","arxiv:2310.12955","11","HIGH","A3 | A7","Towards Robust Offline Reinforcement Learning under Diverse Data Corruption","arxiv:2310.12955","Offline reinforcement learning (RL) presents a promising approach for learning reinforced policies from offline datasets without the need for costly or unsafe interactions with the environment. However, datasets collected by humans in real-world environments are often noisy and may even be maliciously corrupted, which can significantly degrade the performance of offline RL. In this work, we first investigate the performance of current offline RL algorithms under comprehensive data corruption, including states, actions, rewards, and dynamics. Our extensive experiments reveal that implicit Q-learning (IQL) demonstrates remarkable resilience to data corruption among various offline RL algorithms. Furthermore, we conduct both empirical and theoretical analyses to understand IQL's robust performance, identifying its supervised policy learning scheme as the key factor. Despite its relative robustness, IQL still suffers from heavy-tail targets of Q functions under dynamics corruption. To tackle this challenge, we draw inspiration from robust statistics to employ the Huber loss to handle the heavy-tailedness and utilize quantile estimators to balance penalization for corrupted data and learning stability. By incorporating these simple yet effective modifications into IQL, we propose a more robust offline RL approach named Robust IQL (RIQL). Extensive experiments demonstrate that RIQL exhibits highly robust performance when subjected to diverse data corruption scenarios.","high","A3 | A7","2","A3=high | A7=high","A3=The method studies robust offline RL under diverse data corruption and designs learning that tolerates corrupted transitions. | A7=Offline reinforcement learning (RL) presents a promising approach for learning reinforced policies from offline datasets without the need for costly or unsafe interactions with the environment.","A3=It supplies a transferable defense for fixed robot datasets with more than one corruption mode. | A7=It helps diagnose or reduce behavior-distribution mismatch and spurious dependence under deployment shift.","A3=true | A7=true","expansion_round_1","Rui Yang | Han Zhong | Jiawei Xu | Amy Zhang | Chongjie Zhang | Lei Han | Tong Zhang","2023","arxiv:2310.12955","arxiv:2310.12955","234497172490916921","cs.AI | cs.LG","q06-syn-noisy-demo","firecrawl research related-papers | similar","","A3","false","false","false","false","A3/expansion-evidence-index.json | A3/expansion-registry.json | A3/paper-registry.json | A6/raw-retrieval/q06-syn-noisy-demo.json | A6/work/canonical-pool.jsonl | A7/work/expansion-registry.json | A7/work/expansion-registry.jsonl","A3/expansion-triage.jsonl | A7/work/expansion-triage.jsonl"
"803","arxiv:2311.01455","11","MEDIUM","A4","RoboGen: Towards Unleashing Infinite Data for Automated Robot Learning via Generative Simulation","arxiv:2311.01455","We present RoboGen, a generative robotic agent that automatically learns diverse robotic skills at scale via generative simulation. RoboGen leverages the latest advancements in foundation and generative models. Instead of directly using or adapting these models to produce policies or low-level actions, we advocate for a generative scheme, which uses these models to automatically generate diversified tasks, scenes, and training supervisions, thereby scaling up robotic skill learning with minimal human supervision. Our approach equips a robotic agent with a self-guided propose-generate-learn cycle: the agent first proposes interesting tasks and skills to develop, and then generates corresponding simulation environments by populating pertinent objects and assets with proper spatial configurations. Afterwards, the agent decomposes the proposed high-level task into sub-tasks, selects the optimal learning approach (reinforcement learning, motion planning, or trajectory optimization), generates required training supervision, and then learns policies to acquire the proposed skill. Our work attempts to extract the extensive and versatile knowledge embedded in large-scale models and transfer them to the field of robotics. Our fully generative pipeline can be queried repeatedly, producing an endless stream of skill demonstrations associated with diverse tasks and environments.","medium","A4","1","A4=medium","A4=Connects trajectory or demonstration choice to downstream policy learning, behavior, or offline-RL utility.","A4=It is directly or plausibly transferable to selecting robot experience for policy learning.","A4=true","expansion_round_1","","","arxiv:2311.01455 | paper:2338768041131109569","","","","","","","A4","false","false","false","false","A4/expansion/round3/registry.jsonl","A4/expansion/all-new-expansion-triage.jsonl"
"816","arxiv:2312.01853","11","HIGH","A1","Robot Synesthesia: In-Hand Manipulation with Visuotactile Sensing","arxiv:2312.01853","Executing contact-rich manipulation tasks necessitates the fusion of tactile and visual feedback. However, the distinct nature of these modalities poses significant challenges. In this paper, we introduce a system that leverages visual and tactile sensory inputs to enable dexterous in-hand manipulation. Specifically, we propose Robot Synesthesia, a novel point cloud-based tactile representation inspired by human tactile-visual synesthesia. This approach allows for the simultaneous and seamless integration of both sensory inputs, offering richer spatial information and facilitating better reasoning about robot actions. The method, trained in a simulated environment and then deployed to a real robot, is applicable to various in-hand object rotation tasks. Comprehensive ablations are performed on how the integration of vision and touch can improve reinforcement learning and Sim2Real performance. Our project page is available at https://yingyuan0414.github.io/visuotactile/ .","high","A1","1","A1=high","A1=The paper develops or evaluates a temporal correspondence, synchronization, delay, or sequence-representation mechanism for Robot Synesthesia: In-Hand Manipulation with Visuotactile Sensing.","A1=Its mechanism is a plausible transfer to multimodal robot experience, action-observation alignment, or temporally aware policy training.","A1=true","expansion_round_2","","","arxiv:2312.01853","arxiv:2312.01853","3162823705685170050","","","related-papers-round2 | related-papers-round3","","A1","false","false","false","false","A1/expansion-round2-registry.json | A1/expansion-round3-registry.json | A1/paper-registry-complete.json","A1/expansion-round2-triage.jsonl"
"829","arxiv:2401.09031","11","MEDIUM","A3","Data Attribution for Diffusion Models: Timestep-induced Bias in Influence Estimation","arxiv:2401.09031","Data attribution methods trace model behavior back to its training dataset, offering an effective approach to better understand ''black-box'' neural networks. While prior research has established quantifiable links between model output and training data in diverse settings, interpreting diffusion model outputs in relation to training samples remains underexplored. In particular, diffusion models operate over a sequence of timesteps instead of instantaneous input-output relationships in previous contexts, posing a significant challenge to extend existing frameworks to diffusion models directly.","medium","A3","1","A3=medium","A3=The paper develops or evaluates Data Attribution for Diffusion Models: Timestep-induced Bias in Influence Estimation, providing an adjacent mechanism for robust learning, attribution, evaluation, or data selection.","A3=It may transfer to robot experience curation or training intelligence, but its direct relevance requires verification.","A3=false","expansion_round_1","","2024","arxiv:2401.09031","","","","","firecrawl research related-papers","","A3","false","false","false","false","A3/expansion-registry.json | A3/paper-registry.json | A3/round2-registry.json","A3/expansion-triage.jsonl"
"842","arxiv:2402.03807","11","HIGH","A6","SEABO: A Simple Search-Based Method for Offline Imitation Learning","arxiv:2402.03807","Offline reinforcement learning (RL) has attracted much attention due to its ability in learning from static offline datasets and eliminating the need of interacting with the environment. Nevertheless, the success of offline RL relies heavily on the offline transitions annotated with reward labels. In practice, we often need to hand-craft the reward function, which is sometimes difficult, labor-intensive, or inefficient. To tackle this challenge, we set our focus on the offline imitation learning (IL) setting, and aim at getting a reward function based on the expert data and unlabeled data. To that end, we propose a simple yet effective search-based offline IL method, tagged SEABO. SEABO allocates a larger reward to the transition that is close to its closest neighbor in the expert demonstration, and a smaller reward otherwise, all in an unsupervised learning manner. Experimental results on a variety of D4RL datasets indicate that SEABO can achieve competitive performance to offline RL algorithms with ground-truth rewards, given only a single expert trajectory, and can outperform prior reward learning and offline IL methods across many tasks. Moreover, we demonstrate that SEABO also works well if the expert demonstrations contain only observations. Our code is publicly available at https://github.com/dmksjfl/SEABO.","high","A6","1","A6=high","A6=Estimates demonstration quality or latent expertise to filter, weight, or optimize learning from mixed-quality experience.","A6=Connects trajectory outcomes to policy improvement rather than copying actions independently of consequences.","A6=true","expansion_round_1","","","arxiv:2402.03807","arxiv:2402.03807","4851258656181698749","","","related-papers","","A6","false","false","false","false","A6/expansion/canonical-pool.jsonl","A6/expansion/triage.jsonl"
"855","arxiv:2402.12706","11","HIGH","A1","Learning Causal Domain-Invariant Temporal Dynamics for Few-Shot Action Recognition","arxiv:2402.12706","Few-shot action recognition aims at quickly adapting a pre-trained model to the novel data with a distribution shift using only a limited number of samples. Key challenges include how to identify and leverage the transferable knowledge learned by the pre-trained model. We therefore propose CDTD, or Causal Domain-Invariant Temporal Dynamics for knowledge transfer. To identify the temporally invariant and variant representations, we employ the causal representation learning methods for unsupervised pertaining, and then tune the classifier with supervisions in next stage. Specifically, we assume the domain information can be well estimated and the pre-trained image decoder and transition models can be well transferred. During adaptation, we fix the transferable temporal dynamics and update the image encoder and domain estimator. The efficacy of our approach is revealed by the superior accuracy of CDTD over leading alternatives across standard few-shot action recognition datasets.","high","A1","1","A1=high","A1=The paper develops or evaluates a temporal correspondence, synchronization, delay, or sequence-representation mechanism for Learning Causal Domain-Invariant Temporal Dynamics for Few-Shot Action Recognition.","A1=Its mechanism is a plausible transfer to multimodal robot experience, action-observation alignment, or temporally aware policy training.","A1=true","expansion_round_3","","","arxiv:2402.12706","arxiv:2402.12706","8888937984072717837","","","related-papers-round3","","A1","false","false","false","false","A1/expansion-round3-registry.json | A1/paper-registry-complete.json","A1/expansion-round3-triage.jsonl"
"868","arxiv:2403.03950","11","HIGH","A7","Stop Regressing: Training Value Functions via Classification for Scalable Deep RL","arxiv:2403.03950","Value functions are a central component of deep reinforcement learning (RL). These functions, parameterized by neural networks, are trained using a mean squared error regression objective to match bootstrapped target values. However, scaling value-based RL methods that use regression to large networks, such as high-capacity Transformers, has proven challenging. This difficulty is in stark contrast to supervised learning: by leveraging a cross-entropy classification loss, supervised methods have scaled reliably to massive networks. Observing this discrepancy, in this paper, we investigate whether the scalability of deep RL can also be improved simply by using classification in place of regression for training value functions. We demonstrate that value functions trained with categorical cross-entropy significantly improves performance and scalability in a variety of domains. These include: single-task RL on Atari 2600 games with SoftMoEs, multi-task RL on Atari with large-scale ResNets, robotic manipulation with Q-transformers, playing Chess without search, and a language-agent Wordle task with high-capacity Transformers, achieving state-of-the-art results on these domains. Through careful analysis, we show that the benefits of categorical cross-entropy primarily stem from its ability to mitigate issues inherent to value-based RL, such as noisy targets and non-stationarity. Overall, we argue that a simple shift to training value functions with categorical cross-entropy can yield substantial improvements in the scalability of deep RL at little-to-no cost.","high","A7","1","A7=high","A7=Value functions are a central component of deep reinforcement learning (RL).","A7=It helps diagnose or reduce behavior-distribution mismatch and spurious dependence under deployment shift.","A7=true","expansion_round_1","","","arxiv:2403.03950","","","","","similar","","A7","false","false","false","false","A7/work/expansion-registry.json | A7/work/expansion-registry.jsonl","A7/work/expansion-triage.jsonl"
"881","arxiv:2403.19976","11","MEDIUM","A1","eTraM: Event-based Traffic Monitoring Dataset","arxiv:2403.19976","Event cameras, with their high temporal and dynamic range and minimal memory usage, have found applications in various fields. However, their potential in static traffic monitoring remains largely unexplored. To facilitate this exploration, we present eTraM - a first-of-its-kind, fully event-based traffic monitoring dataset. eTraM offers 10 hr of data from different traffic scenarios in various lighting and weather conditions, providing a comprehensive overview of real-world situations. Providing 2M bounding box annotations, it covers eight distinct classes of traffic participants, ranging from vehicles to pedestrians and micro-mobility. eTraM's utility has been assessed using state-of-the-art methods for traffic participant detection, including RVT, RED, and YOLOv8. We quantitatively evaluate the ability of event-based models to generalize on nighttime and unseen scenes. Our findings substantiate the compelling potential of leveraging event cameras for traffic monitoring, opening new avenues for research and application. eTraM is available at https://eventbasedvision.github.io/eTraM","medium","A1","1","A1=medium","A1=The paper develops or evaluates a temporal correspondence, synchronization, delay, or sequence-representation mechanism for eTraM: Event-based Traffic Monitoring Dataset.","A1=Its adjacent-domain method may provide a transferable alignment idea, but the robot transfer path requires verification.","A1=true","expansion_round_1","","","arxiv:2403.19976","arxiv:2403.19976","6186714123788500828","","","related-references","","A1","false","false","false","false","A1/expansion-registry.json | A1/expansion-round2-registry.json | A1/paper-registry-complete.json","A1/expansion-triage.jsonl"
"894","arxiv:2404.14903","11","MEDIUM","A1","Multi-Sample Dynamic Time Warping for Few-Shot Keyword Spotting","arxiv:2404.14903","In multi-sample keyword spotting, each keyword class is represented by multiple spoken instances, called samples. A na""ive approach to detect keywords in a target sequence consists of querying all samples of all classes using sub-sequence dynamic time warping. However, the resulting processing time increases linearly with respect to the number of samples belonging to each class. Alternatively, only a single Fr'echet mean can be queried for each class, resulting in reduced processing time but usually also in worse detection performance as the variability of the query samples is not captured sufficiently well. In this work, multi-sample dynamic time warping is proposed to compute class-specific cost-tensors that include the variability of all query samples. To significantly reduce the computational complexity during inference, these cost tensors are converted to cost matrices before applying dynamic time warping. In experimental evaluations for few-shot keyword spotting, it is shown that this method yields a very similar performance as using all individual query samples as templates while having a runtime that is only slightly slower than when using Fr'echet means.","medium","A1","1","A1=medium","A1=The paper develops or evaluates a temporal correspondence, synchronization, delay, or sequence-representation mechanism for Multi-Sample Dynamic Time Warping for Few-Shot Keyword Spotting.","A1=Its adjacent-domain method may provide a transferable alignment idea, but the robot transfer path requires verification.","A1=true","expansion_round_1","","","arxiv:2404.14903","arxiv:2404.14903","81264948133787968","","","related-similar","","A1","false","false","false","false","A1/expansion-registry.json | A1/paper-registry-complete.json","A1/expansion-triage.jsonl"
"907","arxiv:2405.10315","11","HIGH","A6","TRANSIC: Sim-to-Real Policy Transfer by Learning from Online Correction","arxiv:2405.10315","Learning in simulation and transferring the learned policy to the real world has the potential to enable generalist robots. The key challenge of this approach is to address simulation-to-reality (sim-to-real) gaps. Previous methods often require domain-specific knowledge a priori. We argue that a straightforward way to obtain such knowledge is by asking humans to observe and assist robot policy execution in the real world. The robots can then learn from humans to close various sim-to-real gaps. We propose TRANSIC, a data-driven approach to enable successful sim-to-real transfer based on a human-in-the-loop framework. TRANSIC allows humans to augment simulation policies to overcome various unmodeled sim-to-real gaps holistically through intervention and online correction. Residual policies can be learned from human corrections and integrated with simulation policies for autonomous execution. We show that our approach can achieve successful sim-to-real transfer in complex and contact-rich manipulation tasks such as furniture assembly. Through synergistic integration of policies learned in simulation and from humans, TRANSIC is effective as a holistic approach to addressing various, often coexisting sim-to-real gaps. It displays attractive properties such as scaling with human effort. Videos and code are available at https://transic-robot.github.io/","high","A6","1","A6=high","A6=Learns or supplies recovery, correction, retry, repair, or replanning behavior from failed or perturbed executions.","A6=Makes failure states informative for robust execution and for deciding what corrective data to collect next.","A6=true","expansion_round_1","","","arxiv:2405.10315","arxiv:2405.10315","3808908617746784866","","","related-papers","","A6","false","false","false","false","A6/expansion/canonical-pool.jsonl","A6/expansion/triage.jsonl"
"920","arxiv:2405.18948","11","HIGH","A6","Learning to Recover from Plan Execution Errors during Robot Manipulation: A Neuro-symbolic Approach","arxiv:2405.18948","Automatically detecting and recovering from failures is an important but challenging problem for autonomous robots. Most of the recent work on learning to plan from demonstrations lacks the ability to detect and recover from errors in the absence of an explicit state representation and/or a (sub-) goal check function. We propose an approach (blending learning with symbolic search) for automated error discovery and recovery, without needing annotated data of failures. Central to our approach is a neuro-symbolic state representation, in the form of dense scene graph, structured based on the objects present within the environment. This enables efficient learning of the transition function and a discriminator that not only identifies failures but also localizes them facilitating fast re-planning via computation of heuristic distance function. We also present an anytime version of our algorithm, where instead of recovering to the last correct state, we search for a sub-goal in the original plan minimizing the total distance to the goal given a re-planning budget. Experiments on a physics simulator with a variety of simulated failures show the effectiveness of our approach compared to existing baselines, both in terms of efficiency as well as accuracy of our recovery mechanism.","high","A6","1","A6=high","A6=Learns or supplies recovery, correction, retry, repair, or replanning behavior from failed or perturbed executions.","A6=Makes failure states informative for robust execution and for deciding what corrective data to collect next.","A6=true","expansion_round_1","","","arxiv:2405.18948","arxiv:2405.18948","7774650529879499802","","q01-direct-failed-recovery | q15-failure-detection-recovery | q25-found-failures | q35-found-learn-failures","related-papers","","A6","false","false","false","false","A6/expansion/canonical-pool.jsonl | A6/raw-retrieval/q01-direct-failed-recovery.json | A6/raw-retrieval/q15-failure-detection-recovery.json | A6/raw-retrieval/q25-found-failures.json | A6/raw-retrieval/q35-found-learn-failures.json | A6/work/canonical-pool.jsonl","A6/expansion/triage.jsonl"
"933","arxiv:2406.11011","11","HIGH","A3","Data Shapley in One Training Run","arxiv:2406.11011","Data Shapley provides a principled framework for attributing data's contribution within machine learning contexts. However, existing approaches require re-training models on different data subsets, which is computationally intensive, foreclosing their application to large-scale models. Furthermore, they produce the same attribution score for any models produced by running the learning algorithm, meaning they cannot perform targeted attribution towards a specific model obtained from a single run of the algorithm. This paper introduces In-Run Data Shapley, which addresses these limitations by of","high","A3","1","A3=high","A3=The paper develops or evaluates Data Shapley in One Training Run, offering a mechanism related to failure detection, correction, attribution, or robot-data use.","A3=The mechanism is plausibly transferable to the Program A experience-to-policy loop and merits follow-up.","A3=true","expansion_round_3","","2024","arxiv:2406.11011","arxiv:2406.11011","2501989526592541495","","q02-synonyms | q07-shapley | q16-llm-attribution | q22-datashapley | q32-training-data | q34-recent-attribution","firecrawl research related-papers","","A3","false","false","false","false","A3/paper-registry.json | A3/round3-registry.json | A4/canonical-registry.jsonl | A4/raw/q02-synonyms.json | A4/raw/q07-shapley.json | A4/raw/q16-llm-attribution.json | A4/raw/q22-datashapley.json | A4/raw/q32-training-data.json | A4/raw/q34-recent-attribution.json","A3/round3-triage.jsonl"
"946","arxiv:2407.06459","11","HIGH","A6","How Much Progress Did I Make? An Unexplored Human Feedback Signal for Teaching Robots","arxiv:2407.06459","Enhancing the expressiveness of human teaching is vital for both improving robots' learning from humans and the human-teaching-robot experience. In this work, we characterize and test a little-used teaching signal: progress, designed to represent the completion percentage of a task. We conducted two online studies with 76 crowd-sourced participants and one public space study with 40 non-expert participants to validate the capability of this progress signal. We find that progress indicates whether the task is successfully performed, reflects the degree of task completion, identifies unproductive but harmless behaviors, and is likely to be more consistent across participants. Furthermore, our results show that giving progress does not require extra workload and time. An additional contribution of our work is a dataset of 40 non-expert demonstrations from the public space study through an ice cream topping-adding task, which we observe to be multi-policy and sub-optimal, with sub-optimality not only from teleoperation errors but also from exploratory actions and attempts. The dataset is available at https://github.com/TeachingwithProgress/Non-ExpertDemonstrations.","high","A6","1","A6=high","A6=Estimates demonstration quality or latent expertise to filter, weight, or optimize learning from mixed-quality experience.","A6=Shows how heterogeneous demonstrations can contribute without treating every transition as equally trustworthy.","A6=true","expansion_round_1","","","arxiv:2407.06459","arxiv:2407.06459","2287301353722029468","","","related-papers","","A6","false","false","false","false","A6/expansion/canonical-pool.jsonl","A6/expansion/triage.jsonl"
"959","arxiv:2407.18249","11","HIGH","A1","Trajectory-aligned Space-time Tokens for Few-shot Action Recognition","arxiv:2407.18249","We propose a simple yet effective approach for few-shot action recognition, emphasizing the disentanglement of motion and appearance representations. By harnessing recent progress in tracking, specifically point trajectories and self-supervised representation learning, we build trajectory-aligned tokens (TATs) that capture motion and appearance information. This approach significantly reduces the data requirements while retaining essential information. To process these representations, we use a Masked Space-time Transformer that effectively learns to aggregate information to facilitate few-shot action recognition. We demonstrate state-of-the-art results on few-shot action recognition across multiple datasets. Our project page is available at https://www.cs.umd.edu/ pulkit/tats","high","A1","1","A1=high","A1=The paper develops or evaluates a temporal correspondence, synchronization, delay, or sequence-representation mechanism for Trajectory-aligned Space-time Tokens for Few-shot Action Recognition.","A1=Its mechanism is a plausible transfer to multimodal robot experience, action-observation alignment, or temporally aware policy training.","A1=true","expansion_round_3","","","arxiv:2407.18249","arxiv:2407.18249","6444686487044562738","","","related-papers-round3","","A1","false","false","false","false","A1/expansion-round3-registry.json | A1/paper-registry-complete.json","A1/expansion-round3-triage.jsonl"
"972","arxiv:2408.11812","11","HIGH","A7","Scaling Cross-Embodied Learning: One Policy for Manipulation, Navigation, Locomotion and Aviation","arxiv:2408.11812","Modern machine learning systems rely on large datasets to attain broad generalization, and this often poses a challenge in robot learning, where each robotic platform and task might have only a small dataset. By training a single policy across many different kinds of robots, a robot learning method can leverage much broader and more diverse datasets, which in turn can lead to better generalization and robustness. However, training a single policy on multi-robot data is challenging because robots can have widely varying sensors, actuators, and control frequencies. We propose CrossFormer, a scalable and flexible transformer-based policy that can consume data from any embodiment. We train CrossFormer on the largest and most diverse dataset to date, 900K trajectories across 20 different robot embodiments. We demonstrate that the same network weights can control vastly different robots, including single and dual arm manipulation systems, wheeled robots, quadcopters, and quadrupeds. Unlike prior work, our model does not require manual alignment of the observation or action spaces. Extensive experiments in the real world show that our method matches the performance of specialist policies tailored for each embodiment, while also significantly outperforming the prior state of the art in cross-embodiment learning.","high","A7","1","A7=high","A7=Trains one transformer across 20 highly different embodiments without manual observation/action alignment.","A7=It tests the outer limit of cross-domain coverage and whether broad embodiment mixtures can share one policy.","A7=true","primary_assignment","Ria Doshi, Homer Walke, Oier Mees, Sudeep Dasari, Sergey Levine","2024","arxiv:2408.11812","arxiv:2408.11812","4893179871185490616","cs.LG | cs.RO","5","search-papers","foundational | recent","A7","false","true","true","false","A5/canonical-pool.jsonl | A5/paper-registry.json | A7/raw/q03-heterogeneous.json | A7/raw/q07-multitask.json | A7/raw/q08-transfer.json | A7/raw/q09-mechanism-generalization.json | A7/raw/q27-cross-embodiment-foundation.json | A7/raw/q30-recent-generalist.json | A7/raw/q38-shared-policy.json | A7/work/assigned-papers.json | A7/work/assigned-papers.jsonl | A7/work/expansion-registry.json | A7/work/expansion-registry.jsonl | A7/work/paper-registry.json | A7/work/paper-registry.jsonl | A7/work/read-manifest.json | A7/work/verified-paper-registry.json | A7/work/verified-paper-registry.jsonl","A7/work/abstract-triage.jsonl | A7/work/assigned-abstracts.jsonl"
"985","arxiv:2409.08958","11","HIGH","A3","PINNfluence: Interpreting PINNs through Influence Functions","arxiv:2409.08958","Physics-informed neural networks (PINNs) have emerged as a powerful deep learning approach for solving partial differential equations (PDEs) in the physical sciences, yet their behavior remains largely opaque and is typically understood through failure mode analyses rather than explicit interpretability. To address this issue, we introduce PINNfluence, a training data attribution framework for interpreting PINNs based on influence functions. By extending influence functions to composite physics-informed training objectives, we enable fine-grained attribution between predictions, loss component","high","A3","1","A3=high","A3=The paper develops or evaluates PINNfluence: Interpreting PINNs through Influence Functions, offering a mechanism related to robot data quality, correction, attribution, or policy improvement.","A3=The mechanism is plausibly transferable to the Program A experience-to-policy loop and warrants follow-up.","A3=true","expansion_round_2","","2024","arxiv:2409.08958","","","","","firecrawl research related-papers","","A3","false","false","false","false","A3/paper-registry.json | A3/round2-registry.json","A3/round2-triage.jsonl"
"998","arxiv:2410.00371","11","HIGH","A6","AHA: A Vision-Language-Model for Detecting and Reasoning Over Failures in Robotic Manipulation","arxiv:2410.00371","Robotic manipulation in open-world settings requires not only task execution but also the ability to detect and learn from failures. While recent advances in vision-language models (VLMs) and large language models (LLMs) have improved robots' spatial reasoning and problem-solving abilities, they still struggle with failure recognition, limiting their real-world applicability. We introduce AHA, an open-source VLM designed to detect and reason about failures in robotic manipulation using natural language. By framing failure detection as a free-form reasoning task, AHA identifies failures and provides detailed, adaptable explanations across different robots, tasks, and environments. We fine-tuned AHA using FailGen, a scalable framework that generates the first large-scale dataset of robotic failure trajectories, the AHA dataset. FailGen achieves this by procedurally perturbing successful demonstrations from simulation. Despite being trained solely on the AHA dataset, AHA generalizes effectively to real-world failure datasets, robotic systems, and unseen tasks. It surpasses the second-best model (GPT-4o in-context learning) by 10.3% and exceeds the average performance of six compared models including five state-of-the-art VLMs by 35.3% across multiple metrics and datasets. We integrate AHA into three manipulation frameworks that utilize LLMs/VLMs for reinforcement learning, task and motion planning, and zero-shot trajectory generation. AHA's failure feedback enhances these policies' performances by refining dense reward functions, optimizing task planning, and improving sub-task verification, boosting task success rates by an average of 21.4% across all three tasks compared to GPT-4 models.","high","A6","1","A6=high","A6=Learns or supplies recovery, correction, retry, repair, or replanning behavior from failed or perturbed executions.","A6=Makes failure states informative for robust execution and for deciding what corrective data to collect next.","A6=true","expansion_round_1","","","arxiv:2410.00371","arxiv:2410.00371","4608483584864553049","","q15-failure-detection-recovery | q25-found-failures | q32-recent-vla-recovery | q35-found-learn-failures","related-papers","","A6","false","false","false","false","A6/expansion/canonical-pool.jsonl | A6/raw-retrieval/q15-failure-detection-recovery.json | A6/raw-retrieval/q25-found-failures.json | A6/raw-retrieval/q32-recent-vla-recovery.json | A6/raw-retrieval/q35-found-learn-failures.json | A6/work/canonical-pool.jsonl","A6/expansion/triage.jsonl"
"1011","arxiv:2410.13979","11","HIGH","A6","RecoveryChaining: Learning Local Recovery Policies for Robust Manipulation","arxiv:2410.13979","Model-based planners and controllers are commonly used to solve complex manipulation problems as they can efficiently optimize diverse objectives and generalize to long horizon tasks. However, they often fail during deployment due to noisy actuation, partial observability and imperfect models. To enable a robot to recover from such failures, we propose to use hierarchical reinforcement learning to learn a recovery policy. The recovery policy is triggered when a failure is detected based on sensory observations and seeks to take the robot to a state from which it can complete the task using the nominal model-based controllers. Our approach, called RecoveryChaining, uses a hybrid action space, where the model-based controllers are provided as additional nominal options which allows the recovery policy to decide how to recover, when to switch to a nominal controller and which controller to switch to even with sparse rewards. We evaluate our approach in three multi-step manipulation tasks with sparse rewards, where it learns significantly more robust recovery policies than those learned by baselines. We successfully transfer recovery policies learned in simulation to a physical robot to demonstrate the feasibility of sim-to-real transfer with our method.","high","A6","1","A6=high","A6=Uses failure, recovery, retry, correction, or intervention data to return execution to a viable state or learn corrective behavior.","A6=Shows how imperfect experience can teach robust retry and recovery behavior instead of being discarded.","A6=true","primary_assignment","Shivam Vats, Devesh K. Jha, Maxim Likhachev, Oliver Kroemer, Diego Romeres","2024","arxiv:2410.13979","arxiv:2410.13979","3096419924356660415","cs.AI | cs.RO","q14-mech-recovery-intervention | q15-failure-detection-recovery | q16-failure-replay | q30-recent-fail-recovery","related-papers","","A6","true","true","false","false","A6/expansion/canonical-pool.jsonl | A6/raw-retrieval/q14-mech-recovery-intervention.json | A6/raw-retrieval/q15-failure-detection-recovery.json | A6/raw-retrieval/q16-failure-replay.json | A6/raw-retrieval/q30-recent-fail-recovery.json | A6/registry-assignment.jsonl | A6/work/assigned-registry-inspected.jsonl | A6/work/assigned-registry-preinspect.jsonl | A6/work/canonical-pool.jsonl | A6/work/evidence-index.jsonl","A6/triage.jsonl"
"1024","arxiv:2410.24091","11","HIGH","A1","3D-ViTac: Learning Fine-Grained Manipulation with Visuo-Tactile Sensing","arxiv:2410.24091","Tactile and visual perception are both crucial for humans to perform fine-grained interactions with their environment. Developing similar multi-modal sensing capabilities for robots can significantly enhance and expand their manipulation skills. This paper introduces 3D-ViTac, a multi-modal sensing and learning system designed for dexterous bimanual manipulation. Our system features tactile sensors equipped with dense sensing units, each covering an area of 3mm². These sensors are low-cost and flexible, providing detailed and extensive coverage of physical contacts, effectively complementing visual information. To integrate tactile and visual data, we fuse them into a unified 3D representation space that preserves their 3D structures and spatial relationships. The multi-modal representation can then be coupled with diffusion policies for imitation learning. Through concrete hardware experiments, we demonstrate that even low-cost robots can perform precise manipulations and significantly outperform vision-only policies, particularly in safe interactions with fragile items and executing long-horizon tasks involving in-hand manipulation. Our project page is available at https://binghao-huang.github.io/3D-ViTac/.","high","A1","1","A1=high","A1=The paper develops or evaluates a temporal correspondence, synchronization, delay, or sequence-representation mechanism for 3D-ViTac: Learning Fine-Grained Manipulation with Visuo-Tactile Sensing.","A1=Its mechanism is a plausible transfer to multimodal robot experience, action-observation alignment, or temporally aware policy training.","A1=true","expansion_round_2","","","arxiv:2410.24091","arxiv:2410.24091","4746187649598195464","","","related-papers-round2 | related-papers-round3","","A1","false","false","false","false","A1/expansion-round2-registry.json | A1/expansion-round3-registry.json | A1/paper-registry-complete.json","A1/expansion-round2-triage.jsonl"
"1037","arxiv:2411.12310","11","HIGH","A7","Variable-Frequency Imitation Learning for Variable-Speed Motion","arxiv:2411.12310","Conventional methods of imitation learning for variable-speed motion have difficulty extrapolating speeds because they rely on learning models running at a constant sampling frequency. This study proposes variable-frequency imitation learning (VFIL), a novel method for imitation learning with learning models trained to run at variable sampling frequencies along with the desired speeds of motion. The experimental results showed that the proposed method improved the velocity-wise accuracy along both the interpolated and extrapolated frequency labels, in addition to a 12.5 % increase in the overall success rate.","high","A7","1","A7=high","A7=Conventional methods of imitation learning for variable-speed motion have difficulty extrapolating speeds because they rely on learning models running at a constant sampling frequency.","A7=It offers an adjacent mechanism for making robot experience more useful to downstream policy learning.","A7=true","expansion_round_1","","","arxiv:2411.12310","","","","","references","","A7","false","false","false","false","A7/work/expansion-registry.json | A7/work/expansion-registry.jsonl","A7/work/expansion-triage.jsonl"
"1050","arxiv:2412.04835","11","HIGH","A3","Maximizing Alignment with Minimal Feedback: Efficiently Learning Rewards for Visuomotor Robot Policy Alignment","arxiv:2412.04835","Visuomotor robot policies, increasingly pre-trained on large-scale datasets, promise significant advancements across robotics domains. However, aligning these policies with end-user preferences remains a challenge, particularly when the preferences are hard to specify. While reinforcement learning from human feedback (RLHF) has become the predominant mechanism for alignment in non-embodied domains like large language models, it has not seen the same success in aligning visuomotor policies due to the prohibitive amount of human feedback required to learn visual reward functions. To address this","high","A3","1","A3=high","A3=The paper develops or evaluates Maximizing Alignment with Minimal Feedback: Efficiently Learning Rewards for Visuomotor Robot Policy Alignment, offering a mechanism related to robot data quality, correction, attribution, or policy improvement.","A3=The mechanism is plausibly transferable to the Program A experience-to-policy loop and warrants follow-up.","A3=true","expansion_round_2","","2024","arxiv:2412.04835","","paper:665235133930059202","","72","firecrawl research related-papers","recent","A3","false","false","false","false","A3/paper-registry.json | A3/round2-registry.json | A5/canonical-pool.jsonl | A5/paper-registry.json","A3/round2-triage.jsonl"
"1063","arxiv:2412.20368","11","HIGH","A2","Subconscious Robotic Imitation Learning","arxiv:2412.20368","Although robotic imitation learning (RIL) is promising for embodied intelligent robots, existing RIL approaches rely on computationally intensive multi-model trajectory predictions, resulting in slow execution and limited real-time responsiveness. Instead, human beings subconscious can constantly process and store vast amounts of information from their experiences, perceptions, and learning, allowing them to fulfill complex actions such as riding a bike, without consciously thinking about each. Inspired by this phenomenon in action neurology, we introduced subconscious robotic imitation learning (SRIL), wherein cognitive offloading was combined with historical action chunkings to reduce delays caused by model inferences, thereby accelerating task execution. This process was further enhanced by subconscious downsampling and pattern augmented learning policy wherein intent-rich information was addressed with quantized sampling techniques to improve manipulation efficiency. Experimental results demonstrated that execution speeds of the SRIL were 100% to 200% faster over SOTA policies for comprehensive dual-arm tasks, with consistently higher success rates.","high","A2","1","A2=high","A2=Predicts or executes temporally extended action sequences or keypose-conditioned chunks to trade feedback frequency against longer-horizon control.","A2=Boundary and horizon choices determine the training unit, feedback latency, credit assignment, and compounding-error exposure in long-horizon robot learning.","A2=true","primary_assignment","Jun Xie, Zhicheng Wang, Jianwei Tan, Huanxu Lin, Xiaoguang Ma","2024","arxiv:2412.20368","arxiv:2412.20368","5799795792551558103","cs.RO","2024 2025 robot data subsequence selection useful trajectories | behavioral cloning action chunking robot imitation learning foundational","search-papers","true","A2","false","false","false","false","A2/assigned-papers.json | A2/assigned-registry-inspected.json | A2/assigned-registry-inspected.jsonl | A2/canonical-pool.json | A2/canonical-pool.jsonl | A2/raw/q36-bc-chunking.json | A2/raw/q42-2024-2025-subsequence.json","A2/assigned-abstracts.jsonl | A2/triage.jsonl"
"1076","arxiv:2501.15830","11","MEDIUM","A4","SpatialVLA: Exploring Spatial Representations for Visual-Language-Action Model","arxiv:2501.15830","In this paper, we claim that spatial understanding is the keypoint in robot manipulation, and propose SpatialVLA to explore effective spatial representations for the robot foundation model. Specifically, we introduce Ego3D Position Encoding to inject 3D information into the input observations of the visual-language-action model, and propose Adaptive Action Grids to represent spatial robot movement actions with adaptive discretized action grids, facilitating learning generalizable and transferrable spatial action knowledge for cross-robot control. SpatialVLA is first pre-trained on top of a vision-language model with 1.1 Million real-world robot episodes, to learn a generalist manipulation policy across multiple robot environments and tasks. After pre-training, SpatialVLA is directly applied to perform numerous tasks in a zero-shot manner. The superior results in both simulation and real-world robots demonstrate its advantage of inferring complex robot motion trajectories and its strong in-domain multi-task generalization ability. We further show the proposed Adaptive Action Grids offer a new and effective way to fine-tune the pre-trained SpatialVLA model for new simulation and real-world setups, where the pre-learned action grids are re-discretized to capture robot-specific spatial action movements of new setups. The superior results from extensive evaluations demonstrate the exceptional in-distribution generalization and out-of-distribution adaptation capability, highlighting the crucial benefit of the proposed spatial-aware representations for generalist robot policy learning. All the details and codes will be open-sourced.","medium","A4","1","A4=medium","A4=Uses a valuation or attribution signal to estimate the contribution of training examples to model or policy outcomes.","A4=It is directly or plausibly transferable to selecting robot experience for policy learning.","A4=false","expansion_round_1","","","arxiv:2501.15830 | paper:8212808994697494120","arxiv:2501.15830","paper:8212808994697494120","","68","","recent","A4","false","false","false","false","A4/expansion/round4/registry.jsonl | A5/canonical-pool.jsonl | A5/expansion/raw/round2-similar.json | A5/expansion/raw/round3-similar.json | A5/paper-registry.json","A4/expansion/all-new-expansion-triage.jsonl"
"1089","arxiv:2502.05397","11","HIGH","A1","Imitation Learning from a Single Temporally Misaligned Video","arxiv:2502.05397","We examine the problem of learning sequential tasks from a single visual demonstration. A key challenge arises when demonstrations are temporally misaligned due to variations in timing, differences in embodiment, or inconsistencies in execution. Existing approaches treat imitation as a distribution-matching problem, aligning individual frames between the agent and the demonstration. However, we show that such frame-level matching fails to enforce temporal ordering or ensure consistent progress. Our key insight is that matching should instead be defined at the level of sequences. We propose that perfect matching occurs when one sequence successfully covers all the subgoals in the same order as the other sequence. We present ORCA (ORdered Coverage Alignment), a dense per-timestep reward function that measures the probability of the agent covering demonstration frames in the correct order. On temporally misaligned demonstrations, we show that agents trained with the ORCA reward achieve 4.5x improvement (0.11 → 0.50 average normalized returns) for Meta-world tasks and 6.6x improvement (6.55 → 43.3 average returns) for Humanoid-v4 tasks compared to the best frame-level matching algorithms. We also provide empirical analysis showing that ORCA is robust to varying levels of temporal misalignment. Our code is available at https://github.com/portal-cornell/orca/","high","A1","1","A1=high","A1=ORCA rewards ordered coverage of demonstration subgoals rather than frame-level matching, preserving sequence progress under temporal misalignment.","A1=It gives a transfer-friendly objective for learning from single videos when frame timestamps and embodiment do not match.","A1=true","primary_assignment","","","arxiv:2502.05397","arxiv:2502.05397","7659420177492447396","","q05-failure | q14-recent-sync | q18-phase","search-papers","recent","A1","false","false","false","false","A1/assigned-papers.json | A1/evidence-read-manifest.json | A1/expansion-registry.json | A1/inspection-manifest.json | A1/paper-registry-complete.json | A1/paper-registry.json | A1/raw/q05-failure.json | A1/raw/q14-recent-sync.json | A1/raw/q18-phase.json | A6/raw-retrieval/q20-adj-human-activity.json | A6/work/canonical-pool.jsonl","A1/assigned-abstracts.jsonl | A1/triage.jsonl"
"1102","arxiv:2502.18015","11","HIGH","A2 | A6","SPIN: distilling Skill-RRT for long-horizon prehensile and non-prehensile manipulation","arxiv:2502.18015","Current robots struggle with long-horizon manipulation tasks requiring sequences of prehensile and non-prehensile skills, contact-rich interactions, and long-term reasoning. We present SPIN (Skill Planning to INference), a framework that distills a computationally intensive planning algorithm into a policy via imitation learning. We propose Skill-RRT, an extension of RRT that incorporates skill applicability checks and intermediate object pose sampling for solving such long-horizon problems. To chain independently trained skills, we introduce connectors, goal-conditioned policies trained to minimize object disturbance during transitions. High-quality demonstrations are generated with Skill-RRT and distilled through noise-based replay in order to reduce online computation time. The resulting policy, trained entirely in simulation, transfers zero-shot to the real world and achieves over 80% success across three challenging long-horizon manipulation tasks and outperforms state-of-the-art hierarchical RL and planning methods.","high","A2 | A6","2","A2=high | A6=high","A2=Discovers reusable temporal structure in sequential experience for downstream decision making or policy learning. | A6=Estimates demonstration quality or latent expertise to filter, weight, or optimize learning from mixed-quality experience.","A2=The mechanism can turn long robot experience into reusable training units, skill memories, or better-conditioned policy targets. | A6=Shows how heterogeneous demonstrations can contribute without treating every transition as equally trustworthy.","A2=true | A6=true","expansion_round_1","","2025","arxiv:2502.18015","arxiv:2502.18015","369149636974663253","","","related-papers","","A2 | A6","false","false","false","false","A2/expansion-pool.json | A2/expansion-pool.jsonl | A6/expansion/canonical-pool.jsonl","A2/expansion-triage.jsonl | A6/expansion/triage.jsonl"
"1115","arxiv:2503.03081","11","MEDIUM","A3","AirExo-2: Scaling up Generalizable Robotic Imitation Learning with Low-Cost Exoskeletons","arxiv:2503.03081","Scaling up robotic imitation learning for real-world applications requires efficient and scalable demonstration collection methods. While teleoperation is effective, it depends on costly and inflexible robot platforms. In-the-wild demonstrations offer a promising alternative, but existing collection devices have key limitations: handheld setups offer limited observational coverage, and whole-body systems often require fine-tuning with robot data due to domain gaps. To address these challenges, we present AirExo-2, a low-cost exoskeleton system for large-scale in-the-wild data collection, along","medium","A3","1","A3=medium","A3=AirExo-2 scales robotic imitation learning with low-cost exoskeleton-collected demonstrations.","A3=Its collection design may improve coverage and consistency, though the abstract does not isolate a quality estimator.","A3=false","expansion_round_2","","2025","arxiv:2503.03081","arxiv:2503.03081","3689905717449272355","","q33-recent-robot","firecrawl research related-papers","recent","A3","false","false","false","false","A3/paper-registry.json | A3/round2-registry.json | A4/canonical-registry.jsonl | A4/raw/q33-recent-robot.json | A5/canonical-pool.jsonl | A5/expansion/raw/round2-similar.json | A5/paper-registry.json | A7/raw/q11-scaling-laws.json | A7/work/expansion-registry.json | A7/work/expansion-registry.jsonl | A7/work/paper-registry.json | A7/work/paper-registry.jsonl | A7/work/verified-paper-registry.json | A7/work/verified-paper-registry.jsonl | A8/raw/q01-direct.json | A8/raw/q05-synonyms.json | A8/work/canonical-pool.jsonl","A3/round2-triage.jsonl"
"1128","arxiv:2503.12222","11","HIGH","A7","Evaluation-Time Policy Switching for Offline Reinforcement Learning","arxiv:2503.12222","Offline reinforcement learning (RL) looks at learning how to optimally solve tasks using a fixed dataset of interactions from the environment. Many off-policy algorithms developed for online learning struggle in the offline setting as they tend to over-estimate the behaviour of out of distributions actions. Existing offline RL algorithms adapt off-policy algorithms, employing techniques such as constraining the policy or modifying the value function to achieve good performance on individual datasets but struggle to adapt to different tasks or datasets of different qualities without tuning hyper-parameters. We introduce a policy switching technique that dynamically combines the behaviour of a pure off-policy RL agent, for improving behaviour, and a behavioural cloning (BC) agent, for staying close to the data. We achieve this by using a combination of epistemic uncertainty, quantified by our RL model, and a metric for aleatoric uncertainty extracted from the dataset. We show empirically that our policy switching technique can outperform not only the individual algorithms used in the switching process but also compete with state-of-the-art methods on numerous benchmarks. Our use of epistemic uncertainty for policy switching also allows us to naturally extend our method to the domain of offline to online fine-tuning allowing our model to adapt quickly and safely from online data, either matching or exceeding the performance of current methods that typically require additional modification or hyper-parameter fine-tuning.","high","A7","1","A7=high","A7=Offline reinforcement learning (RL) looks at learning how to optimally solve tasks using a fixed dataset of interactions from the environment.","A7=It informs how data quantity, composition, or offline experience should affect policy training.","A7=true","expansion_round_1","","","arxiv:2503.12222","","paper:5410134492785526624","","53","similar","general","A7","false","false","false","false","A5/canonical-pool.jsonl | A5/paper-registry.json | A7/work/expansion-registry.json | A7/work/expansion-registry.jsonl","A7/work/expansion-triage.jsonl"
"1141","arxiv:2503.19757","11","HIGH","A7","Dita: Scaling Diffusion Transformer for Generalist Vision-Language-Action Policy","arxiv:2503.19757","While recent vision-language-action models trained on diverse robot datasets exhibit promising generalization capabilities with limited in-domain data, their reliance on compact action heads to predict discretized or continuous actions constrains adaptability to heterogeneous action spaces. We present Dita, a scalable framework that leverages Transformer architectures to directly denoise continuous action sequences through a unified multimodal diffusion process. Departing from prior methods that condition denoising on fused embeddings via shallow networks, Dita employs in-context conditioning -- enabling fine-grained alignment between denoised actions and raw visual tokens from historical observations. This design explicitly models action deltas and environmental nuances. By scaling the diffusion action denoiser alongside the Transformer's scalability, Dita effectively integrates cross-embodiment datasets across diverse camera perspectives, observation scenes, tasks, and action spaces. Such synergy enhances robustness against various variances and facilitates the successful execution of long-horizon tasks. Evaluations across extensive benchmarks demonstrate state-of-the-art or comparative performance in simulation. Notably, Dita achieves robust real-world adaptation to environmental variances and complex long-horizon tasks through 10-shot finetuning, using only third-person camera inputs. The architecture establishes a versatile, lightweight and open-source baseline for generalist robot policy learning. Project Page: https://robodita.github.io.","high","A7","1","A7=high","A7=Scales an in-context continuous-action diffusion transformer across heterogeneous cameras, tasks, scenes, and embodiments.","A7=It connects action-head capacity and contextual alignment to robust use of broad robot data.","A7=true","primary_assignment","Zhi Hou, Tianyi Zhang, Yuwen Xiong, Haonan Duan, Hengjun Pu, Ronglei Tong, Chengyang Zhao, Xizhou Zhu, Yu Qiao, Jifeng Dai, Yuntao Chen","2025","arxiv:2503.19757","arxiv:2503.19757","4924319356078203828","cs.CV | cs.RO","q15-recent-vla | q17-recent-failure","search-papers","recent","A7","false","true","true","false","A1/paper-registry-complete.json | A1/paper-registry.json | A1/raw/q15-recent-vla.json | A1/raw/q17-recent-failure.json | A4/canonical-registry.jsonl | A4/raw/q30-vla-data.json | A4/raw/q35-recent-vla.json | A7/raw/q30-recent-generalist.json | A7/raw/q31-recent-heterogeneous.json | A7/work/assigned-papers.json | A7/work/assigned-papers.jsonl | A7/work/paper-registry.json | A7/work/paper-registry.jsonl | A7/work/read-manifest.json | A7/work/verified-paper-registry.json | A7/work/verified-paper-registry.jsonl","A7/work/abstract-triage.jsonl | A7/work/assigned-abstracts.jsonl"
"1154","arxiv:2504.08588","11","MEDIUM","A1","Hardware, Algorithms, and Applications of the Neuromorphic Vision Sensor: a Review","arxiv:2504.08588","Neuromorphic, or event, cameras represent a transformation in the classical approach to visual sensing encodes detected instantaneous per-pixel illumination changes into an asynchronous stream of event packets. Their novelty compared to standard cameras lies in the transition from capturing full picture frames at fixed time intervals to a sparse data format which, with its distinctive qualities, offers potential improvements in various applications. However, these advantages come at the cost of reinventing algorithmic procedures or adapting them to effectively process the new data format. In this survey, we systematically examine neuromorphic vision along three main dimensions. First, we highlight the technological evolution and distinctive hardware features of neuromorphic cameras from their inception to recent models. Second, we review image processing algorithms developed explicitly for event-based data, covering key works on feature detection, tracking, and optical flow -which form the basis for analyzing image elements and transformations -as well as depth and pose estimation or object recognition, which interpret more complex scene structures and components. These techniques, drawn from classical computer vision and modern data-driven approaches, are examined to illustrate the breadth of applications for event-based cameras. Third, we present practical application case studies demonstrating how event cameras have been successfully used across various industries and scenarios. Finally, we analyze the challenges limiting widespread adoption, identify significant research gaps compared to standard imaging techniques, and outline promising future directions and opportunities that neuromorphic vision offers.","medium","A1","1","A1=medium","A1=The paper develops or evaluates a temporal correspondence, synchronization, delay, or sequence-representation mechanism for Hardware, Algorithms, and Applications of the Neuromorphic Vision Sensor: a Review.","A1=Its adjacent-domain method may provide a transferable alignment idea, but the robot transfer path requires verification.","A1=true","expansion_round_2","","","arxiv:2504.08588","arxiv:2504.08588","2640476650071415349","","","related-papers-round2","","A1","false","false","false","false","A1/expansion-round2-registry.json | A1/paper-registry-complete.json","A1/expansion-round2-triage.jsonl"
"1167","arxiv:2504.20656","11","MEDIUM","A4","Federated learning, ethics, and the double black box problem in medical AI","arxiv:2504.20656","Federated learning (FL) is a machine learning approach that allows multiple devices or institutions to collaboratively train a model without sharing their local data with a third-party. FL is considered a promising way to address patient privacy concerns in medical artificial intelligence. The ethical risks of medical FL systems themselves, however, have thus far been underexamined. This paper aims to address this gap. We argue that medical FL presents a new variety of opacity -- federation opacity -- that, in turn, generates a distinctive double black box problem in healthcare AI. We highlight several instances in which the anticipated benefits of medical FL may be exaggerated, and conclude by highlighting key challenges that must be overcome to make FL ethically feasible in medicine.","medium","A4","1","A4=medium","A4=Provides adjacent evidence about how data composition affects learning outcomes.","A4=It extends the A4 mechanism space with adjacent data-centric evidence.","A4=false","expansion_round_1","","","arxiv:2504.20656 | paper:7474293140064545721","","","","","","","A4","false","false","false","false","A4/expansion/round2/registry.jsonl | A4/expansion/round5/registry.jsonl","A4/expansion/all-new-expansion-triage.jsonl"
"1180","arxiv:2505.07455","11","HIGH","A1","GelFusion: Enhancing Robotic Manipulation under Visual Constraints via Visuotactile Fusion","arxiv:2505.07455","Visuotactile sensing offers rich contact information that can help mitigate performance bottlenecks in imitation learning, particularly under vision-limited conditions, such as ambiguous visual cues or occlusions. Effectively fusing visual and visuotactile modalities, however, presents ongoing challenges. We introduce GelFusion, a framework designed to enhance policies by integrating visuotactile feedback, specifically from high-resolution GelSight sensors. GelFusion using a vision-dominated cross-attention fusion mechanism incorporates visuotactile information into policy learning. To better provide rich contact information, the framework's core component is our dual-channel visuotactile feature representation, simultaneously leveraging both texture-geometric and dynamic interaction features. We evaluated GelFusion on three contact-rich tasks: surface wiping, peg insertion, and fragile object pick-and-place. Outperforming baselines, GelFusion shows the value of its structure in improving the success rate of policy learning.","high","A1","1","A1=high","A1=The paper develops or evaluates a temporal correspondence, synchronization, delay, or sequence-representation mechanism for GelFusion: Enhancing Robotic Manipulation under Visual Constraints via Visuotactile Fusion.","A1=Its mechanism is a plausible transfer to multimodal robot experience, action-observation alignment, or temporally aware policy training.","A1=true","expansion_round_3","","","arxiv:2505.07455","arxiv:2505.07455","2100494566837841772","","","related-papers-round3","","A1","false","false","false","false","A1/expansion-round3-registry.json | A1/paper-registry-complete.json","A1/expansion-round3-triage.jsonl"
"1193","arxiv:2505.10919","11","MEDIUM","A1","A Physics-Informed Spatiotemporal Deep Learning Framework for Turbulent Systems","arxiv:2505.10919","Fluid thermodynamics underpins atmospheric dynamics, climate science, industrial applications, and energy systems. However, direct numerical simulations (DNS) of such systems can be computationally prohibitive. To address this, we present a novel physics-informed spatiotemporal surrogate model for Rayleigh-Benard convection (RBC), a canonical example of convective fluid flow. Our approach combines convolutional neural networks, for spatial dimension reduction, with an innovative recurrent architecture, inspired by large language models, to model long-range temporal dynamics. Inference is penalized with respect to the governing partial differential equations to ensure physical interpretability. Since RBC exhibits turbulent behavior, we quantify uncertainty using a conformal prediction framework. This model replicates key physical features of RBC dynamics while significantly reducing computational cost, offering a scalable alternative to DNS for long-term simulations.","medium","A1","1","A1=medium","A1=The paper develops or evaluates a temporal correspondence, synchronization, delay, or sequence-representation mechanism for A Physics-Informed Spatiotemporal Deep Learning Framework for Turbulent Systems.","A1=Its adjacent-domain method may provide a transferable alignment idea, but the robot transfer path requires verification.","A1=true","expansion_round_3","","","arxiv:2505.10919","arxiv:2505.10919","4750424118169032239","","","related-papers-round3","","A1","false","false","false","false","A1/expansion-round3-registry.json | A1/paper-registry-complete.json","A1/expansion-round3-triage.jsonl"
"1206","arxiv:2505.18719","11","HIGH","A5 | A6","VLA-RL: Towards Masterful and General Robotic Manipulation with Scalable Reinforcement Learning","arxiv:2505.18719","Recent high-capacity vision-language-action (VLA) models have demonstrated impressive performance on a range of robotic manipulation tasks by imitating human demonstrations. However, exploiting offline data with limited visited states will cause execution failure in out-of-distribution scenarios. Intuitively, an exploration-based method that improves on online collected data at test time could address this limitation. We present VLA-RL, an algorithmic and systematic framework that leverages online reinforcement learning (RL) to improve pretrained auto-regressive VLAs in downstream tasks. Within a unified perspective, we first introduce a trajectory-level RL formulation for auto-regressive VLA training, which models general robotic manipulation trajectory as multi-modal multi-turn conversation. To address the challenge of sparse rewards, we fine-tune a pretrained vision-language model as a robotic process reward model, which is trained on pseudo reward labels annotated on automatically extracted task segments. To scale up, we identify several implementation findings that improve the stability and efficiency including curriculum selection strategy, GPU-balanced vectorized environments, batch decoding, and critic warmup. VLA-RL enables OpenVLA-7B to surpass the strongest finetuned baseline by 4.5% on 40 challenging robotic manipulation tasks in LIBERO, and even matches the performance of advanced commercial models such as Ï€â‚€-FAST. Notably, we observe that VLA-RL benefits from increased test-time optimization, indicating an early spark of inference scaling laws in robotics.","high","A5 | A6","2","A5=high | A6=high","A5=To scale up, we identify several implementation findings that improve the stability and efficiency including curriculum selection strategy, GPU-balanced vectorized environments, batch decoding, and critic warmup. | A6=Learns or supplies recovery, correction, retry, repair, or replanning behavior from failed or perturbed executions.","A5=It informs how a robot learner can order tasks, stages, or examples to improve learning efficiency and stability. | A6=Makes failure states informative for robust execution and for deciding what corrective data to collect next.","A5=true | A6=true","expansion_round_1 | primary_assignment","Guanxing Lu, Wenkai Guo, Chubin Zhang, Yuheng Zhou, Haonan Jiang, Zifeng Gao, Yansong Tang, Ziwei Wang","2025","arxiv:2505.18719 | paper:7537384544745049165","arxiv:2505.18719","7537384544745049165","cs.AI | cs.RO","69 | trajectory truncation subsequence selection successful segments offline reinforcement learning","related-papers | search-papers","false | recent","A5","false","false","false","false","A2/canonical-pool.json | A2/canonical-pool.jsonl | A2/raw/q19-success-subsequences.json | A5/assigned-papers.json | A5/canonical-pool.jsonl | A5/evidence-ledger.jsonl | A5/inspection-manifest.json | A5/paper-registry.json | A5/read-manifest.json | A6/expansion/canonical-pool.jsonl","A5/assigned-abstracts.jsonl | A6/expansion/triage.jsonl"
"1219","arxiv:2506.01635","11","HIGH","A1","Riemannian Time Warping: Multiple Sequence Alignment in Curved Spaces","arxiv:2506.01635","Temporal alignment of multiple signals through time warping is crucial in many fields, such as classification within speech recognition or robot motion learning. Almost all related works are limited to data in Euclidean space. Although an attempt was made in 2011 to adapt this concept to unit quaternions, a general extension to Riemannian manifolds remains absent. Given its importance for numerous applications in robotics and beyond, we introduce Riemannian Time Warping (RTW). This novel approach efficiently aligns multiple signals by considering the geometric structure of the Riemannian manifold in which the data is embedded. Extensive experiments on synthetic and real-world data, including tests with an LBR iiwa robot, demonstrate that RTW consistently outperforms state-of-the-art baselines in both averaging and classification tasks.","high","A1","1","A1=high","A1=Riemannian Time Warping aligns and averages trajectories using geodesic distances on the data manifold rather than Euclidean coordinates.","A1=Robot poses, orientations, and constrained states often have geometry where Euclidean resampling creates invalid or distorted skills.","A1=true","primary_assignment","","2025","arxiv:2506.01635","arxiv:2506.01635","8451255882952845683","","q03-dtw | q09-foundational-robot | q10-foundational-ctw","search-papers","foundational","A1","false","false","false","false","A1/assigned-papers.json | A1/evidence-read-manifest.json | A1/inspection-manifest.json | A1/paper-registry-complete.json | A1/paper-registry.json | A1/raw/q03-dtw.json | A1/raw/q09-foundational-robot.json | A1/raw/q10-foundational-ctw.json | A2/canonical-pool.json | A2/canonical-pool.jsonl | A2/raw/q13-dtw.json","A1/assigned-abstracts.jsonl | A1/triage.jsonl"
"1232","arxiv:2506.07822","11","HIGH","A1","Accelerating Diffusion Planners in Offline RL via Reward-Aware Consistency Trajectory Distillation","arxiv:2506.07822","Although diffusion models have achieved strong results in decision-making tasks, their slow inference speed remains a key limitation. While consistency models offer a potential solution, existing applications to decision-making either struggle with suboptimal demonstrations under behavior cloning or rely on complex concurrent training of multiple networks under the actor-critic framework. In this work, we propose a novel approach to consistency distillation for offline reinforcement learning that directly incorporates reward optimization into the distillation process. Our method achieves single-step sampling while generating higher-reward action trajectories through decoupled training and noise-free reward signals. Empirical evaluations on the Gym MuJoCo, FrankaKitchen, and long horizon planning benchmarks demonstrate that our approach can achieve a 9.7% improvement over previous state-of-the-art while offering up to 142x speedup over diffusion counterparts in inference time.","high","A1","1","A1=high","A1=The paper develops or evaluates a temporal correspondence, synchronization, delay, or sequence-representation mechanism for Accelerating Diffusion Planners in Offline RL via Reward-Aware Consistency Trajectory Distillation.","A1=Its mechanism is a plausible transfer to multimodal robot experience, action-observation alignment, or temporally aware policy training.","A1=true","expansion_round_3","","","arxiv:2506.07822","arxiv:2506.07822","2966347832773015863","","","related-papers-round3","","A1","false","false","false","false","A1/expansion-round3-registry.json | A1/paper-registry-complete.json","A1/expansion-round3-triage.jsonl"
"1245","arxiv:2506.13697","11","HIGH","A1","Vid-CamEdit: Video Camera Trajectory Editing with Generative Rendering from Estimated Geometry","arxiv:2506.13697","We introduce Vid-CamEdit, a novel framework for video camera trajectory editing, enabling the re-synthesis of monocular videos along user-defined camera paths. This task is challenging due to its ill-posed nature and the limited multi-view video data for training. Traditional reconstruction methods struggle with extreme trajectory changes, and existing generative models for dynamic novel view synthesis cannot handle in-the-wild videos. Our approach consists of two steps: estimating temporally consistent geometry, and generative rendering guided by this geometry. By integrating geometric priors, the generative model focuses on synthesizing realistic details where the estimated geometry is uncertain. We eliminate the need for extensive 4D training data through a factorized fine-tuning framework that separately trains spatial and temporal components using multi-view image and video data. Our method outperforms baselines in producing plausible videos from novel camera trajectories, especially in extreme extrapolation scenarios on real-world footage.","high","A1","1","A1=high","A1=The paper develops or evaluates a temporal correspondence, synchronization, delay, or sequence-representation mechanism for Vid-CamEdit: Video Camera Trajectory Editing with Generative Rendering from Estimated Geometry.","A1=Its mechanism is a plausible transfer to multimodal robot experience, action-observation alignment, or temporally aware policy training.","A1=true","expansion_round_2","","","arxiv:2506.13697","arxiv:2506.13697","2800025501675732098","","","related-papers-round2","","A1","false","false","false","false","A1/expansion-round2-registry.json | A1/paper-registry-complete.json","A1/expansion-round2-triage.jsonl"
"1258","arxiv:2506.19121","11","HIGH","A3 | A4","CUPID: Curating Data your Robot Loves with Influence Functions","arxiv:2506.19121","In robot imitation learning, policy performance is tightly coupled with the quality and composition of the demonstration data. Yet, developing a precise understanding of how individual demonstrations contribute to downstream outcomes - such as closed-loop task success or failure - remains a persistent challenge. We propose CUPID, a robot data curation method based on a novel influence function-theoretic formulation for imitation learning policies. Given a set of evaluation rollouts, CUPID estimates the influence of each training demonstration on the policy's expected return. This enables ranking and selection of demonstrations according to their impact on the policy's closed-loop performance. We use CUPID to curate data by 1) filtering out training demonstrations that harm policy performance and 2) subselecting newly collected trajectories that will most improve the policy. Extensive simulated and hardware experiments show that our approach consistently identifies which data drives test-time performance. For example, training with less than 33% of curated data can yield state-of-the-art diffusion policies on the simulated RoboMimic benchmark, with similar gains observed in hardware. Furthermore, hardware experiments show that our method can identify robust strategies under distribution shift, isolate spurious correlations, and even enhance the post-training of generalist robot policies. Videos and code are made available at: https://cupid-curation.github.io.","high","A3 | A4","2","A3=high | A4=high","A3=CUPID estimates each training demonstration's influence on expected policy return using evaluation rollouts. | A4=Estimates how an individual training example changes a validation loss or downstream policy outcome, enabling example ranking or curation.","A3=The downstream-return attribution makes curation decisions auditable against the behavior the robot actually produces. | A4=It offers a direct or transferable way to connect robot experience choices to learned policy behavior.","A3=true | A4=true","primary_assignment","Christopher Agia | Rohan Sinha | Jingyun Yang | Rika Antonova | Marco Pavone | Haruki Nishimura | Masha Itkina | Jeannette Bohg","2025","arxiv:2506.19121 | paper:8820987808988696036","arxiv:2506.19121","8820987808988696036","cs.AI | cs.LG | cs.RO","q01-direct | q03-selection | q05-quality-scoring | q06-trajectory-quality | q08-influence | q11-help-harm | q12-remove-trajectories | q13-harmful-demo | q20-driving | q24-recent-quality | q33-recent-robot","firecrawl research search-papers | semantic-search","false","A3 | A4","false","false","false","false","A2/canonical-pool.json | A2/canonical-pool.jsonl | A2/raw/q12-compression.json | A2/raw/q21-bad-segments.json | A2/raw/q42-2024-2025-subsequence.json | A3/assigned-papers.json | A3/evidence-index.json | A3/expansion-registry.json | A3/paper-registry.json | A3/raw/q05-quality-scoring.txt | A3/raw/q06-trajectory-quality.txt | A3/raw/q08-influence.txt | A3/raw/q24-recent-quality.txt | A3/round2-registry.json | A4/assigned-papers.json | A4/assigned-registry-inspected.jsonl | A4/assigned-registry-preinspect.jsonl | A4/canonical-registry.jsonl | A4/expansion/expansion-registry.jsonl | A4/expansion/round3/registry.jsonl | A4/raw/q01-direct.json | A4/raw/q03-selection.json | A4/raw/q11-help-harm.json | A4/raw/q12-remove-trajectories.json | A4/raw/q13-harmful-demo.json | A4/raw/q20-driving.json | A4/raw/q33-recent-robot.json | A5/canonical-pool.jsonl | A5/expansion/raw/round2-similar.json | A5/paper-registry.json | A5/raw/q01-direct.json | A5/raw/q03-direct-hard.json | A5/raw/q05-direct-mixture.json | A6/raw-retrieval/q03-direct-partial-success.json | A6/raw-retrieval/q08-syn-negative-demo.json | A6/raw-retrieval/q31-recent-mixed-quality.json | A6/raw-retrieval/q33-recent-diffusion-recovery.json | A6/work/canonical-pool.jsonl | A8/raw/q01-direct.json | A8/raw/q05-synonyms.json | A8/raw/q09-mechanism.json | A8/work/canonical-pool.jsonl | A8/work/expansion-pool.jsonl","A3/abstract-triage.jsonl | A4/abstract-triage.jsonl"
"1271","arxiv:2507.06547","11","HIGH","A3","Concept-TRAK: Understanding how diffusion models learn concepts through concept-level attribution","arxiv:2507.06547","While diffusion models excel at image generation, their growing adoption raises critical concerns about copyright issues and model transparency. Existing attribution methods identify training examples influencing an entire image, but fall short in isolating contributions to specific elements, such as styles or objects, that are of primary concern to stakeholders. To address this gap, we introduce concept-level attribution through a novel method called Concept-TRAK, which extends influence functions with a key innovation: specialized training and utility loss functions designed to isolate conce","high","A3","1","A3=high","A3=The paper develops or evaluates Concept-TRAK: Understanding how diffusion models learn concepts through concept-level attribution, offering a mechanism related to failure detection, correction, attribution, or robot-data use.","A3=The mechanism is plausibly transferable to the Program A experience-to-policy loop and merits follow-up.","A3=true","expansion_round_3","","2025","arxiv:2507.06547","","","","","firecrawl research related-papers","","A3","false","false","false","false","A3/paper-registry.json | A3/round3-registry.json","A3/round3-triage.jsonl"
"1284","arxiv:2507.14582","11","HIGH","A2","BT-TL-DMPs: A Novel Robot TAMP Framework Combining Behavior Tree, Temporal Logic and Dynamical Movement Primitives","arxiv:2507.14582","In the field of Learning from Demonstration (LfD), enabling robots to generalize learned manipulation skills to novel scenarios for long-horizon tasks remains challenging. Specifically, it is still difficult for robots to adapt the learned skills to new environments with different task and motion requirements, especially in long-horizon, multi-stage scenarios with intricate constraints. This paper proposes a novel hierarchical framework, called BT-TL-DMPs, that integrates Behavior Tree (BT), Temporal Logic (TL), and Dynamical Movement Primitives (DMPs) to address this problem. Within this framework, Signal Temporal Logic (STL) is employed to formally specify complex, long-horizon task requirements and constraints. These STL specifications are systematically transformed to generate reactive and modular BTs for high-level decision-making task structure. An STL-constrained DMP optimization method is proposed to optimize the DMP forcing term, allowing the learned motion primitives to adapt flexibly while satisfying intricate spatiotemporal requirements and, crucially, preserving the essential dynamics learned from demonstrations. The framework is validated through simulations demonstrating generalization capabilities under various STL constraints and real-world experiments on several long-horizon robotic manipulation tasks. The results demonstrate that the proposed framework effectively bridges the symbolic-motion gap, enabling more reliable and generalizable autonomous manipulation for complex robotic tasks.","high","A2","1","A2=high","A2=Predicts or executes temporally extended action sequences or keypose-conditioned chunks to trade feedback frequency against longer-horizon control.","A2=Boundary and horizon choices determine the training unit, feedback latency, credit assignment, and compounding-error exposure in long-horizon robot learning.","A2=true","primary_assignment","Zezhi Liu, Shizhen Wu, Hanqian Luo, Deyun Qin, Yongchun Fang","2025","arxiv:2507.14582","arxiv:2507.14582","3725728680662947845","cs.RO","dynamic movement primitives robot trajectories skill representation","search-papers","true","A2","false","false","false","false","A2/assigned-papers.json | A2/assigned-registry-inspected.json | A2/assigned-registry-inspected.jsonl | A2/canonical-pool.json | A2/canonical-pool.jsonl | A2/raw/q33-dmp.json","A2/assigned-abstracts.jsonl | A2/triage.jsonl"
"1297","arxiv:2508.03693","11","HIGH","A8","PAC Apprenticeship Learning with Bayesian Active Inverse Reinforcement Learning","arxiv:2508.03693","As AI systems become increasingly autonomous, reliably aligning their decision-making with human preferences is essential. Inverse reinforcement learning (IRL) offers a promising approach to infer preferences from demonstrations. These preferences can then be used to produce an apprentice policy that performs well on the demonstrated task. However, in domains like autonomous driving or robotics, where errors can have serious consequences, we need not just good average performance but reliable policies with formal guarantees -- yet obtaining sufficient human demonstrations for reliability guarantees can be costly. Active IRL addresses this challenge by strategically selecting the most informative scenarios for human demonstration. We introduce PAC-EIG, an information-theoretic acquisition function that directly targets probably-approximately-correct (PAC) guarantees for the learned policy -- providing the first such theoretical guarantee for active IRL with noisy expert demonstrations. Our method maximises information gain about the regret of the apprentice policy, efficiently identifying states requiring further demonstration. We also present Reward-EIG as an alternative when learning the reward itself is the primary objective. Focusing on finite state-action spaces, we prove convergence bounds, illustrate failure modes of prior heuristic methods, and demonstrate our method's advantages experimentally.","high","A8","1","A8=high","A8=PAC-EIG selects states whose expert demonstrations most reduce uncertainty about apprentice-policy regret, with formal guarantees under noisy feedback.","A8=It makes active demonstration acquisition decision-aware by targeting policy reliability rather than only reward or model uncertainty.","A8=true","primary_assignment","","","arxiv:2508.03693","arxiv:2508.03693","7987259947104804611","","A8 | q11-mechanism | q27-recent","search-papers","recent","A8","false","false","false","false","A4/canonical-registry.jsonl | A4/raw/q20-driving.json | A4/raw/q40-recent-active.json | A6/raw-retrieval/q19-adj-autonomous-driving.json | A6/work/canonical-pool.jsonl | A8/raw/q11-mechanism.json | A8/raw/q27-recent.json | A8/work/assigned-papers.json | A8/work/canonical-pool.jsonl","A8/work/abstract-triage.jsonl | A8/work/assigned-abstracts.jsonl"
"1310","arxiv:2508.13901","11","MEDIUM","A4","Multimodal Data Storage and Retrieval for Embodied AI: A Survey","arxiv:2508.13901","Embodied AI (EAI) agents continuously interact with the physical world, generating vast, heterogeneous multimodal data streams that traditional management systems are ill-equipped to handle. In this survey, we first systematically evaluate five storage architectures (Graph Databases, Multi-Model Databases, Data Lakes, Vector Databases, and Time-Series Databases), focusing on their suitability for addressing EAI's core requirements, including physical grounding, low-latency access, and dynamic scalability. We then analyze five retrieval paradigms (Fusion Strategy-Based Retrieval, Representation Alignment-Based Retrieval, Graph-Structure-Based Retrieval, Generation Model-Based Retrieval, and Efficient Retrieval-Based Optimization), revealing a fundamental tension between achieving long-term semantic coherence and maintaining real-time responsiveness. Based on this comprehensive analysis, we identify key bottlenecks, spanning from the foundational Physical Grounding Gap to systemic challenges in cross-modal integration, dynamic adaptation, and open-world generalization. Finally, we outline a forward-looking research agenda encompassing physics-aware data models, adaptive storage-retrieval co-optimization, and standardized benchmarking, to guide future research toward principled data management solutions for EAI. Our survey is based on a comprehensive review of more than 180 related studies, providing a rigorous roadmap for designing the robust, high-performance data management frameworks essential for the next generation of autonomous embodied systems.","medium","A4","1","A4=medium","A4=Provides adjacent evidence about how data composition affects learning outcomes.","A4=It extends the A4 mechanism space with adjacent data-centric evidence.","A4=true","expansion_round_1","","","arxiv:2508.13901 | paper:4136659283868904614","","","","","","","A4","false","false","false","false","A4/expansion/round3/registry.jsonl","A4/expansion/all-new-expansion-triage.jsonl"
"1323","arxiv:2509.00310","11","HIGH","A8","TReF-6: Inferring Task-Relevant Frames from a Single Demonstration for One-Shot Skill Generalization","arxiv:2509.00310","Robots often struggle to generalize from a single demonstration due to the lack of a transferable and interpretable spatial representation. In this work, we introduce TReF-6, a method that infers a simplified, abstracted 6DoF Task-Relevant Frame from a single trajectory. Our approach identifies an influence point purely from the trajectory geometry to define the origin for a local frame, which serves as a reference for parameterizing a Dynamic Movement Primitive (DMP). This influence point captures the task's spatial structure, extending the standard DMP formulation beyond start-goal imitation. The inferred frame is semantically grounded via a vision-language model and localized in novel scenes by Grounded-SAM, enabling functionally consistent skill generalization. We validate TReF-6 in simulation and demonstrate robustness to trajectory noise. We further deploy an end-to-end pipeline on real-world manipulation tasks, showing that TReF-6 supports one-shot imitation learning that preserves task intent across diverse object configurations.","high","A8","1","A8=high","A8=Task-relevant frames are inferred from one demonstration and used to retrieve or align key moments for one-shot skill transfer.","A8=It supports frame-level usefulness scoring when only a small subset of a trajectory carries transferable task information.","A8=true","expansion_round_1","","","arxiv:2509.00310 | paperid:5681053460873171393","","","","","related-papers","","A8","false","false","false","false","A8/work/expansion-novel.jsonl | A8/work/expansion-pool.jsonl","A8/work/expansion-triage.jsonl"
"1336","arxiv:2509.15950","11","MEDIUM","A4","Targeted Fine-Tuning of DNN-Based Receivers via Influence Functions","arxiv:2509.15950","We present the first use of influence functions for deep learning-based wireless receivers. Applied to DeepRx, a fully convolutional receiver, influence analysis reveals which training samples drive bit predictions, enabling targeted fine-tuning of poorly performing cases. We show that loss-relative influence with capacity-like binary cross-entropy loss and first-order updates on beneficial samples most consistently improves bit error rate toward genie-aided performance, outperforming random fine-tuning in single-target scenarios. Multi-target adaptation proved less effective, underscoring open challenges. Beyond experiments, we connect influence to self-influence corrections and propose a second-order, influence-aligned update strategy. Our results establish influence functions as both an interpretability tool and a basis for efficient receiver adaptation.","medium","A4","1","A4=medium","A4=Uses a valuation or attribution signal to estimate the contribution of training examples to model or policy outcomes.","A4=It extends the A4 mechanism space with adjacent data-centric evidence.","A4=false","expansion_round_1","","","arxiv:2509.15950 | paper:423045578400872653","","","","","","","A4","false","false","false","false","A4/expansion/round2/registry.jsonl | A4/expansion/round5/registry.jsonl","A4/expansion/all-new-expansion-triage.jsonl"
"1349","arxiv:2509.22093","11","HIGH","A1","Action-aware Dynamic Pruning for Efficient Vision-Language-Action Manipulation","arxiv:2509.22093","Robotic manipulation with Vision-Language-Action models requires efficient inference over long-horizon multi-modal context, where attention to dense visual tokens dominates computational cost. Existing methods optimize inference speed by reducing visual redundancy within VLA models, but they overlook the varying redundancy across robotic manipulation stages. We observe that the visual token redundancy is higher in coarse manipulation phase than in fine-grained operations, and is strongly correlated with the action dynamic. Motivated by this observation, we propose Action-aware Dynamic Pruning (ADP), a multi-modal pruning framework that integrates text-driven token selection with action-aware trajectory gating. Our method introduces a gating mechanism that conditions the pruning signal on recent action trajectories, using past motion windows to adaptively adjust token retention ratios in accordance with dynamics, thereby balancing computational efficiency and perceptual precision across different manipulation stages. Extensive experiments on the LIBERO suites and diverse real-world scenarios demonstrate that our method significantly reduces FLOPs and action inference latency (e.g. 1.35 × speed up on OpenVLA-OFT) while maintaining competitive success rates (e.g. 25.8% improvements with OpenVLA) compared to baselines, thereby providing a simple plug-in path to efficient robot policies that advances the efficiency and performance frontier of robotic manipulation. Our project website is: https://vla-adp.github.io/ADP.com.","high","A1","1","A1=high","A1=The paper develops or evaluates a temporal correspondence, synchronization, delay, or sequence-representation mechanism for Action-aware Dynamic Pruning for Efficient Vision-Language-Action Manipulation.","A1=Its mechanism is a plausible transfer to multimodal robot experience, action-observation alignment, or temporally aware policy training.","A1=true","expansion_round_2","","","arxiv:2509.22093","arxiv:2509.22093","8992069468667520185","","","related-papers-round2","","A1","false","false","false","false","A1/expansion-round2-registry.json | A1/paper-registry-complete.json","A1/expansion-round2-triage.jsonl"
"1362","arxiv:2510.00726","11","HIGH","A7","CroSTAta: Cross-State Transition Attention Transformer for Robotic Manipulation","arxiv:2510.00726","Learning robotic manipulation policies through supervised learning from demonstrations remains challenging when policies encounter execution variations not explicitly covered during training. While incorporating historical context through attention mechanisms can improve robustness, standard approaches process all past states in a sequence without explicitly modeling the temporal structure that demonstrations may include, such as failure and recovery patterns. We propose a Cross-State Transition Attention Transformer that employs a novel State Transition Attention (STA) mechanism to modulate standard attention weights based on learned state evolution patterns, enabling policies to better adapt their behavior based on execution history. Our approach combines this structured attention with temporal masking during training, where visual information is randomly removed from recent timesteps to encourage temporal reasoning from historical context. Evaluation in simulation shows that STA consistently outperforms standard attention approach and temporal modeling methods like TCN and LSTM networks, achieving more than 2x improvement over cross-attention on precision-critical tasks. The source code and data can be accessed at https://github.com/iit-DLSLab/croSTAta","high","A7","1","A7=high","A7=Learning robotic manipulation policies through supervised learning from demonstrations remains challenging when policies encounter execution variations not explicitly covered during training.","A7=It helps diagnose or reduce behavior-distribution mismatch and spurious dependence under deployment shift.","A7=true","expansion_round_1","","","arxiv:2510.00726","","","","","citers","","A7","false","false","false","false","A7/work/expansion-registry.json | A7/work/expansion-registry.jsonl","A7/work/expansion-triage.jsonl"
"1375","arxiv:2510.09877","11","MEDIUM","A8","Batch Bayesian Active Learning with Partial Batch Label Sampling","arxiv:2510.09877","Over the past couple of decades, many active learning acquisition functions have been proposed, leaving practitioners with an unclear choice of which to use. Bayesian-based active learning offers principled objectives with explainable intuition, including Expected Error Reduction (EER), Expected Predictive Information Gain (EPIG), and Bayesian Active Learning by Disagreements (BALD). A key challenge of such methods is the difficult scaling to large batch sizes, leading to either computational challenges (BatchBALD) or dramatic performance drops (top-B selection). Here, using a particular formulation of Bayesian Decision Theory, we derive Partial Batch Label Sampling (ParBaLS) for the EPIG algorithm. We show experimentally for several datasets that ParBaLS EPIG gives superior performance for a fixed budget and Bayesian Logistic Regression on embeddings from large pre-trained models. Our code is available at https://github.com/ADDAPT-ML/ParBaLS.","medium","A8","1","A8=medium","A8=Partial-batch Bayesian information-gain sampling scales disagreement and predictive-information objectives to large batches of embedded candidates.","A8=It is an adjacent design for allocating batch collection or labeling budgets when individual greedy queries are too expensive.","A8=true","primary_assignment","","","arxiv:2510.09877","arxiv:2510.09877","5105242341783464976","","A8 | q24-foundational","search-papers","foundational","A8","false","false","false","false","A8/raw/q24-foundational.json | A8/work/assigned-papers.json | A8/work/canonical-pool.jsonl","A8/work/abstract-triage.jsonl | A8/work/assigned-abstracts.jsonl"
"1388","arxiv:2510.18109","11","MEDIUM","A4","PrivaDE: Privacy-preserving Data Evaluation for Blockchain-based Data Marketplaces","arxiv:2510.18109","Evaluating the usefulness of data before purchase is essential when obtaining data for high-quality machine learning models, yet both model builders and data providers are often unwilling to reveal their proprietary assets. We present PrivaDE, a privacy-preserving protocol that allows a model owner and a data owner to jointly compute a utility score for a candidate dataset without fully exposing model parameters, raw features, or labels. PrivaDE provides strong security against malicious behavior and can be integrated into blockchain-based marketplaces, where smart contracts enforce fair execution and payment. To make the protocol practical, we propose optimizations to enable efficient secure model inference, and a model-agnostic scoring method that uses only a small, representative subset of the data while still reflecting its impact on downstream training. Evaluation shows that PrivaDE performs data evaluation effectively, achieving online runtimes within 15 minutes even for models with millions of parameters. Our work lays the foundation for fair and automated data marketplaces in decentralized machine learning ecosystems.","medium","A4","1","A4=medium","A4=Uses a valuation or attribution signal to estimate the contribution of training examples to model or policy outcomes.","A4=It extends the A4 mechanism space with adjacent data-centric evidence.","A4=false","expansion_round_1","","","arxiv:2510.18109 | paper:3759324469765585776","","","","","","","A4","false","false","false","false","A4/expansion/round2/registry.jsonl | A4/expansion/round5/registry.jsonl","A4/expansion/all-new-expansion-triage.jsonl"
"1401","arxiv:2510.24680","11","HIGH","A3","InFeR: Informed Failure Resilience in Learned Visual Navigation Control","arxiv:2510.24680","While imitation learning (IL) has enabled successful visual navigation in many common environments, IL policies are prone to unpredictable failures under out-of-distribution (OOD) scenarios. This necessitates failure-resilient policies, which not only detect failures, but also recognise their sources and recover from them autonomously. We propose InFeR, a general framework for building IL policies with informed failure resilience without failure or recovery demonstrations. InFeR retrains an IL policy with a Variational Information Bottleneck (VIB) loss to structure its latent space for OOD fai","high","A3","1","A3=high","A3=The paper develops or evaluates InFeR: Informed Failure Resilience in Learned Visual Navigation Control, offering a mechanism related to failure detection, correction, attribution, or robot-data use.","A3=The mechanism is plausibly transferable to the Program A experience-to-policy loop and merits follow-up.","A3=true","expansion_round_3","","2025","arxiv:2510.24680","arxiv:2510.24680","422605713606099483","","q01-direct-failed-recovery","firecrawl research related-papers","","A3","false","false","false","false","A3/paper-registry.json | A3/round3-registry.json | A6/raw-retrieval/q01-direct-failed-recovery.json | A6/work/canonical-pool.jsonl","A3/round3-triage.jsonl"
"1414","arxiv:2511.03400","11","MEDIUM","A6","GUIDES: Guidance Using Instructor-Distilled Embeddings for Pre-trained Robot Policy Enhancement","arxiv:2511.03400","Pre-trained robot policies serve as the foundation of many validated robotic systems, which encapsulate extensive embodied knowledge. However, they often lack the semantic awareness characteristic of foundation models, and replacing them entirely is impractical in many situations due to high costs and the loss of accumulated knowledge. To address this gap, we introduce GUIDES, a lightweight framework that augments pre-trained policies with semantic guidance from foundation models without requiring architectural redesign. GUIDES employs a fine-tuned vision-language model (Instructor) to generate contextual instructions, which are encoded by an auxiliary module into guidance embeddings. These embeddings are injected into the policy's latent space, allowing the legacy model to adapt to this new semantic input through brief, targeted fine-tuning. For inference-time robustness, a large language model-based Reflector monitors the Instructor's confidence and, when confidence is low, initiates a reasoning loop that analyzes execution history, retrieves relevant examples, and augments the VLM's context to refine subsequent actions. Extensive validation in the RoboCasa simulation environment across diverse policy architectures shows consistent and substantial improvements in task success rates. Real-world deployment on a UR5 robot further demonstrates that GUIDES enhances motion precision for critical sub-tasks such as grasping. Overall, GUIDES offers a practical and resource-efficient pathway to upgrade, rather than replace, validated robot policies.","medium","A6","1","A6=medium","A6=Estimates demonstration quality or latent expertise to filter, weight, or optimize learning from mixed-quality experience.","A6=Shows how heterogeneous demonstrations can contribute without treating every transition as equally trustworthy.","A6=false","expansion_round_1","","","arxiv:2511.03400","arxiv:2511.03400","6942372365436855435","","A8 | q05-synonyms","related-papers","","A6","false","false","false","false","A6/expansion/canonical-pool.jsonl | A8/raw/q05-synonyms.json | A8/work/canonical-pool.jsonl","A6/expansion/triage.jsonl"
"1427","arxiv:2511.16166","11","HIGH","A5","EvoVLA: Self-Evolving Vision-Language-Action Model","arxiv:2511.16166","Long-horizon robotic manipulation remains challenging for Vision-Language-Action (VLA) models despite recent progress in zero-shot generalization and simulation-to-real-world transfer. Current VLA models suffer from stage hallucination, where agents exploit coarse evaluation signals to shortcut multi-step tasks, reporting high progress without truly completing them. We present EvoVLA, a self-supervised VLA framework that addresses this issue through three complementary components: Stage-Aligned Reward (SAR), which uses triplet contrastive learning with Gemini-generated hard negatives to prevent visual shortcuts; Pose-Based Object Exploration (POE), which grounds curiosity in relative object-gripper pose instead of raw pixels; and Long-Horizon Memory, which uses selective context retention and gated fusion to stabilize intrinsic shaping during extended rollouts. Extensive evaluations on Discoverse-L, a long-horizon manipulation benchmark with three multi-stage tasks, show that EvoVLA improves average task success by 10.2 percentage points over the strongest baseline (OpenVLA-OFT), reaching 69.2 percent. EvoVLA also achieves one-and-a-half times better sample efficiency and reduces stage hallucination from 38.5 percent to 14.8 percent. Real-world deployment on physical robots reaches an average success rate of 54.6 percent across four manipulation tasks, outperforming OpenVLA-OFT by 11 points, demonstrating effective sim-to-real transfer and strong generalization. Code: https://github.com/AIGeeksGroup/EvoVLA. Website: https://aigeeksgroup.github.io/EvoVLA.","high","A5","1","A5=high","A5=We present EvoVLA, a self-supervised VLA framework that addresses this issue through three complementary components: Stage-Aligned Reward (SAR), which uses triplet contrastive learning with Gemini-generated hard negatives to prevent visual shortcuts; Pose-Based Object Explorat.","A5=It offers a transferable way to focus updates on difficult, rare, or confusable examples while exposing the risk of amplifying noise.","A5=true","primary_assignment","Zeting Liu, Zida Yang, Zeyu Zhang, Hao Tang","","arxiv:2511.16166 | paper:7413397555989513490","","paper:7413397555989513490","cs.CV","69","search-papers","recent","A5","false","false","false","false","A5/assigned-papers.json | A5/canonical-pool.jsonl | A5/evidence-ledger.jsonl | A5/inspection-manifest.json | A5/paper-registry.json | A5/read-manifest.json","A5/assigned-abstracts.jsonl"
"1440","arxiv:2512.01715","11","HIGH","A7","Transport Discrepancy as a Reliability Signal for Vision-Language-Action Models","arxiv:2512.01715","Vision-language-action (VLA) models that generate continuous action chunks via flow matching lack an internal signal for judging whether a given prediction is reliable. Distribution shift and long-horizon rollouts can push backbone representations away from the region the action head decodes reliably, yet the policy has no mechanism to detect or react to this drift. We observe that the cost of transporting observation features to the action representation in a shared feature space rises precisely when such drift occurs, providing a per-step reliability estimate without extra supervision. Building on this observation, we propose DiG (Discrepancy Gate), a lightweight plug-in module for flow-matching VLA policies. DiG computes a sliced Wasserstein transport cost between backbone features and the action expert's own input projection, maps it through an exponential gate, and uses the gate to modulate both a residual feature refinement and the training loss. At inference time, the gate enables DiG-Refinefine, an iterative refinement process that corrects action chunks before execution. Experiments on both simulation and real-world scenarios show that DiG consistently improves success rates, with the largest gains under distribution shift and on long-horizon tasks.","high","A7","1","A7=high","A7=Vision-language-action (VLA) models that generate continuous action chunks via flow matching lack an internal signal for judging whether a given prediction is reliable.","A7=It helps diagnose or reduce behavior-distribution mismatch and spurious dependence under deployment shift.","A7=true","expansion_round_1","","","arxiv:2512.01715","","","","","citers","","A7","false","false","false","false","A7/work/expansion-read-manifest.json | A7/work/expansion-registry.json | A7/work/expansion-registry.jsonl","A7/work/expansion-triage.jsonl"
"1453","arxiv:2512.10946","11","HIGH","A1","ImplicitRDP: An End-to-End Visual-Force Diffusion Policy with Structural Slow-Fast Learning","arxiv:2512.10946","Human-level contact-rich manipulation relies on the distinct roles of two key modalities: vision provides spatially rich but temporally slow global context, while force sensing captures rapid local contact dynamics. Integrating these signals is challenging due to their fundamental frequency and informational disparities. In this work, we propose ImplicitRDP, a unified end-to-end visual-force diffusion policy that integrates visual planning and reactive force control within a single network. We introduce Structural Slow-Fast Learning, a mechanism utilizing causal attention to simultaneously process asynchronous visual and force tokens, allowing the policy to perform rapid force control at the action rate while maintaining the temporal coherence of action chunks. Furthermore, to mitigate modality collapse where end-to-end models fail to adjust the weights across different modalities, we propose Virtual-target-based Representation Regularization. This auxiliary objective maps force feedback into the same space as the action, providing a stronger, physics-grounded learning signal than raw force prediction. Extensive experiments on contact-rich tasks demonstrate that ImplicitRDP significantly outperforms both vision-only and hierarchical baselines, achieving superior reactivity and success rates with a streamlined training pipeline. Code and videos are available at https://implicit-rdp.github.io.","high","A1","1","A1=high","A1=The paper develops or evaluates a temporal correspondence, synchronization, delay, or sequence-representation mechanism for ImplicitRDP: An End-to-End Visual-Force Diffusion Policy with Structural Slow-Fast Learning.","A1=Its mechanism is a plausible transfer to multimodal robot experience, action-observation alignment, or temporally aware policy training.","A1=true","expansion_round_2","","","arxiv:2512.10946","arxiv:2512.10946","739105691206588851","","","related-papers-round2 | related-papers-round3","","A1","false","false","false","false","A1/expansion-round2-registry.json | A1/expansion-round3-registry.json | A1/paper-registry-complete.json","A1/expansion-round2-triage.jsonl"
"1466","arxiv:2512.20188","11","HIGH","A1","Asynchronous Fast-Slow Vision-Language-Action Policies for Whole-Body Robotic Manipulation","arxiv:2512.20188","Most Vision-Language-Action (VLA) systems integrate a Vision-Language Model (VLM) for semantic reasoning with an action expert generating continuous action signals, yet both typically run at a single unified frequency. As a result, policy performance is constrained by the low inference speed of large VLMs. This mandatory synchronous execution severely limits control stability and real-time performance in whole-body robotic manipulation, which involves more joints, larger motion spaces, and dynamically changing views. We introduce a truly asynchronous Fast-Slow VLA framework (DuoCore-FS), organizing the system into a fast pathway for high-frequency action generation and a slow pathway for rich VLM reasoning. The system is characterized by two key features. First, a latent representation buffer bridges the slow and fast systems. It stores instruction semantics and action-reasoning representation aligned with the scene-instruction context, providing high-level guidance to the fast pathway. Second, a whole-body action tokenizer provides a compact, unified representation of whole-body actions. Importantly, the VLM and action expert are still jointly trained end-to-end, preserving unified policy learning while enabling asynchronous execution. DuoCore-FS supports a 3B-parameter VLM while achieving 30 Hz whole-body action-chunk generation, approximately three times as fast as prior VLA models with comparable model sizes. Real-world whole-body manipulation experiments demonstrate improved task success rates and significantly enhanced responsiveness compared to synchronous Fast-Slow VLA baselines. The implementation of DuoCore-FS, including training, inference, and deployment, is provided to commercial users by Astribot as part of the Astribot robotic platform.","high","A1","1","A1=high","A1=DuoCore-FS uses a persistent latent buffer between slow semantic reasoning and fast action generation plus a whole-body action tokenizer.","A1=Buffering and action representation decouple semantic and control rates while preserving asynchronous temporal context.","A1=true","primary_assignment","","","arxiv:2512.20188","arxiv:2512.20188","3652639752725182960","","q15-recent-vla","search-papers","recent","A1","false","false","false","false","A1/assigned-papers.json | A1/expansion-round2-registry.json | A1/inspection-manifest.json | A1/paper-registry-complete.json | A1/paper-registry.json | A1/raw/q15-recent-vla.json","A1/assigned-abstracts.jsonl | A1/triage.jsonl"
"1479","arxiv:2601.02427","11","MEDIUM","A5","NitroGen: An Open Foundation Model for Generalist Gaming Agents","arxiv:2601.02427","We introduce NitroGen, a vision-action foundation model for generalist gaming agents that is trained on 40,000 hours of gameplay videos across more than 1,000 games. We incorporate three key ingredients: 1) an internet-scale video-action dataset constructed by automatically extracting player actions from publicly available gameplay videos, 2) a multi-game benchmark environment that can measure cross-game generalization, and 3) a unified vision-action model trained with large-scale behavior cloning. NitroGen exhibits strong competence across diverse domains, including combat encounters in 3D action games, high-precision control in 2D platformers, and exploration in procedurally generated worlds. It transfers effectively to unseen games, achieving up to 52% relative improvement in task success rates over models trained from scratch. We release the dataset, evaluation suite, and model weights to advance research on generalist embodied agents.","medium","A5","1","A5=medium","A5=It transfers effectively to unseen games, achieving up to 52% relative improvement in task success rates over models trained from scratch.","A5=This weighting neighbor tests whether the expansion adds a reusable mechanism for controlling robot experience in policy training.","A5=true","expansion_round_3","","","arxiv:2601.02427","arxiv:2601.02427","6420836824372127309","","","","","A5","false","false","false","false","A5/expansion/raw/round3-citers.json","A5/expansion/round3-triage.jsonl"
"1492","arxiv:2601.06436","11","MEDIUM","A4","Certified Unlearning in Decentralized Federated Learning","arxiv:2601.06436","Driven by the right to be forgotten (RTBF), machine unlearning has become an essential requirement for privacy-preserving machine learning. However, its realization in decentralized federated learning (DFL) remains largely unexplored. In DFL, clients exchange local updates only with neighbors, causing model information to propagate and mix across the network. As a result, when a client requests data deletion, its influence is implicitly embedded throughout the system, making removal difficult without centralized coordination. We propose a novel certified unlearning framework for DFL based on Newton-style updates. Our approach first quantifies how a client's data influence propagates during training. Leveraging curvature information of the loss with respect to the target data, we then construct corrective updates using Newton-style approximations. To ensure scalability, we approximate second-order information via Fisher information matrices. The resulting updates are perturbed with calibrated noise and broadcast through the network to eliminate residual influence across clients. We theoretically prove that our approach satisfies the formal definition of certified unlearning, ensuring that the unlearned model is difficult to distinguish from a retrained model without the deleted data. We also establish utility bounds showing that the unlearned model remains close to retraining from scratch. Extensive experiments across diverse decentralized settings demonstrate the effectiveness and efficiency of our framework.","medium","A4","1","A4=medium","A4=Uses a valuation or attribution signal to estimate the contribution of training examples to model or policy outcomes.","A4=It extends the A4 mechanism space with adjacent data-centric evidence.","A4=false","expansion_round_1","","","arxiv:2601.06436 | paper:3022150584168267427","","","","","","","A4","false","false","false","false","A4/expansion/round2/registry.jsonl | A4/expansion/round5/registry.jsonl","A4/expansion/all-new-expansion-triage.jsonl"
"1505","arxiv:2601.11269","11","MEDIUM","A4","X-Distill: Cross-Architecture Vision Distillation for Visuomotor Learning","arxiv:2601.11269","Visuomotor policies often leverage large pre-trained Vision Transformers (ViTs) for their powerful generalization capabilities. However, their significant data requirements present a major challenge in the data-scarce context of most robotic learning settings, where compact CNNs with strong inductive biases can be more easily optimized. To address this trade-off, we introduce X-Distill, a simple yet highly effective method that synergizes the strengths of both architectures. Our approach involves an offline, cross-architecture knowledge distillation, transferring the rich visual representations of a large, frozen DINOv2 teacher to a compact ResNet-18 student on the general-purpose ImageNet dataset. This distilled encoder, now endowed with powerful visual priors, is then jointly fine-tuned with a diffusion policy head on the target manipulation tasks. Extensive experiments on 34 simulated benchmarks and 5 challenging real-world tasks demonstrate that our method consistently outperforms policies equipped with from-scratch ResNet or fine-tuned DINOv2 encoders. Notably, X-Distill also surpasses 3D encoders that utilize privileged point cloud observations or much larger Vision-Language Models. Our work highlights the efficacy of a simple, well-founded distillation strategy for achieving state-of-the-art performance in data-efficient robotic manipulation.","medium","A4","1","A4=medium","A4=Connects trajectory or demonstration choice to downstream policy learning, behavior, or offline-RL utility.","A4=It is directly or plausibly transferable to selecting robot experience for policy learning.","A4=true","expansion_round_1","","","arxiv:2601.11269 | paper:7578151915807072345","","","","","","","A4","false","false","false","false","A4/expansion/round3/registry.jsonl","A4/expansion/all-new-expansion-triage.jsonl"
"1518","arxiv:2601.14945","11","HIGH","A1 | A4","TIDAL: Temporally Interleaved Diffusion and Action Loop for High-Frequency VLA Control","arxiv:2601.14945","Large-scale Vision-Language-Action (VLA) models offer semantic generalization but suffer from high inference latency, limiting them to low-frequency batch-and-execute paradigm. This frequency mismatch creates an execution blind spot, causing failures in dynamic environments where targets move during the open-loop execution window. We propose TIDAL (Temporally Interleaved Diffusion and Action Loop), a hierarchical framework that decouples semantic reasoning from high-frequency actuation. TIDAL operates as a backbone-agnostic module for diffusion-based VLAs, using a dual-frequency architecture to redistribute the computational budget. Specifically, a low-frequency macro-intent loop caches semantic embeddings, while a high-frequency micro-control loop interleaves single-step flow integration with execution. This design enables approximately 9 Hz control updates on edge hardware (vs. approximately 2.4 Hz baselines) without increasing marginal overhead. To handle the resulting latency shift, we introduce a temporally misaligned training strategy where the policy learns predictive compensation using stale semantic intent alongside real-time proprioception. Additionally, we address the insensitivity of static vision encoders to velocity by incorporating a differential motion predictor. TIDAL is architectural, making it orthogonal to system-level optimizations. Experiments show a 2x performance gain over open-loop baselines in dynamic interception tasks. Despite a marginal regression in static success rates, our approach yields a 4x increase in feedback frequency and extends the effective horizon of semantic embeddings beyond the native action chunk size. Under non-paused inference protocols, TIDAL remains robust where standard baselines fail due to latency.","high","A1 | A4","2","A1=high | A4=medium","A1=The paper develops or evaluates a temporal correspondence, synchronization, delay, or sequence-representation mechanism for TIDAL: Temporally Interleaved Diffusion and Action Loop for High-Frequency VLA Control. | A4=Connects trajectory or demonstration choice to downstream policy learning, behavior, or offline-RL utility.","A1=Its mechanism is a plausible transfer to multimodal robot experience, action-observation alignment, or temporally aware policy training. | A4=It is directly or plausibly transferable to selecting robot experience for policy learning.","A1=true | A4=true","expansion_round_1","","","arxiv:2601.14945 | paper:1731783494045984579","arxiv:2601.14945","1731783494045984579","","","related-similar","","A1","false","false","false","true","A1/expansion-registry.json | A1/expansion-round2-registry.json | A1/paper-registry-complete.json | A4/expansion/round3/registry.jsonl","A1/expansion-triage.jsonl | A4/expansion/all-new-expansion-triage.jsonl"
"1531","arxiv:2601.19514","11","HIGH","A4 | A7","PALM: Enhanced Generalizability for Local Visuomotor Policies via Perception Alignment","arxiv:2601.19514","Generalizing beyond the training domain in image-based behavior cloning remains challenging. Existing methods address individual axes of generalization, workspace shifts, viewpoint changes, and cross-embodiment transfer, yet they are typically developed in isolation and often rely on complex pipelines. We introduce PALM (Perception Alignment for Local Manipulation), which leverages the invariance of local action distributions between out-of-distribution (OOD) and demonstrated domains to address these OOD shifts concurrently, without additional input modalities, model changes, or data collection. PALM modularizes the manipulation policy into coarse global components and a local policy for fine-grained actions. We reduce the discrepancy between in-domain and OOD inputs at the local policy level by enforcing local visual focus and consistent proprioceptive representation, allowing the policy to retrieve invariant local actions under OOD conditions. Experiments show that PALM limits OOD performance drops to 8% in simulation and 24% in the real world, compared to 45% and 77% for baselines.","high","A4 | A7","2","A4=medium | A7=high","A4=Connects trajectory or demonstration choice to downstream policy learning, behavior, or offline-RL utility. | A7=Generalizing beyond the training domain in image-based behavior cloning remains challenging.","A4=It is directly or plausibly transferable to selecting robot experience for policy learning. | A7=It helps diagnose or reduce behavior-distribution mismatch and spurious dependence under deployment shift.","A4=false | A7=true","expansion_round_1","","","arxiv:2601.19514 | paper:7372980553264841048","","","","","citers","","A4 | A7","false","false","false","true","A4/expansion/round4/registry.jsonl | A7/work/expansion-registry.json | A7/work/expansion-registry.jsonl","A4/expansion/all-new-expansion-triage.jsonl | A7/work/expansion-triage.jsonl"
"1544","arxiv:2601.22108","11","MEDIUM","A4","Learning What to Predict: Downstream-Guided Task Design for Continued Pretraining","arxiv:2601.22108","Continued pretraining is optimized with fixed self-supervised tasks but selected by downstream performance, creating a coarse feedback loop in which practitioners evaluate checkpoints, change data mixtures or objectives, and restart runs, while individual updates remain blind to target capabilities. We ask whether a small set of verifiable downstream examples can provide step-level feedback without directly supervising the learner. We introduce V-pretraining, which decouples a learner trained only with a self-supervised loss from a lightweight task designer that constructs targets or views for unlabeled batches. Given the current learner and batch, V-pretraining scores a candidate construction by predicting the first-order reduction in downstream loss after the induced self-supervised update. The designer maximizes this value; the learner then applies the update with targets or views detached, so downstream labels never update learner parameters. We instantiate V-pretraining as adaptive top-K soft targets for language modeling and learned views or masks for self-supervised vision. Across both modalities, V-pretraining improves target capabilities without degrading generalization. Under wall-clock-matched continued pretraining, it improves GSM8K Pass@1 for Qwen models using 1,024 GSM8K examples only as feedback, including a +7.4 point single-run gain for Qwen2.5-0.5B. In vision, it improves DINOv3 transfer to ADE20K semantic segmentation and NYUv2 depth estimation while preserving ImageNet linear accuracy, suggesting that feedback-guided task construction can improve target capabilities without collapsing general-purpose representations.","medium","A4","1","A4=medium","A4=Provides adjacent evidence about how data composition affects learning outcomes.","A4=It extends the A4 mechanism space with adjacent data-centric evidence.","A4=false","expansion_round_1","","","arxiv:2601.22108 | paper:8115737382430029347","","","","","","","A4","false","false","false","false","A4/expansion/round2/registry.jsonl | A4/expansion/round5/registry.jsonl","A4/expansion/all-new-expansion-triage.jsonl"
"1557","arxiv:2602.01312","11","HIGH","A3 | A4","Imperfect Influence, Preserved Rankings: A Theory of TRAK for Data Attribution","arxiv:2602.01312","Data attribution, tracing a model's prediction back to specific training data, is an important tool for interpreting sophisticated AI models. The widely used TRAK algorithm addresses this challenge by first approximating the underlying model with a kernel machine and then leveraging techniques developed for approximating the leave-one-out (ALO) risk. Despite its strong empirical performance, the theoretical conditions under which the TRAK approximations are accurate as well as the regimes in which they break down remain largely unexplored. In this paper, we provide a theoretical analysis of the TRAK algorithm, characterizing its performance and quantifying the errors introduced by the approximations on which the method relies. We show that although the approximations incur significant errors, TRAK's estimated influence remains highly correlated with the original influence and therefore largely preserves the relative ranking of data points. We corroborate our theoretical results through extensive simulations and empirical studies.","high","A3 | A4","2","A3=medium | A4=high","A3=A theory of imperfect influence analyzes how approximation errors affect TRAK data-attribution rankings. | A4=Uses data valuation or attribution to estimate example contribution to model or policy outcomes.","A3=It identifies reliability conditions for influence-based curation, though it is not robot-specific. | A4=It provides adjacent evidence for data-efficient training intelligence.","A3=true | A4=true","expansion_round_1 | expansion_round_3","Han Tong | Shubhangi Ghosh | Haolin Zou | Arian Maleki","2026","arxiv:2602.01312 | paper:6200423708658437766","","","cs.LG","","firecrawl research related-papers | related-paper-expansion","","A3","false","false","false","true","A3/paper-registry.json | A3/round3-registry.json | A4/expansion/expansion-registry.jsonl","A3/round3-triage.jsonl | A4/expansion/expansion-triage.jsonl"
"1570","arxiv:2602.05051","11","MEDIUM","A5","ReFORM: Reflected Flows for On-support Offline RL via Noise Manipulation","arxiv:2602.05051","Offline reinforcement learning (RL) aims to learn the optimal policy from a fixed dataset generated by behavior policies without additional environment interactions. One common challenge that arises in this setting is the out-of-distribution (OOD) error, which occurs when the policy leaves the training distribution. Prior methods penalize a statistical distance term to keep the policy close to the behavior policy, but this constrains policy improvement and may not completely prevent OOD actions. Another challenge is that the optimal policy distribution can be multimodal and difficult to represent. Recent works apply diffusion or flow policies to address this problem, but it is unclear how to avoid OOD errors while retaining policy expressiveness. We propose ReFORM, an offline RL method based on flow policies that enforces the less restrictive support constraint by construction. ReFORM learns a behavior cloning (BC) flow policy with a bounded source distribution to capture the support of the action distribution, then optimizes a reflected flow that generates bounded noise for the BC flow while keeping the support, to maximize the performance. Across 40 challenging tasks from the OGBench benchmark with datasets of varying quality and using a constant set of hyperparameters for all tasks, ReFORM dominates all baselines with hand-tuned hyperparameters on the performance profile curves.","medium","A5","1","A5=medium","A5=Across 40 challenging tasks from the OGBench benchmark with datasets of varying quality and using a constant set of hyperparameters for all tasks, ReFORM dominates all baselines with hand-tuned hyperparameters on the performance profile curves.","A5=This adaptive mixture neighbor tests whether the expansion adds a reusable mechanism for controlling robot experience in policy training.","A5=true","expansion_round_2","","","arxiv:2602.05051","arxiv:2602.05051","2732177146890890494","","","","","A5","false","false","false","false","A5/expansion/raw/round2-citers.json | A5/expansion/raw/round3-citers.json","A5/expansion/round2-triage.jsonl"
"1583","arxiv:2602.09722","11","HIGH","A7","Rethinking Visual-Language-Action Model Scaling: Alignment, Mixture, and Regularization","arxiv:2602.09722","While Vision-Language-Action (VLA) models show strong promise for generalist robot control, it remains unclear whether -- and under what conditions -- the standard ""scale data"" recipe translates to robotics, where training data is inherently heterogeneous across embodiments, sensors, and action spaces. We present a systematic, controlled study of VLA scaling that revisits core training choices for pretraining across diverse robots. Using a representative VLA framework that combines a vision-language backbone with flow-matching, we ablate key design decisions under matched conditions and evaluate in extensive simulation and real-robot experiments. To improve the reliability of real-world results, we introduce a Grouped Blind Ensemble protocol that blinds operators to model identity and separates policy execution from outcome judgment, reducing experimenter bias. Our analysis targets three dimensions of VLA scaling. (1) Physical alignment: we show that a unified end-effector (EEF)-relative action representation is critical for robust cross-embodiment transfer. (2) Embodiment mixture: we find that naively pooling heterogeneous robot datasets often induces negative transfer rather than gains, underscoring the fragility of indiscriminate data scaling. (3) Training regularization: we observe that intuitive strategies, such as sensory dropout and multi-stage fine-tuning, do not consistently improve performance at scale. Together, this study challenge some common assumptions about embodied scaling and provide practical guidance for training large-scale VLA policies from diverse robotic data. Project website: https://research.beingbeyond.com/rethinkvla","high","A7","1","A7=high","A7=Ablates physical action alignment and embodiment mixture, showing that end-effector-relative targets help while naive heterogeneous pooling can induce negative transfer.","A7=It is a direct warning that scale and diversity require alignment and mixture controls.","A7=true","primary_assignment","Ye Wang, Sipeng Zheng, Hao Luo, Wanpeng Zhang, Haoqi Yuan, Chaoyi Xu, Haiweng Xu, Yicheng Feng, Mingyang Yu, Zhiyu Kang, Zongqing Lu, Qin Jin","2026","arxiv:2602.09722","arxiv:2602.09722","4071098201158026181","cs.RO","q15-recent-vla","search-papers","recent","A7","false","true","true","false","A1/paper-registry-complete.json | A1/paper-registry.json | A1/raw/q15-recent-vla.json | A4/canonical-registry.jsonl | A4/raw/q30-vla-data.json | A4/raw/q35-recent-vla.json | A5/canonical-pool.jsonl | A5/paper-registry.json | A5/raw/q05-direct-mixture.json | A7/raw/q07-multitask.json | A7/raw/q10-mixture-balance.json | A7/raw/q31-recent-heterogeneous.json | A7/raw/q32-recent-scaling.json | A7/work/assigned-papers.json | A7/work/assigned-papers.jsonl | A7/work/paper-registry.json | A7/work/paper-registry.jsonl | A7/work/read-manifest.json | A7/work/verified-paper-registry.json | A7/work/verified-paper-registry.jsonl","A7/work/abstract-triage.jsonl | A7/work/assigned-abstracts.jsonl"
"1596","arxiv:2602.12532","11","MEDIUM","A6","CRAFT: Adapting VLA Models to Contact-rich Manipulation via Force-aware Curriculum Fine-tuning","arxiv:2602.12532","Vision-Language-Action (VLA) models have shown a strong capability in enabling robots to execute general instructions, yet they struggle with contact-rich manipulation tasks, where success requires precise alignment, stable contact maintenance, and effective handling of deformable objects. A fundamental challenge arises from the imbalance between high-entropy vision and language inputs and low-entropy but critical force signals, which often leads to over-reliance on perception and unstable control. To address this, we introduce CRAFT, a force-aware curriculum fine-tuning framework that integrates a variational information bottleneck module to regulate vision and language embeddings during early training. This curriculum strategy encourages the model to prioritize force signals initially, before progressively restoring access to the full multimodal information. To enable force-aware learning, we further design a homologous leader-follower teleoperation system that collects synchronized vision, language, and force data across diverse contact-rich tasks. Real-world experiments demonstrate that CRAFT consistently improves task success, generalizes to unseen objects and novel task variations, and adapts effectively across diverse VLA architectures, enabling robust and generalizable contact-rich manipulation.","medium","A6","1","A6=medium","A6=Provides a policy, data, or control mechanism with a plausible path to learning from robot experience.","A6=Offers a reusable mechanism for converting sequential experience into better policy or data decisions.","A6=false","expansion_round_1","","","arxiv:2602.12532","arxiv:2602.12532","8475939723073799486","","","related-papers","","A6","false","false","false","false","A6/expansion/canonical-pool.jsonl","A6/expansion/triage.jsonl"
"1609","arxiv:2602.15351","11","MEDIUM","A6","Feasibility-aware Imitation Learning from Observation with Multimodal Feedback","arxiv:2602.15351","Imitation learning frameworks that learn robot control policies from demonstrators' motions via hand-mounted demonstration interfaces have attracted increasing attention. However, due to differences in physical characteristics between demonstrators and robots, this approach faces two limitations: i) the demonstration data do not include robot actions, and ii) the demonstrated motions may be infeasible for robots. These limitations make policy learning difficult. To address them, we propose Feasibility-Aware Behavior Cloning from Observation (FABCO). FABCO integrates behavior cloning from observation, which complements robot actions using robot dynamics models, with feasibility estimation. In feasibility estimation, the demonstrated motions are evaluated using a robot-dynamics model, learned from the robot's execution data, to assess reproducibility under the robot's dynamics. The estimated feasibility is used for multimodal feedback and feasibility-aware policy learning to improve the demonstrator's motions and learn robust policies. Multimodal feedback provides feasibility through the demonstrator's visual and haptic senses to promote feasible demonstrated motions. Feasibility-aware policy learning reduces the influence of demonstrated motions that are infeasible for robots, enabling the learning of policies that robots can execute stably. We conducted experiments with 15 participants on two tasks and confirmed that FABCO improves imitation learning performance by more than 3.2 times compared to the case without feasibility feedback.","medium","A6","1","A6=medium","A6=Studies how non-ideal sequential experience or feedback can improve decision-making beyond success-only imitation.","A6=Offers an adjacent conceptual transfer for representing and using imperfect robot experience.","A6=true","primary_assignment","Kei Takahashi, Hikaru Sasaki, Takamitsu Matsubara","2026","arxiv:2602.15351","arxiv:2602.15351","7141780181191660960","cs.RO","q02-direct-imperfect-demo | q03-direct-partial-success | q18-failure-conditioned-bc | q25-found-failures","search-papers","recent","A6","true","true","false","false","A1/paper-registry-complete.json | A1/paper-registry.json | A1/raw/q14-recent-sync.json | A2/canonical-pool.json | A2/canonical-pool.jsonl | A2/raw/q36-bc-chunking.json | A5/canonical-pool.jsonl | A5/paper-registry.json | A6/raw-retrieval/q02-direct-imperfect-demo.json | A6/raw-retrieval/q03-direct-partial-success.json | A6/raw-retrieval/q18-failure-conditioned-bc.json | A6/raw-retrieval/q25-found-failures.json | A6/registry-assignment.jsonl | A6/work/assigned-registry-inspected.jsonl | A6/work/assigned-registry-preinspect.jsonl | A6/work/canonical-pool.jsonl | A6/work/evidence-index.jsonl | A8/raw/q27-recent.json | A8/work/canonical-pool.jsonl","A6/triage.jsonl"
"1622","arxiv:2602.19764","11","MEDIUM","A4","Towards Dexterous Embodied Manipulation via Deep Multi-Sensory Fusion and Sparse Expert Scaling","arxiv:2602.19764","Realizing dexterous embodied manipulation necessitates the deep integration of heterogeneous multimodal sensory inputs. However, current vision-centric paradigms often overlook the critical force and geometric feedback essential for complex tasks. This paper presents DeMUSE, a Deep Multimodal Unified Sparse Experts framework leveraging a Diffusion Transformer to integrate RGB, depth, and 6-axis force into a unified serialized stream. Adaptive Modality-specific Normalization (AdaMN) is employed to recalibrate modality-aware features, mitigating representation imbalance and harmonizing the heterogeneous distributions of multi-sensory signals. To facilitate efficient scaling, the architecture utilizes a Sparse Mixture-of-Experts (MoE) with shared experts, increasing model capacity for physical priors while maintaining the low inference latency required for real-time control. A Joint denoising objective synchronously synthesizes environmental evolution and action sequences to ensure physical consistency. Achieving success rates of 83.2% and 72.5% in simulation and real-world trials, DeMUSE demonstrates state-of-the-art performance, validating the necessity of deep multi-sensory integration for complex physical interactions.","medium","A4","1","A4=medium","A4=Provides adjacent evidence about how data composition affects learning outcomes.","A4=It extends the A4 mechanism space with adjacent data-centric evidence.","A4=true","expansion_round_1","","","arxiv:2602.19764 | paper:1509949006879284164","","","","","","","A4","false","false","false","false","A4/expansion/round3/registry.jsonl","A4/expansion/all-new-expansion-triage.jsonl"
"1635","arxiv:2602.24138","11","MEDIUM","A1","Multimodal Optimal Transport for Training-free Temporal Segmentation in Surgical Robotics","arxiv:2602.24138","Automated recognition of surgical phases and steps is a fundamental capability for intraoperative decision support, workflow automation, and skill assessment in robotic-assisted surgery. Existing approaches either depend on large-scale annotated surgical datasets or require expensive domain-specific pretraining on thousands of labeled videos, limiting their practical deployability across diverse robotic platforms and clinical environments. In this work, we propose TASOT (Text-Augmented Action Segmentation Optimal Transport), an annotation-free framework for surgical temporal segmentation that requires no task-specific annotations or surgical-domain pretraining. TASOT extends the Action Segmentation Optimal Transport (ASOT) formulation by incorporating temporally aligned textual descriptions generated directly from the input video, fusing visual and semantic cues within a unified unbalanced Gromov-Wasserstein optimal transport objective. Visual representations are extracted using DINOv3, while temporal captions produced by a vision-language model are encoded via CLIP and temporally aligned to individual frames, providing complementary semantic structure to the transport cost. We evaluate TASOT on three public surgical datasets and four benchmark settings spanning laparoscopic and robotic procedures, showing substantial improvements over the strongest zero-shot baselines: +18.9 F1 on Cholec80, +33.7 on AutoLaparo, +23.7 on StrasByPass70, and +4.5 on BernByPass70. These results suggest that fine-grained surgical workflow understanding in robotic settings can be achieved without manual training annotations or surgical-specific pretraining pipelines, offering a promising alternative for real-world robotic surgical systems.","medium","A1","1","A1=medium","A1=TASOT uses unbalanced Gromov-Wasserstein transport to align visual and text cues to frames and segment temporal phases without labels.","A1=The transport formulation may transfer to weakly labeled robot phase segmentation, but the surgical setting is adjacent.","A1=true","primary_assignment","","","arxiv:2602.24138","arxiv:2602.24138","8725880869766054927","","q12-segmentation","search-papers","","A1","false","false","false","false","A1/assigned-papers.json | A1/inspection-manifest.json | A1/paper-registry-complete.json | A1/paper-registry.json | A1/raw/q12-segmentation.json","A1/assigned-abstracts.jsonl | A1/triage.jsonl"
"1648","arxiv:2603.04356","11","MEDIUM","A4","RoboCasa365: A Large-Scale Simulation Framework for Training and Benchmarking Generalist Robots","arxiv:2603.04356","Recent advances in robot learning have accelerated progress toward generalist robots that can perform everyday tasks in human environments. Yet it remains difficult to gauge how close we are to this vision. The field lacks a reproducible, large-scale benchmark for systematic evaluation. To fill this gap, we present RoboCasa365, a comprehensive simulation benchmark for household mobile manipulation. Built on the RoboCasa platform, RoboCasa365 introduces 365 everyday tasks across 2,500 diverse kitchen environments, with over 600 hours of human demonstration data and over 1600 hours of synthetically generated demonstration data -- making it one of the most diverse and large-scale resources for studying generalist policies. RoboCasa365 is designed to support systematic evaluations for different problem settings, including multi-task learning, robot foundation model training, and lifelong learning. We conduct extensive experiments on this benchmark with state-of-the-art methods and analyze the impacts of task diversity, dataset scale, and environment variation on generalization. Our results provide new insights into what factors most strongly affect the performance of generalist robots and inform strategies for future progress in the field.","medium","A4","1","A4=medium","A4=Uses a valuation or attribution signal to estimate the contribution of training examples to model or policy outcomes.","A4=It is directly or plausibly transferable to selecting robot experience for policy learning.","A4=false","expansion_round_1","","2026","arxiv:2603.04356 | paper:276472825767117564","arxiv:2603.04356","276472825767117564","","","search-papers","foundational | recent","A4","false","false","false","false","A4/expansion/round4/registry.jsonl | A7/raw/q01-direct-terms.json | A7/raw/q02-synonyms.json | A7/raw/q04-composition.json | A7/raw/q25-foundational-multitask.json | A7/raw/q30-recent-generalist.json | A7/work/paper-registry.json | A7/work/paper-registry.jsonl | A7/work/verified-paper-registry.json | A7/work/verified-paper-registry.jsonl","A4/expansion/all-new-expansion-triage.jsonl"
"1661","arxiv:2603.08342","11","HIGH","A1","PhaForce: Phase-Scheduled Visual-Force Policy Learning with Slow Planning and Fast Correction for Contact-Rich Manipulation","arxiv:2603.08342","Contact-rich manipulation requires not only vision-dominant task semantics but also closed-loop reactions to force/torque (F/T) transients. Yet, generative visuomotor policies are typically constrained to low-frequency updates due to inference latency and action chunking, underutilizing F/T for control-rate feedback. Furthermore, existing force-aware methods often inject force continuously and indiscriminately, lacking an explicit mechanism to schedule when / how much / where to apply force across different task phases. We propose PhaForce, a phase-scheduled visual--force policy that coordinates low-rate chunk-level planning and high-rate residual correction via a unified contact/phase schedule. PhaForce comprises (i) a contact-aware phase predictor (CAP) that estimates contact probability and phase belief, (ii) a Slow diffusion planner that performs dual-gated visual--force fusion with orthogonal residual injection to preserve vision semantics while conditioning on force, and (iii) a Fast corrector that applies control-rate phase-routed residuals in interpretable corrective subspaces for within-chunk micro-adjustments. Across multiple real-robot contact-rich tasks, PhaForce achieves an average success rate of 86% (+40 pp over baselines), while also substantially improving contact quality by regulating interaction forces and exhibiting robust adaptability to OOD geometric shifts.","high","A1","1","A1=high","A1=The paper develops or evaluates a temporal correspondence, synchronization, delay, or sequence-representation mechanism for PhaForce: Phase-Scheduled Visual-Force Policy Learning with Slow Planning and Fast Correction for Contact-Rich Manipulation.","A1=Its mechanism is a plausible transfer to multimodal robot experience, action-observation alignment, or temporally aware policy training.","A1=true","expansion_round_2","","","arxiv:2603.08342","arxiv:2603.08342","324998815182571873","","","related-papers-round2 | related-papers-round3","","A1","false","false","false","false","A1/expansion-round2-registry.json | A1/expansion-round3-registry.json | A1/paper-registry-complete.json","A1/expansion-round2-triage.jsonl"
"1674","arxiv:2603.12480","11","HIGH","A1","One-Step Flow Policy: Self-Distillation for Fast Visuomotor Policies","arxiv:2603.12480","Generative flow and diffusion models provide the continuous, multimodal action distributions needed for high-precision robotic policies. However, their reliance on iterative sampling introduces severe inference latency, degrading control frequency and harming performance in time-sensitive manipulation. To address this problem, we propose the One-Step Flow Policy (OFP), a from-scratch self-distillation framework for high-fidelity, single-step action generation without a pre-trained teacher. OFP unifies a self-consistency loss to enforce coherent transport across time intervals, and a self-guided regularization to sharpen predictions toward high-density expert modes. In addition, a warm-start mechanism leverages temporal action correlations to minimize the generative transport distance. Evaluations across 56 diverse simulated manipulation tasks demonstrate that a one-step OFP achieves state-of-the-art results, outperforming 100-step diffusion and flow policies while accelerating action generation by over 100×. We further integrate OFP into the π0.5 model on RoboTwin 2.0, where one-step OFP surpasses the original 10-step policy. These results establish OFP as a practical, scalable solution for highly accurate and low-latency robot control.","high","A1","1","A1=high","A1=The paper develops or evaluates a temporal correspondence, synchronization, delay, or sequence-representation mechanism for One-Step Flow Policy: Self-Distillation for Fast Visuomotor Policies.","A1=Its mechanism is a plausible transfer to multimodal robot experience, action-observation alignment, or temporally aware policy training.","A1=true","expansion_round_2","","","arxiv:2603.12480","arxiv:2603.12480","7003750220115777667","","","related-papers-round2 | related-papers-round3","","A1","false","false","false","false","A1/expansion-round2-registry.json | A1/expansion-round3-registry.json | A1/paper-registry-complete.json","A1/expansion-round2-triage.jsonl"
"1687","arxiv:2603.15620","11","MEDIUM","A5","Towards Generalizable Robotic Manipulation in Dynamic Environments","arxiv:2603.15620","Vision-Language-Action (VLA) models excel in static manipulation but struggle in dynamic environments with moving targets. This performance gap primarily stems from a scarcity of dynamic manipulation datasets and the reliance of mainstream VLAs on single-frame observations, restricting their spatiotemporal reasoning capabilities. To address this, we introduce DOMINO, a large-scale dataset and benchmark for generalizable dynamic manipulation, featuring 35 tasks with hierarchical complexities, over 110K expert trajectories, and a multi-dimensional evaluation suite. Through comprehensive experiments, we systematically evaluate existing VLAs on dynamic tasks, explore effective training strategies for dynamic awareness, and validate the generalizability of dynamic data. Furthermore, we propose PUMA, a dynamics-aware VLA architecture. By integrating scene-centric historical optical flow and specialized world queries to implicitly forecast object-centric future states, PUMA couples history-aware perception with short-horizon prediction. Results demonstrate that PUMA achieves state-of-the-art performance, yielding a 6.3% absolute improvement in success rate over baselines. Moreover, we show that training on dynamic data fosters robust spatiotemporal representations that transfer to static tasks. All code and data are available at https://github.com/H-EmbodVis/DOMINO.","medium","A5","1","A5=medium","A5=To address this, we introduce DOMINO, a large-scale dataset and benchmark for generalizable dynamic manipulation, featuring 35 tasks with hierarchical complexities, over 110K expert trajectories, and a multi-dimensional evaluation suite.","A5=This adaptive mixture neighbor tests whether the expansion adds a reusable mechanism for controlling robot experience in policy training.","A5=true","expansion_round_3","","","arxiv:2603.15620","arxiv:2603.15620","3214390892023671680","","","","","A5","false","false","false","false","A5/expansion/raw/round3-citers.json","A5/expansion/round3-triage.jsonl"
"1700","arxiv:2603.24806","11","HIGH","A2","FODMP: Fast One-Step Diffusion of Movement Primitives Generation for Time-Dependent Robot Actions","arxiv:2603.24806","Diffusion models are increasingly used for robot learning, but current designs face a clear trade-off. Action-chunking diffusion policies like ManiCM are fast to run, yet they only predict short segments of motion. This makes them reactive, but unable to capture time-dependent motion primitives, such as following a spring-damper-like behavior with built-in dynamic profiles of acceleration and deceleration. Recently, Movement Primitive Diffusion (MPD) partially addresses this limitation by parameterizing full trajectories using Probabilistic Dynamic Movement Primitives (ProDMPs), thereby enabling the generation of temporally structured motions. Nevertheless, MPD integrates the motion decoder directly into a multi-step diffusion process, resulting in prohibitively high inference latency that limits its applicability in real-time control settings. We propose FODMP (Fast One-step Diffusion of Movement Primitives), a new framework that distills diffusion models into the ProDMPs trajectory parameter space and generates motion using a single-step decoder. FODMP retains the temporal structure of movement primitives while eliminating the inference bottleneck through single-step consistency distillation. This enables robots to execute time-dependent primitives at high inference speed, suitable for closed-loop vision-based control. On standard manipulation benchmarks (MetaWorld, ManiSkill), FODMP runs up to 10 times faster than MPD and 7 times faster than action-chunking diffusion policies, while matching or exceeding their success rates. Beyond speed, by generating fast acceleration-deceleration motion primitives, FODMP allows the robot to intercept and securely catch a fast-flying ball, whereas action-chunking diffusion policy and MPD respond too slowly for real-time interception.","high","A2","1","A2=high","A2=Detects or learns semantically meaningful trajectory segments and uses them as variable-horizon action chunks or keypose-to-keypose control targets.","A2=Boundary and horizon choices determine the training unit, feedback latency, credit assignment, and compounding-error exposure in long-horizon robot learning.","A2=true","primary_assignment","Xirui Shi, Arya Ebrahimi, Yi Hu, Jun Jin","2026","arxiv:2603.24806","arxiv:2603.24806","4886484691839909170","cs.AI | cs.RO","2024 2025 diffusion policy action chunking trajectory representation | 2024 robot learning action chunking temporal abstraction trajectory | dynamic movement primitives robot trajectories skill representation | probabilistic movement primitives robot trajectory representation | temporally abstract actions robot learning action chunks","search-papers","true","A2","false","false","false","false","A2/assigned-papers.json | A2/assigned-registry-inspected.json | A2/assigned-registry-inspected.jsonl | A2/canonical-pool.json | A2/canonical-pool.jsonl | A2/raw/q04-direct.json | A2/raw/q33-dmp.json | A2/raw/q34-promp.json | A2/raw/q38-2024-action-chunking.json | A2/raw/q41-2024-2025-diffusion.json","A2/assigned-abstracts.jsonl | A2/triage.jsonl"
"1713","arxiv:2604.10677","11","HIGH","A1","LIDEA: Human-to-Robot Imitation Learning via Implicit Feature Distillation and Explicit Geometry Alignment","arxiv:2604.10677","Scaling up robot learning is hindered by the scarcity of robotic demonstrations, whereas human videos offer a vast, untapped source of interaction data. However, bridging the embodiment gap between human hands and robot arms remains a critical challenge. Existing cross-embodiment transfer strategies typically rely on visual editing, but they often introduce visual artifacts due to intrinsic discrepancies in visual appearance and 3D geometry. To address these limitations, we introduce LIDEA (Implicit Feature Distillation and Explicit Geometric Alignment), an imitation learning framework in which policy learning benefits from human demonstrations. In the 2D visual domain, LIDEA employs a dual-stage transitive distillation pipeline that aligns human and robot representations in a shared latent space. In the 3D geometric domain, we propose an embodiment-agnostic alignment strategy that explicitly decouples embodiment from interaction geometry, ensuring consistent 3D-aware perception. Extensive experiments empirically validate LIDEA from two perspectives: data efficiency and OOD robustness. Results show that human data substitutes up to 80% of costly robot demonstrations, and the framework successfully transfers unseen patterns from human videos for out-of-distribution generalization.","high","A1","1","A1=high","A1=LIDEA aligns human and robot representations by latent distillation and explicitly decouples embodiment from interaction geometry.","A1=It addresses cross-embodiment correspondence when human video timing and robot morphology differ.","A1=true","primary_assignment","","2026","arxiv:2604.10677","arxiv:2604.10677","4160805589475198044","","q11-human-robot","search-papers","false","A1","false","false","false","false","A1/assigned-papers.json | A1/inspection-manifest.json | A1/paper-registry-complete.json | A1/paper-registry.json | A1/raw/q11-human-robot.json | A2/canonical-pool.json | A2/canonical-pool.jsonl | A2/raw/q12-compression.json | A8/raw/q01-direct.json | A8/raw/q05-synonyms.json | A8/work/canonical-pool.jsonl","A1/assigned-abstracts.jsonl | A1/triage.jsonl"
"1726","arxiv:2604.26637","11","HIGH","A2","ATLAS: An Annotation Tool for Long-horizon Robotic Action Segmentation","arxiv:2604.26637","Annotating long-horizon robotic demonstrations with precise temporal action boundaries is crucial for training and evaluating action segmentation and manipulation policy learning methods. Existing annotation tools, however, are often limited: they are designed primarily for vision-only data, do not natively support synchronized visualization of robot-specific time-series signals (e.g., gripper state or force/torque), or require substantial effort to adapt to different dataset formats. In this paper, we introduce ATLAS, an annotation tool tailored for long-horizon robotic action segmentation. ATLAS provides time-synchronized visualization of multi-modal robotic data, including multi-view video and proprioceptive signals, and supports annotation of action boundaries, action labels, and task outcomes. The tool natively handles widely used robotics dataset formats such as ROS bags and the Reinforcement Learning Dataset (RLDS) format, and provides direct support for specific datasets such as REASSEMBLE. ATLAS can be easily extended to new formats via a modular dataset abstraction layer. Its keyboard-centric interface minimizes annotation effort and improves efficiency. In experiments on a contact-rich assembly task, ATLAS reduced the average per-action annotation time by at least 6% compared to ELAN, while the inclusion of time-series data improved temporal alignment with expert annotations by more than 2.8% and decreased boundary error fivefold compared to vision-only annotation tools.","high","A2","1","A2=high","A2=Detects or learns semantically meaningful trajectory segments and uses them as variable-horizon action chunks or keypose-to-keypose control targets.","A2=Boundary and horizon choices determine the training unit, feedback latency, credit assignment, and compounding-error exposure in long-horizon robot learning.","A2=true","primary_assignment","Sergej Stanovcic, Daniel Sliwowski, Dongheui Lee","2026","arxiv:2604.26637","arxiv:2604.26637","5609083971534780311","cs.AI | cs.RO","2026 robot learning event boundaries temporal segmentation action chunk | robot learning trajectory segmentation event boundaries action sequences | robot manipulation demonstration segmentation subtask boundaries temporally extended actions","search-papers","false","A2","false","false","false","false","A1/paper-registry-complete.json | A1/paper-registry.json | A1/raw/q12-segmentation.json | A2/assigned-papers.json | A2/assigned-registry-inspected.json | A2/assigned-registry-inspected.jsonl | A2/canonical-pool.json | A2/canonical-pool.jsonl | A2/raw/q01-direct.json | A2/raw/q01-direct.txt | A2/raw/q02-direct.json | A2/raw/q45-2026-boundaries.json","A2/assigned-abstracts.jsonl | A2/triage.jsonl"
"1739","arxiv:2605.15492","11","HIGH","A5","FLASH: Efficient Visuomotor Policy via Sparse Sampling","arxiv:2605.15492","Generative models such as diffusion and flow matching have become dominant paradigms for visuomotor policy learning, yet their reliance on iterative denoising incurs high inference latency incompatible with real-time robotic control. We present Fast Legendre-polynomial Action policy via Sparse History-anchored flow (FLASH Policy), which replaces discrete action-chunk generation with continuous Legendre polynomial trajectory representation. Specifically, by fitting expert demonstrations under sparse temporal sampling, FLASH enables a single inference to cover a significantly extended action horizon. To further accelerate generation, FLASH initiates the flow matching process from history polynomial coefficients rather than uninformative Gaussian noise, shortening the transport distance and enabling accurate single-step inference. Moreover, analytic polynomial differentiation directly provides desired velocity feed-forward signals to the torque controller without numerical approximation. Extensive experiments on five simulated and two real-world manipulation tasks demonstrate that FLASH achieves state-of-the-art success rates (≥ 92% across all tasks), a per-episode inference time of 31.40 ms (up to 175× faster than diffusion policies and 18× faster than prior flow matching policies), up to 4× faster training convergence than ACT, and 5× to 7× reduction in controller tracking error compared to discrete-action baselines.","high","A5","1","A5=high","A5=We present Fast Legendre-polynomial Action policy via Sparse History-anchored flow (FLASH Policy), which replaces discrete action-chunk generation with continuous Legendre polynomial trajectory representation.","A5=It supplies an adjacent-domain sampling, weighting, or selection mechanism whose transfer to robot experience should be checked during inspection.","A5=true","primary_assignment","Jiaqi Bai, Jindou Jia, Yuxuan Hu, Gen Li, Xiangyu Chen, Tuo An, Kuangji Zuo, Jianfei Yang","2026","arxiv:2605.15492 | paper:844109940351817665","arxiv:2605.15492","paper:844109940351817665","cs.CV | cs.RO","12 | 7 | 72","search-papers","general | recent","A5","false","false","false","false","A2/canonical-pool.json | A2/canonical-pool.jsonl | A2/raw/q41-2024-2025-diffusion.json | A5/assigned-papers.json | A5/canonical-pool.jsonl | A5/evidence-ledger.jsonl | A5/inspection-manifest.json | A5/paper-registry.json | A5/read-manifest.json","A5/assigned-abstracts.jsonl"
"1752","arxiv:2605.30280","11","HIGH","A4 | A5 | A7","Qwen-VLA: Unifying Vision-Language-Action Modeling across Tasks, Environments, and Robot Embodiments","arxiv:2605.30280","Embodied intelligence is often studied through specialized models for individual tasks such as manipulation or navigation, resulting in fragmented capabilities and limited generalization across tasks, environments, and robot embodiments. In this work, we study whether heterogeneous embodied decision-making problems can be unified within a single vision-language-action model. We present Qwen-VLA, a unified embodied foundation model that extends Qwen's vision-language modeling stack from perception, understanding, and reasoning to continuous action and trajectory generation through a DiT-based action decoder. Qwen-VLA is trained with a large-scale joint pretraining recipe over diverse data sources, including robotics manipulation trajectories, human egocentric demonstrations, synthetic simulation data, vision-and-language navigation data, trajectory-centric supervision, and auxiliary vision-language data. To support multiple robot platforms, we introduce embodiment-aware prompt conditioning, where robot-specific textual descriptions specify the current embodiment and control convention. We further cast manipulation, navigation, and trajectory prediction into a unified action-and-trajectory prediction framework, enabling transferable visual grounding, spatial reasoning, and continuous action generation across robot morphologies, task families, and environments. Experiments on manipulation, navigation, and trajectory-centric benchmarks show consistent multi-task performance and out-of-distribution generalization under variations in scene layout, background, lighting, object configuration, and robot embodiment. Qwen-VLA-Instruct achieves 97.9% on LIBERO, 73.7% on Simpler-WidowX, 86.1%/87.2% on RoboTwin-Easy/Hard, 69.0% OSR on R2R, 59.6% SR on RxR, 76.9% average OOD success in real-world ALOHA experiments, and 26.6% zero-shot success on DOMINO dynamic manipulation.","high","A4 | A5 | A7","3","A4=high | A5=high | A7=high","A4=Ranks or weights trajectories/transitions according to return, coverage, value, or policy-improvement utility in offline learning. | A5=Embodied intelligence is often studied through specialized models for individual tasks such as manipulation or navigation, resulting in fragmented capabilities and limited generalization across tasks, environments, and robot embodiments. | A7=Jointly pretrains across manipulation, navigation, human, simulation, and auxiliary vision-language data with embodiment-aware prompts and a unified trajectory target.","A4=It offers a direct or transferable way to connect robot experience choices to learned policy behavior. | A5=It informs adaptive control of task and data-mixture proportions so policy training can respond to coverage, loss, or capability gaps. | A7=It is a broad test of task/environment/embodiment mixture design for OOD behavior.","A4=true | A5=true | A7=true","primary_assignment","Qiuyue Wang, Mingsheng Li, Jian Guan, Jinhui Ye, Sicheng Xie, Yitao Liu, Junhao Chen, Zhixuan Liang, Jie Zhang, Xintong Hu, Xuhong Huang, Pei Lin, Junyang Lin, Dayiheng Liu, Shuai Bai, Jingren Zhou, Jiazhao Zhang, Haoqi Yuan, Gengze Zhou, Hang Yin, Ye Wang, Yiyang Huang, Zixing Lei, Wujian Peng, Delin Chen, Yingming Zheng, Jingyang Fan, Xianwei Zhuang, Xin Zhou, Haoyang Li, Anzhe Chen, Tong Zhang, Xuejing Liu, Yuchong Sun, Ruizhe Chen, Zhaohai Li, Chenxu Lü, Zhibo Yang, Tao Yu, Xionghui Chen","2026","arxiv:2605.30280 | paper:7535180367548998003","arxiv:2605.30280","7535180367548998003","cs.AI | cs.CL | cs.RO","60 | q15-recent-vla | q35-recent-vla","search-papers | semantic-search","general | recent","A4 | A5 | A7","false","true","true","false","A1/paper-registry-complete.json | A1/paper-registry.json | A1/raw/q15-recent-vla.json | A4/assigned-papers.json | A4/assigned-registry-inspected.jsonl | A4/assigned-registry-preinspect.jsonl | A4/canonical-registry.jsonl | A4/raw/q35-recent-vla.json | A5/assigned-papers.json | A5/canonical-pool.jsonl | A5/evidence-ledger.jsonl | A5/inspection-manifest.json | A5/paper-registry.json | A5/read-manifest.json | A7/raw/q07-multitask.json | A7/raw/q12-vla-composition.json | A7/raw/q31-recent-heterogeneous.json | A7/raw/q37-trajectory-composition.json | A7/work/assigned-papers.json | A7/work/assigned-papers.jsonl | A7/work/paper-registry.json | A7/work/paper-registry.jsonl | A7/work/read-manifest.json | A7/work/verified-paper-registry.json | A7/work/verified-paper-registry.jsonl | A8/raw/q26-recent.json | A8/work/canonical-pool.jsonl","A4/abstract-triage.jsonl | A5/assigned-abstracts.jsonl | A7/work/abstract-triage.jsonl | A7/work/assigned-abstracts.jsonl"
"1765","arxiv:2606.10918","11","HIGH","A4","Task Robustness via Re-Labelling Vision-Action Robot Data","arxiv:2606.10918","The recent trend in scaling models for robot learning has resulted in impressive policies that can perform various manipulation tasks and generalize to novel scenarios. However, these policies continue to struggle with following instructions, likely due to the limited linguistic and action sequence diversity in existing robotics datasets. This paper introduces Task Robustness via Re-Labelling Vision-Action Robot Data (TREAD), a scalable framework that leverages large Vision-Language Models (VLMs) to augment existing robotics datasets without additional data collection, harnessing the transferable knowledge embedded in these models. Our approach leverages a pretrained VLM through three stages: generating semantic sub-tasks from original instruction labels and initial scenes, segmenting demonstration videos conditioned on these sub-tasks, and producing diverse instructions that incorporate object properties, effectively decomposing longer demonstrations into grounded language-action pairs. We further enhance robustness by augmenting the data with linguistically diverse versions of the text goals. Evaluations on LIBERO demonstrate that policies trained on our augmented datasets exhibit improved performance on novel, unseen tasks and goals. Our results show that TREAD enhances both planning generalization through trajectory decomposition and language-conditioned policy generalization through increased linguistic diversity.","high","A4","1","A4=high","A4=Ranks or weights trajectories/transitions according to return, coverage, value, or policy-improvement utility in offline learning.","A4=It offers a direct or transferable way to connect robot experience choices to learned policy behavior.","A4=true","primary_assignment","","2026","arxiv:2606.10918 | paper:8416015346224992244","arxiv:2606.10918","8416015346224992244","","q30-vla-data | q35-recent-vla","semantic-search","false","A4","false","false","false","false","A2/canonical-pool.json | A2/canonical-pool.jsonl | A2/raw/q02-direct.json | A4/assigned-papers.json | A4/assigned-registry-inspected.jsonl | A4/assigned-registry-preinspect.jsonl | A4/canonical-registry.jsonl | A4/raw/q30-vla-data.json | A4/raw/q35-recent-vla.json | A7/raw/q01-direct-terms.json | A7/raw/q05-synonyms.json | A7/raw/q09-mechanism-generalization.json | A7/raw/q12-vla-composition.json | A7/raw/q18-benchmark-failures.json | A7/raw/q32-recent-scaling.json | A7/work/paper-registry.json | A7/work/paper-registry.jsonl | A7/work/verified-paper-registry.json | A7/work/verified-paper-registry.jsonl","A4/abstract-triage.jsonl"
"1778","arxiv:2606.18531","11","HIGH","A4","When Does Trajectory-Level Supervision Permit Efficient Offline Reinforcement Learning?","arxiv:2606.18531","Offline reinforcement learning is typically analyzed under process-level reward supervision, yet many sequential decision datasets record only trajectory-level outcomes. We develop a statistical theory for offline policy optimization from such outcome-level supervision. We first study the canonical setting where the target remains the expected cumulative reward, but each offline trajectory provides only a scalar label whose conditional mean is the cumulative return. We propose OPAC, a pessimistic actor-critic algorithm that learns a latent reward model and optimizes a policy from trajectory-level labels. We prove a high-probability guarantee of order O(H²√Csa(π⋆)/n) and a matching lower bound, characterizing the sharp statistical cost of replacing process-level rewards with one trajectory-level label. We then extend the principle to preference-based feedback, preserving the leading horizon and concentrability dependence up to preference-model constants. Finally, we study generalized outcome-based offline RL, where both the supervision and the objective are trajectory-level quantities induced by a nonlinear aggregation of latent per-step rewards. This problem is not learnable in general: for all-success objectives, any offline learner may require Ω(2H) trajectories even with deterministic transitions and constant concentrability. We then identify a tractable regime through two structural coefficients, κμ(σ) and χμ(σ), capturing information loss in outcome aggregation and generalized Bellman updates, under which generalized OPAC achieves polynomial sample complexity. Together, our results delineate when outcome-level supervision enables sample-efficient offline control and when missing process-level rewards create fundamental statistical barriers.","high","A4","1","A4=high","A4=Ranks or weights trajectories/transitions according to return, coverage, value, or policy-improvement utility in offline learning.","A4=It offers a direct or transferable way to connect robot experience choices to learned policy behavior.","A4=true","primary_assignment","","2026","arxiv:2606.18531 | paper:8582122149189340677","arxiv:2606.18531","8582122149189340677","","q04-trajectory-influence | q36-recent-offline","semantic-search","false","A4","false","false","false","false","A2/canonical-pool.json | A2/canonical-pool.jsonl | A2/raw/q19-success-subsequences.json | A2/raw/q28-offline-rl.json | A4/assigned-papers.json | A4/assigned-registry-inspected.jsonl | A4/assigned-registry-preinspect.jsonl | A4/canonical-registry.jsonl | A4/raw/q04-trajectory-influence.json | A4/raw/q36-recent-offline.json","A4/abstract-triage.jsonl"
"1791","arxiv:2606.27813","11","MEDIUM","A3","Booster Lab: A Data-Centric Pipeline for Learning Deployable Humanoid Locomotion Policies","arxiv:2606.27813","Humanoid robot motion learning requires not only task-oriented control policies but also physically feasible and natural behaviors that can be transferred to real robots. However, robot-feasible motion data are often scarce: raw human demonstrations may be incompatible with the robot morphology, open-source clips vary in quality, and simulation-collected robot trajectories still require feasibility checking. To address these challenges, we propose a data-centric training and deployment pipeline that integrates motion data curation, real-to-sim model adaptation, AMP-based reinforcement learning","medium","A3","1","A3=medium","A3=A data-centric pipeline combines motion-data curation, feasibility checks, model adaptation, and policy training for deployable locomotion.","A3=Its end-to-end curation-to-deployment boundary is transferable, although the abstract does not isolate a single noisy-demonstration detector.","A3=false","primary_assignment","Penghui Chen | Tinglong Zheng | Yufeng Zhang | Mingguo Zhao","2026","arxiv:2606.27813","arxiv:2606.27813","736039444008658656","cs.RO","q24-recent-quality","firecrawl research search-papers","","A3","false","false","false","false","A3/assigned-papers.json | A3/evidence-index.json | A3/paper-registry.json | A3/raw/q24-recent-quality.txt | A4/canonical-registry.jsonl | A4/raw/q33-recent-robot.json","A3/abstract-triage.jsonl"
"1804","arxiv:2607.06442","11","HIGH","A3 | A4 | A8","SIEVE: Structure-Aware Data Selection for Imitation Learning with VLA Models","arxiv:2607.06442","Vision-Language-Action (VLA) models are typically trained by imitation learning on large-scale robot demonstration datasets, but more data does not necessarily yield better policies due to redundancy, noise, and uneven coverage. Existing data selection methods often assess demonstrations at either the trajectory or state-action level, missing the reusable structures that compose long-horizon behaviors. In this paper, we propose SIEVE, a structure-aware data selection method for VLA imitation learning. SIEVE views demonstrations as compositions of reusable primitives and transition interfaces. It first discovers visuo-motor primitives from segmented trajectories, then allocates selection budgets to composition patterns by maximizing reuse-aware structural exposure under diminishing returns. Finally, it selects medoid trajectories within each composition-pattern bucket to retain central, stable, and imitation-friendly demonstrations. Experiments across multiple datasets, benchmarks, and VLA models show that SIEVE consistently outperforms competitive data selection baselines. Notably, SIEVE can surpass full-data training while using only 50% of demonstrations and 50% of training steps, suggesting that reusable structure, captured through primitives and transitions, is an important signal for efficient VLA imitation learning.","high","A3 | A4 | A8","3","A3=high | A4=high | A8=high","A3=Structure-aware selection scores reusable primitives and transition interfaces instead of only whole trajectories or individual actions. | A4=Removes redundant or near-duplicate examples to improve information density and reduce wasted training capacity. | A8=It discovers reusable visuomotor primitives and transition interfaces, allocates budgets to composition patterns under diminishing returns, and selects medoid trajectories.","A3=It targets the structural redundancy and localized defects that make long-horizon VLA data deceptively difficult to curate. | A4=It offers a direct or transferable way to connect robot experience choices to learned policy behavior. | A8=It treats long-horizon structure and reusable interfaces as the representation on which VLA data selection should operate.","A3=true | A4=true | A8=true","primary_assignment","Changti Wu | Bin Yu | Zhaolong Shen | Shijie Lian | Xiaopeng Lin | Cong Huang | Zhirui Zhang | Lei Zhang | Kai Chen","2026","arxiv:2607.06442 | paper:3666812526118671510","arxiv:2607.06442","3666812526118671510","cs.RO","A8 | q05-synonyms | q07-synonyms | q08-information-gain | q23-recent-noisy-il | q27-recent | q31-trajectory-rank | q33-recent-robot | q37-recent-dedup | q38-recent-coreset","firecrawl research search-papers | search-papers | semantic-search","false | recent","A3 | A4","false","false","false","false","A2/canonical-pool.json | A2/canonical-pool.jsonl | A2/raw/q03-direct.json | A2/raw/q12-compression.json | A2/raw/q21-bad-segments.json | A2/raw/q42-2024-2025-subsequence.json | A3/assigned-papers.json | A3/evidence-index.json | A3/paper-registry.json | A3/raw/q23-recent-noisy-il.txt | A4/assigned-papers.json | A4/assigned-registry-inspected.jsonl | A4/assigned-registry-preinspect.jsonl | A4/canonical-registry.jsonl | A4/raw/q08-information-gain.json | A4/raw/q31-trajectory-rank.json | A4/raw/q33-recent-robot.json | A4/raw/q37-recent-dedup.json | A4/raw/q38-recent-coreset.json | A5/canonical-pool.jsonl | A5/paper-registry.json | A6/raw-retrieval/q09-mech-segmentation.json | A6/work/canonical-pool.jsonl | A7/raw/q12-vla-composition.json | A7/work/paper-registry.json | A7/work/paper-registry.jsonl | A7/work/verified-paper-registry.json | A7/work/verified-paper-registry.jsonl | A8/raw/q05-synonyms.json | A8/raw/q07-synonyms.json | A8/raw/q27-recent.json | A8/work/assigned-papers.json | A8/work/canonical-pool.jsonl","A3/abstract-triage.jsonl | A4/abstract-triage.jsonl | A8/work/abstract-triage.jsonl | A8/work/assigned-abstracts.jsonl"
"1817","arxiv:2607.16858","11","MEDIUM","A8","Principled Direction-Free Intrinsic Motivation through Model-Free Epistemic Free-Energy Estimators","arxiv:2607.16858","Across environments with mixed sources of uncertainty, unsupervised reinforcement learning requires intrinsic motivation that does not precommit to a particular direction of surprise. Surprise minimization is scoped by design to ``unstable'' environments. Prediction-error curiosity rewards total expected surprise, including irreducible noise. Bandit or mixture switching between surprise-minimizing and surprise-maximizing rewards reintroduces non-stationarity by construction. We propose a single intrinsic reward, stationary within each window, derived from the novelty contribution of a preference-free Expected Free Energy objective, expressed in reward-maximization form. Our claim is that parameter information gain, the expected surprise of the next state minus its irreducible part, is the appropriate intrinsic signal in both high-entropy and low-entropy components of the state space. Maximizing it seeks exactly the surprise the model can explain away. In regions of unresolved dynamics, this epistemic term drives exploration. As dynamics become resolved, the epistemic term vanishes, while an aleatoric penalty favors lower-variance transitions, all without fitting an explicit next-state predictor. A pseudocount supplies epistemic value, a probe-based penalty captures aleatoric variance, and a short-horizon gate protects informative successors. A window-based freeze of all reward-defining objects yields a stationary Bellman operator, explicit bounds on learning targets, and a conditional uniform-concentration result for the nonparametric estimators under mixing, smoothness, bandwidth, and capacity assumptions. In active-inference terms, the agent is preference-free where novelty is retained, standard likelihood ambiguity vanishes under full observability, a nonstandard transition-entropy penalty is added, and surprise minimization emerges in resolved regions of the state space.","medium","A8","1","A8=medium","A8=A stationary intrinsic reward estimates explainable parameter information gain while separating epistemic novelty from irreducible transition noise.","A8=It provides a theoretical template for exploration signals that avoid wasting fleet collection on unpredictable but unlearnable outcomes.","A8=true","primary_assignment","","","arxiv:2607.16858","arxiv:2607.16858","5531970785267388122","","A8 | q22-foundational","search-papers","foundational","A8","false","false","false","false","A8/raw/q22-foundational.json | A8/work/assigned-papers.json | A8/work/canonical-pool.jsonl","A8/work/abstract-triage.jsonl | A8/work/assigned-abstracts.jsonl"
"1830","arxiv:2608.00569","11","HIGH","A1","Latency-Tolerant Cloud-Edge Collaborative Vision-Language-Action Models via Emergent Representational Specialization","arxiv:2608.00569","Deploying billion-parameter Vision-Language-Action (VLA) policies on mobile robots creates a systems conflict: semantic reasoning benefits from cloud GPUs, whereas closed-loop control must respond locally despite network delay and jitter. Existing hierarchical and asynchronous policies improve throughput, but their slow-path representations can still arrive stale or require explicit scheduling and delay cues. We introduce CloudEdgeVLA, a cloud-edge policy that treats temporal misalignment as a representation-learning problem. A cloud VLA encodes delayed observations into slowly varying task features, while a lightweight edge head combines the latest available cloud feature with current local vision. During training, current and randomly delayed frames are paired with the same current action target in fresh and stale paths. This objective encourages the cloud representation to preserve task-level information while the edge path supplies state-sensitive corrections. Across four LIBERO suites, CloudEdgeVLA retains 63.8--78.0% success with a 40-step uniform-delay window, whereas VLASH reaches at most 6.4% and the evaluated single-path baselines at most 3.0%. By removing blocking synchronization from the control loop, the design offers a practical route to scalable VLA deployment in which cloud models can grow while edge computation remains lightweight and responsive.","high","A1","1","A1=high","A1=CloudEdgeVLA trains slow cloud features on fresh and delayed frames while a local edge head supplies current-state corrections.","A1=It shows how representation learning can make stale asynchronous features useful instead of discarding them.","A1=true","primary_assignment","","","arxiv:2608.00569","arxiv:2608.00569","3673153966762211701","","q01-direct | q05-failure | q17-recent-failure","search-papers","recent","A1","false","false","false","false","A1/assigned-papers.json | A1/inspection-manifest.json | A1/paper-registry-complete.json | A1/paper-registry.json | A1/raw/q01-direct.json | A1/raw/q05-failure.json | A1/raw/q17-recent-failure.json","A1/assigned-abstracts.jsonl | A1/triage.jsonl"
"1843","arxiv:2608.15680","11","HIGH","A8","Robo-Dopamine 2.0: History-Conditioned and OOD-Aware Process Reward Modeling for Robotic Manipulation","arxiv:2608.15680","Vision-language-action (VLA) models improve robotic manipulation but remain vulnerable to compounding errors, scene changes, and off-trajectory states. Reinforcement learning can refine pretrained VLA policies, yet sparse success signals hinder exploration, while engineered dense rewards are costly and task-specific. Existing learned visual reward models often rely on static before-after observations, causing temporal ambiguity and weak discrimination between robustness-preserving variations and task-invalid failures under out-of-distribution (OOD) execution. We introduce Robo-Dopamine 2.0, a history- and OOD-aware process reward model with a pairwise prediction interface. It combines (1) history-conditioned pairwise rewards that use source-aligned reference panels for synthetic OOD queries and observed rollout history for online queries, while preserving the queried endpoints, and (2) an OOD-aware signed progress space that represents valid progress, robustness, failure, and recovery. A Signed-Hop Curriculum with transition-aware replay learns coarse execution ordering before fine-grained progress calibration. We also construct an OOD trajectory dataset and a five-family benchmark. Reference panels improve mean visual order consistency (VOC) from 0.967 to 0.986 and OOD-robust VOC from 0.906 to 0.958. With the same 400K pairwise-reward budget, Signed-Hop training with 25% replay reaches 0.9872 mean VOC, compared with 0.9858 for a matched-pool shuffled control. In downstream reinforcement learning, the full model achieves 86.8% mean RoboTwin success and 71/80 successful real-world insertions.","high","A8","1","A8=high","A8=A history-conditioned, OOD-aware pairwise progress representation separates valid progress, robustness, failure, and recovery and trains with transition-aware replay.","A8=It provides a temporal representation for scoring and selecting informative rollout segments, including recovery behavior.","A8=true","primary_assignment","","","arxiv:2608.15680","arxiv:2608.15680","770949182055598627","","A8 | q16-outcome","search-papers","general | recent","A8","false","false","false","false","A5/canonical-pool.jsonl | A5/paper-registry.json | A6/raw-retrieval/q16-failure-replay.json | A6/work/canonical-pool.jsonl | A8/raw/q16-outcome.json | A8/work/assigned-papers.json | A8/work/canonical-pool.jsonl","A8/work/abstract-triage.jsonl | A8/work/assigned-abstracts.jsonl"
"1856","doi:10.1016/j.artmed.2008.11.007","11","MEDIUM","A1","Matching incomplete time series with dynamic time warping: an algorithm and an application to post-stroke rehabilitation.","doi:10.1016/j.artmed.2008.11.007","OBJECTIVE: The purpose of this study was to assess the performance of a real-time (""open-end"") version of the dynamic time warping (DTW) algorithm for the recognition of motor exercises. Given a possibly incomplete input stream of data and a reference time series, the open-end…","medium","A1","1","A1=medium","A1=The paper develops or evaluates a temporal correspondence, synchronization, delay, or sequence-representation mechanism for Matching incomplete time series with dynamic time warping: an algorithm and an application to post-stroke rehabilitation.","A1=Its adjacent-domain method may provide a transferable alignment idea, but the robot transfer path requires verification.","A1=true","expansion_round_1","","","doi:10.1016/j.artmed.2008.11.007 | pmid:19111449","pmid:19111449","5478454995481156969","","","related-references","","A1","false","false","false","false","A1/expansion-registry.json | A1/paper-registry-complete.json","A1/expansion-triage.jsonl"
"1869","doi:10.1109/lra.2026.3703998","11","HIGH","A5","SkillPlug: Unsupervised Skill Mining for Few-Shot Adaptation in Robotic Manipulation","doi:10.1109/lra.2026.3703998","Learning transferable visuomotor imitation policies that generalize across diverse manipulation tasks and adapt rapidly to new tasks from only a handful of demonstrations remains challenging. Most modern policies are trained end-to-end to map observations directly to low-level actions, offering little explicit structure for reusing and recombining behaviors across tasks and making transfer data-inefficient under limited supervision. We propose SkillPlug, a plug-in framework that augments an existing visuomotor policy with a skill-conditioning module and mines a shared, transferable skill library from raw multi-task demonstrations. SkillPlug learns skills via self-supervised objectives that promote compact, reusable, and non-redundant behavior-level primitives, forming a task-shared prior for compositional control. After skill mining, we keep the learned skills fixed and specialize to unseen tasks by fine-tuning only lightweight router and action head, enabling efficient adaptation without full end-to-end retraining. We evaluate SkillPlug on two simulation benchmarks and on a real robot, and observe that the mined transferable skills consistently improve both multi-task performance and few-shot adaptation. Overall, SkillPlug offers a scalable way to mine reusable skills that improve data-efficient generalization in robotic manipulation.","high","A5","1","A5=high","A5=After skill mining, we keep the learned skills fixed and specialize to unseen tasks by fine-tuning only lightweight router and action head, enabling efficient adaptation without full end-to-end retraining.","A5=It informs how contribution weights can align training with quality, advantage, density, or task importance in the robot experience-to-policy loop.","A5=true","primary_assignment","Zi-han Ding, Ziwei Wang","2026","arxiv:2607.08354 | doi:10.1109/lra.2026.3703998 | paper:8251139329963776066","","paper:8251139329963776066","cs.RO","72","search-papers","recent","A5","false","false","false","false","A5/assigned-papers.json | A5/canonical-pool.jsonl | A5/evidence-ledger.jsonl | A5/inspection-manifest.json | A5/paper-registry.json","A5/assigned-abstracts.jsonl"
"1882","doi:10.1109/tsmcb.2012.2185694","11","HIGH","A1","Trajectory Learning for Robot Programming by Demonstration Using Hidden Markov Model and Dynamic Time Warping.","doi:10.1109/tsmcb.2012.2185694","The resulting sequences of trajectory key points are temporally aligned using the multidimensional dynamic time warping algorithm, and a generalized trajectory is obtained by smoothing spline interpolation of the clustered key points.","high","A1","1","A1=high","A1=The method aligns multidimensional trajectory keypoints with DTW and smooths clustered keypoints into a generalized trajectory.","A1=It is a direct early pipeline from aligned demonstrations to a reusable robot skill representation; evidence is abstract-only because the index did not resolve the DOI.","A1=true","primary_assignment","","","doi:10.1109/TSMCB.2012.2185694 | pmid:22411023","pmid:22411023","5345213647276319346","","q03-dtw | q09-foundational-robot | q13-resampling","search-papers","foundational","A1","false","false","false","false","A1/assigned-papers.json | A1/inspection-manifest.json | A1/paper-registry-complete.json | A1/paper-registry.json | A5/canonical-pool.jsonl | A5/paper-registry.json | A6/work/canonical-pool.jsonl","A1/assigned-abstracts.jsonl | A1/triage.jsonl"
"1895","doi:10.3390/s22051968","11","HIGH","A1","Motion Similarity Evaluation between Human and a Tri-Co Robot during Real-Time Imitation with a Trajectory Dynamic Time Warping Model.","doi:10.3390/s22051968","Thirdly, a DTW (Dynamic Time Warping)-based trajectory evaluation method is proposed to quantitatively evaluate the difference between robot trajectory and human motion, and meanwhile, visualization terminals render it more convenient to make comparisons between two different…","high","A1","1","A1=high","A1=A trajectory-DTW model quantitatively evaluates human-robot motion similarity despite unequal execution timing.","A1=Alignment-aware similarity can become a quality signal for selecting, diagnosing, or weighting demonstrations; evidence is abstract-only.","A1=true","primary_assignment","","","doi:10.3390/s22051968 | pmcid:PMC8914699 | pmid:35271114","pmcid:PMC8914699","2036737552530304403","","q03-dtw | q09-foundational-robot | q11-human-robot","search-papers","foundational","A1","false","false","false","false","A1/assigned-papers.json | A1/inspection-manifest.json | A1/paper-registry-complete.json | A1/paper-registry.json","A1/assigned-abstracts.jsonl | A1/triage.jsonl"
