pass2_index,paper_id,assigned_agent,first_pass_classification,source_lane,paper_name,id,abstract,triage_label,lanes,lane_count,triage_labels_by_lane,mechanisms_by_lane,why_it_matters_by_lane,follow_up_by_lane,corpus_stages,authors,year,source_ids,primary_id,source_paper_id,categories,queries,discovery_methods,designations,primary_readers,metadata_verified_any,body_inspected_any,evidence_read_any,triage_disagreement,source_registry_paths,source_triage_paths
11,arxiv:1202.5933,12,MEDIUM,A4,Prototype selection for interpretable classification,arxiv:1202.5933,"Prototype methods seek a minimal subset of samples that can serve as a distillation or condensed view of a data set. As the size of modern data sets grows, being able to present a domain specialist with a short list of ""representative"" samples chosen from the data set is of increasing interpretative value. While much recent statistical research has been focused on producing sparse-in-the-variables methods, this paper aims at achieving sparsity in the samples. We discuss a method for selecting prototypes in the classification setting (in which the samples fall into known discrete categories). Our method of focus is derived from three basic properties that we believe a good prototype set should satisfy. This intuition is translated into a set cover optimization problem, which we solve approximately using standard approaches. While prototype selection is usually viewed as purely a means toward building an efficient classifier, in this paper we emphasize the inherent value of having a set of prototypical elements. That said, by using the nearest-neighbor rule on the set of prototypes, we can of course discuss our method as a classifier as well.",medium,A4,1,A4=medium,A4=Provides adjacent evidence about how data composition affects learning outcomes.,A4=It extends the A4 mechanism space with adjacent data-centric evidence.,A4=false,expansion_round_1,,,arxiv:1202.5933 | paper:4567492476697886378,,,,,,,A4,false,false,false,false,A4/expansion/round2/registry.jsonl | A4/expansion/round5/registry.jsonl,A4/expansion/all-new-expansion-triage.jsonl
24,arxiv:1310.1531,12,MEDIUM,A4,DeCAF: A Deep Convolutional Activation Feature for Generic Visual Recognition,arxiv:1310.1531,"We evaluate whether features extracted from the activation of a deep convolutional network trained in a fully supervised fashion on a large, fixed set of object recognition tasks can be re-purposed to novel generic tasks. Our generic tasks may differ significantly from the originally trained tasks and there may be insufficient labeled or unlabeled data to conventionally train or adapt a deep architecture to the new tasks. We investigate and visualize the semantic clustering of deep convolutional features with respect to a variety of such tasks, including scene recognition, domain adaptation, and fine-grained recognition challenges. We compare the efficacy of relying on various network levels to define a fixed feature, and report novel results that significantly outperform the state-of-the-art on several important vision challenges. We are releasing DeCAF, an open-source implementation of these deep convolutional activation features, along with all associated network parameters to enable vision researchers to be able to conduct experimentation with deep representations across a range of visual concept learning paradigms.",medium,A4,1,A4=medium,A4=Provides adjacent evidence about how data composition affects learning outcomes.,A4=It extends the A4 mechanism space with adjacent data-centric evidence.,A4=false,expansion_round_1,,,arxiv:1310.1531 | paper:8303588572887436332,,,,,,,A4,false,false,false,false,A4/expansion/round2/registry.jsonl | A4/expansion/round5/registry.jsonl,A4/expansion/all-new-expansion-triage.jsonl
37,arxiv:1409.0575,12,MEDIUM,A4 | A5,ImageNet Large Scale Visual Recognition Challenge,arxiv:1409.0575,"The ImageNet Large Scale Visual Recognition Challenge is a benchmark in object category classification and detection on hundreds of object categories and millions of images. The challenge has been run annually from 2010 to present, attracting participation from more than fifty institutions. This paper describes the creation of this benchmark dataset and the advances in object recognition that have been possible as a result. We discuss the challenges of collecting large-scale ground truth annotation, highlight key breakthroughs in categorical object recognition, provide a detailed analysis of the current state of the field of large-scale image classification and object detection, and compare the state-of-the-art computer vision accuracy with human accuracy. We conclude with lessons learned in the five years of the challenge, and propose future directions and improvements.",medium,A4 | A5,2,A4=medium | A5=low,A4=Provides adjacent evidence about how data composition affects learning outcomes. | A5=The ImageNet Large Scale Visual Recognition Challenge is a benchmark in object category classification and detection on hundreds of object categories and millions of images.,A4=It extends the A4 mechanism space with adjacent data-centric evidence. | A5=The expansion tests whether this adjacent transfer mechanism adds a reusable way to control which robot experience influences policy training.,A4=false | A5=false,expansion_round_1,,,arxiv:1409.0575 | paper:4757179884825913228,arxiv:1409.0575,4757179884825913228,,,,,A4 | A5,false,false,false,true,A4/expansion/round2/registry.jsonl | A4/expansion/round5/registry.jsonl | A5/expansion/raw/round1-similar.json,A4/expansion/all-new-expansion-triage.jsonl | A5/expansion/round1-triage.jsonl
50,arxiv:1505.04597,12,MEDIUM,A1 | A4 | A5,U-Net: Convolutional Networks for Biomedical Image Segmentation,arxiv:1505.04597,"There is large consent that successful training of deep networks requires many thousand annotated training samples. In this paper, we present a network and training strategy that relies on the strong use of data augmentation to use the available annotated samples more efficiently. The architecture consists of a contracting path to capture context and a symmetric expanding path that enables precise localization. We show that such a network can be trained end-to-end from very few images and outperforms the prior best method (a sliding-window convolutional network) on the ISBI challenge for segmentation of neuronal structures in electron microscopic stacks. Using the same network trained on transmitted light microscopy images (phase contrast and DIC) we won the ISBI cell tracking challenge 2015 in these categories by a large margin. Moreover, the network is fast. Segmentation of a 512x512 image takes less than a second on a recent GPU. The full implementation (based on Caffe) and the trained networks are available at http://lmb.informatik.uni-freiburg.de/people/ronneber/u-net .",medium,A1 | A4 | A5,3,A1=medium | A4=medium | A5=low,"A1=The paper develops or evaluates a temporal correspondence, synchronization, delay, or sequence-representation mechanism for U-Net: Convolutional Networks for Biomedical Image Segmentation. | A4=Provides adjacent evidence about how data composition affects learning outcomes. | A5=There is large consent that successful training of deep networks requires many thousand annotated training samples.","A1=Its adjacent-domain method may provide a transferable alignment idea, but the robot transfer path requires verification. | A4=It extends the A4 mechanism space with adjacent data-centric evidence. | A5=The expansion tests whether this adjacent transfer mechanism adds a reusable way to control which robot experience influences policy training.",A1=true | A4=true | A5=false,expansion_round_1 | expansion_round_2,,,arxiv:1505.04597 | paper:3957400818316520597,arxiv:1505.04597,3957400818316520597,,,related-papers-round2 | related-papers-round3,,A1,false,false,false,true,A1/expansion-round2-registry.json | A1/expansion-round3-registry.json | A1/paper-registry-complete.json | A4/expansion/round3/registry.jsonl | A5/expansion/raw/round1-similar.json | A5/expansion/raw/round3-similar.json | A7/work/expansion-registry.json | A7/work/expansion-registry.jsonl,A1/expansion-round2-triage.jsonl | A4/expansion/all-new-expansion-triage.jsonl | A5/expansion/round1-triage.jsonl
63,arxiv:1511.02283,12,MEDIUM,A4,Generation and Comprehension of Unambiguous Object Descriptions,arxiv:1511.02283,"We propose a method that can generate an unambiguous description (known as a referring expression) of a specific object or region in an image, and which can also comprehend or interpret such an expression to infer which object is being described. We show that our method outperforms previous methods that generate descriptions of objects without taking into account other potentially ambiguous objects in the scene. Our model is inspired by recent successes of deep learning methods for image captioning, but while image captioning is difficult to evaluate, our task allows for easy objective evaluation. We also present a new large-scale dataset for referring expressions, based on MS-COCO. We have released the dataset and a toolbox for visualization and evaluation, see https://github.com/mjhucla/GoogleRefexptoolbox",medium,A4,1,A4=medium,A4=Uses a valuation or attribution signal to estimate the contribution of training examples to model or policy outcomes.,A4=It extends the A4 mechanism space with adjacent data-centric evidence.,A4=false,expansion_round_1,,,arxiv:1511.02283 | paper:2556624245346738042,,,,,,,A4,false,false,false,false,A4/expansion/round4/registry.jsonl,A4/expansion/all-new-expansion-triage.jsonl
76,arxiv:1602.03351,12,HIGH,A2,"Adaptive Skills, Adaptive Partitions (ASAP)",arxiv:1602.03351,"We introduce the Adaptive Skills, Adaptive Partitions (ASAP) framework that (1) learns skills (i.e., temporally extended actions or options) as well as (2) where to apply them. We believe that both (1) and (2) are necessary for a truly general skill learning framework, which is a key building block needed to scale up to lifelong learning agents. The ASAP framework can also solve related new tasks simply by adapting where it applies its existing learned skills. We prove that ASAP converges to a local optimum under natural conditions. Finally, our experimental results, which include a RoboCup domain, demonstrate the ability of ASAP to learn where to reuse skills as well as solve multiple tasks with considerably less experience than solving each task from scratch.",high,A2,1,A2=high,A2=Discovers reusable temporal structure in sequential experience for downstream decision making or policy learning.,"A2=The mechanism can turn long robot experience into reusable training units, skill memories, or better-conditioned policy targets.",A2=true,expansion_round_1,,2016,arxiv:1602.03351,,,,,,,A2,false,false,false,false,A2/expansion-pool.json | A2/expansion-pool.jsonl,A2/expansion-triage.jsonl
89,arxiv:1604.04038,12,MEDIUM,A4 | A5,More than a Million Ways to Be Pushed: A High-Fidelity Experimental Dataset of Planar Pushing,arxiv:1604.04038,"Pushing is a motion primitive useful to handle objects that are too large, too heavy, or too cluttered to be grasped. It is at the core of much of robotic manipulation, in particular when physical interaction is involved. It seems reasonable then to wish for robots to understand how pushed objects move. In reality, however, robots often rely on approximations which yield models that are computable, but also restricted and inaccurate. Just how close are those models? How reasonable are the assumptions they are based on? To help answer these questions, and to get a better experimental understanding of pushing, we present a comprehensive and high-fidelity dataset of planar pushing experiments. The dataset contains timestamped poses of a circular pusher and a pushed object, as well as forces at the interaction.We vary the push interaction in 6 dimensions: surface material, shape of the pushed object, contact position, pushing direction, pushing speed, and pushing acceleration. An industrial robot automates the data capturing along precisely controlled position-velocity-acceleration trajectories of the pusher, which give dense samples of positions and forces of uniform quality. We finish the paper by characterizing the variability of friction, and evaluating the most common assumptions and simplifications made by models of frictional pushing in robotics.",medium,A4 | A5,2,A4=medium | A5=medium,"A4=Connects trajectory or demonstration choice to downstream policy learning, behavior, or offline-RL utility. | A5=Pushing is a motion primitive useful to handle objects that are too large, too heavy, or too cluttered to be grasped.",A4=It is directly or plausibly transferable to selecting robot experience for policy learning. | A5=This adjacent transfer neighbor tests whether the expansion adds a reusable mechanism for controlling robot experience in policy training.,A4=true | A5=true,expansion_round_1 | expansion_round_3,,,arxiv:1604.04038 | paper:6542556719141020255,arxiv:1604.04038,6542556719141020255,,,,,A4 | A5,false,false,false,false,A4/expansion/round3/registry.jsonl | A4/expansion/round4/registry.jsonl | A5/expansion/raw/round3-references.json,A4/expansion/all-new-expansion-triage.jsonl | A5/expansion/round3-triage.jsonl
102,arxiv:1606.04695,12,HIGH,A2,Strategic Attentive Writer for Learning Macro-Actions,arxiv:1606.04695,"We present a novel deep recurrent neural network architecture that learns to build implicit plans in an end-to-end manner by purely interacting with an environment in reinforcement learning setting. The network builds an internal plan, which is continuously updated upon observation of the next input from the environment. It can also partition this internal representation into contiguous sub- sequences by learning for how long the plan can be committed to - i.e. followed without re-planing. Combining these properties, the proposed model, dubbed STRategic Attentive Writer (STRAW) can learn high-level, temporally abstracted macro- actions of varying lengths that are solely learnt from data without any prior information. These macro-actions enable both structured exploration and economic computation. We experimentally demonstrate that STRAW delivers strong improvements on several ATARI games by employing temporally extended planning strategies (e.g. Ms. Pacman and Frostbite). It is at the same time a general algorithm that can be applied on any sequence data. To that end, we also show that when trained on text prediction task, STRAW naturally predicts frequent n-grams (instead of macro-actions), demonstrating the generality of the approach.",high,A2,1,A2=high,"A2=Uses temporally extended actions, keyposes, or learned macro-actions to expose multi-step structure while retaining feedback or planning control.","A2=The mechanism can turn long robot experience into reusable training units, skill memories, or better-conditioned policy targets.",A2=true,expansion_round_1,,2016,arxiv:1606.04695,,,,,,,A2,false,false,false,false,A2/expansion-pool.json | A2/expansion-pool.jsonl,A2/expansion-triage.jsonl
115,arxiv:1610.02080,12,MEDIUM,A4,On Shapley value for measuring importance of dependent inputs,arxiv:1610.02080,This paper makes the case for using Shapley value to quantify the importance of random input variables to a function. Alternatives based on the ANOVA decomposition can run into conceptual and computational problems when the input variables are dependent. Our main goal here is to show that Shapley value removes the conceptual problems. We do this with some simple examples where Shapley value leads to intuitively reasonable nearly closed form values.,medium,A4,1,A4=medium,A4=Uses a valuation or attribution signal to estimate the contribution of training examples to model or policy outcomes.,A4=It extends the A4 mechanism space with adjacent data-centric evidence.,A4=false,expansion_round_1,,,arxiv:1610.02080 | paper:6144696023746838919,,,,,,,A4,false,false,false,false,A4/expansion/round2/registry.jsonl | A4/expansion/round5/registry.jsonl,A4/expansion/all-new-expansion-triage.jsonl
128,arxiv:1701.06049,12,HIGH,A6,Interactive Learning from Policy-Dependent Human Feedback,arxiv:1701.06049,"This paper investigates the problem of interactively learning behaviors communicated by a human teacher using positive and negative feedback. Much previous work on this problem has made the assumption that people provide feedback for decisions that is dependent on the behavior they are teaching and is independent from the learner's current policy. We present empirical results that show this assumption to be false -- whether human trainers give a positive or negative feedback for a decision is influenced by the learner's current policy. Based on this insight, we introduce Convergent Actor-Critic by Humans (COACH), an algorithm for learning from policy-dependent feedback that converges to a local optimum. Finally, we demonstrate that COACH can successfully learn multiple behaviors on a physical robot.",high,A6,1,A6=high,"A6=Provides a policy, data, or control mechanism with a plausible path to learning from robot experience.",A6=Offers a reusable mechanism for converting sequential experience into better policy or data decisions.,A6=true,expansion_round_1,,,arxiv:1701.06049,arxiv:1701.06049,7745149147614536801,,,related-papers,,A6,false,false,false,false,A6/expansion/canonical-pool.jsonl,A6/expansion/triage.jsonl
141,arxiv:1703.01541,12,HIGH,A1,Soft-DTW: a Differentiable Loss Function for Time-Series,arxiv:1703.01541,"We propose in this paper a differentiable learning loss between time series, building upon the celebrated dynamic time warping (DTW) discrepancy. Unlike the Euclidean distance, DTW can compare time series of variable size and is robust to shifts or dilatations across the time dimension. To compute DTW, one typically solves a minimal-cost alignment problem between two time series using dynamic programming. Our work takes advantage of a smoothed formulation of DTW, called soft-DTW, that computes the soft-minimum of all alignment costs. We show in this paper that soft-DTW is a differentiable loss function, and that both its value and gradient can be computed with quadratic time/space complexity (DTW has quadratic time but linear space complexity). We show that this regularization is particularly well suited to average and cluster time series under the DTW geometry, a task for which our proposal significantly outperforms existing baselines. Next, we propose to tune the parameters of a machine that outputs time series by minimizing its fit with ground-truth labels in a soft-DTW sense.",high,A1,1,A1=high,"A1=Soft-DTW smooths the dynamic-programming alignment minimum so variable-length, shifted sequences can be compared and differentiated through.","A1=It provides a trainable alignment loss for demonstrations, trajectory averaging, and correspondence-aware policy objectives.",A1=true,primary_assignment,,,arxiv:1703.01541,arxiv:1703.01541,4637244146515130731,,q03-dtw | q10-foundational-ctw,search-papers,foundational,A1,false,false,false,false,A1/assigned-papers.json | A1/evidence-read-manifest.json | A1/expansion-registry.json | A1/expansion-round2-registry.json | A1/expansion-round3-registry.json | A1/inspection-manifest.json | A1/paper-registry-complete.json | A1/paper-registry.json | A1/raw/q03-dtw.json | A1/raw/q10-foundational-ctw.json,A1/assigned-abstracts.jsonl | A1/triage.jsonl
154,arxiv:1703.09788,12,HIGH,A1,Towards Automatic Learning of Procedures from Web Instructional Videos,arxiv:1703.09788,"The potential for agents, whether embodied or software, to learn by observing other agents performing procedures involving objects and actions is rich. Current research on automatic procedure learning heavily relies on action labels or video subtitles, even during the evaluation phase, which makes them infeasible in real-world scenarios. This leads to our question: can the human-consensus structure of a procedure be learned from a large set of long, unconstrained videos (e.g., instructional videos from YouTube) with only visual evidence? To answer this question, we introduce the problem of procedure segmentation--to segment a video procedure into category-independent procedure segments. Given that no large-scale dataset is available for this problem, we collect a large-scale procedure segmentation dataset with procedure segments temporally localized and described; we use cooking videos and name the dataset YouCook2. We propose a segment-level recurrent network for generating procedure segments by modeling the dependencies across segments. The generated segments can be used as pre-processing for other tasks, such as dense video captioning and event parsing. We show in our experiments that the proposed model outperforms competitive baselines in procedure segmentation.",high,A1,1,A1=high,"A1=The paper develops or evaluates a temporal correspondence, synchronization, delay, or sequence-representation mechanism for Towards Automatic Learning of Procedures from Web Instructional Videos.","A1=Its mechanism is a plausible transfer to multimodal robot experience, action-observation alignment, or temporally aware policy training.",A1=true,expansion_round_1,,,arxiv:1703.09788,arxiv:1703.09788,9008098354547817690,,,related-similar,,A1,false,false,false,false,A1/expansion-registry.json | A1/paper-registry-complete.json,A1/expansion-triage.jsonl
167,arxiv:1706.03741,12,MEDIUM,A8,Deep reinforcement learning from human preferences,arxiv:1706.03741,"For sophisticated reinforcement learning (RL) systems to interact usefully with real-world environments, we need to communicate complex goals to these systems. In this work, we explore goals defined in terms of (non-expert) human preferences between pairs of trajectory segments. We show that this approach can effectively solve complex RL tasks without access to the reward function, including Atari games and simulated robot locomotion, while providing feedback on less than one percent of our agent's interactions with the environment. This reduces the cost of human oversight far enough that it can be practically applied to state-of-the-art RL systems. To demonstrate the flexibility of our approach, we show that we can successfully train complex novel behaviors with about an hour of human time. These behaviors and environments are considerably more complex than any that have been previously learned from human feedback.",medium,A8,1,A8=medium,A8=A learned reward model uses pairwise human preferences over trajectory segments to guide reinforcement learning without hand-designed rewards.,A8=Preference queries can convert disagreement or uncertain quality judgments into targeted supervision for experience selection.,A8=true,expansion_round_1,,,arxiv:1706.03741 | paperid:8321224485463326696,,,,,related-papers,,A8,false,false,false,false,A8/work/expansion-novel.jsonl | A8/work/expansion-pool.jsonl,A8/work/expansion-triage.jsonl
180,arxiv:1707.04991,12,MEDIUM,A6,Tracking as Online Decision-Making: Learning a Policy from Streaming Videos with Reinforcement Learning,arxiv:1707.04991,"We formulate tracking as an online decision-making process, where a tracking agent must follow an object despite ambiguous image frames and a limited computational budget. Crucially, the agent must decide where to look in the upcoming frames, when to reinitialize because it believes the target has been lost, and when to update its appearance model for the tracked object. Such decisions are typically made heuristically. Instead, we propose to learn an optimal decision-making policy by formulating tracking as a partially observable decision-making process (POMDP). We learn policies with deep reinforcement learning algorithms that need supervision (a reward signal) only when the track has gone awry. We demonstrate that sparse rewards allow us to quickly train on massive datasets, several orders of magnitude more than past work. Interestingly, by treating the data source of Internet videos as unlimited streams, we both learn and evaluate our trackers in a single, unified computational stream.",medium,A6,1,A6=medium,"A6=Uses value or reward inference, offline reinforcement learning, or advantage signals to extract task-relevant behavior from heterogeneous trajectories.",A6=Connects trajectory outcomes to policy improvement rather than copying actions independently of consequences.,A6=false,expansion_round_1,,,arxiv:1707.04991,arxiv:1707.04991,5324754570666059575,,,related-papers,,A6,false,false,false,false,A6/expansion/canonical-pool.jsonl,A6/expansion/triage.jsonl
193,arxiv:1709.10089,12,HIGH,A6,Overcoming Exploration in Reinforcement Learning with Demonstrations,arxiv:1709.10089,"Exploration in environments with sparse rewards has been a persistent problem in reinforcement learning (RL). Many tasks are natural to specify with a sparse reward, and manually shaping a reward function can result in suboptimal performance. However, finding a non-zero reward is exponentially more difficult with increasing task horizon or action dimensionality. This puts many real-world tasks out of practical reach of RL methods. In this work, we use demonstrations to overcome the exploration problem and successfully learn to perform long-horizon, multi-step robotics tasks with continuous control such as stacking blocks with a robot arm. Our method, which builds on top of Deep Deterministic Policy Gradients and Hindsight Experience Replay, provides an order of magnitude of speedup over RL on simulated robotics tasks. It is simple to implement and makes only the additional assumption that we can collect a small set of demonstrations. Furthermore, our method is able to solve tasks not solvable by either RL or behavior cloning alone, and often ends up outperforming the demonstrator policy.",high,A6,1,A6=high,"A6=Estimates demonstration quality or latent expertise to filter, weight, or optimize learning from mixed-quality experience.",A6=Shows how heterogeneous demonstrations can contribute without treating every transition as equally trustworthy.,A6=true,expansion_round_1,,,arxiv:1709.10089,arxiv:1709.10089,2756714247412412908,,3 | 49 | 50,related-papers,foundational | general,A6,false,false,false,false,A5/canonical-pool.jsonl | A5/expansion/raw/round1-references.json | A5/expansion/raw/round2-references.json | A5/expansion/raw/round3-references.json | A5/paper-registry.json | A6/expansion/canonical-pool.jsonl,A6/expansion/triage.jsonl
206,arxiv:1711.10306,12,MEDIUM,A3,Robust machine learning by median-of-means : theory and practice,arxiv:1711.10306,"We introduce new estimators for robust machine learning based on median-of-means (MOM) estimators of the mean of real valued random variables. These estimators achieve optimal rates of convergence under minimal assumptions on the dataset. The dataset may also have been corrupted by outliers on which no assumption is granted. We also analyze these new estimators with standard tools from robust statistics. In particular, we revisit the concept of breakdown point. We modify the original definition by studying the number of outliers that a dataset can contain without deteriorating the estimation p",medium,A3,1,A3=medium,"A3=The paper develops or evaluates Robust machine learning by median-of-means : theory and practice, providing an adjacent mechanism for robust learning, attribution, evaluation, or data selection.","A3=It may transfer to robot experience curation or training intelligence, but its direct relevance requires verification.",A3=false,expansion_round_1,,2017,arxiv:1711.10306,,,,,firecrawl research related-papers,,A3,false,false,false,false,A3/expansion-registry.json | A3/paper-registry.json,A3/expansion-triage.jsonl
219,arxiv:1802.09419,12,MEDIUM,A4,Stochastic Hyperparameter Optimization through Hypernetworks,arxiv:1802.09419,Machine learning models are often tuned by nesting optimization of model weights inside the optimization of hyperparameters. We give a method to collapse this nested optimization into joint stochastic optimization of weights and hyperparameters. Our process trains a neural network to output approximately optimal weights as a function of hyperparameters. We show that our technique converges to locally optimal weights and hyperparameters for sufficiently large hypernetworks. We compare this method to standard hyperparameter optimization strategies and demonstrate its effectiveness for tuning thousands of hyperparameters.,medium,A4,1,A4=medium,A4=Provides adjacent evidence about how data composition affects learning outcomes.,A4=It extends the A4 mechanism space with adjacent data-centric evidence.,A4=true,expansion_round_1,,,arxiv:1802.09419 | paper:2322123249435216311,,,,,,,A4,false,false,false,false,A4/expansion/round3/registry.jsonl,A4/expansion/all-new-expansion-triage.jsonl
232,arxiv:1805.11592,12,HIGH,A3 | A4,Playing hard exploration games by watching YouTube,arxiv:1805.11592,"Deep reinforcement learning methods traditionally struggle with tasks where environment rewards are particularly sparse. One successful method of guiding exploration in these domains is to imitate trajectories provided by a human demonstrator. However, these demonstrations are typically collected under artificial conditions, i.e. with access to the agent's exact environment setup and the demonstrator's action and reward trajectories. Here we propose a two-stage method that overcomes these limitations by relying on noisy, unaligned footage without access to such data. First, we learn to map unaligned videos from multiple sources to a common representation using self-supervised objectives constructed over both time and modality (i.e. vision and sound). Second, we embed a single YouTube video in this representation to construct a reward function that encourages an agent to imitate human gameplay. This method of one-shot imitation allows our agent to convincingly exceed human-level performance on the infamously hard exploration games Montezuma's Revenge, Pitfall! and Private Eye for the first time, even if the agent is not presented with any environment rewards.",high,A3 | A4,2,A3=high | A4=high,"A3=The paper develops or evaluates Playing hard exploration games by watching YouTube, with a mechanism for selecting, weighting, repairing, auditing, or robustifying experience. | A4=Connects trajectory or dataset composition to downstream policy or model behavior.",A3=Its related-paper mechanism is plausibly transferable to the Program A data-to-policy loop and merits targeted review. | A4=It directly informs curation of robot experience or a transferable policy-data loop.,A3=true | A4=true,expansion_round_1,,2018,arxiv:1805.11592 | paper:6516119583143534915,,,,,firecrawl research related-papers | related-paper-expansion,,A3,false,false,false,false,A3/expansion-registry.json | A3/paper-registry.json | A4/expansion/expansion-registry.jsonl,A3/expansion-triage.jsonl | A4/expansion/expansion-triage.jsonl
245,arxiv:1807.11293,12,MEDIUM,A1,Improving Spatiotemporal Self-Supervision by Deep Reinforcement Learning,arxiv:1807.11293,"Self-supervised learning of convolutional neural networks can harness large amounts of cheap unlabeled data to train powerful feature representations. As surrogate task, we jointly address ordering of visual data in the spatial and temporal domain. The permutations of training samples, which are at the core of self-supervision by ordering, have so far been sampled randomly from a fixed preselected set. Based on deep reinforcement learning we propose a sampling policy that adapts to the state of the network, which is being trained. Therefore, new permutations are sampled according to their expected utility for updating the convolutional feature representation. Experimental evaluation on unsupervised and transfer learning tasks demonstrates competitive performance on standard benchmarks for image and video classification and nearest neighbor retrieval.",medium,A1,1,A1=medium,"A1=The paper develops or evaluates a temporal correspondence, synchronization, delay, or sequence-representation mechanism for Improving Spatiotemporal Self-Supervision by Deep Reinforcement Learning.","A1=Its adjacent-domain method may provide a transferable alignment idea, but the robot transfer path requires verification.",A1=true,expansion_round_1,,,arxiv:1807.11293,arxiv:1807.11293,4817631662377051471,,,related-references,,A1,false,false,false,false,A1/expansion-registry.json | A1/paper-registry-complete.json,A1/expansion-triage.jsonl
258,arxiv:1810.06284,12,HIGH,A8,CURIOUS: Intrinsically Motivated Modular Multi-Goal Reinforcement Learning,arxiv:1810.06284,"In open-ended environments, autonomous learning agents must set their own goals and build their own curriculum through an intrinsically motivated exploration. They may consider a large diversity of goals, aiming to discover what is controllable in their environments, and what is not. Because some goals might prove easy and some impossible, agents must actively select which goal to practice at any moment, to maximize their overall mastery on the set of learnable goals. This paper proposes CURIOUS, an algorithm that leverages 1) a modular Universal Value Function Approximator with hindsight learning to achieve a diversity of goals of different kinds within a unique policy and 2) an automated curriculum learning mechanism that biases the attention of the agent towards goals maximizing the absolute learning progress. Agents focus sequentially on goals of increasing complexity, and focus back on goals that are being forgotten. Experiments conducted in a new modular-goal robotic environment show the resulting developmental self-organization of a learning curriculum, and demonstrate properties of robustness to distracting goals, forgetting and changes in body properties.",high,A8,1,A8=high,A8=A modular agent chooses goals according to learning progress so exploration focuses on improving rather than saturated competencies.,A8=It provides a curriculum rule for deciding which fleet capability to collect next.,A8=true,expansion_round_3,,,arxiv:1810.06284 | paperid:1300154697251056879,,paper:1300154697251056879,,25 | 59,,general,A8,false,false,false,false,A5/canonical-pool.jsonl | A5/paper-registry.json | A8/work/expansion-round3-novel.jsonl,A8/work/expansion-round3-triage.jsonl
271,arxiv:1812.00568,12,HIGH,A7,Visual Foresight: Model-Based Deep Reinforcement Learning for Vision-Based Robotic Control,arxiv:1812.00568,"Deep reinforcement learning (RL) algorithms can learn complex robotic skills from raw sensory inputs, but have yet to achieve the kind of broad generalization and applicability demonstrated by deep learning methods in supervised domains. We present a deep RL method that is practical for real-world robotics tasks, such as robotic manipulation, and generalizes effectively to never-before-seen tasks and objects. In these settings, ground truth reward signals are typically unavailable, and we therefore propose a self-supervised model-based approach, where a predictive model learns to directly predict the future from raw sensory readings, such as camera images. At test time, we explore three distinct goal specification methods: designated pixels, where a user specifies desired object manipulation tasks by selecting particular pixels in an image and corresponding goal positions, goal images, where the desired goal state is specified with an image, and image classifiers, which define spaces of goal states. Our deep predictive models are trained using data collected autonomously and continuously by a robot interacting with hundreds of objects, without human supervision. We demonstrate that visual MPC can generalize to never-before-seen objects---both rigid and deformable---and solve a range of user-defined object manipulation tasks using the same model.",high,A7,1,A7=high,"A7=Deep reinforcement learning (RL) algorithms can learn complex robotic skills from raw sensory inputs, but have yet to achieve the kind of broad generalization and applicability demonstrated by deep learning methods in supervised domains.",A7=It provides a route to reuse heterogeneous experience across embodiments or data sources.,A7=true,expansion_round_1,,,arxiv:1812.00568,,,,,references,,A7,false,false,false,false,A7/work/expansion-registry.json | A7/work/expansion-registry.jsonl,A7/work/expansion-triage.jsonl
284,arxiv:1902.10275,12,MEDIUM,A3,Towards Efficient Data Valuation Based on the Shapley Value,arxiv:1902.10275,"""How much is my data worth?"" is an increasingly common question posed by organizations and individuals alike. An answer to this question could allow, for instance, fairly distributing profits among multiple data contributors and determining prospective compensation when data breaches happen. In this paper, we study the problem of data valuation by utilizing the Shapley value, a popular notion of value which originated in cooperative game theory. The Shapley value defines a unique payoff scheme that satisfies many desiderata for the notion of data value. However, the Shapley value often require (poolSize=10)",medium,A3,1,A3=medium,"A3=The paper develops or evaluates Towards Efficient Data Valuation Based on the Shapley Value, offering an adjacent mechanism for robot learning or data collection.","A3=The result may transfer to A3 quality estimation or harmful-data handling, but direct relevance is uncertain.",A3=false,expansion_round_3,,2019,arxiv:1902.10275,arxiv:1902.10275,5931078249156846270,,q22-datashapley,firecrawl research related-papers,,A3,false,false,false,false,A3/paper-registry.json | A3/round3-registry.json | A4/canonical-registry.jsonl | A4/expansion/round2/registry.jsonl | A4/expansion/round5/registry.jsonl | A4/raw/q22-datashapley.json,A3/round3-triage.jsonl
297,arxiv:1904.05869,12,MEDIUM,A2,Keyframing the Future: Keyframe Discovery for Visual Prediction and Planning,arxiv:1904.05869,"Temporal observations such as videos contain essential information about the dynamics of the underlying scene, but they are often interleaved with inessential, predictable details. One way of dealing with this problem is by focusing on the most informative moments in a sequence. We propose a model that learns to discover these important events and the times when they occur and uses them to represent the full sequence. We do so using a hierarchical Keyframe-Inpainter (KeyIn) model that first generates a video's keyframes and then inpaints the rest by generating the frames at the intervening times. We propose a fully differentiable formulation to efficiently learn this procedure. We show that KeyIn finds informative keyframes in several datasets with different dynamics and visual properties. KeyIn outperforms other recent hierarchical predictive models for planning. For more details, please see the project website at https://sites.google.com/view/keyin.",medium,A2,1,A2=medium,A2=Discovers reusable temporal structure in sequential experience for downstream decision making or policy learning.,A2=The adjacent sequence mechanism offers a transferable way to localize or compress useful intervals when robot labels are scarce.,A2=false,expansion_round_1,,2019,arxiv:1904.05869,,,,,,,A2,false,false,false,false,A2/expansion-pool.json | A2/expansion-pool.jsonl,A2/expansion-triage.jsonl
310,arxiv:1906.04161,12,HIGH,A8,Self-Supervised Exploration via Disagreement,arxiv:1906.04161,"Efficient exploration is a long-standing problem in sensorimotor learning. Major advances have been demonstrated in noise-free, non-stochastic domains such as video games and simulation. However, most of these formulations either get stuck in environments with stochastic dynamics or are too inefficient to be scalable to real robotics setups. In this paper, we propose a formulation for exploration inspired by the work in active learning literature. Specifically, we train an ensemble of dynamics models and incentivize the agent to explore such that the disagreement of those ensembles is maximized. This allows the agent to learn skills by exploring in a self-supervised manner without any external reward. Notably, we further leverage the disagreement objective to optimize the agent's policy in a differentiable manner, without using reinforcement learning, which results in a sample-efficient exploration. We demonstrate the efficacy of this formulation across a variety of benchmark environments including stochastic-Atari, Mujoco and Unity. Finally, we implement our differentiable exploration on a real robot which learns to interact with objects completely from scratch. Project videos and code are at https://pathak22.github.io/exploration-by-disagreement/",high,A8,1,A8=high,A8=An ensemble of dynamics models rewards actions that maximize predictive disagreement and optimizes the exploration policy without external rewards.,A8=It is a foundational robot-tested mechanism for using epistemic disagreement to collect learnable experience.,A8=true,expansion_round_1,,,arxiv:1906.04161 | paperid:3489856982967331773,,,,,related-papers,,A8,false,false,false,false,A8/work/expansion-novel.jsonl | A8/work/expansion-pool.jsonl,A8/work/expansion-triage.jsonl
323,arxiv:1907.03976,12,HIGH,A6,Better-than-Demonstrator Imitation Learning via Automatically-Ranked Demonstrations,arxiv:1907.03976,"The performance of imitation learning is typically upper-bounded by the performance of the demonstrator. While recent empirical results demonstrate that ranked demonstrations allow for better-than-demonstrator performance, preferences over demonstrations may be difficult to obtain, and little is known theoretically about when such methods can be expected to successfully extrapolate beyond the performance of the demonstrator. To address these issues, we first contribute a sufficient condition for better-than-demonstrator imitation learning and provide theoretical results showing why preferences over demonstrations can better reduce reward function ambiguity when performing inverse reinforcement learning. Building on this theory, we introduce Disturbance-based Reward Extrapolation (D-REX), a ranking-based imitation learning method that injects noise into a policy learned through behavioral cloning to automatically generate ranked demonstrations. These ranked demonstrations are used to efficiently learn a reward function that can then be optimized using reinforcement learning. We empirically validate our approach on simulated robot and Atari imitation learning benchmarks and show that D-REX outperforms standard imitation learning approaches and can significantly surpass the performance of the demonstrator. D-REX is the first imitation learning approach to achieve significant extrapolation beyond the demonstrator's performance without additional side-information or supervision, such as rewards or human preferences. By generating rankings automatically, we show that preference-based inverse reinforcement learning can be applied in traditional imitation learning settings where only unlabeled demonstrations are available.",high,A6,1,A6=high,"A6=Infers quality, reward, value, or preferences from mixed-outcome demonstrations to reweight or improve actions.","A6=Turns success, failure, and relative-quality signals into supervision for experience selection or policy improvement.",A6=true,primary_assignment,"Daniel S. Brown, Wonjoon Goo, Scott Niekum",2019,arxiv:1907.03976,arxiv:1907.03976,2540239451880281701,cs.LG | stat.ML,q20-adj-human-activity,related-papers,general,A6,true,true,false,false,A4/canonical-registry.jsonl | A4/raw/q31-trajectory-rank.json | A5/canonical-pool.jsonl | A5/paper-registry.json | A5/raw/q03-direct-hard.json | A6/expansion/canonical-pool.jsonl | A6/raw-retrieval/q20-adj-human-activity.json | A6/registry-assignment.jsonl | A6/work/assigned-registry-inspected.jsonl | A6/work/assigned-registry-preinspect.jsonl | A6/work/canonical-pool.jsonl | A6/work/evidence-index.jsonl,A6/triage.jsonl
336,arxiv:1909.09020,12,HIGH,A1,Shape and Time Distortion Loss for Training Deep Time Series Forecasting Models,arxiv:1909.09020,"This paper addresses the problem of time series forecasting for non-stationary signals and multiple future steps prediction. To handle this challenging task, we introduce DILATE (DIstortion Loss including shApe and TimE), a new objective function for training deep neural networks. DILATE aims at accurately predicting sudden changes, and explicitly incorporates two terms supporting precise shape and temporal change detection. We introduce a differentiable loss function suitable for training deep neural nets, and provide a custom back-prop implementation for speeding up optimization. We also introduce a variant of DILATE, which provides a smooth generalization of temporally-constrained Dynamic Time Warping (DTW). Experiments carried out on various non-stationary datasets reveal the very good behaviour of DILATE compared to models trained with the standard Mean Squared Error (MSE) loss function, and also to DTW and variants. DILATE is also agnostic to the choice of the model, and we highlight its benefit for training fully connected networks as well as specialized recurrent architectures, showing its capacity to improve over state-of-the-art trajectory forecasting approaches.",high,A1,1,A1=high,"A1=The paper develops or evaluates a temporal correspondence, synchronization, delay, or sequence-representation mechanism for Shape and Time Distortion Loss for Training Deep Time Series Forecasting Models.","A1=Its mechanism is a plausible transfer to multimodal robot experience, action-observation alignment, or temporally aware policy training.",A1=true,expansion_round_1,,,arxiv:1909.09020,arxiv:1909.09020,897697600186895773,,,related-similar,,A1,false,false,false,false,A1/expansion-inspection-manifest.json | A1/expansion-registry.json | A1/expansion-round2-registry.json | A1/expansion-round3-registry.json | A1/paper-registry-complete.json,A1/expansion-triage.jsonl
349,arxiv:1911.04052,12,HIGH,A7,Scaling Robot Supervision to Hundreds of Hours with RoboTurk: Robotic Manipulation Dataset through Human Reasoning and Dexterity,arxiv:1911.04052,"Large, richly annotated datasets have accelerated progress in fields such as computer vision and natural language processing, but replicating these successes in robotics has been challenging. While prior data collection methodologies such as self-supervision have resulted in large datasets, the data can have poor signal-to-noise ratio. By contrast, previous efforts to collect task demonstrations with humans provide better quality data, but they cannot reach the same data magnitude. Furthermore, neither approach places guarantees on the diversity of the data collected, in terms of solution strategies. In this work, we leverage and extend the RoboTurk platform to scale up data collection for robotic manipulation using remote teleoperation. The primary motivation for our platform is two-fold: (1) to address the shortcomings of prior work and increase the total quantity of manipulation data collected through human supervision by an order of magnitude without sacrificing the quality of the data and (2) to collect data on challenging manipulation tasks across several operators and observe a diverse set of emergent behaviors and solutions. We collected over 111 hours of robot manipulation data across 54 users and 3 challenging manipulation tasks in 1 week, resulting in the largest robot dataset collected via remote teleoperation. We evaluate the quality of our platform, the diversity of demonstrations in our dataset, and the utility of our dataset via quantitative and qualitative analysis. For additional results, supplementary videos, and to download our dataset, visit http://roboturk.stanford.edu/realrobotdataset .",high,A7,1,A7=high,A7=Uses remote teleoperation by many operators to scale high-quality demonstrations while exposing solution-strategy diversity.,A7=It separates raw hours from operator and behavior diversity as a collection-design variable.,A7=true,primary_assignment,"Ajay Mandlekar, Jonathan Booher, Max Spero, Albert Tung, Anchit Gupta, Yuke Zhu, Animesh Garg, Silvio Savarese, Li Fei-Fei",2019,arxiv:1911.04052,arxiv:1911.04052,5440342342355043580,cs.HC | cs.LG | cs.RO,,search-papers,foundational,A7,false,true,true,false,A7/raw/q11-scaling-laws.json | A7/raw/q39-quality-vs-diversity.json | A7/work/assigned-papers.json | A7/work/assigned-papers.jsonl | A7/work/paper-registry.json | A7/work/paper-registry.jsonl | A7/work/read-manifest.json | A7/work/verified-paper-registry.json | A7/work/verified-paper-registry.jsonl,A7/work/abstract-triage.jsonl | A7/work/assigned-abstracts.jsonl
362,arxiv:2002.08484,12,HIGH,A3,Estimating Training Data Influence by Tracing Gradient Descent,arxiv:2002.08484,"We introduce a method called TracIn that computes the influence of a training example on a prediction made by the model. The idea is to trace how the loss on the test point changes during the training process whenever the training example of interest was utilized. We provide a scalable implementation of TracIn via: (a) a first-order gradient approximation to the exact computation, (b) saved checkpoints of standard training procedures, and (c) cherry-picking layers of a deep neural network. In contrast with previously proposed methods, TracIn is simple to implement; all it needs is the ability (poolSize=10)",high,A3,1,A3=high,"A3=The paper develops or evaluates Estimating Training Data Influence by Tracing Gradient Descent, offering a mechanism related to robot data quality, correction, attribution, or policy improvement.",A3=The mechanism is plausibly transferable to the Program A experience-to-policy loop and warrants follow-up.,A3=true,expansion_round_2,,2020,arxiv:2002.08484,arxiv:2002.08484,1365321820975761311,,q05-gradient-influence | q21-influence-foundation,firecrawl research related-papers,,A3,false,false,false,false,A3/paper-registry.json | A3/round2-registry.json | A3/round3-registry.json | A4/canonical-registry.jsonl | A4/expansion/expansion-registry.jsonl | A4/expansion/round3/registry.jsonl | A4/raw/q05-gradient-influence.json | A4/raw/q21-influence-foundation.json,A3/round2-triage.jsonl
375,arxiv:2004.07398,12,HIGH,A1,Neuromorphic Eye-in-Hand Visual Servoing,arxiv:2004.07398,"Robotic vision plays a major role in factory automation to service robot applications. However, the traditional use of frame-based camera sets a limitation on continuous visual feedback due to their low sampling rate and redundant data in real-time image processing, especially in the case of high-speed tasks. Event cameras give human-like vision capabilities such as observing the dynamic changes asynchronously at a high temporal resolution (1μ s) with low latency and wide dynamic range. In this paper, we present a visual servoing method using an event camera and a switching control strategy to explore, reach and grasp to achieve a manipulation task. We devise three surface layers of active events to directly process stream of events from relative motion. A purely event based approach is adopted to extract corner features, localize them robustly using heat maps and generate virtual features for tracking and alignment. Based on the visual feedback, the motion of the robot is controlled to make the temporal upcoming event features converge to the desired event in spatio-temporal space. The controller switches its strategy based on the sequence of operation to establish a stable grasp. The event based visual servoing (EVBS) method is validated experimentally using a commercial robot manipulator in an eye-in-hand configuration. Experiments prove the effectiveness of the EBVS method to track and grasp objects of different shapes without the need for re-tuning.",high,A1,1,A1=high,"A1=The paper develops or evaluates a temporal correspondence, synchronization, delay, or sequence-representation mechanism for Neuromorphic Eye-in-Hand Visual Servoing.","A1=Its mechanism is a plausible transfer to multimodal robot experience, action-observation alignment, or temporally aware policy training.",A1=true,expansion_round_2,,,arxiv:2004.07398,arxiv:2004.07398,5861358040603998042,,,related-papers-round2,,A1,false,false,false,false,A1/expansion-round2-registry.json | A1/paper-registry-complete.json,A1/expansion-round2-triage.jsonl
388,arxiv:2006.09359,12,HIGH,A5 | A6 | A7,AWAC: Accelerating Online Reinforcement Learning with Offline Datasets,arxiv:2006.09359,"Reinforcement learning (RL) provides an appealing formalism for learning control policies from experience. However, the classic active formulation of RL necessitates a lengthy active exploration process for each behavior, making it difficult to apply in real-world settings such as robotic control. If we can instead allow RL algorithms to effectively use previously collected data to aid the online learning process, such applications could be made substantially more practical: the prior data would provide a starting point that mitigates challenges due to exploration and sample complexity, while the online training enables the agent to perfect the desired skill. Such prior data could either constitute expert demonstrations or sub-optimal prior data that illustrates potentially useful transitions. While a number of prior methods have either used optimal demonstrations to bootstrap RL, or have used sub-optimal data to train purely offline, it remains exceptionally difficult to train a policy with offline data and actually continue to improve it further with online RL. In this paper we analyze why this problem is so challenging, and propose an algorithm that combines sample efficient dynamic programming with maximum likelihood policy updates, providing a simple and effective framework that is able to leverage large amounts of offline data and then quickly perform online fine-tuning of RL policies. We show that our method, advantage weighted actor critic (AWAC), enables rapid learning of skills with a combination of prior demonstration data and online experience. We demonstrate these benefits on simulated and real-world robotics domains, including dexterous manipulation with a real multi-fingered hand, drawer opening with a robotic arm, and rotating a valve. Our results show that incorporating prior data can reduce the time required to learn a range of robotic skills to practical time-scales.",high,A5 | A6 | A7,3,A5=high | A6=medium | A7=high,"A5=If we can instead allow RL algorithms to effectively use previously collected data to aid the online learning process, such applications could be made substantially more practical: the prior data would provide a starting point that mitigates challenges due to exploration and s. | A6=Uses data-quality estimates, filtering, weighting, or offline reinforcement learning to extract signal from suboptimal demonstrations. | A7=Reinforcement learning (RL) provides an appealing formalism for learning control policies from experience.","A5=The expansion tests whether this weighting mechanism adds a reusable way to control which robot experience influences policy training. | A6=Directly informs how a robot data loop can learn from heterogeneous and imperfect trajectories. | A7=It informs how data quantity, composition, or offline experience should affect policy training.",A5=true | A6=true | A7=true,expansion_round_1 | primary_assignment,"Ashvin Nair, Abhishek Gupta, Murtaza Dalal, Sergey Levine",2020,arxiv:2006.09359,arxiv:2006.09359,8191244200735125437,cs.LG | cs.RO | stat.ML,q12-mech-offline-failures,references | search-papers | similar,,A6,true,true,false,true,A5/expansion/inspection-manifest.json | A5/expansion/raw/round1-references.json | A5/expansion/read-manifest.json | A6/raw-retrieval/q12-mech-offline-failures.json | A6/registry-assignment.jsonl | A6/work/assigned-registry-inspected.jsonl | A6/work/assigned-registry-preinspect.jsonl | A6/work/canonical-pool.jsonl | A6/work/evidence-index.jsonl | A7/work/expansion-read-manifest.json | A7/work/expansion-registry.json | A7/work/expansion-registry.jsonl,A5/expansion/round1-triage.jsonl | A6/triage.jsonl | A7/work/expansion-triage.jsonl
401,arxiv:2009.13732,12,HIGH,A6,Learning Skills to Patch Plans Based on Inaccurate Models,arxiv:2009.13732,"Planners using accurate models can be effective for accomplishing manipulation tasks in the real world, but are typically highly specialized and require significant fine-tuning to be reliable. Meanwhile, learning is useful for adaptation, but can require a substantial amount of data collection. In this paper, we propose a method that improves the efficiency of sub-optimal planners with approximate but simple and fast models by switching to a model-free policy when unexpected transitions are observed. Unlike previous work, our method specifically addresses when the planner fails due to transition model error by patching with a local policy only where needed. First, we use a sub-optimal model-based planner to perform a task until model failure is detected. Next, we learn a local model-free policy from expert demonstrations to complete the task in regions where the model failed. To show the efficacy of our method, we perform experiments with a shape insertion puzzle and compare our results to both pure planning and imitation learning approaches. We then apply our method to a door opening task. Our experiments demonstrate that our patch-enhanced planner performs more reliably than pure planning and with lower overall sample complexity than pure imitation learning.",high,A6,1,A6=high,"A6=Learns or supplies recovery, correction, retry, repair, or replanning behavior from failed or perturbed executions.",A6=Makes failure states informative for robust execution and for deciding what corrective data to collect next.,A6=true,expansion_round_1,,,arxiv:2009.13732,arxiv:2009.13732,8812294165335769998,,,related-papers,,A6,false,false,false,false,A6/expansion/canonical-pool.jsonl,A6/expansion/triage.jsonl
414,arxiv:2010.08587,12,HIGH,A6,Learning Dexterous Manipulation from Suboptimal Experts,arxiv:2010.08587,"Learning dexterous manipulation in high-dimensional state-action spaces is an important open challenge with exploration presenting a major bottleneck. Although in many cases the learning process could be guided by demonstrations or other suboptimal experts, current RL algorithms for continuous action spaces often fail to effectively utilize combinations of highly off-policy expert data and on-policy exploration data. As a solution, we introduce Relative Entropy Q-Learning (REQ), a simple policy iteration algorithm that combines ideas from successful offline and conventional RL algorithms. It represents the optimal policy via importance sampling from a learned prior and is well-suited to take advantage of mixed data distributions. We demonstrate experimentally that REQ outperforms several strong baselines on robotic manipulation tasks for which suboptimal experts are available. We show how suboptimal experts can be constructed effectively by composing simple waypoint tracking controllers, and we also show how learned primitives can be combined with waypoint controllers to obtain reference behaviors to bootstrap a complex manipulation task on a simulated bimanual robot with human-like hands. Finally, we show that REQ is also effective for general off-policy RL, offline RL, and RL from demonstrations. Videos and further materials are available at sites.google.com/view/rlfse.",high,A6,1,A6=high,"A6=Selects, segments, repairs, or stitches trajectory prefixes and subsequences so training emphasizes feasible and informative behavior.",A6=Provides a way to preserve useful partial progress while suppressing harmful or redundant trajectory content.,A6=true,primary_assignment,"Rae Jeong, Jost Tobias Springenberg, Jackie Kay, Daniel Zheng, Yuxiang Zhou, Alexandre Galashov, Nicolas Heess, Francesco Nori",2020,arxiv:2010.08587,arxiv:2010.08587,1023859394587420018,cs.AI | cs.RO,q05-syn-suboptimal-demo | q12-mech-offline-failures,search-papers,foundational,A6,true,true,false,false,A6/raw-retrieval/q05-syn-suboptimal-demo.json | A6/raw-retrieval/q12-mech-offline-failures.json | A6/registry-assignment.jsonl | A6/work/assigned-registry-inspected.jsonl | A6/work/assigned-registry-preinspect.jsonl | A6/work/canonical-pool.jsonl | A6/work/evidence-index.jsonl | A7/raw/q14-space-coverage.json | A7/work/paper-registry.json | A7/work/paper-registry.jsonl | A7/work/verified-paper-registry.json | A7/work/verified-paper-registry.jsonl,A6/triage.jsonl
427,arxiv:2011.08694,12,HIGH,A6,Reactive Long Horizon Task Execution via Visual Skill and Precondition Models,arxiv:2011.08694,"Zero-shot execution of unseen robotic tasks is important to allowing robots to perform a wide variety of tasks in human environments, but collecting the amounts of data necessary to train end-to-end policies in the real-world is often infeasible. We describe an approach for sim-to-real training that can accomplish unseen robotic tasks using models learned in simulation to ground components of a simple task planner. We learn a library of parameterized skills, along with a set of predicates-based preconditions and termination conditions, entirely in simulation. We explore a block-stacking task because it has a clear structure, where multiple skills must be chained together, but our methods are applicable to a wide range of other problems and domains, and can transfer from simulation to the real-world with no fine tuning. The system is able to recognize failures and accomplish long-horizon tasks from perceptual input, which is critical for real-world execution. We evaluate our proposed approach in both simulation and in the real-world, showing an increase in success rate from 91.6% to 98% in simulation and from 10% to 80% success rate in the real-world as compared with naive baselines. For experiment videos including both real-world and simulation, see: https://www.youtube.com/playlist?list=PL-oD0xHUngeLfQmpngYkGFZarstfPOXqX",high,A6,1,A6=high,"A6=Learns or supplies recovery, correction, retry, repair, or replanning behavior from failed or perturbed executions.",A6=Makes failure states informative for robust execution and for deciding what corrective data to collect next.,A6=true,expansion_round_1,,,arxiv:2011.08694,arxiv:2011.08694,1811148867295364888,,,related-papers,,A6,false,false,false,false,A6/expansion/canonical-pool.jsonl,A6/expansion/triage.jsonl
440,arxiv:2102.05262,12,MEDIUM,A4,Input Similarity from the Neural Network Perspective,arxiv:2102.05262,"We first exhibit a multimodal image registration task, for which a neural network trained on a dataset with noisy labels reaches almost perfect accuracy, far beyond noise variance. This surprising auto-denoising phenomenon can be explained as a noise averaging effect over the labels of similar input examples. This effect theoretically grows with the number of similar examples; the question is then to define and estimate the similarity of examples. We express a proper definition of similarity, from the neural network perspective, i.e. we quantify how undissociable two inputs A and B are, taking a machine learning viewpoint: how much a parameter variation designed to change the output for A would impact the output for B as well? We study the mathematical properties of this similarity measure, and show how to use it on a trained network to estimate sample density, in low complexity, enabling new types of statistical analysis for neural networks. We analyze data by retrieving samples perceived as similar by the network, and are able to quantify the denoising effect without requiring true labels. We also propose, during training, to enforce that examples known to be similar should also be seen as similar by the network, and notice speed-up training effects for certain datasets.",medium,A4,1,A4=medium,A4=Provides adjacent evidence about how data composition affects learning outcomes.,A4=It extends the A4 mechanism space with adjacent data-centric evidence.,A4=false,expansion_round_1,,,arxiv:2102.05262 | paper:8692951583775268003,,,,,,,A4,false,false,false,false,A4/expansion/round2/registry.jsonl | A4/expansion/round5/registry.jsonl,A4/expansion/all-new-expansion-triage.jsonl
453,arxiv:2103.10972,12,HIGH,A2,Learning Task Decomposition with Ordered Memory Policy Network,arxiv:2103.10972,"Many complex real-world tasks are composed of several levels of sub-tasks. Humans leverage these hierarchical structures to accelerate the learning process and achieve better generalization. In this work, we study the inductive bias and propose Ordered Memory Policy Network (OMPN) to discover subtask hierarchy by learning from demonstration. The discovered subtask hierarchy could be used to perform task decomposition, recovering the subtask boundaries in an unstruc-tured demonstration. Experiments on Craft and Dial demonstrate that our modelcan achieve higher task decomposition performance under both unsupervised and weakly supervised settings, comparing with strong baselines. OMPN can also bedirectly applied to partially observable environments and still achieve higher task decomposition performance. Our visualization further confirms that the subtask hierarchy can emerge in our model.",high,A2,1,A2=high,"A2=Finds event, phase, or subtask boundaries by modeling temporal changes in observations, dynamics, language, or latent sequence variables.","A2=The mechanism can turn long robot experience into reusable training units, skill memories, or better-conditioned policy targets.",A2=true,expansion_round_1,,2021,arxiv:2103.10972,,,,,,,A2,false,false,false,false,A2/expansion-pool.json | A2/expansion-pool.jsonl,A2/expansion-triage.jsonl
466,arxiv:2106.03155,12,HIGH,A6,SoftDICE for Imitation Learning: Rethinking Off-policy Distribution Matching,arxiv:2106.03155,"We present SoftDICE, which achieves state-of-the-art performance for imitation learning. SoftDICE fixes several key problems in ValueDICE, an off-policy distribution matching approach for sample-efficient imitation learning. Specifically, the objective of ValueDICE contains logarithms and exponentials of expectations, for which the mini-batch gradient estimate is always biased. Second, ValueDICE regularizes the objective with replay buffer samples when expert demonstrations are limited in number, which however changes the original distribution matching problem. Third, the re-parametrization trick used to derive the off-policy objective relies on an implicit assumption that rarely holds in training. We leverage a novel formulation of distribution matching and consider an entropy-regularized off-policy objective, which yields a completely offline algorithm called SoftDICE. Our empirical results show that SoftDICE recovers the expert policy with only one demonstration trajectory and no further on-policy/off-policy samples. SoftDICE also stably outperforms ValueDICE and other baselines in terms of sample efficiency on Mujoco benchmark tasks.",high,A6,1,A6=high,"A6=Learns or supplies recovery, correction, retry, repair, or replanning behavior from failed or perturbed executions.",A6=Makes failure states informative for robust execution and for deciding what corrective data to collect next.,A6=true,expansion_round_1,,,arxiv:2106.03155,arxiv:2106.03155,8641189533146054394,,,related-papers,,A6,false,false,false,false,A6/expansion/canonical-pool.jsonl,A6/expansion/triage.jsonl
479,arxiv:2107.04775,12,HIGH,A6,LS3: Latent Space Safe Sets for Long-Horizon Visuomotor Control of Sparse Reward Iterative Tasks,arxiv:2107.04775,"Reinforcement learning (RL) has shown impressive success in exploring high-dimensional environments to learn complex tasks, but can often exhibit unsafe behaviors and require extensive environment interaction when exploration is unconstrained. A promising strategy for learning in dynamically uncertain environments is requiring that the agent can robustly return to learned safe sets, where task success (and therefore safety) can be guaranteed. While this approach has been successful in low-dimensions, enforcing this constraint in environments with visual observations is exceedingly challenging. We present a novel continuous representation for safe sets by framing it as a binary classification problem in a learned latent space, which flexibly scales to image observations. We then present a new algorithm, Latent Space Safe Sets (LS3), which uses this representation for long-horizon tasks with sparse rewards. We evaluate LS3 on 4 domains, including a challenging sequential pushing task in simulation and a physical cable routing task. We find that LS3 can use prior task successes to restrict exploration and learn more efficiently than prior algorithms while satisfying constraints. See https://tinyurl.com/latent-ss for code and supplementary material.",high,A6,1,A6=high,"A6=Uses value or reward inference, offline reinforcement learning, or advantage signals to extract task-relevant behavior from heterogeneous trajectories.",A6=Connects trajectory outcomes to policy improvement rather than copying actions independently of consequences.,A6=true,expansion_round_1,,,arxiv:2107.04775,arxiv:2107.04775,5365439460464158458,,,related-papers,,A6,false,false,false,false,A6/expansion/canonical-pool.jsonl,A6/expansion/triage.jsonl
492,arxiv:2108.03332,12,MEDIUM,A4,"BEHAVIOR: Benchmark for Everyday Household Activities in Virtual, Interactive, and Ecological Environments",arxiv:2108.03332,"We introduce BEHAVIOR, a benchmark for embodied AI with 100 activities in simulation, spanning a range of everyday household chores such as cleaning, maintenance, and food preparation. These activities are designed to be realistic, diverse, and complex, aiming to reproduce the challenges that agents must face in the real world. Building such a benchmark poses three fundamental difficulties for each activity: definition (it can differ by time, place, or person), instantiation in a simulator, and evaluation. BEHAVIOR addresses these with three innovations. First, we propose an object-centric, predicate logic-based description language for expressing an activity's initial and goal conditions, enabling generation of diverse instances for any activity. Second, we identify the simulator-agnostic features required by an underlying environment to support BEHAVIOR, and demonstrate its realization in one such simulator. Third, we introduce a set of metrics to measure task progress and efficiency, absolute and relative to human demonstrators. We include 500 human demonstrations in virtual reality (VR) to serve as the human ground truth. Our experiments demonstrate that even state of the art embodied AI solutions struggle with the level of realism, diversity, and complexity imposed by the activities in our benchmark. We make BEHAVIOR publicly available at behavior.stanford.edu to facilitate and calibrate the development of new embodied AI solutions.",medium,A4,1,A4=medium,A4=Uses a valuation or attribution signal to estimate the contribution of training examples to model or policy outcomes.,A4=It is directly or plausibly transferable to selecting robot experience for policy learning.,A4=false,expansion_round_1,,2021,arxiv:2108.03332 | paper:6388947981873150301,arxiv:2108.03332,6388947981873150301,,,references,foundational,A4,false,false,false,false,A4/expansion/round4/registry.jsonl | A7/raw/q13-novelty-coverage.json | A7/work/expansion-registry.json | A7/work/expansion-registry.jsonl | A7/work/paper-registry.json | A7/work/paper-registry.jsonl | A7/work/verified-paper-registry.json | A7/work/verified-paper-registry.jsonl,A4/expansion/all-new-expansion-triage.jsonl
505,arxiv:2109.11280,12,HIGH,A3,Semi-Supervised Imitation Learning with Mixed Qualities of Demonstrations for Autonomous Driving,arxiv:2109.11280,"In this paper, we consider the problem of autonomous driving using imitation learning in a semi-supervised manner. In particular, both labeled and unlabeled demonstrations are leveraged during training by estimating the quality of each unlabeled demonstration. If the provided demonstrations are corrupted and have a low signal-to-noise ratio, the performance of the imitation learning agent can be degraded significantly. To mitigate this problem, we propose a method called semi-supervised imitation learning (SSIL). SSIL first learns how to discriminate and evaluate each state-action pair's relia",high,A3,1,A3=high,A3=A learned reliability discriminator estimates state-action quality in unlabeled demonstrations and combines it with a small labeled set.,A3=It demonstrates a practical route to quality labels when only a small portion of driving or robot data can be reviewed.,A3=true,primary_assignment,Gunmin Lee | Wooseok Oh | Seungyoun Shin | Dohyeong Kim | Jeongwoo Oh | Jaeyeon Jeong | Sungjoon Choi | Songhwai Oh,2021,arxiv:2109.11280,arxiv:2109.11280,paper:7226268542381480433,cs.RO,q03-synonyms | q05-quality-scoring | q20-foundational-robust | q22-safe-bad-data,firecrawl research search-papers,general,A3,false,false,false,false,A3/assigned-papers.json | A3/evidence-index.json | A3/paper-registry.json | A3/raw/q03-synonyms.txt | A3/raw/q05-quality-scoring.txt | A3/raw/q20-foundational-robust.txt | A3/raw/q22-safe-bad-data.txt | A5/canonical-pool.jsonl | A5/paper-registry.json | A6/raw-retrieval/q06-syn-noisy-demo.json | A6/raw-retrieval/q19-adj-autonomous-driving.json | A6/work/canonical-pool.jsonl,A3/abstract-triage.jsonl
518,arxiv:2110.06169,12,HIGH,A4 | A7,Offline Reinforcement Learning with Implicit Q-Learning,arxiv:2110.06169,"Offline reinforcement learning requires reconciling two conflicting aims: learning a policy that improves over the behavior policy that collected the dataset, while at the same time minimizing the deviation from the behavior policy so as to avoid errors due to distributional shift. This trade-off is critical, because most current offline reinforcement learning methods need to query the value of unseen actions during training to improve the policy, and therefore need to either constrain these actions to be in-distribution, or else regularize their values. We propose an offline RL method that never needs to evaluate actions outside of the dataset, but still enables the learned policy to improve substantially over the best behavior in the data through generalization. The main insight in our work is that, instead of evaluating unseen actions from the latest policy, we can approximate the policy improvement step implicitly by treating the state value function as a random variable, with randomness determined by the action (while still integrating over the dynamics to avoid excessive optimism), and then taking a state conditional upper expectile of this random variable to estimate the value of the best actions in that state. This leverages the generalization capacity of the function approximator to estimate the value of the best available action at a given state without ever directly querying a Q-function with this unseen action. Our algorithm alternates between fitting this upper expectile value function and backing it up into a Q-function. Then, we extract the policy via advantage-weighted behavioral cloning. We dub our method implicit Q-learning (IQL). IQL demonstrates the state-of-the-art performance on D4RL, a standard benchmark for offline reinforcement learning. We also demonstrate that IQL achieves strong performance fine-tuning using online interaction after offline initialization.",high,A4 | A7,2,A4=high | A7=high,"A4=Connects trajectory or dataset composition to downstream policy or model behavior. | A7=Offline reinforcement learning requires reconciling two conflicting aims: learning a policy that improves over the behavior policy that collected the dataset, while at the same time minimizing the deviation from the behavior policy so as to avoid errors due...",A4=It directly informs curation of robot experience or a transferable policy-data loop. | A7=It helps diagnose or reduce behavior-distribution mismatch and spurious dependence under deployment shift.,A4=true | A7=true,expansion_round_1,,,arxiv:2110.06169 | paper:7851085670686022379,,,,,references | related-paper-expansion,,A4 | A7,false,false,false,false,A4/expansion/expansion-registry.jsonl | A7/work/expansion-registry.json | A7/work/expansion-registry.jsonl,A4/expansion/expansion-triage.jsonl | A7/work/expansion-triage.jsonl
531,arxiv:2111.00071,12,HIGH,A1,"ReSkin: versatile, replaceable, lasting tactile skins",arxiv:2111.00071,"Soft sensors have continued growing interest in robotics, due to their ability to enable both passive conformal contact from the material properties and active contact data from the sensor properties. However, the same properties of conformal contact result in faster deterioration of soft sensors and larger variations in their response characteristics over time and across samples, inhibiting their ability to be long-lasting and replaceable. ReSkin is a tactile soft sensor that leverages machine learning and magnetic sensing to offer a low-cost, diverse and compact solution for long-term use. Magnetic sensing separates the electronic circuitry from the passive interface, making it easier to replace interfaces as they wear out while allowing for a wide variety of form factors. Machine learning allows us to learn sensor response models that are robust to variations across fabrication and time, and our self-supervised learning algorithm enables finer performance enhancement with small, inexpensive data collection procedures. We believe that ReSkin opens the door to more versatile, scalable and inexpensive tactile sensation modules than existing alternatives.",high,A1,1,A1=high,"A1=The paper develops or evaluates a temporal correspondence, synchronization, delay, or sequence-representation mechanism for ReSkin: versatile, replaceable, lasting tactile skins.","A1=Its mechanism is a plausible transfer to multimodal robot experience, action-observation alignment, or temporally aware policy training.",A1=true,expansion_round_2,,,arxiv:2111.00071,arxiv:2111.00071,8864296648275355132,,,related-papers-round2 | related-papers-round3,,A1,false,false,false,false,A1/expansion-round2-registry.json | A1/expansion-round3-registry.json | A1/paper-registry-complete.json,A1/expansion-round2-triage.jsonl
544,arxiv:2201.11861,12,HIGH,A8,The Challenges of Exploration for Offline Reinforcement Learning,arxiv:2201.11861,"Offline Reinforcement Learning (ORL) enablesus to separately study the two interlinked processes of reinforcement learning: collecting informative experience and inferring optimal behaviour. The second step has been widely studied in the offline setting, but just as critical to data-efficient RL is the collection of informative data. The task-agnostic setting for data collection, where the task is not known a priori, is of particular interest due to the possibility of collecting a single dataset and using it to solve several downstream tasks as they arise. We investigate this setting via curiosity-based intrinsic motivation, a family of exploration methods which encourage the agent to explore those states or transitions it has not yet learned to model. With Explore2Offline, we propose to evaluate the quality of collected data by transferring the collected data and inferring policies with reward relabelling and standard offline RL algorithms. We evaluate a wide variety of data collection strategies, including a new exploration agent, Intrinsic Model Predictive Control (IMPC), using this scheme and demonstrate their performance on various tasks. We use this decoupled framework to strengthen intuitions about exploration and the data prerequisites for effective offline RL.",high,A8,1,A8=high,A8=Explore2Offline evaluates curiosity-based collection policies by transferring their data to relabeled downstream tasks with offline RL.,A8=It separates data collection quality from policy inference and provides a framework for judging task-agnostic experience usefulness.,A8=true,expansion_round_1,,,arxiv:2201.11861 | paperid:666449522667756119,,,,,related-papers,,A8,false,false,false,false,A8/work/expansion-novel.jsonl | A8/work/expansion-pool.jsonl,A8/work/expansion-triage.jsonl
557,arxiv:2202.10001,12,MEDIUM,A1,Recurrent Auto-Encoder With Multi-Resolution Ensemble and Predictive Coding for Multivariate Time-Series Anomaly Detection,arxiv:2202.10001,"As large-scale time-series data can easily be found in real-world applications, multivariate time-series anomaly detection has played an essential role in diverse industries. It enables productivity improvement and maintenance cost reduction by preventing malfunctions and detecting anomalies based on time-series data. However, multivariate time-series anomaly detection is challenging because real-world time-series data exhibit complex temporal dependencies. For this task, it is crucial to learn a rich representation that effectively contains the nonlinear temporal dynamics of normal behavior. In this study, we propose an unsupervised multivariate time-series anomaly detection model named RAE-MEPC which learns informative normal representations based on multi-resolution ensemble and predictive coding. We introduce multi-resolution ensemble encoding to capture the multi-scale dependency from the input time series. The encoder hierarchically aggregates the temporal features extracted from the sub-encoders with different encoding lengths. From these encoded features, the reconstruction decoder reconstructs the input time series based on multi-resolution ensemble decoding where lower-resolution information helps to decode sub-decoders with higher-resolution outputs. Predictive coding is further introduced to encourage the model to learn the temporal dependencies of the time series. Experiments on real-world benchmark datasets show that the proposed model outperforms the benchmark models for multivariate time-series anomaly detection.",medium,A1,1,A1=medium,"A1=The paper develops or evaluates a temporal correspondence, synchronization, delay, or sequence-representation mechanism for Recurrent Auto-Encoder With Multi-Resolution Ensemble and Predictive Coding for Multivariate Time-Series Anomaly Detection.","A1=Its adjacent-domain method may provide a transferable alignment idea, but the robot transfer path requires verification.",A1=true,expansion_round_1,,,arxiv:2202.10001,arxiv:2202.10001,8317501400001215637,,,related-similar,,A1,false,false,false,false,A1/expansion-registry.json | A1/paper-registry-complete.json,A1/expansion-triage.jsonl
570,arxiv:2204.05618,12,MEDIUM,A3,When Should We Prefer Offline Reinforcement Learning Over Behavioral Cloning?,arxiv:2204.05618,"Offline reinforcement learning (RL) algorithms can acquire effective policies by utilizing previously collected experience, without any online interaction. It is widely understood that offline RL is able to extract good policies even from highly suboptimal data, a scenario where imitation learning finds suboptimal solutions that do not improve over the demonstrator that generated the dataset. However, another common use case for practitioners is to learn from data that resembles demonstrations. In this case, one can choose to apply offline RL, but can also use behavioral cloning (BC) algorithm",medium,A3,1,A3=medium,A3=The work compares when offline RL can improve over behavioral cloning as dataset quality and suboptimality vary.,"A3=Its decision boundary is relevant to choosing whether to filter, reweight, or optimize weak data, although the abstract is not a curation algorithm itself.",A3=true,primary_assignment,Aviral Kumar | Joey Hong | Anikait Singh | Sergey Levine,2022,arxiv:2204.05618,arxiv:2204.05618,6965062130684720429,cs.LG,q10-suboptimal,firecrawl research search-papers,,A3,false,false,false,false,A3/assigned-papers.json | A3/evidence-index.json | A3/paper-registry.json | A3/raw/q10-suboptimal.txt | A4/canonical-registry.jsonl | A4/raw/q11-help-harm.json | A6/raw-retrieval/q12-mech-offline-failures.json | A6/work/canonical-pool.jsonl,A3/abstract-triage.jsonl
583,arxiv:2205.11019,12,MEDIUM,A6,Efficient Reinforcement Learning from Demonstration Using Local Ensemble and Reparameterization with Split and Merge of Expert Policies,arxiv:2205.11019,"The current work on reinforcement learning (RL) from demonstrations often assumes the demonstrations are samples from an optimal policy, an unrealistic assumption in practice. When demonstrations are generated by sub-optimal policies or have sparse state-action pairs, policy learned from sub-optimal demonstrations may mislead an agent with incorrect or non-local action decisions. We propose a new method called Local Ensemble and Reparameterization with Split and Merge of expert policies (LEARN-SAM) to improve efficiency and make better use of the sub-optimal demonstrations. First, LEARN-SAM employs a new concept, the lambda-function, based on a discrepancy measure between the current state to demonstrated states to ""localize"" the weights of the expert policies during learning. Second, LEARN-SAM employs a split-and-merge (SAM) mechanism by separating the helpful parts in each expert demonstration and regrouping them into new expert policies to use the demonstrations selectively. Both the lambda-function and SAM mechanism help boost the learning speed. Theoretically, we prove the invariant property of reparameterized policy before and after the SAM mechanism, providing theoretical guarantees for the convergence of the employed policy gradient method. We demonstrate the superiority of the LEARN-SAM method and its robustness with varying demonstration quality and sparsity in six experiments on complex continuous control problems of low to high dimensions, compared to existing methods on RL from demonstration.",medium,A6,1,A6=medium,"A6=Estimates demonstration quality or latent expertise to filter, weight, or optimize learning from mixed-quality experience.",A6=Shows how heterogeneous demonstrations can contribute without treating every transition as equally trustworthy.,A6=true,expansion_round_1,,,arxiv:2205.11019,arxiv:2205.11019,5177676237332111676,,58,related-papers,general,A6,false,false,false,false,A5/canonical-pool.jsonl | A5/paper-registry.json | A6/expansion/canonical-pool.jsonl,A6/expansion/triage.jsonl
596,arxiv:2207.05515,12,HIGH,A1,Compound Prototype Matching for Few-shot Action Recognition,arxiv:2207.05515,"Few-shot action recognition aims to recognize novel action classes using only a small number of labeled training samples. In this work, we propose a novel approach that first summarizes each video into compound prototypes consisting of a group of global prototypes and a group of focused prototypes, and then compares video similarity based on the prototypes. Each global prototype is encouraged to summarize a specific aspect from the entire video, for example, the start/evolution of the action. Since no clear annotation is provided for the global prototypes, we use a group of focused prototypes to focus on certain timestamps in the video. We compare video similarity by matching the compound prototypes between the support and query videos. The global prototypes are directly matched to compare videos from the same perspective, for example, to compare whether two actions start similarly. For the focused prototypes, since actions have various temporal variations in the videos, we apply bipartite matching to allow the comparison of actions with different temporal positions and shifts. Experiments demonstrate that our proposed method achieves state-of-the-art results on multiple benchmarks.",high,A1,1,A1=high,"A1=The paper develops or evaluates a temporal correspondence, synchronization, delay, or sequence-representation mechanism for Compound Prototype Matching for Few-shot Action Recognition.","A1=Its mechanism is a plausible transfer to multimodal robot experience, action-observation alignment, or temporally aware policy training.",A1=true,expansion_round_3,,,arxiv:2207.05515,arxiv:2207.05515,3444443548778834306,,,related-papers-round3,,A1,false,false,false,false,A1/expansion-round3-registry.json | A1/paper-registry-complete.json,A1/expansion-round3-triage.jsonl
609,arxiv:2209.13850,12,HIGH,A6,Bimanual rope manipulation skill synthesis through context dependent correction policy learning from human demonstration,arxiv:2209.13850,"Learning from demonstration (LfD) provides a convenient means to equip robots with dexterous skills when demonstration can be obtained in robot intrinsic coordinates. However, the problem of compounding errors in long and complex skills reduces its wide deployment. Since most such complex skills are composed of smaller movements that are combined, considering the target skill as a sequence of compact motor primitives seems reasonable. Here the problem that needs to be tackled is to ensure that a motor primitive ends in a state that allows the successful execution of the subsequent primitive. In this study, we focus on this problem by proposing to learn an explicit correction policy when the expected transition state between primitives is not achieved. The correction policy is itself learned via behavior cloning by the use of a state-of-the-art movement primitive learning architecture, Conditional Neural Motor Primitives (CNMPs). The learned correction policy is then able to produce diverse movement trajectories in a context dependent way. The advantage of the proposed system over learning the complete task as a single action is shown with a table-top setup in simulation, where an object has to be pushed through a corridor in two steps. Then, the applicability of the proposed method to bi-manual knotting in the real world is shown by equipping an upper-body humanoid robot with the skill of making knots over a bar in 3D space. The experiments show that the robot can perform successful knotting even when the faced correction cases are not part of the human demonstration set.",high,A6,1,A6=high,"A6=Uses a recovery, correction, failure-analysis, or imperfect-demonstration mechanism to improve robot execution from non-ideal experience.",A6=Adds an independently discovered A6 mechanism or an important variant for experience/data/training design.,A6=true,expansion_round_1,"T. Baturhan Akbulut, G. Tuba C. Girgin, Arash Mehrabi, Minoru Asada, Emre Ugur, Erhan Oztop",2022,arxiv:2209.13850,arxiv:2209.13850,3777018952344177141,cs.RO,,related-papers,,A6,false,true,false,false,A6/expansion/canonical-pool.jsonl | A6/expansion/selected-registry.jsonl,A6/expansion-triage.jsonl | A6/expansion/triage.jsonl
622,arxiv:2210.06479,12,HIGH,A5 | A6,Real World Offline Reinforcement Learning with Realistic Data Source,arxiv:2210.06479,"Offline reinforcement learning (ORL) holds great promise for robot learning due to its ability to learn from arbitrary pre-generated experience. However, current ORL benchmarks are almost entirely in simulation and utilize contrived datasets like replay buffers of online RL agents or sub-optimal trajectories, and thus hold limited relevance for real-world robotics. In this work (Real-ORL), we posit that data collected from safe operations of closely related tasks are more practical data sources for real-world robot learning. Under these settings, we perform an extensive (6500+ trajectories collected over 800+ robot hours and 270+ human labor hour) empirical study evaluating generalization and transfer capabilities of representative ORL methods on four real-world tabletop manipulation tasks. Our study finds that ORL and imitation learning prefer different action spaces, and that ORL algorithms can generalize from leveraging offline heterogeneous data sources and outperform imitation learning. We release our dataset and implementations at URL: https://sites.google.com/view/real-orl",high,A5 | A6,2,A5=high | A6=medium,"A5=However, current ORL benchmarks are almost entirely in simulation and utilize contrived datasets like replay buffers of online RL agents or sub-optimal trajectories, and thus hold limited relevance for real-world robotics. | A6=Uses value or reward inference, offline reinforcement learning, or advantage signals to extract task-relevant behavior from heterogeneous trajectories.","A5=It informs which stored transitions or demonstrations should be replayed more often when sparse reward, rarity, or learning progress matters. | A6=Connects trajectory outcomes to policy improvement rather than copying actions independently of consequences.",A5=true | A6=true,expansion_round_1 | primary_assignment,"Gaoyue Zhou, Liyiming Ke, Siddhartha Srinivasa, Abhinav Gupta, Aravind Rajeswaran, Vikash Kumar",2022,arxiv:2210.06479 | paper:5811127328061065808,arxiv:2210.06479,paper:5811127328061065808,cs.LG | cs.RO,4 | 50 | q31-trajectory-rank,related-papers | search-papers,foundational | general,A5,false,false,false,true,A4/canonical-registry.jsonl | A4/raw/q31-trajectory-rank.json | A5/assigned-papers.json | A5/canonical-pool.jsonl | A5/evidence-ledger.jsonl | A5/inspection-manifest.json | A5/paper-registry.json | A5/raw/q04-direct-replay.json | A5/read-manifest.json | A6/expansion/canonical-pool.jsonl | A7/raw/q25-foundational-multitask.json | A7/work/paper-registry.json | A7/work/paper-registry.jsonl | A7/work/verified-paper-registry.json | A7/work/verified-paper-registry.jsonl,A5/assigned-abstracts.jsonl | A6/expansion/triage.jsonl
635,arxiv:2211.01471,12,MEDIUM,A3,Dual Generator Offline Reinforcement Learning,arxiv:2211.01471,"In offline RL, constraining the learned policy to remain close to the data is essential to prevent the policy from outputting out-of-distribution (OOD) actions with erroneously overestimated values. In principle, generative adversarial networks (GAN) can provide an elegant solution to do so, with the discriminator directly providing a probability that quantifies distributional shift. However, in practice, GAN-based offline RL methods have not performed as well as alternative approaches, perhaps because the generator is trained to both fool the discriminator and maximize return -- two objective",medium,A3,1,A3=medium,"A3=The paper develops or evaluates Dual Generator Offline Reinforcement Learning, providing an adjacent mechanism for robust learning, attribution, evaluation, or data selection.","A3=It may transfer to robot experience curation or training intelligence, but its direct relevance requires verification.",A3=false,expansion_round_1,,2022,arxiv:2211.01471,,,,,firecrawl research related-papers,,A3,false,false,false,false,A3/expansion-registry.json | A3/paper-registry.json,A3/expansion-triage.jsonl
648,arxiv:2212.04590,12,MEDIUM,A2,Learning Options via Compression,arxiv:2212.04590,"Identifying statistical regularities in solutions to some tasks in multi-task reinforcement learning can accelerate the learning of new tasks. Skill learning offers one way of identifying these regularities by decomposing pre-collected experiences into a sequence of skills. A popular approach to skill learning is maximizing the likelihood of the pre-collected experience with latent variable models, where the latent variables represent the skills. However, there are often many solutions that maximize the likelihood equally well, including degenerate solutions. To address this underspecification, we propose a new objective that combines the maximum likelihood objective with a penalty on the description length of the skills. This penalty incentivizes the skills to maximally extract common structures from the experiences. Empirically, our objective learns skills that solve downstream tasks in fewer samples compared to skills learned from only maximizing likelihood. Further, while most prior works in the offline multi-task setting focus on tasks with low-dimensional observations, our objective can scale to challenging tasks with high-dimensional image observations.",medium,A2,1,A2=medium,"A2=Encodes or selects compact trajectory segments or latent plans so sequential experience can be retrieved, recombined, or reused.",A2=The adjacent sequence mechanism offers a transferable way to localize or compress useful intervals when robot labels are scarce.,A2=false,expansion_round_1,,2022,arxiv:2212.04590,,,,,,,A2,false,false,false,false,A2/expansion-pool.json | A2/expansion-pool.jsonl,A2/expansion-triage.jsonl
661,arxiv:2301.09816,12,HIGH,A8,SMART: Self-supervised Multi-task pretrAining with contRol Transformers,arxiv:2301.09816,"Self-supervised pretraining has been extensively studied in language and vision domains, where a unified model can be easily adapted to various downstream tasks by pretraining representations without explicit labels. When it comes to sequential decision-making tasks, however, it is difficult to properly design such a pretraining approach that can cope with both high-dimensional perceptual information and the complexity of sequential control over long interaction horizons. The challenge becomes combinatorially more complex if we want to pretrain representations amenable to a large variety of tasks. To tackle this problem, in this work, we formulate a general pretraining-finetuning pipeline for sequential decision making, under which we propose a generic pretraining framework Self-supervised Multi-task pretrAining with contRol Transformer (SMART). By systematically investigating pretraining regimes, we carefully design a Control Transformer (CT) coupled with a novel control-centric pretraining objective in a self-supervised manner. SMART encourages the representation to capture the common essential information relevant to short-term control and long-term control, which is transferrable across tasks. We show by extensive experiments in DeepMind Control Suite that SMART significantly improves the learning efficiency among seen and unseen downstream tasks and domains under different learning scenarios including Imitation Learning (IL) and Reinforcement Learning (RL). Benefiting from the proposed control-centric objective, SMART is resilient to distribution shift between pretraining and finetuning, and even works well with low-quality pretraining datasets that are randomly collected.",high,A8,1,A8=high,A8=Self-supervised multi-task pretraining learns transformer representations of robot control sequences before downstream adaptation.,A8=It offers a representation baseline for testing cross-task usefulness of fleet data.,A8=true,expansion_round_3,,,arxiv:2301.09816 | paperid:1859454561343844553,,,,,,,A8,false,false,false,false,A8/work/expansion-round3-novel.jsonl,A8/work/expansion-round3-triage.jsonl
674,arxiv:2302.02179,12,MEDIUM,A8,Developing Driving Strategies Efficiently: A Skill-Based Hierarchical Reinforcement Learning Approach,arxiv:2302.02179,"Driving in dense traffic with human and autonomous drivers is a challenging task that requires high-level planning and reasoning. Human drivers can achieve this task comfortably, and there has been many efforts to model human driver strategies. These strategies can be used as inspirations for developing autonomous driving algorithms or to create high-fidelity simulators. Reinforcement learning is a common tool to model driver policies, but conventional training of these models can be computationally expensive and time-consuming. To address this issue, in this paper, we propose ``skill-based"" hierarchical driving strategies, where motion primitives, i.e. skills, are designed and used as high-level actions. This reduces the training time for applications that require multiple models with varying behavior. Simulation results in a merging scenario demonstrate that the proposed approach yields driver models that achieve higher performance with less training compared to baseline reinforcement learning methods.",medium,A8,1,A8=medium,A8=Hierarchical skill representations decompose driving behavior into reusable temporally extended strategies.,"A8=It offers a skill-level unit for similarity and coverage accounting, though not a direct fleet selector.",A8=true,expansion_round_3,,,arxiv:2302.02179 | paperid:2146406847297050171,,,,,,,A8,false,false,false,false,A8/work/expansion-round3-novel.jsonl,A8/work/expansion-round3-triage.jsonl
687,arxiv:2303.00638,12,HIGH,A3,MEGA-DAgger: Imitation Learning with Multiple Imperfect Experts,arxiv:2303.00638,"Imitation learning has been widely applied to various autonomous systems thanks to recent development in interactive algorithms that address covariate shift and compounding errors induced by traditional approaches like behavior cloning. However, existing interactive imitation learning methods assume access to one perfect expert. Whereas in reality, it is more likely to have multiple imperfect experts instead. In this paper, we propose MEGA-DAgger, a new DAgger variant that is suitable for interactive learning with multiple imperfect experts. First, unsafe demonstrations are filtered while aggr",high,A3,1,A3=high,A3=MEGA-DAgger filters unsafe demonstrations and aggregates corrective labels from multiple imperfect experts during interactive learning.,A3=It addresses both expert heterogeneity and covariate shift without assuming a single flawless teacher.,A3=true,primary_assignment,Xiatao Sun | Shuo Yang | Mingyan Zhou | Kunpeng Liu | Rahul Mangharam,2023,arxiv:2303.00638,arxiv:2303.00638,7980041228355039000,cs.LG | cs.RO,q21-dagger | q22-safe-bad-data,firecrawl research search-papers,,A3,false,false,false,false,A3/assigned-papers.json | A3/evidence-index.json | A3/paper-registry.json | A3/raw/q21-dagger.txt | A3/raw/q22-safe-bad-data.txt | A6/raw-retrieval/q19-adj-autonomous-driving.json | A6/raw-retrieval/q24-found-dagger.json | A6/raw-retrieval/q34-found-original-dagger.json | A6/work/canonical-pool.jsonl,A3/abstract-triage.jsonl
700,arxiv:2303.13505,12,HIGH,A1,A Large-scale Study of Spatiotemporal Representation Learning with a New Benchmark on Action Recognition,arxiv:2303.13505,"The goal of building a benchmark (suite of datasets) is to provide a unified protocol for fair evaluation and thus facilitate the evolution of a specific area. Nonetheless, we point out that existing protocols of action recognition could yield partial evaluations due to several limitations. To comprehensively probe the effectiveness of spatiotemporal representation learning, we introduce BEAR, a new BEnchmark on video Action Recognition. BEAR is a collection of 18 video datasets grouped into 5 categories (anomaly, gesture, daily, sports, and instructional), which covers a diverse set of real-world applications. With BEAR, we thoroughly evaluate 6 common spatiotemporal models pre-trained by both supervised and self-supervised learning. We also report transfer performance via standard finetuning, few-shot finetuning, and unsupervised domain adaptation. Our observation suggests that current state-of-the-art cannot solidly guarantee high performance on datasets close to real-world applications, and we hope BEAR can serve as a fair and challenging evaluation benchmark to gain insights on building next-generation spatiotemporal learners. Our dataset, code, and models are released at: https://github.com/AndongDeng/BEAR",high,A1,1,A1=high,"A1=The paper develops or evaluates a temporal correspondence, synchronization, delay, or sequence-representation mechanism for A Large-scale Study of Spatiotemporal Representation Learning with a New Benchmark on Action Recognition.","A1=Its mechanism is a plausible transfer to multimodal robot experience, action-observation alignment, or temporally aware policy training.",A1=true,expansion_round_2,,,arxiv:2303.13505,arxiv:2303.13505,1176133269459721137,,,related-papers-round2 | related-papers-round3,,A1,false,false,false,false,A1/expansion-round2-registry.json | A1/expansion-round3-registry.json | A1/paper-registry-complete.json,A1/expansion-round2-triage.jsonl
713,arxiv:2304.09825,12,MEDIUM,A8,Using Offline Data to Speed Up Reinforcement Learning in Procedurally Generated Environments,arxiv:2304.09825,"One of the key challenges of Reinforcement Learning (RL) is the ability of agents to generalise their learned policy to unseen settings. Moreover, training RL agents requires large numbers of interactions with the environment. Motivated by the recent success of Offline RL and Imitation Learning (IL), we conduct a study to investigate whether agents can leverage offline data in the form of trajectories to improve the sample-efficiency in procedurally generated environments. We consider two settings of using IL from offline data for RL: (1) pre-training a policy before online RL training and (2) concurrently training a policy with online RL and IL from offline data. We analyse the impact of the quality (optimality of trajectories) and diversity (number of trajectories and covered level) of available offline trajectories on the effectiveness of both approaches. Across four well-known sparse reward tasks in the MiniGrid environment, we find that using IL for pre-training and concurrently during online RL training both consistently improve the sample-efficiency while converging to optimal policies. Furthermore, we show that pre-training a policy from as few as two trajectories can make the difference between learning an optimal policy at the end of online training and not learning at all. Our findings motivate the widespread adoption of IL for pre-training and concurrent IL in procedurally generated environments whenever offline trajectories are available or can be generated.",medium,A8,1,A8=medium,A8=Offline exploratory data are reused to initialize or accelerate online RL in procedurally varied environments.,A8=It tests whether pre-collected coverage has downstream value beyond its original collection setting.,A8=true,expansion_round_3,,,arxiv:2304.09825 | paperid:5522724752364068744,,paper:5522724752364068744,,20,,general,A8,false,false,false,false,A5/canonical-pool.jsonl | A5/paper-registry.json | A8/work/expansion-round3-novel.jsonl,A8/work/expansion-round3-triage.jsonl
726,arxiv:2305.06289,12,HIGH,A1,Learning Video-Conditioned Policies for Unseen Manipulation Tasks,arxiv:2305.06289,"The ability to specify robot commands by a non-expert user is critical for building generalist agents capable of solving a large variety of tasks. One convenient way to specify the intended robot goal is by a video of a person demonstrating the target task. While prior work typically aims to imitate human demonstrations performed in robot environments, here we focus on a more realistic and challenging setup with demonstrations recorded in natural and diverse human environments. We propose Video-conditioned Policy learning (ViP), a data-driven approach that maps human demonstrations of previously unseen tasks to robot manipulation skills. To this end, we learn our policy to generate appropriate actions given current scene observations and a video of the target task. To encourage generalization to new tasks, we avoid particular tasks during training and learn our policy from unlabelled robot trajectories and corresponding robot videos. Both robot and human videos in our framework are represented by video embeddings pre-trained for human action recognition. At test time we first translate human videos to robot videos in the common video embedding space, and then use resulting embeddings to condition our policies. Notably, our approach enables robot control by human demonstrations in a zero-shot manner, i.e., without using robot trajectories paired with human instructions during training. We validate our approach on a set of challenging multi-task robot manipulation environments and outperform state of the art. Our method also demonstrates excellent performance in a new challenging zero-shot setup where no paired data is used during training.",high,A1,1,A1=high,"A1=The paper develops or evaluates a temporal correspondence, synchronization, delay, or sequence-representation mechanism for Learning Video-Conditioned Policies for Unseen Manipulation Tasks.","A1=Its mechanism is a plausible transfer to multimodal robot experience, action-observation alignment, or temporally aware policy training.",A1=true,expansion_round_1,,,arxiv:2305.06289,arxiv:2305.06289,4416191526187061572,,54 | 7,related-references,general,A1,false,false,false,false,A1/expansion-registry.json | A1/paper-registry-complete.json | A5/canonical-pool.jsonl | A5/paper-registry.json | A5/raw/q07-syn-demo.json | A8/raw/q05-synonyms.json | A8/work/canonical-pool.jsonl,A1/expansion-triage.jsonl
739,arxiv:2306.06394,12,HIGH,A2,PEAR: Primitive Enabled Adaptive Relabeling for Boosting Hierarchical Reinforcement Learning,arxiv:2306.06394,"Hierarchical reinforcement learning (HRL) has the potential to solve complex long horizon tasks using temporal abstraction and increased exploration. However, hierarchical agents are difficult to train due to inherent non-stationarity. We present primitive enabled adaptive relabeling (PEAR), a two-phase approach where we first perform adaptive relabeling on a few expert demonstrations to generate efficient subgoal supervision, and then jointly optimize HRL agents by employing reinforcement learning (RL) and imitation learning (IL). We perform theoretical analysis to bound the sub-optimality of our approach and derive a joint optimization framework using RL and IL. Since PEAR utilizes only a few expert demonstrations and considers minimal limiting assumptions on the task structure, it can be easily integrated with typical off-policy RL algorithms to produce a practical HRL approach. We perform extensive experiments on challenging environments and show that PEAR is able to outperform various hierarchical and non-hierarchical baselines and achieve upto 80% success rates in complex sparse robotic control tasks where other baselines typically fail to show significant progress. We also perform ablations to thoroughly analyse the importance of our various design choices. Finally, we perform real world robotic experiments on complex tasks and demonstrate that PEAR consistently outperforms the baselines.",high,A2,1,A2=high,A2=Detects or learns semantically meaningful trajectory segments and uses them as variable-horizon action chunks or keypose-to-keypose control targets.,"A2=Boundary and horizon choices determine the training unit, feedback latency, credit assignment, and compounding-error exposure in long-horizon robot learning.",A2=true,primary_assignment,"Utsav Singh, Vinay P. Namboodiri",2023,arxiv:2306.06394,arxiv:2306.06394,6118794094467487120,cs.LG,subgoal discovery temporal abstraction demonstrations inverse dynamics robotics,search-papers,false,A2,false,false,false,false,A2/assigned-papers.json | A2/assigned-registry-inspected.json | A2/assigned-registry-inspected.jsonl | A2/canonical-pool.json | A2/canonical-pool.jsonl | A2/raw/q16-subgoal.json,A2/assigned-abstracts.jsonl | A2/triage.jsonl
752,arxiv:2307.03719,12,HIGH,A1 | A7,Polybot: Training One Policy Across Robots While Embracing Variability,arxiv:2307.03719,"Reusing large datasets is crucial to scale vision-based robotic manipulators to everyday scenarios due to the high cost of collecting robotic datasets. However, robotic platforms possess varying control schemes, camera viewpoints, kinematic configurations, and end-effector morphologies, posing significant challenges when transferring manipulation skills from one platform to another. To tackle this problem, we propose a set of key design decisions to train a single policy for deployment on multiple robotic platforms. Our framework first aligns the observation and action spaces of our policy across embodiments via utilizing wrist cameras and a unified, but modular codebase. To bridge the remaining domain shift, we align our policy's internal representations across embodiments through contrastive learning. We evaluate our method on a dataset collected over 60 hours spanning 6 tasks and 3 robots with varying joint configurations and sizes: the WidowX 250S, the Franka Emika Panda, and the Sawyer. Our results demonstrate significant improvements in success rate and sample efficiency for our policy when using new task data collected on a different robot, validating our proposed design decisions. More details and videos can be found on our anonymized project website: https://sites.google.com/view/polybot-multirobot",high,A1 | A7,2,A1=low | A7=high,A1=The abstract does not expose a clear temporal mechanism connected to the lane. | A7=Aligns observation/action interfaces and applies contrastive representation alignment across robots with different views and kinematics.,"A1=Its mechanism is a plausible transfer to multimodal robot experience, action-observation alignment, or temporally aware policy training. | A7=It is a foundational cross-robot composition and representation recipe for data reuse.",A1=false | A7=true,expansion_round_1 | primary_assignment,"Jonathan Yang, Dorsa Sadigh, Chelsea Finn",2023,arxiv:2307.03719,arxiv:2307.03719,6210961159827643693,cs.LG | cs.RO,5,related-similar | search-papers,foundational | general | recent,A1 | A7,false,true,true,true,A1/expansion-registry.json | A1/paper-registry-complete.json | A5/canonical-pool.jsonl | A5/paper-registry.json | A5/raw/q05-direct-mixture.json | A7/raw/q03-heterogeneous.json | A7/raw/q07-multitask.json | A7/raw/q08-transfer.json | A7/raw/q27-cross-embodiment-foundation.json | A7/raw/q34-recent-shift.json | A7/raw/q38-shared-policy.json | A7/work/assigned-papers.json | A7/work/assigned-papers.jsonl | A7/work/expansion-registry.json | A7/work/expansion-registry.jsonl | A7/work/paper-registry.json | A7/work/paper-registry.jsonl | A7/work/read-manifest.json | A7/work/verified-paper-registry.json | A7/work/verified-paper-registry.jsonl,A1/expansion-triage.jsonl | A7/work/abstract-triage.jsonl | A7/work/assigned-abstracts.jsonl
765,arxiv:2308.06443,12,MEDIUM,A1,"Neural Latent Aligner: Cross-trial Alignment for Learning Representations of Complex, Naturalistic Neural Data",arxiv:2308.06443,"Understanding the neural implementation of complex human behaviors is one of the major goals in neuroscience. To this end, it is crucial to find a true representation of the neural data, which is challenging due to the high complexity of behaviors and the low signal-to-ratio (SNR) of the signals. Here, we propose a novel unsupervised learning framework, Neural Latent Aligner (NLA), to find well-constrained, behaviorally relevant neural representations of complex behaviors. The key idea is to align representations across repeated trials to learn cross-trial consistent information. Furthermore, we propose a novel, fully differentiable time warping model (TWM) to resolve the temporal misalignment of trials. When applied to intracranial electrocorticography (ECoG) of natural speaking, our model learns better representations for decoding behaviors than the baseline models, especially in lower dimensional space. The TWM is empirically validated by measuring behavioral coherence between aligned trials. The proposed framework learns more cross-trial consistent representations than the baselines, and when visualized, the manifold reveals shared neural trajectories across trials.",medium,A1,1,A1=medium,"A1=The paper develops or evaluates a temporal correspondence, synchronization, delay, or sequence-representation mechanism for Neural Latent Aligner: Cross-trial Alignment for Learning Representations of Complex, Naturalistic Neural Data.","A1=Its adjacent-domain method may provide a transferable alignment idea, but the robot transfer path requires verification.",A1=true,expansion_round_1,,,arxiv:2308.06443,arxiv:2308.06443,5489173707066020075,,,related-references,,A1,false,false,false,false,A1/expansion-registry.json | A1/paper-registry-complete.json,A1/expansion-triage.jsonl
778,arxiv:2309.14611,12,MEDIUM,A1,Event Stream-based Visual Object Tracking: A High-Resolution Benchmark Dataset and A Novel Baseline,arxiv:2309.14611,"Tracking using bio-inspired event cameras has drawn more and more attention in recent years. Existing works either utilize aligned RGB and event data for accurate tracking or directly learn an event-based tracker. The first category needs more cost for inference and the second one may be easily influenced by noisy events or sparse spatial resolution. In this paper, we propose a novel hierarchical knowledge distillation framework that can fully utilize multi-modal / multi-view information during training to facilitate knowledge transfer, enabling us to achieve high-speed and low-latency visual tracking during testing by using only event signals. Specifically, a teacher Transformer-based multi-modal tracking framework is first trained by feeding the RGB frame and event stream simultaneously. Then, we design a new hierarchical knowledge distillation strategy which includes pairwise similarity, feature representation, and response maps-based knowledge distillation to guide the learning of the student Transformer network. Moreover, since existing event-based tracking datasets are all low-resolution (346 × 260), we propose the first large-scale high-resolution (1280 × 720) dataset named EventVOT. It contains 1141 videos and covers a wide range of categories such as pedestrians, vehicles, UAVs, ping pongs, etc. Extensive experiments on both low-resolution (FE240hz, VisEvent, COESOT), and our newly proposed high-resolution EventVOT dataset fully validated the effectiveness of our proposed method. The dataset, evaluation toolkit, and source code are available on https://github.com/Event-AHU/EventVOTBenchmark",medium,A1,1,A1=medium,"A1=The paper develops or evaluates a temporal correspondence, synchronization, delay, or sequence-representation mechanism for Event Stream-based Visual Object Tracking: A High-Resolution Benchmark Dataset and A Novel Baseline.","A1=Its adjacent-domain method may provide a transferable alignment idea, but the robot transfer path requires verification.",A1=true,expansion_round_1,,,arxiv:2309.14611,arxiv:2309.14611,7092146864060192240,,,related-references,,A1,false,false,false,false,A1/expansion-registry.json | A1/paper-registry-complete.json,A1/expansion-triage.jsonl
791,arxiv:2310.12972,12,HIGH,A6,CCIL: Continuity-based Data Augmentation for Corrective Imitation Learning,arxiv:2310.12972,"We present a new technique to enhance the robustness of imitation learning methods by generating corrective data to account for compounding errors and disturbances. While existing methods rely on interactive expert labeling, additional offline datasets, or domain-specific invariances, our approach requires minimal additional assumptions beyond access to expert data. The key insight is to leverage local continuity in the environment dynamics to generate corrective labels. Our method first constructs a dynamics model from the expert demonstration, encouraging local Lipschitz continuity in the learned model. In locally continuous regions, this model allows us to generate corrective labels within the neighborhood of the demonstrations but beyond the actual set of states and actions in the dataset. Training on this augmented data enhances the agent's ability to recover from perturbations and deal with compounding errors. We demonstrate the effectiveness of our generated labels through experiments in a variety of robotics domains in simulation that have distinct forms of continuity and discontinuity, including classic control problems, drone flying, navigation with high-dimensional sensor observations, legged locomotion, and tabletop manipulation.",high,A6,1,A6=high,"A6=Uses failure, recovery, retry, correction, or intervention data to return execution to a viable state or learn corrective behavior.",A6=Shows how imperfect experience can teach robust retry and recovery behavior instead of being discarded.,A6=true,primary_assignment,"Liyiming Ke, Yunchu Zhang, Abhay Deshpande, Siddhartha Srinivasa, Abhishek Gupta",2023,arxiv:2310.12972,arxiv:2310.12972,232519151072143782,cs.RO,expansion:rac-similar,related-papers,general,A6,true,true,false,false,A5/canonical-pool.jsonl | A5/paper-registry.json | A6/expansion/canonical-pool.jsonl | A6/raw-retrieval/q06-syn-noisy-demo.json | A6/registry-assignment.jsonl | A6/work/assigned-registry-inspected.jsonl | A6/work/assigned-registry-preinspect.jsonl | A6/work/canonical-pool.jsonl | A6/work/evidence-index.jsonl,A6/triage.jsonl
804,arxiv:2311.01851,12,HIGH,A1,Holistic Representation Learning for Multitask Trajectory Anomaly Detection,arxiv:2311.01851,"Video anomaly detection deals with the recognition of abnormal events in videos. Apart from the visual signal, video anomaly detection has also been addressed with the use of skeleton sequences. We propose a holistic representation of skeleton trajectories to learn expected motions across segments at different times. Our approach uses multitask learning to reconstruct any continuous unobserved temporal segment of the trajectory allowing the extrapolation of past or future segments and the interpolation of in-between segments. We use an end-to-end attention-based encoder-decoder. We encode temporally occluded trajectories, jointly learn latent representations of the occluded segments, and reconstruct trajectories based on expected motions across different temporal segments. Extensive experiments on three trajectory-based video anomaly detection datasets show the advantages and effectiveness of our approach with state-of-the-art results on anomaly detection in skeleton trajectories.",high,A1,1,A1=high,"A1=The paper develops or evaluates a temporal correspondence, synchronization, delay, or sequence-representation mechanism for Holistic Representation Learning for Multitask Trajectory Anomaly Detection.","A1=Its mechanism is a plausible transfer to multimodal robot experience, action-observation alignment, or temporally aware policy training.",A1=true,expansion_round_2,,,arxiv:2311.01851,arxiv:2311.01851,4812405321161127329,,,related-papers-round2 | related-papers-round3,,A1,false,false,false,false,A1/expansion-round2-registry.json | A1/expansion-round3-registry.json | A1/paper-registry-complete.json,A1/expansion-round2-triage.jsonl
817,arxiv:2312.02355,12,MEDIUM,A5,When is Offline Policy Selection Sample Efficient for Reinforcement Learning?,arxiv:2312.02355,"Offline reinforcement learning algorithms often require careful hyperparameter tuning. Before deployment, we need to select amongst a set of candidate policies. However, there is limited understanding about the fundamental limits of this offline policy selection (OPS) problem. In this work we provide clarity on when sample efficient OPS is possible, primarily by connecting OPS to off-policy policy evaluation (OPE) and Bellman error (BE) estimation. We first show a hardness result, that in the worst case, OPS is just as hard as OPE, by proving a reduction of OPE to OPS. As a result, no OPS method can be more sample efficient than OPE in the worst case. We then connect BE estimation to the OPS problem, showing how BE can be used as a tool for OPS. While BE-based methods generally require stronger requirements than OPE, when those conditions are met they can be more sample efficient. Building on this insight, we propose a BE method for OPS, called Identifiable BE Selection (IBES), that has a straightforward method for selecting its own hyperparameters. We conclude with an empirical study comparing OPE and IBES, and by showing the difficulty of OPS on an offline Atari benchmark dataset.",medium,A5,1,A5=medium,"A5=However, there is limited understanding about the fundamental limits of this offline policy selection (OPS) problem.",A5=This adaptive mixture neighbor tests whether the expansion adds a reusable mechanism for controlling robot experience in policy training.,A5=true,expansion_round_3,,,arxiv:2312.02355,arxiv:2312.02355,2483295794883128598,,,,,A5,false,false,false,false,A5/expansion/raw/round3-citers.json,A5/expansion/round3-triage.jsonl
830,arxiv:2401.09870,12,HIGH,A2,Reconciling Spatial and Temporal Abstractions for Goal Representation,arxiv:2401.09870,"Goal representation affects the performance of Hierarchical Reinforcement Learning (HRL) algorithms by decomposing the complex learning problem into easier subtasks. Recent studies show that representations that preserve temporally abstract environment dynamics are successful in solving difficult problems and provide theoretical guarantees for optimality. These methods however cannot scale to tasks where environment dynamics increase in complexity i.e. the temporally abstract transition relations depend on larger number of variables. On the other hand, other efforts have tried to use spatial abstraction to mitigate the previous issues. Their limitations include scalability to high dimensional environments and dependency on prior knowledge. In this paper, we propose a novel three-layer HRL algorithm that introduces, at different levels of the hierarchy, both a spatial and a temporal goal abstraction. We provide a theoretical study of the regret bounds of the learned policies. We evaluate the approach on complex continuous control tasks, demonstrating the effectiveness of spatial and temporal abstractions learned by this approach. Find open-source code at https://github.com/cosynus-lix/STAR.",high,A2,1,A2=high,"A2=Uses temporally extended actions, keyposes, or learned macro-actions to expose multi-step structure while retaining feedback or planning control.","A2=The mechanism can turn long robot experience into reusable training units, skill memories, or better-conditioned policy targets.",A2=true,expansion_round_1,,2024,arxiv:2401.09870,,,,,,,A2,false,false,false,false,A2/expansion-pool.json | A2/expansion-pool.jsonl,A2/expansion-triage.jsonl
843,arxiv:2402.04061,12,HIGH,A2,TopoNav: Topological Navigation for Efficient Exploration in Sparse Reward Environments,arxiv:2402.04061,"Autonomous robots exploring unknown environments face a significant challenge: navigating effectively without prior maps and with limited external feedback. This challenge intensifies in sparse reward environments, where traditional exploration techniques often fail. In this paper, we present TopoNav, a novel topological navigation framework that integrates active mapping, hierarchical reinforcement learning, and intrinsic motivation to enable efficient goal-oriented exploration and navigation in sparse-reward settings. TopoNav dynamically constructs a topological map of the environment, capturing key locations and pathways. A two-level hierarchical policy architecture, comprising a high-level graph traversal policy and low-level motion control policies, enables effective navigation and obstacle avoidance while maintaining focus on the overall goal. Additionally, TopoNav incorporates intrinsic motivation to guide exploration toward relevant regions and frontier nodes in the topological map, addressing the challenges of sparse extrinsic rewards. We evaluate TopoNav both in the simulated and real-world off-road environments using a Clearpath Jackal robot, across three challenging navigation scenarios: goal-reaching, feature-based navigation, and navigation in complex terrains. We observe an increase in exploration coverage by 7- 20%, in success rates by 9-19%, and reductions in navigation times by 15-36% across various scenarios, compared to state-of-the-art methods",high,A2,1,A2=high,A2=Discovers reusable temporal structure in sequential experience for downstream decision making or policy learning.,"A2=The mechanism can turn long robot experience into reusable training units, skill memories, or better-conditioned policy targets.",A2=true,expansion_round_1,,2024,arxiv:2402.04061,,,,,,,A2,false,false,false,false,A2/expansion-pool.json | A2/expansion-pool.jsonl,A2/expansion-triage.jsonl
856,arxiv:2402.12715,12,MEDIUM,A7,The Clever Hans Mirage: A Comprehensive Survey on Spurious Correlations in Machine Learning,arxiv:2402.12715,"Back in the early 20th century, a horse named Hans appeared to perform arithmetic and other intellectual tasks during exhibitions in Germany, while it actually relied solely on involuntary cues in the body language from the human trainer. Modern machine learning models are no different. These models are known to be sensitive to spurious correlations between non-essential features of the inputs (e.g., background, texture, and secondary objects) and the corresponding labels. Such features and their correlations with the labels are known as ""spurious"" because they tend to change with shifts in real-world data distributions, which can negatively impact the model's generalization and robustness. In this paper, we provide a comprehensive survey of this emerging issue, along with a fine-grained taxonomy of existing state-of-the-art methods for addressing spurious correlations in machine learning models. Additionally, we summarize existing datasets, benchmarks, and metrics to facilitate future research. The paper concludes with a discussion of the broader impacts, the recent advancements, and future challenges in the era of generative AI, aiming to provide valuable insights for researchers in the related domains of the machine learning community.",medium,A7,1,A7=medium,"A7=Back in the early 20th century, a horse named Hans appeared to perform arithmetic and other intellectual tasks during exhibitions in Germany, while it actually relied solely on involuntary cues in the body language from the human trainer.",A7=It helps diagnose or reduce behavior-distribution mismatch and spurious dependence under deployment shift.,A7=false,expansion_round_1,,,arxiv:2402.12715,,,,,similar,,A7,false,false,false,false,A7/work/expansion-registry.json | A7/work/expansion-registry.jsonl,A7/work/expansion-triage.jsonl
869,arxiv:2403.05110,12,HIGH,A8,Efficient Data Collection for Robotic Manipulation via Compositional Generalization,arxiv:2403.05110,"Data collection has become an increasingly important problem in robotic manipulation, yet there still lacks much understanding of how to effectively collect data to facilitate broad generalization. Recent works on large-scale robotic data collection typically vary many environmental factors of variation (e.g., object types, table textures) during data collection, to cover a diverse range of scenarios. However, they do not explicitly account for the possible compositional abilities of policies trained on the data. If robot policies can compose environmental factors from their data to succeed when encountering unseen factor combinations, we can exploit this to avoid collecting data for situations that composition would address. To investigate this possibility, we conduct thorough empirical studies both in simulation and on a real robot that compare data collection strategies and assess whether visual imitation learning policies can compose environmental factors. We find that policies do exhibit composition, although leveraging prior robotic datasets is critical for this on a real robot. We use these insights to propose better in-domain data collection strategies that exploit composition, which can induce better generalization than naive approaches for the same amount of effort during data collection. We further demonstrate that a real robot policy trained on data from such a strategy achieves a success rate of 77.5% when transferred to entirely new environments that encompass unseen combinations of environmental factors, whereas policies trained using data collected without accounting for environmental variation fail to transfer effectively, with a success rate of only 2.5%. We provide videos at http://iliad.stanford.edu/robot-data-comp/.",high,A8,1,A8=high,"A8=Empirical composition tests identify environmental-factor combinations whose coverage transfers to unseen combinations, guiding more efficient collection.",A8=It shows how a fleet can avoid exhaustive factor grids when policy representations compose previously seen conditions.,A8=true,expansion_round_1,,2024,arxiv:2403.05110 | paperid:563613727207016903,arxiv:2403.05110,563613727207016903,,,related-papers,recent,A8,false,false,false,false,A7/raw/q39-quality-vs-diversity.json | A7/work/expansion-registry.json | A7/work/expansion-registry.jsonl | A7/work/paper-registry.json | A7/work/paper-registry.jsonl | A7/work/verified-paper-registry.json | A7/work/verified-paper-registry.jsonl | A8/work/expansion-novel.jsonl | A8/work/expansion-pool.jsonl,A8/work/expansion-triage.jsonl
882,arxiv:2404.01361,12,MEDIUM,A4,LLM Attributor: Interactive Visual Attribution for LLM Generation,arxiv:2404.01361,"While large language models (LLMs) have shown remarkable capability to generate convincing text across diverse domains, concerns around its potential risks have highlighted the importance of understanding the rationale behind text generation. We present LLM Attributor, a Python library that provides interactive visualizations for training data attribution of an LLM's text generation. Our library offers a new way to quickly attribute an LLM's text generation to training data points to inspect model behaviors, enhance its trustworthiness, and compare model-generated text with user-provided text. We describe the visual and interactive design of our tool and highlight usage scenarios for LLaMA2 models fine-tuned with two different datasets: online articles about recent disasters and finance-related question-answer pairs. Thanks to LLM Attributor's broad support for computational notebooks, users can easily integrate it into their workflow to interactively visualize attributions of their models. For easier access and extensibility, we open-source LLM Attributor at https://github.com/poloclub/ LLM-Attribution. The video demo is available at https://youtu.be/mIG2MDQKQxM.",medium,A4,1,A4=medium,A4=Uses data valuation or attribution to estimate example contribution to model or policy outcomes.,A4=It provides adjacent evidence for data-efficient training intelligence.,A4=false,expansion_round_1,,,arxiv:2404.01361 | paper:4125317142855355392,,,,,related-paper-expansion,,A4,false,false,false,false,A4/expansion/expansion-registry.jsonl,A4/expansion/expansion-triage.jsonl
895,arxiv:2404.15379,12,MEDIUM,A1,Clustering of timed sequences -- Application to the analysis of care pathways,arxiv:2404.15379,"Improving the future of healthcare starts by better understanding the current actual practices in hospital settings. This motivates the objective of discovering typical care pathways from patient data. Revealing typical care pathways can be achieved through clustering. The difficulty in clustering care pathways, represented by sequences of timestamped events, lies in defining a semantically appropriate metric and clustering algorithms. In this article, we adapt two methods developed for time series to the clustering of timed sequences: the drop-DTW metric and the DBA approach for the construction of averaged time sequences. These methods are then applied in clustering algorithms to propose original and sound clustering algorithms for timed sequences. This approach is experimented with and evaluated on synthetic and real-world data.",medium,A1,1,A1=medium,"A1=The paper develops or evaluates a temporal correspondence, synchronization, delay, or sequence-representation mechanism for Clustering of timed sequences -- Application to the analysis of care pathways.","A1=Its adjacent-domain method may provide a transferable alignment idea, but the robot transfer path requires verification.",A1=true,expansion_round_1,,,arxiv:2404.15379,arxiv:2404.15379,8175711259934544034,,,related-citers,,A1,false,false,false,false,A1/expansion-registry.json | A1/paper-registry-complete.json,A1/expansion-triage.jsonl
908,arxiv:2405.11724,12,MEDIUM,A4,Token-wise Influential Training Data Retrieval for Large Language Models,arxiv:2405.11724,"Given a Large Language Model (LLM) generation, how can we identify which training data led to this generation? In this paper, we proposed RapidIn, a scalable framework adapting to LLMs for estimating the influence of each training data. The proposed framework consists of two stages: caching and retrieval. First, we compress the gradient vectors by over 200,000x, allowing them to be cached on disk or in GPU/CPU memory. Then, given a generation, RapidIn efficiently traverses the cached gradients to estimate the influence within minutes, achieving over a 6,326x speedup. Moreover, RapidIn supports multi-GPU parallelization to substantially accelerate caching and retrieval. Our empirical result confirms the efficiency and effectiveness of RapidIn.",medium,A4,1,A4=medium,A4=Uses data valuation or attribution to estimate example contribution to model or policy outcomes.,A4=It provides adjacent evidence for data-efficient training intelligence.,A4=false,expansion_round_1,,,arxiv:2405.11724 | paper:6251303236938148931,,,,,related-paper-expansion,,A4,false,false,false,false,A4/expansion/expansion-registry.jsonl,A4/expansion/expansion-triage.jsonl
921,arxiv:2405.19878,12,HIGH,A4,Learning from Random Demonstrations: Offline Reinforcement Learning with Importance-Sampled Diffusion Models,arxiv:2405.19878,"Generative models such as diffusion have been employed as world models in offline reinforcement learning to generate synthetic data for more effective learning. Existing work either generates diffusion models one-time prior to training or requires additional interaction data to update it. In this paper, we propose a novel approach for offline reinforcement learning with closed-loop policy evaluation and world-model adaptation. It iteratively leverages a guided diffusion world model to directly evaluate the offline target policy with actions drawn from it, and then performs an importance-sampled world model update to adaptively align the world model with the updated policy. We analyzed the performance of the proposed method and provided an upper bound on the return gap between our method and the real environment under an optimal policy. The result sheds light on various factors affecting learning performance. Evaluations in the D4RL environment show significant improvement over state-of-the-art baselines, especially when only random or medium-expertise demonstrations are available -- thus requiring improved alignment between the world model and offline policy evaluation.",high,A4,1,A4=high,A4=Uses data valuation or attribution to estimate example contribution to model or policy outcomes.,A4=It directly informs curation of robot experience or a transferable policy-data loop.,A4=true,expansion_round_1,,,arxiv:2405.19878 | paper:4608955304534807959,,paper:4608955304534807959,,16,related-paper-expansion,general,A4,false,false,false,false,A4/expansion/expansion-registry.jsonl | A5/canonical-pool.jsonl | A5/paper-registry.json,A4/expansion/expansion-triage.jsonl
934,arxiv:2406.11231,12,MEDIUM,A8,Enabling robots to follow abstract instructions and complete complex dynamic tasks,arxiv:2406.11231,"Completing complex tasks in unpredictable settings like home kitchens challenges robotic systems. These challenges include interpreting high-level human commands, such as ""make me a hot beverage"" and performing actions like pouring a precise amount of water into a moving mug. To address these challenges, we present a novel framework that combines Large Language Models (LLMs), a curated Knowledge Base, and Integrated Force and Visual Feedback (IFVF). Our approach interprets abstract instructions, performs long-horizon tasks, and handles various uncertainties. It utilises GPT-4 to analyse the user's query and surroundings, then generates code that accesses a curated database of functions during execution. It translates abstract instructions into actionable steps. Each step involves generating custom code by employing retrieval-augmented generalisation to pull IFVF-relevant examples from the Knowledge Base. IFVF allows the robot to respond to noise and disturbances during execution. We use coffee making and plate decoration to demonstrate our approach, including components ranging from pouring to drawer opening, each benefiting from distinct feedback types and methods. This novel advancement marks significant progress toward a scalable, efficient robotic framework for completing complex tasks in uncertain environments. Our findings are illustrated in an accompanying video and supported by an open-source GitHub repository (released upon paper acceptance).",medium,A8,1,A8=medium,A8=Hierarchical instruction-conditioned representations map abstract goals to temporally extended actions in dynamic environments.,"A8=It provides a transfer target for evaluating whether collected experience supports compositional, long-horizon representations.",A8=true,expansion_round_2,,,arxiv:2406.11231 | paperid:1221170630248489167,,,,,,,A8,false,false,false,false,A8/work/expansion-round2-novel.jsonl,A8/work/expansion-round2-triage.jsonl
947,arxiv:2407.07868,12,HIGH,A7,Green Screen Augmentation Enables Scene Generalisation in Robotic Manipulation,arxiv:2407.07868,"Generalising vision-based manipulation policies to novel environments remains a challenging area with limited exploration. Current practices involve collecting data in one location, training imitation learning or reinforcement learning policies with this data, and deploying the policy in the same location. However, this approach lacks scalability as it necessitates data collection in multiple locations for each task. This paper proposes a novel approach where data is collected in a location predominantly featuring green screens. We introduce Green-screen Augmentation (GreenAug), employing a chroma key algorithm to overlay background textures onto a green screen. Through extensive real-world empirical studies with over 850 training demonstrations and 8.2k evaluation episodes, we demonstrate that GreenAug surpasses no augmentation, standard computer vision augmentation, and prior generative augmentation methods in performance. While no algorithmic novelties are claimed, our paper advocates for a fundamental shift in data collection practices. We propose that real-world demonstrations in future research should utilise green screens, followed by the application of GreenAug. We believe GreenAug unlocks policy generalisation to visually distinct novel locations, addressing the current scene generalisation limitations in robot learning.",high,A7,1,A7=high,A7=Generalising vision-based manipulation policies to novel environments remains a challenging area with limited exploration.,A7=It helps diagnose or reduce behavior-distribution mismatch and spurious dependence under deployment shift.,A7=true,expansion_round_1,,,arxiv:2407.07868,,,,,references,,A7,false,false,false,false,A7/work/expansion-registry.json | A7/work/expansion-registry.jsonl,A7/work/expansion-triage.jsonl
960,arxiv:2407.20678,12,MEDIUM,A4,The Susceptibility of Example-Based Explainability Methods to Class Outliers,arxiv:2407.20678,"This study explores the impact of class outliers on the effectiveness of example-based explainability methods for black-box machine learning models. We reformulate existing explainability evaluation metrics, such as correctness and relevance, specifically for example-based methods, and introduce a new metric, distinguishability. Using these metrics, we highlight the shortcomings of current example-based explainability methods, including those who attempt to suppress class outliers. We conduct experiments on two datasets, a text classification dataset and an image classification dataset, and evaluate the performance of four state-of-the-art explainability methods. Our findings underscore the need for robust techniques to tackle the challenges posed by class outliers.",medium,A4,1,A4=medium,A4=Uses a valuation or attribution signal to estimate the contribution of training examples to model or policy outcomes.,A4=It extends the A4 mechanism space with adjacent data-centric evidence.,A4=false,expansion_round_1,,,arxiv:2407.20678 | paper:1215417402431939235,,,,,,,A4,false,false,false,false,A4/expansion/round2/registry.jsonl | A4/expansion/round5/registry.jsonl,A4/expansion/all-new-expansion-triage.jsonl
973,arxiv:2408.13627,12,MEDIUM,A1,Recent Event Camera Innovations: A Survey,arxiv:2408.13627,"Event-based vision, inspired by the human visual system, offers transformative capabilities such as low latency, high dynamic range, and reduced power consumption. This paper presents a comprehensive survey of event cameras, tracing their evolution over time. It introduces the fundamental principles of event cameras, compares them with traditional frame cameras, and highlights their unique characteristics and operational differences. The survey covers various event camera models from leading manufacturers, key technological milestones, and influential research contributions. It explores diverse application areas across different domains and discusses essential real-world and synthetic datasets for research advancement. Additionally, the role of event camera simulators in testing and development is discussed. This survey aims to consolidate the current state of event cameras and inspire further innovation in this rapidly evolving field. To support the research community, a GitHub page (https://github.com/chakravarthi589/Event-based-VisionResources) categorizes past and future research articles and consolidates valuable resources.",medium,A1,1,A1=medium,"A1=The paper develops or evaluates a temporal correspondence, synchronization, delay, or sequence-representation mechanism for Recent Event Camera Innovations: A Survey.","A1=Its adjacent-domain method may provide a transferable alignment idea, but the robot transfer path requires verification.",A1=true,expansion_round_1,,,arxiv:2408.13627,arxiv:2408.13627,7640897835176775036,,,related-similar,,A1,false,false,false,false,A1/expansion-registry.json | A1/expansion-round2-registry.json | A1/paper-registry-complete.json,A1/expansion-triage.jsonl
986,arxiv:2409.09016,12,HIGH,A7,Closed-Loop Visuomotor Control with Generative Expectation for Robotic Manipulation,arxiv:2409.09016,"Despite significant progress in robotics and embodied AI in recent years, deploying robots for long-horizon tasks remains a great challenge. Majority of prior arts adhere to an open-loop philosophy and lack real-time feedback, leading to error accumulation and undesirable robustness. A handful of approaches have endeavored to establish feedback mechanisms leveraging pixel-level differences or pre-trained visual representations, yet their efficacy and adaptability have been found to be constrained. Inspired by classic closed-loop control systems, we propose CLOVER, a closed-loop visuomotor control framework that incorporates feedback mechanisms to improve adaptive robotic control. CLOVER consists of a text-conditioned video diffusion model for generating visual plans as reference inputs, a measurable embedding space for accurate error quantification, and a feedback-driven controller that refines actions from feedback and initiates replans as needed. Our framework exhibits notable advancement in real-world robotic tasks and achieves state-of-the-art on CALVIN benchmark, improving by 8% over previous open-loop counterparts. Code and checkpoints are maintained at https://github.com/OpenDriveLab/CLOVER.",high,A7,1,A7=high,"A7=Despite significant progress in robotics and embodied AI in recent years, deploying robots for long-horizon tasks remains a great challenge.",A7=It helps diagnose or reduce behavior-distribution mismatch and spurious dependence under deployment shift.,A7=true,expansion_round_1,,,arxiv:2409.09016,,,,,references,,A7,false,false,false,false,A7/work/expansion-registry.json | A7/work/expansion-registry.jsonl,A7/work/expansion-triage.jsonl
999,arxiv:2410.01630,12,HIGH,A6,One-Shot Robust Imitation Learning for Long-Horizon Visuomotor Tasks from Unsegmented Demonstrations,arxiv:2410.01630,"In contrast to single-skill tasks, long-horizon tasks play a crucial role in our daily life, e.g., a pouring task requires a proper concatenation of reaching, grasping and pouring subtasks. As an efficient solution for transferring human skills to robots, imitation learning has achieved great progress over the last two decades. However, when learning long-horizon visuomotor skills, imitation learning often demands a large amount of semantically segmented demonstrations. Moreover, the performance of imitation learning could be susceptible to external perturbation and visual occlusion. In this paper, we exploit dynamical movement primitives and meta-learning to provide a new framework for imitation learning, called Meta-Imitation Learning with Adaptive Dynamical Primitives (MiLa). MiLa allows for learning unsegmented long-horizon demonstrations and adapting to unseen tasks with a single demonstration. MiLa can also resist external disturbances and visual occlusion during task execution. Real-world robotic experiments demonstrate the superiority of MiLa, irrespective of visual occlusion and random perturbations on robots.",high,A6,1,A6=high,"A6=Selects, segments, repairs, or stitches trajectory prefixes and subsequences so training emphasizes feasible and informative behavior.",A6=Provides a way to preserve useful partial progress while suppressing harmful or redundant trajectory content.,A6=true,primary_assignment,"Shaokang Wu, Yijin Wang, Yanlong Huang",2024,arxiv:2410.01630,arxiv:2410.01630,7899453866567933124,cs.RO,q09-mech-segmentation | q20-adj-human-activity,search-papers,false,A6,true,true,false,false,A1/paper-registry-complete.json | A1/paper-registry.json | A1/raw/q18-phase.json | A2/canonical-pool.json | A2/canonical-pool.jsonl | A2/raw/q03-direct.json | A3/paper-registry.json | A3/raw/q23-recent-noisy-il.txt | A5/canonical-pool.jsonl | A5/paper-registry.json | A6/raw-retrieval/q09-mech-segmentation.json | A6/raw-retrieval/q20-adj-human-activity.json | A6/registry-assignment.jsonl | A6/work/assigned-registry-inspected.jsonl | A6/work/assigned-registry-preinspect.jsonl | A6/work/canonical-pool.jsonl | A6/work/evidence-index.jsonl | A7/raw/q33-recent-longtail.json | A7/work/paper-registry.json | A7/work/paper-registry.jsonl | A7/work/verified-paper-registry.json | A7/work/verified-paper-registry.jsonl,A6/triage.jsonl
1012,arxiv:2410.14040,12,HIGH,A1,WARPD: World model Assisted Reactive Policy Diffusion,arxiv:2410.14040,"With the increasing availability of open-source robotic data, imitation learning has become a promising approach for both manipulation and locomotion. Diffusion models are now widely used to train large, generalized policies that predict controls or trajectories, leveraging their ability to model multimodal action distributions. However, this generality comes at the cost of larger model sizes and slower inference, an acute limitation for robotic tasks requiring high control frequencies. Moreover, Diffusion Policy (DP), a popular trajectory-generation approach, suffers from a trade-off between performance and action horizon: fewer diffusion queries lead to larger trajectory chunks, which in turn accumulate tracking errors. To overcome these challenges, we introduce WARPD (World model Assisted Reactive Policy Diffusion), a method that generates closed-loop policies (weights for neural policies) directly, instead of open-loop trajectories. By learning behavioral distributions in parameter space rather than trajectory space, WARPD offers two major advantages: (1) extended action horizons with robustness to perturbations, while maintaining high task performance, and (2) significantly reduced inference costs. Empirically, WARPD outperforms DP in long-horizon and perturbed environments, and achieves multitask performance on par with DP while requiring only 1/45th of the inference-time FLOPs per step.",high,A1,1,A1=high,"A1=The paper develops or evaluates a temporal correspondence, synchronization, delay, or sequence-representation mechanism for WARPD: World model Assisted Reactive Policy Diffusion.","A1=Its mechanism is a plausible transfer to multimodal robot experience, action-observation alignment, or temporally aware policy training.",A1=true,expansion_round_2,,2024,arxiv:2410.14040,arxiv:2410.14040,8197654955444307291,,2024 2025 diffusion policy action chunking trajectory representation,related-papers-round2,false,A1,false,false,false,false,A1/expansion-round2-registry.json | A1/paper-registry-complete.json | A2/canonical-pool.json | A2/canonical-pool.jsonl | A2/raw/q41-2024-2025-diffusion.json,A1/expansion-round2-triage.jsonl
1025,arxiv:2410.24164,12,MEDIUM,A5 | A8,π₀: A Vision-Language-Action Flow Model for General Robot Control,arxiv:2410.24164,"Robot learning holds tremendous promise to unlock the full potential of flexible, general, and dexterous robot systems, as well as to address some of the deepest questions in artificial intelligence. However, bringing robot learning to the level of generality required for effective real-world systems faces major obstacles in terms of data, generalization, and robustness. In this paper, we discuss how generalist robot policies (i.e., robot foundation models) can address these challenges, and how we can design effective generalist robot policies for complex and highly dexterous tasks. We propose a novel flow matching architecture built on top of a pre-trained vision-language model (VLM) to inherit Internet-scale semantic knowledge. We then discuss how this model can be trained on a large and diverse dataset from multiple dexterous robot platforms, including single-arm robots, dual-arm robots, and mobile manipulators. We evaluate our model in terms of its ability to perform tasks in zero shot after pre-training, follow language instructions from people and from a high-level VLM policy, and its ability to acquire new skills via fine-tuning. Our results cover a wide variety of tasks, such as laundry folding, table cleaning, and assembling boxes.",medium,A5 | A8,2,A5=low | A8=medium,"A5=In this paper, we discuss how generalist robot policies (i.e., robot foundation models) can address these challenges, and how we can design effective generalist robot policies for complex and highly dexterous tasks. | A8=A flow-matching vision-language-action policy pretrains on heterogeneous robot data and adapts action representations across embodiments.","A5=This adaptive mixture neighbor tests whether the expansion adds a reusable mechanism for controlling robot experience in policy training. | A8=It is a transfer target for testing whether selected data improve broad representation usefulness, though its collection policy is indirect.",A5=false | A8=true,expansion_round_1 | expansion_round_2,,2024,arxiv:2410.24164 | paperid:5283274890576042047,arxiv:2410.24164,5283274890576042047,,q30-vla-data | q35-recent-vla,related-papers | semantic-search,recent,A5 | A8,false,false,false,true,A4/canonical-registry.jsonl | A4/expansion/round3/registry.jsonl | A4/expansion/round4/registry.jsonl | A4/raw/q30-vla-data.json | A4/raw/q35-recent-vla.json | A5/expansion/raw/round2-similar.json | A5/expansion/raw/round3-similar.json | A7/raw/q05-synonyms.json | A7/raw/q09-mechanism-generalization.json | A7/raw/q30-recent-generalist.json | A7/work/expansion-registry.json | A7/work/expansion-registry.jsonl | A7/work/paper-registry.json | A7/work/paper-registry.jsonl | A7/work/verified-paper-registry.json | A7/work/verified-paper-registry.jsonl | A8/work/expansion-novel.jsonl | A8/work/expansion-pool.jsonl,A5/expansion/round2-triage.jsonl | A8/work/expansion-triage.jsonl
1038,arxiv:2411.12523,12,MEDIUM,A4,Data Pruning in Generative Diffusion Models,arxiv:2411.12523,"Data pruning is the problem of identifying a core subset that is most beneficial to training and discarding the remainder. While pruning strategies are well studied for discriminative models like those used in classification, little research has gone into their application to generative models. Generative models aim to estimate the underlying distribution of the data, so presumably they should benefit from larger datasets. In this work we aim to shed light on the accuracy of this statement, specifically answer the question of whether data pruning for generative diffusion models could have a positive impact. Contrary to intuition, we show that eliminating redundant or noisy data in large datasets is beneficial particularly when done strategically. We experiment with several pruning methods including recent-state-of-art methods, and evaluate over CelebA-HQ and ImageNet datasets. We demonstrate that a simple clustering method outperforms other sophisticated and computationally demanding methods. We further exhibit how we can leverage clustering to balance skewed datasets in an unsupervised manner to allow fair sampling for underrepresented populations in the data distribution, which is a crucial problem in generative models.",medium,A4,1,A4=medium,"A4=Selects a compact subset using utility, gradient, coverage, or representativeness signals.",A4=It provides adjacent evidence for data-efficient training intelligence.,A4=false,expansion_round_1,,,arxiv:2411.12523 | paper:6793398447898860874,,,,,related-paper-expansion,,A4,false,false,false,false,A4/expansion/expansion-registry.jsonl,A4/expansion/expansion-triage.jsonl
1051,arxiv:2412.05313,12,MEDIUM,A7,λ: A Benchmark for Data-Efficiency in Long-Horizon Indoor Mobile Manipulation Robotics,arxiv:2412.05313,"Learning to execute long-horizon mobile manipulation tasks is crucial for advancing robotics in household and workplace settings. However, current approaches are typically data-inefficient, underscoring the need for improved models that require realistically sized benchmarks to evaluate their efficiency. To address this, we introduce the LAMBDA (λ) benchmark-Long-horizon Actions for Mobile-manipulation Benchmarking of Directed Activities-which evaluates the data efficiency of models on language-conditioned, long-horizon, multi-room, multi-floor, pick-and-place tasks using a dataset of manageable size, more feasible for collection. Our benchmark includes 571 human-collected demonstrations that provide realism and diversity in simulated and real-world settings. Unlike planner-generated data, these trajectories offer natural variability and replay-verifiability, ensuring robust learning and evaluation. We leverage λ to benchmark current end-to-end learning methods and a modular neuro-symbolic approach that combines foundation models with task and motion planning. We find that learning methods, even when pretrained, yield lower success rates, while a neuro-symbolic method performs significantly better and requires less data.",medium,A7,1,A7=medium,A7=Learning to execute long-horizon mobile manipulation tasks is crucial for advancing robotics in household and workplace settings.,A7=It helps diagnose or reduce behavior-distribution mismatch and spurious dependence under deployment shift.,A7=false,expansion_round_1,,,arxiv:2412.05313,,,,,citers,,A7,false,false,false,false,A7/work/expansion-registry.json | A7/work/expansion-registry.jsonl,A7/work/expansion-triage.jsonl
1064,arxiv:2501.00315,12,MEDIUM,A1,Temporal Dynamics Decoupling with Inverse Processing for Enhancing Human Motion Prediction,arxiv:2501.00315,"Exploring the bridge between historical and future motion behaviors remains a central challenge in human motion prediction. While most existing methods incorporate a reconstruction task as an auxiliary task into the decoder, thereby improving the modeling of spatio-temporal dependencies, they overlook the potential conflicts between reconstruction and prediction tasks. In this paper, we propose a novel approach: Temporal Decoupling Decoding with Inverse Processing (TD²IP). Our method strategically separates reconstruction and prediction decoding processes, employing distinct decoders to decode the shared motion features into historical or future sequences. Additionally, inverse processing reverses motion information in the temporal dimension and reintroduces it into the model, leveraging the bidirectional temporal correlation of human motion behaviors. By alleviating the conflicts between reconstruction and prediction tasks and enhancing the association of historical and future information, TD²IP fosters a deeper understanding of motion patterns. Extensive experiments demonstrate the adaptability of our method within existing methods.",medium,A1,1,A1=medium,"A1=The paper develops or evaluates a temporal correspondence, synchronization, delay, or sequence-representation mechanism for Temporal Dynamics Decoupling with Inverse Processing for Enhancing Human Motion Prediction.","A1=Its adjacent-domain method may provide a transferable alignment idea, but the robot transfer path requires verification.",A1=true,expansion_round_2,,,arxiv:2501.00315,arxiv:2501.00315,9177697807284802082,,,related-papers-round2 | related-papers-round3,,A1,false,false,false,false,A1/expansion-round2-registry.json | A1/expansion-round3-registry.json | A1/paper-registry-complete.json,A1/expansion-round2-triage.jsonl
1077,arxiv:2501.17878,12,HIGH,A2,Collaborative Channel Access and Transmission for NR Sidelink and Wi-Fi Coexistence over Unlicensed Spectrum,arxiv:2501.17878,"With the rapid development of various internet of things (IoT) applications, including industrial IoT (IIoT) and visual IoT (VIoT), the demand for direct device-to-device communication to support high data rates continues to grow. To address this demand, 5G-Advanced has introduced sidelink communication over the unlicensed spectrum (SL-U) to increase data rates. However, the primary challenge of SL-U in the unlicensed spectrum is ensuring fair coexistence with other incumbent systems, such as Wi-Fi. In this paper, we address the challenge by designing channel access mechanisms and power control strategies to mitigate interference and ensure fair coexistence. First, we propose a novel collaborative channel access (CCHA) mechanism that integrates channel access with resource allocation through collaborative interactions between base stations (BS) and SL-U users. This mechanism ensures fair coexistence with incumbent systems while improving resource utilization. Second, to further enhance the performance of the coexistence system, we develop a cooperative subgoal-based hierarchical deep reinforcement learning (C-GHDRL) algorithm framework. The framework enables SL-U users to make globally optimal decisions by leveraging cooperative operations between the BS and SL-U users, effectively overcoming the limitations of traditional optimization methods in solving joint optimization problems with nonlinear constraints. Finally, we mathematically model the joint channel access and power control problem and balance the trade-off between fairness and transmission rate in the coexistence system by defining a suitable reward function in the C-GHDRL algorithm. Simulation results demonstrate that the proposed scheme significantly enhances the performance of the coexistence system while ensuring fair coexistence between SL-U and Wi-Fi users.",high,A2,1,A2=high,A2=Discovers reusable temporal structure in sequential experience for downstream decision making or policy learning.,"A2=The mechanism can turn long robot experience into reusable training units, skill memories, or better-conditioned policy targets.",A2=true,expansion_round_1,,2025,arxiv:2501.17878,,,,,,,A2,false,false,false,false,A2/expansion-pool.json | A2/expansion-pool.jsonl,A2/expansion-triage.jsonl
1090,arxiv:2502.05450,12,HIGH,A6,ConRFT: A Reinforced Fine-tuning Method for VLA Models via Consistency Policy,arxiv:2502.05450,"Vision-Language-Action (VLA) models have shown substantial potential in real-world robotic manipulation. However, fine-tuning these models through supervised learning struggles to achieve robust performance due to limited, inconsistent demonstrations, especially in contact-rich environments. In this paper, we propose a reinforced fine-tuning approach for VLA models, named ConRFT, which consists of offline and online fine-tuning with a unified consistency-based training objective, to address these challenges. In the offline stage, our method integrates behavior cloning and Q-learning to effectively extract policy from a small set of demonstrations and stabilize value estimating. In the online stage, the VLA model is further fine-tuned via consistency policy, with human interventions to ensure safe exploration and high sample efficiency. We evaluate our approach on eight diverse real-world manipulation tasks. It achieves an average success rate of 96.3% within 45-90 minutes of online fine-tuning, outperforming prior supervised methods with a 144% improvement in success rate and 1.9x shorter episode length. This work highlights the potential of integrating reinforcement learning to enhance the performance of VLA models for real-world robotic applications. Videos and code are available at our project website https://cccedric.github.io/conrft/.",high,A6,1,A6=high,"A6=Learns or supplies recovery, correction, retry, repair, or replanning behavior from failed or perturbed executions.",A6=Makes failure states informative for robust execution and for deciding what corrective data to collect next.,A6=true,expansion_round_1,,,arxiv:2502.05450,arxiv:2502.05450,2853103009348341856,,,related-papers,,A6,false,false,false,false,A6/expansion/canonical-pool.jsonl,A6/expansion/triage.jsonl
1103,arxiv:2502.18447,12,HIGH,A6,Supervised Reward Inference,arxiv:2502.18447,"Existing approaches to reward inference typically assume that humans provide demonstrations according to specific behavior models. However, humans often indicate their goals through a wide range of behaviors, from actions that are suboptimal due to poor planning or execution to behaviors intended to communicate goals rather than achieve them. One existing solution for inferring rewards from such behavior x2013 provided it is drawn from the same distribution at training and deployment x2013 is to construct a dataset of behavior paired with known rewards, and to learn the mapping from behavior to rewards; however, prior methods in this family face notable limitations, such as restrictions to tabular settings. Given such a dataset, we propose instead that supervised learning offers a parsimonious yet powerful solution, which we term Supervised Reward Inference (SRI). Theoretically, we prove that SRI is asymptotically Bayes-optimal under standard assumptions. Empirically, SRI achieves near-ceiling performance on a prior benchmark for reward inference from suboptimal behavior, while on Meta-World robotics tasks, it infers rewards from even arbitrarily suboptimal demonstrations as accurately as those demonstrations allow. Finally, we demonstrate our framework's universality with straightforward generalizations to action- and goal-prediction.",high,A6,1,A6=high,"A6=Estimates demonstration quality or latent expertise to filter, weight, or optimize learning from mixed-quality experience.",A6=Shows how heterogeneous demonstrations can contribute without treating every transition as equally trustworthy.,A6=true,expansion_round_1,,,arxiv:2502.18447,arxiv:2502.18447,7131280287893412190,,q26-found-irl,related-papers,,A6,false,false,false,false,A6/expansion/canonical-pool.jsonl | A6/raw-retrieval/q26-found-irl.json | A6/work/canonical-pool.jsonl,A6/expansion/triage.jsonl
1116,arxiv:2503.03707,12,HIGH,A3 | A6,Curating Demonstrations using Online Experience,arxiv:2503.03707,"Many robot demonstration datasets contain heterogeneous demonstrations of varying quality. This heterogeneity may benefit policy pre-training, but can hinder robot performance when used with a final imitation learning objective. In particular, some strategies in the data may be less reliable than others or may be underrepresented in the data, leading to poor performance when such strategies are sampled at test time. Moreover, such unreliable or underrepresented strategies can be difficult even for people to discern, and sifting through demonstration datasets is time-consuming and costly. On the other hand, policy performance when trained on such demonstrations can reflect the reliability of different strategies. We thus propose for robots to self-curate based on online robot experience (Demo-SCORE). More specifically, we train and cross-validate a classifier to discern successful policy roll-outs from unsuccessful ones and use the classifier to filter heterogeneous demonstration datasets. Our experiments in simulation and the real world show that Demo-SCORE can effectively identify suboptimal demonstrations without manual curation. Notably, Demo-SCORE achieves over 15-35% higher absolute success rate in the resulting policy compared to the base policy trained with all original demonstrations.",high,A3 | A6,2,A3=high | A6=high,"A3=Online policy experience is used to identify unreliable or underrepresented strategies in a heterogeneous demonstration set. | A6=Uses data-quality estimates, filtering, weighting, or offline reinforcement learning to extract signal from suboptimal demonstrations.",A3=It closes the loop between training data and deployed behavior for deciding which demonstrations deserve more or less weight. | A6=Directly informs how a robot data loop can learn from heterogeneous and imperfect trajectories.,A3=true | A6=true,primary_assignment,"Annie S. Chen, Alec M. Lessing, Yuejiang Liu, Chelsea Finn",2025,arxiv:2503.03707,arxiv:2503.03707,8005520742872881824,cs.AI | cs.LG | cs.RO,q03-synonyms | q04-direct-failure-aware-data | q05-quality-scoring | q05-syn-suboptimal-demo | q06-trajectory-quality | q08-syn-negative-demo | q24-recent-quality | q31-recent-mixed-quality,firecrawl research search-papers | related-papers,false,A3 | A6,true,true,false,false,A2/canonical-pool.json | A2/canonical-pool.jsonl | A2/raw/q21-bad-segments.json | A2/raw/q42-2024-2025-subsequence.json | A3/assigned-papers.json | A3/evidence-index.json | A3/expansion-registry.json | A3/paper-registry.json | A3/raw/q03-synonyms.txt | A3/raw/q05-quality-scoring.txt | A3/raw/q06-trajectory-quality.txt | A3/raw/q24-recent-quality.txt | A3/round2-registry.json | A4/canonical-registry.jsonl | A4/expansion/expansion-registry.jsonl | A4/expansion/round2/registry.jsonl | A4/expansion/round5/registry.jsonl | A4/raw/q01-direct.json | A4/raw/q03-selection.json | A4/raw/q11-help-harm.json | A4/raw/q13-harmful-demo.json | A4/raw/q33-recent-robot.json | A5/canonical-pool.jsonl | A5/expansion/raw/round1-citers.json | A5/expansion/raw/round2-similar.json | A5/paper-registry.json | A5/raw/q03-direct-hard.json | A6/expansion/canonical-pool.jsonl | A6/raw-retrieval/q04-direct-failure-aware-data.json | A6/raw-retrieval/q05-syn-suboptimal-demo.json | A6/raw-retrieval/q08-syn-negative-demo.json | A6/raw-retrieval/q31-recent-mixed-quality.json | A6/registry-assignment.jsonl | A6/work/assigned-registry-inspected.jsonl | A6/work/assigned-registry-preinspect.jsonl | A6/work/canonical-pool.jsonl | A6/work/evidence-index.jsonl | A7/raw/q36-fleet-diversity.json | A7/work/paper-registry.json | A7/work/paper-registry.jsonl | A7/work/verified-paper-registry.json | A7/work/verified-paper-registry.jsonl | A8/raw/q04-direct.json | A8/work/canonical-pool.jsonl | A8/work/expansion-pool.jsonl,A3/abstract-triage.jsonl | A6/triage.jsonl
1129,arxiv:2503.13171,12,HIGH,A7,HybridGen: VLM-Guided Hybrid Planning for Scalable Data Generation of Imitation Learning,arxiv:2503.13171,"The acquisition of large-scale and diverse demonstration data are essential for improving robotic imitation learning generalization. However, generating such data for complex manipulations is challenging in real-world settings. We introduce HybridGen, an automated framework that integrates Vision-Language Model (VLM) and hybrid planning. HybridGen uses a two-stage pipeline: first, VLM to parse expert demonstrations, decomposing tasks into expert-dependent (object-centric pose transformations for precise control) and plannable segments (synthesizing diverse trajectories via path planning); second, pose transformations substantially expand the first-stage data. Crucially, HybridGen generates a large volume of training data without requiring specific data formats, making it broadly applicable to a wide range of imitation learning algorithms, a characteristic which we also demonstrate empirically across multiple algorithms. Evaluations across seven tasks and their variants demonstrate that agents trained with HybridGen achieve substantial performance and generalization gains, averaging a 5% improvement over state-of-the-art methods. Notably, in the most challenging task variants, HybridGen achieves significant improvement, reaching a 59.7% average success rate, significantly outperforming Mimicgen's 49.5%. These results demonstrating its effectiveness and practicality.",high,A7,1,A7=high,A7=The acquisition of large-scale and diverse demonstration data are essential for improving robotic imitation learning generalization.,"A7=It expands or measures task, environment, object, or observation coverage for more robust behavior.",A7=true,expansion_round_1,,,arxiv:2503.13171,,,,,citers,,A7,false,false,false,false,A7/work/expansion-registry.json | A7/work/expansion-registry.jsonl,A7/work/expansion-triage.jsonl
1142,arxiv:2503.19916,12,MEDIUM,A1,EventFly: Event Camera Perception from Ground to the Sky,arxiv:2503.19916,"Cross-platform adaptation in event-based dense perception is crucial for deploying event cameras across diverse settings, such as vehicles, drones, and quadrupeds, each with unique motion dynamics, viewpoints, and class distributions. In this work, we introduce EventFly, a framework for robust cross-platform adaptation in event camera perception. Our approach comprises three key components: i) Event Activation Prior (EAP), which identifies high-activation regions in the target domain to minimize prediction entropy, fostering confident, domain-adaptive predictions; ii) EventBlend, a data-mixing strategy that integrates source and target event voxel grids based on EAP-driven similarity and density maps, enhancing feature alignment; and iii) EventMatch, a dual-discriminator technique that aligns features from source, target, and blended domains for better domain-invariant learning. To holistically assess cross-platform adaptation abilities, we introduce EXPo, a large-scale benchmark with diverse samples across vehicle, drone, and quadruped platforms. Extensive experiments validate our effectiveness, demonstrating substantial gains over popular adaptation methods. We hope this work can pave the way for more adaptive, high-performing event perception across diverse and complex environments.",medium,A1,1,A1=medium,"A1=The paper develops or evaluates a temporal correspondence, synchronization, delay, or sequence-representation mechanism for EventFly: Event Camera Perception from Ground to the Sky.","A1=Its adjacent-domain method may provide a transferable alignment idea, but the robot transfer path requires verification.",A1=true,expansion_round_1,,,arxiv:2503.19916,arxiv:2503.19916,8703673973268192161,,,related-similar,,A1,false,false,false,false,A1/expansion-registry.json | A1/paper-registry-complete.json,A1/expansion-triage.jsonl
1155,arxiv:2504.08604,12,HIGH,A8,Neural Fidelity Calibration for Informative Sim-to-Real Adaptation,arxiv:2504.08604,"Deep reinforcement learning can seamlessly transfer agile locomotion and navigation skills from the simulator to real world. However, bridging the sim-to-real gap with domain randomization or adversarial methods often demands expert physics knowledge to ensure policy robustness. Even so, cutting-edge simulators may fall short of capturing every real-world detail, and the reconstructed environment may introduce errors due to various perception uncertainties. To address these challenges, we propose Neural Fidelity Calibration (NFC), a novel framework that employs conditional score-based diffusion models to calibrate simulator physical coefficients and residual fidelity domains online during robot execution. Specifically, the residual fidelity reflects the simulation model shift relative to the real-world dynamics and captures the uncertainty of the perceived environment, enabling us to sample realistic environments under the inferred distribution for policy fine-tuning. Our framework is informative and adaptive in three key ways: (a) we fine-tune the pretrained policy only under anomalous scenarios, (b) we build sequential NFC online with the pretrained NFC's proposal prior, reducing the diffusion model's training burden, and (c) when NFC uncertainty is high and may degrade policy improvement, we leverage optimistic exploration to enable hallucinated policy optimization. Our framework achieves superior simulator calibration precision compared to state-of-the-art methods across diverse robots with high-dimensional parametric spaces. We study the critical contribution of residual fidelity to policy improvement in simulation and real-world experiments. Notably, our approach demonstrates robust robot navigation under challenging real-world conditions, such as a broken wheel axle on snowy surfaces.",high,A8,1,A8=high,A8=A neural fidelity estimate calibrates which simulated observations or trajectories are informative for sim-to-real adaptation.,A8=It can prioritize physical validation where simulation representations are uncertain or unreliable.,A8=true,expansion_round_3,,,arxiv:2504.08604 | paperid:683806647738584808,,,,,,,A8,false,false,false,false,A8/work/expansion-round3-novel.jsonl,A8/work/expansion-round3-triage.jsonl
1168,arxiv:2505.00490,12,HIGH,A8,Optimal Interactive Learning on the Job via Facility Location Planning,arxiv:2505.00490,"Collaborative robots must continually adapt to novel tasks and user preferences without overburdening the user. While prior interactive robot learning methods aim to reduce human effort, they are typically limited to single-task scenarios and are not well-suited for sustained, multi-task collaboration. We propose COIL (Cost-Optimal Interactive Learning) -- a multi-task interaction planner that minimizes human effort across a sequence of tasks by strategically selecting among three query types (skill, preference, and help). When user preferences are known, we formulate COIL as an uncapacitated facility location (UFL) problem, which enables bounded-suboptimal planning in polynomial time using off-the-shelf approximation algorithms. We extend our formulation to handle uncertainty in user preferences by incorporating one-step belief space planning, which uses these approximation algorithms as subroutines to maintain polynomial-time performance. Simulated and physical experiments on manipulation tasks show that our framework significantly reduces the amount of work allocated to the human while maintaining successful task completion.",high,A8,1,A8=high,"A8=COIL formulates multi-task skill, preference, and help queries as facility-location planning and adds belief-space updates for uncertain preferences.",A8=It optimizes the sequence of human queries under effort budgets rather than treating every possible intervention as equally useful.,A8=true,expansion_round_1,,,arxiv:2505.00490 | paperid:5954657857806920688,,,,,related-papers,,A8,false,false,false,false,A8/work/expansion-novel.jsonl | A8/work/expansion-pool.jsonl,A8/work/expansion-triage.jsonl
1181,arxiv:2505.07728,12,HIGH,A4 | A6 | A8,Guiding Data Collection via Factored Scaling Curves,arxiv:2505.07728,"Generalist imitation learning policies trained on large datasets show great promise for solving diverse manipulation tasks. However, to ensure generalization to different conditions, policies need to be trained with data collected across a large set of environmental factor variations (e.g., camera pose, table height, distractors) - a prohibitively expensive undertaking, if done exhaustively. We introduce a principled method for deciding what data to collect and how much to collect for each factor by constructing factored scaling curves (FSC), which quantify how policy performance varies as data scales along individual or paired factors. These curves enable targeted data acquisition for the most influential factor combinations within a given budget. We evaluate the proposed method through extensive simulated and real-world experiments, across both training-from-scratch and fine-tuning settings, and show that it boosts success rates in real-world tasks in new environments by up to 26% over existing data-collection strategies. We further demonstrate how factored scaling curves can effectively guide data collection using an offline metric, without requiring real-world evaluation at scale.",high,A4 | A6 | A8,3,A4=high | A6=medium | A8=high,"A4=Uses data valuation or attribution to estimate example contribution to model or policy outcomes. | A6=Transforms, segments, augments, retrieves, or composes trajectories so useful subsequences and corrective context become training signal. | A8=Factored scaling curves estimate how performance changes with environmental factors and allocate a fixed collection budget to influential factor combinations.",A4=It directly informs curation of robot experience or a transferable policy-data loop. | A6=Offers a reusable mechanism for converting sequential experience into better policy or data decisions. | A8=It directly answers what conditions a robot fleet should collect next using an offline policy-performance proxy.,A4=true | A6=false | A8=true,expansion_round_1,,2025,arxiv:2505.07728 | paper:1446593011478687577 | paperid:1446593011478687577,arxiv:2505.07728,1446593011478687577,,,related-paper-expansion | related-papers,recent,A4 | A6 | A8,false,false,false,true,A4/expansion/expansion-registry.jsonl | A4/expansion/round2/registry.jsonl | A4/expansion/round5/registry.jsonl | A6/expansion/canonical-pool.jsonl | A7/raw/q39-quality-vs-diversity.json | A7/work/expansion-registry.json | A7/work/expansion-registry.jsonl | A7/work/paper-registry.json | A7/work/paper-registry.jsonl | A7/work/verified-paper-registry.json | A7/work/verified-paper-registry.jsonl | A8/work/expansion-novel.jsonl | A8/work/expansion-pool.jsonl,A4/expansion/expansion-triage.jsonl | A6/expansion/triage.jsonl | A8/work/expansion-triage.jsonl
1194,arxiv:2505.12224,12,HIGH,A3 | A6,RoboFAC: A Comprehensive Framework for Robotic Failure Analysis and Correction,arxiv:2505.12224,"Vision-Language-Action (VLA) models have recently advanced robotic manipulation by translating natural-language instructions and visual observations into control actions. However, existing VLAs are primarily trained on successful expert demonstrations and lack structured supervision for failure diagnosis and recovery, limiting robustness in open-world scenarios. To address this limitation, we propose the Robotic Failure Analysis and Correction (RoboFAC) framework. We construct a large-scale failure-centric dataset comprising 9,440 erroneous manipulation trajectories and 78,623 QA pairs across 53 scenes in both simulation and real-world environments, with systematically categorized failure types. Leveraging this dataset, we develop a lightweight multimodal model specialized for task understanding, failure analysis, and failure correction, enabling efficient local deployment while remaining competitive with large proprietary models. Experimental results demonstrate that RoboFAC achieves a 34.1% higher failure analysis accuracy compared to GPT-4o. Furthermore, we integrated RoboFAC as an external supervisor in a real-world VLA control pipeline, yielding a 29.1% relative improvement across four tasks while significantly reducing latency relative to GPT-4o. These results demonstrate that RoboFAC enables systematic failure diagnosis and recovery, significantly enhancing VLA recovery capabilities. Our model and dataset are publicly available at https://github.com/MINT-SJTU/RoboFAC.",high,A3 | A6,2,A3=high | A6=high,"A3=RoboFAC builds a framework for analyzing robotic failures and generating corrective interventions. | A6=Learns or supplies recovery, correction, retry, repair, or replanning behavior from failed or perturbed executions.",A3=Failure taxonomies and correction links can make harmful-data detection operationally useful. | A6=Makes failure states informative for robust execution and for deciding what corrective data to collect next.,A3=true | A6=true,expansion_round_1 | expansion_round_2,Zewei Ye | Weifeng Lu | Minghao Ye | Tao Lin | Shuo Yang | Junchi Yan | Bo Zhao,2025,arxiv:2505.12224,arxiv:2505.12224,8841935517944597632,cs.AI | cs.RO,q01-direct-failed-recovery | q04-direct-failure-aware-data | q15-failure-detection-recovery | q32-recent-vla-recovery | q35-found-learn-failures,firecrawl research related-papers | related-papers,,A3,false,false,false,false,A3/paper-registry.json | A3/round2-evidence-index.json | A3/round2-registry.json | A6/expansion/canonical-pool.jsonl | A6/raw-retrieval/q01-direct-failed-recovery.json | A6/raw-retrieval/q04-direct-failure-aware-data.json | A6/raw-retrieval/q15-failure-detection-recovery.json | A6/raw-retrieval/q32-recent-vla-recovery.json | A6/raw-retrieval/q35-found-learn-failures.json | A6/work/canonical-pool.jsonl,A3/round2-triage.jsonl | A6/expansion/triage.jsonl
1207,arxiv:2505.18793,12,HIGH,A3 | A6,Genie Centurion: Accelerating Scalable Real-World Robot Training with Human Rewind-and-Refine Guidance,arxiv:2505.18793,"While Vision-Language-Action (VLA) models show strong generalizability in various tasks, real-world deployment of robotic policy still requires large-scale, high-quality human expert demonstrations. However, data collection via human teleoperation requires continuous operator attention, which is costly, hard to scale. To address this, we propose Genie Centurion (GCENT), a scalable and general data collection paradigm based on human rewind-and-refine guidance, enabling robots' interactive learning in deployment. GCENT starts at an imperfect policy and improves over time. When the robot execution failures occur, GCENT allows robots to revert to a previous state with a rewind mechanism, after which a teleoperator provides corrective demonstrations to refine the policy. This framework supports a one-human-to-many-robots supervision scheme with a Task Sentinel module, which autonomously predicts task success and solicits human intervention when necessary. Empirical results show that GCENT achieves up to 40% higher task success rates than state-of-the-art data collection methods, and reaches comparable performance using less than half the data in long-horizon and precise tasks. We also quantify the data yield-to-effort ratio under multi-robot scenarios, demonstrating GCENT's potential for scalable and cost-efficient robot policy training in real-world environments.",high,A3 | A6,2,A3=high | A6=high,"A3=Human rewind-and-refine guidance turns deployment failures into targeted corrective demonstrations for scalable robot training. | A6=Learns or supplies recovery, correction, retry, repair, or replanning behavior from failed or perturbed executions.",A3=It directly connects failure experience to the next-data decision in a real-world loop. | A6=Makes failure states informative for robust execution and for deciding what corrective data to collect next.,A3=true | A6=true,expansion_round_1 | expansion_round_2,Wenhao Wang | Jianheng Song | Chiming Liu | Jiayao Ma | Siyuan Feng | Jingyuan Wang | Yuxin Jiang | Kylin Chen | Sikang Zhan | Yi Wang | Tong Meng | Modi Shi | Xindong He | Guanghui Ren | Yang Yang | +1 more,2025,arxiv:2505.18793,arxiv:2505.18793,7544990966187499063,cs.RO,q04-direct-failure-aware-data,firecrawl research related-papers | related-papers,,A3,false,false,false,false,A3/paper-registry.json | A3/round2-evidence-index.json | A3/round2-registry.json | A6/expansion/canonical-pool.jsonl | A6/raw-retrieval/q04-direct-failure-aware-data.json | A6/work/canonical-pool.jsonl | A8/raw/q04-direct.json | A8/work/canonical-pool.jsonl,A3/round2-triage.jsonl | A6/expansion/triage.jsonl
1220,arxiv:2506.01701,12,HIGH,A4,Data Pruning by Information Maximization,arxiv:2506.01701,"In this paper, we present InfoMax, a novel data pruning method, also known as coreset selection, designed to maximize the information content of selected samples while minimizing redundancy. By doing so, InfoMax enhances the overall informativeness of the coreset. The information of individual samples is measured by importance scores, which capture their influence or difficulty in model learning. To quantify redundancy, we use pairwise sample similarities, based on the premise that similar samples contribute similarly to the learning process. We formalize the coreset selection problem as a discrete quadratic programming (DQP) task, with the objective of maximizing the total information content, represented as the sum of individual sample contributions minus the redundancies introduced by similar samples within the coreset. To ensure practical scalability, we introduce an efficient gradient-based solver, complemented by sparsification techniques applied to the similarity matrix and dataset partitioning strategies. This enables InfoMax to seamlessly scale to datasets with millions of samples. Extensive experiments demonstrate the superior performance of InfoMax in various data pruning tasks, including image classification, vision-language pre-training, and instruction tuning for large language models. Code is available at https://github.com/hrtan/InfoMax.",high,A4,1,A4=high,"A4=Constructs a smaller or weighted training subset by matching gradients, coverage, representativeness, or expected utility.",A4=It supplies an explicit data-centric mechanism for deciding which examples matter to training or evaluation outcomes.,A4=true,primary_assignment,,,arxiv:2506.01701 | paper:7799459892361337103,arxiv:2506.01701,7799459892361337103,,q03-selection | q06-coreset,semantic-search,,A4,false,false,false,false,A4/assigned-papers.json | A4/assigned-registry-inspected.jsonl | A4/assigned-registry-preinspect.jsonl | A4/canonical-registry.jsonl | A4/raw/q03-selection.json | A4/raw/q06-coreset.json,A4/abstract-triage.jsonl
1233,arxiv:2506.08822,12,HIGH,A1,FreqPolicy: Efficient Flow-based Visuomotor Policy via Frequency Consistency,arxiv:2506.08822,"Generative modeling-based visuomotor policies have been widely adopted in robotic manipulation, attributed to their ability to model multimodal action distributions. However, the high inference cost of multi-step sampling limits its applicability in real-time robotic systems. Existing approaches accelerate sampling in generative modeling-based visuomotor policies by adapting techniques originally developed to speed up image generation. However, a major distinction exists: image generation typically produces independent samples without temporal dependencies, while robotic manipulation requires generating action trajectories with continuity and temporal coherence. To this end, we propose FreqPolicy, a novel approach that first imposes frequency consistency constraints on flow-based visuomotor policies. Our work enables the action model to capture temporal structure effectively while supporting efficient, high-quality one-step action generation. Concretely, we introduce a frequency consistency constraint objective that enforces alignment of frequency-domain action features across different timesteps along the flow, thereby promoting convergence of one-step action generation toward the target distribution. In addition, we design an adaptive consistency loss to capture structural temporal variations inherent in robotic manipulation tasks. We assess FreqPolicy on 53 tasks across 3 simulation benchmarks, proving its superiority over existing one-step action generators. We further integrate FreqPolicy into the vision-language-action (VLA) model and achieve acceleration without performance degradation on 40 tasks of LIBERO. Besides, we show efficiency and effectiveness in real-world robotic scenarios with an inference frequency of 93.5 Hz.",high,A1,1,A1=high,"A1=The paper develops or evaluates a temporal correspondence, synchronization, delay, or sequence-representation mechanism for FreqPolicy: Efficient Flow-based Visuomotor Policy via Frequency Consistency.","A1=Its mechanism is a plausible transfer to multimodal robot experience, action-observation alignment, or temporally aware policy training.",A1=true,expansion_round_3,,,arxiv:2506.08822,arxiv:2506.08822,5976533629805243516,,12,related-papers-round3,general,A1,false,false,false,false,A1/expansion-round3-registry.json | A1/paper-registry-complete.json | A5/canonical-pool.jsonl | A5/paper-registry.json,A1/expansion-round3-triage.jsonl
1246,arxiv:2506.13722,12,HIGH,A1,How Real is CARLAs Dynamic Vision Sensor? A Study on the Sim-to-Real Gap in Traffic Object Detection,arxiv:2506.13722,"Event cameras are gaining traction in traffic monitoring applications due to their low latency, high temporal resolution, and energy efficiency, which makes them well-suited for real-time object detection at traffic intersections. However, the development of robust event-based detection models is hindered by the limited availability of annotated real-world datasets. To address this, several simulation tools have been developed to generate synthetic event data. Among these, the CARLA driving simulator includes a built-in dynamic vision sensor (DVS) module that emulates event camera output. Despite its potential, the sim-to-real gap for event-based object detection remains insufficiently studied. In this work, we present a systematic evaluation of this gap by training a recurrent vision transformer model exclusively on synthetic data generated using CARLAs DVS and testing it on varying combinations of synthetic and real-world event streams. Our experiments show that models trained solely on synthetic data perform well on synthetic-heavy test sets but suffer significant performance degradation as the proportion of real-world data increases. In contrast, models trained on real-world data demonstrate stronger generalization across domains. This study offers the first quantifiable analysis of the sim-to-real gap in event-based object detection using CARLAs DVS. Our findings highlight limitations in current DVS simulation fidelity and underscore the need for improved domain adaptation techniques in neuromorphic vision for traffic monitoring.",high,A1,1,A1=high,"A1=The paper develops or evaluates a temporal correspondence, synchronization, delay, or sequence-representation mechanism for How Real is CARLAs Dynamic Vision Sensor? A Study on the Sim-to-Real Gap in Traffic Object Detection.","A1=Its mechanism is a plausible transfer to multimodal robot experience, action-observation alignment, or temporally aware policy training.",A1=true,expansion_round_1,,,arxiv:2506.13722,arxiv:2506.13722,3325589860792198101,,,related-references,,A1,false,false,false,false,A1/expansion-registry.json | A1/expansion-round2-registry.json | A1/paper-registry-complete.json,A1/expansion-triage.jsonl
1259,arxiv:2506.20668,12,HIGH,A6,DemoDiffusion: One-Shot Human Imitation using pre-trained Diffusion Policy,arxiv:2506.20668,"We propose DemoDiffusion, a simple method for enabling robots to perform manipulation tasks by imitating a single human demonstration, without requiring task-specific training or paired human-robot data. Our approach is based on two insights. First, the hand motion in a human demonstration provides a useful prior for the robot's end-effector trajectory, which we can convert into a rough open-loop robot motion trajectory via kinematic retargeting. Second, while this retargeted motion captures the overall structure of the task, it may not align well with plausible robot actions in-context. To address this, we leverage a pre-trained generalist diffusion policy to modify the trajectory, ensuring it both follows the human motion and remains within the distribution of plausible robot actions. Unlike approaches based on online reinforcement learning or paired human-robot data, our method enables robust adaptation to new tasks and scenes with minimal effort. In real-world experiments across 8 diverse manipulation tasks, DemoDiffusion achieves 83.8% average success rate, compared to 13.8% for the pre-trained policy and 52.5% for kinematic retargeting, succeeding even on tasks where the pre-trained generalist policy fails entirely. Project page: https://demodiffusion.github.io/",high,A6,1,A6=high,A6=Studies how non-ideal sequential experience or feedback can improve decision-making beyond success-only imitation.,A6=Offers an adjacent conceptual transfer for representing and using imperfect robot experience.,A6=true,primary_assignment,"Sungjae Park, Homanga Bharadhwaj, Shubham Tulsiani",2026,arxiv:2506.20668,arxiv:2506.20668,4926759496811650546,cs.LG | cs.RO,q33-recent-diffusion-recovery,search-papers,,A6,true,true,false,false,A6/raw-retrieval/q33-recent-diffusion-recovery.json | A6/registry-assignment.jsonl | A6/work/assigned-registry-inspected.jsonl | A6/work/assigned-registry-preinspect.jsonl | A6/work/canonical-pool.jsonl | A6/work/evidence-index.jsonl,A6/triage.jsonl
1272,arxiv:2507.06710,12,HIGH,A1,Spatial-Temporal Aware Visuomotor Diffusion Policy Learning,arxiv:2507.06710,"Visual imitation learning is effective for robots to learn versatile tasks. However, many existing methods rely on behavior cloning with supervised historical trajectories, limiting their 3D spatial and 4D spatiotemporal awareness. Consequently, these methods struggle to capture the 3D structures and 4D spatiotemporal relationships necessary for real-world deployment. In this work, we propose 4D Diffusion Policy (DP4), a novel visual imitation learning method that incorporates spatiotemporal awareness into diffusion-based policies. Unlike traditional approaches that rely on trajectory cloning, DP4 leverages a dynamic Gaussian world model to guide the learning of 3D spatial and 4D spatiotemporal perceptions from interactive environments. Our method constructs the current 3D scene from a single-view RGB-D observation and predicts the future 3D scene, optimizing trajectory generation by explicitly modeling both spatial and temporal dependencies. Extensive experiments across 17 simulation tasks with 173 variants and 3 real-world robotic tasks demonstrate that the 4D Diffusion Policy (DP4) outperforms baseline methods, improving the average simulation task success rate by 16.4% (Adroit), 14% (DexArt), and 6.45% (RLBench), and the average real-world robotic task success rate by 8.6%.",high,A1,1,A1=high,A1=DP4 predicts future 3D scene structure from RGB-D observations and conditions diffusion actions on explicit spatial-temporal dependencies.,A1=Future scene modeling links action selection to anticipated geometry and timing rather than only current-frame imitation.,A1=true,primary_assignment,,,arxiv:2507.06710,arxiv:2507.06710,578543934030445797,,q18-phase,search-papers,recent,A1,false,false,false,false,A1/assigned-papers.json | A1/inspection-manifest.json | A1/paper-registry-complete.json | A1/paper-registry.json | A1/raw/q18-phase.json | A5/canonical-pool.jsonl | A5/paper-registry.json | A6/raw-retrieval/q33-recent-diffusion-recovery.json | A6/work/canonical-pool.jsonl,A1/assigned-abstracts.jsonl | A1/triage.jsonl
1285,arxiv:2507.14731,12,HIGH,A7,X-Nav: Learning End-to-End Cross-Embodiment Navigation for Mobile Robots,arxiv:2507.14731,"Existing navigation methods are primarily designed for specific robot embodiments, limiting their generalizability across diverse robot platforms. In this paper, we introduce X-Nav, a novel framework for end-to-end cross-embodiment navigation where a single unified policy can be deployed across various embodiments for both wheeled and quadrupedal robots. X-Nav consists of two learning stages: 1) multiple expert policies are trained using deep reinforcement learning with privileged observations on a wide range of randomly generated robot embodiments; and 2) a single general policy is distilled from the expert policies via navigation action chunking with transformer (Nav-ACT). The general policy directly maps visual and proprioceptive observations to low-level control commands, enabling generalization to novel robot embodiments. Simulated experiments demonstrated that X-Nav achieved zero-shot transfer to both unseen embodiments and photorealistic environments. A scalability study showed that the performance of X-Nav improves when trained with an increasing number of randomly generated embodiments. An ablation study confirmed the design choices of X-Nav. Furthermore, real-world experiments were conducted to validate the generalizability of X-Nav in real-world environments.",high,A7,1,A7=high,"A7=Trains experts over randomly generated embodiments and distills them into one visual-proprioceptive policy, with performance scaling by embodiment count.",A7=It supplies a controlled scaling result for embodiment diversity outside manipulation.,A7=true,primary_assignment,"Haitong Wang, Aaron Hao Tan, Angus Fung, Goldie Nejat",2025,arxiv:2507.14731,arxiv:2507.14731,5013277687681955129,cs.RO,,search-papers,foundational | recent,A7,false,true,true,false,A7/raw/q08-transfer.json | A7/raw/q27-cross-embodiment-foundation.json | A7/raw/q38-shared-policy.json | A7/work/assigned-papers.json | A7/work/assigned-papers.jsonl | A7/work/paper-registry.json | A7/work/paper-registry.jsonl | A7/work/read-manifest.json | A7/work/verified-paper-registry.json | A7/work/verified-paper-registry.jsonl,A7/work/abstract-triage.jsonl | A7/work/assigned-abstracts.jsonl
1298,arxiv:2508.05342,12,HIGH,A4 | A5,Information-Theoretic Graph Fusion with Vision-Language-Action Model for Policy Reasoning and Dual Robotic Control,arxiv:2508.05342,"Teaching robots dexterous skills from human videos remains challenging due to the reliance on low-level trajectory imitation, which fails to generalize across object types, spatial layouts, and manipulator configurations. We propose Graph-Fused Vision-Language-Action (GF-VLA), a framework that enables dual-arm robotic systems to perform task-level reasoning and execution directly from RGB and Depth human demonstrations. GF-VLA first extracts Shannon-information-based cues to identify hands and objects with the highest task relevance, then encodes these cues into temporally ordered scene graphs that capture both hand-object and object-object interactions. These graphs are fused with a language-conditioned transformer that generates hierarchical behavior trees and interpretable Cartesian motion commands. To improve execution efficiency in bimanual settings, we further introduce a cross-hand selection policy that infers optimal gripper assignment without explicit geometric reasoning. We evaluate GF-VLA on four structured dual-arm block assembly tasks involving symbolic shape construction and spatial generalization. Experimental results show that the information-theoretic scene representation achieves over 95 percent graph accuracy and 93 percent subtask segmentation, supporting the LLM planner in generating reliable and human-readable task policies. When executed by the dual-arm robot, these policies yield 94 percent grasp success, 89 percent placement accuracy, and 90 percent overall task success across stacking, letter-building, and geometric reconfiguration scenarios, demonstrating strong generalization and robustness across diverse spatial and semantic variations.",high,A4 | A5,2,A4=medium | A5=high,"A4=Connects trajectory or demonstration choice to downstream policy learning, behavior, or offline-RL utility. | A5=We propose Graph-Fused Vision-Language-Action (GF-VLA), a framework that enables dual-arm robotic systems to perform task-level reasoning and execution directly from RGB and Depth human demonstrations.",A4=It is directly or plausibly transferable to selecting robot experience for policy learning. | A5=This adaptive mixture neighbor tests whether the expansion adds a reusable mechanism for controlling robot experience in policy training.,A4=false | A5=true,expansion_round_1 | expansion_round_2,,2025,arxiv:2508.05342 | paper:7306647063185178752,arxiv:2508.05342,7306647063185178752,,,search-papers,recent,A4 | A5,false,false,false,true,A4/expansion/round4/registry.jsonl | A5/expansion/raw/round2-citers.json | A7/raw/q37-trajectory-composition.json | A7/work/paper-registry.json | A7/work/paper-registry.jsonl | A7/work/verified-paper-registry.json | A7/work/verified-paper-registry.jsonl,A4/expansion/all-new-expansion-triage.jsonl | A5/expansion/round2-triage.jsonl
1311,arxiv:2508.13922,12,HIGH,A2,Categorical Policies: Multimodal Policy Learning and Exploration in Continuous Control,arxiv:2508.13922,"A policy in deep reinforcement learning (RL), either deterministic or stochastic, is commonly parameterized as a Gaussian distribution alone, limiting the learned behavior to be unimodal. However, the nature of many practical decision-making problems favors a multimodal policy that facilitates robust exploration of the environment and thus to address learning challenges arising from sparse rewards, complex dynamics, or the need for strategic adaptation to varying contexts. This issue is exacerbated in continuous control domains where exploration usually takes place in the vicinity of the predicted optimal action, either through an additive Gaussian noise or the sampling process of a stochastic policy. In this paper, we introduce Categorical Policies to model multimodal behavior modes with an intermediate categorical distribution, and then generate output action that is conditioned on the sampled mode. We explore two sampling schemes that ensure differentiable discrete latent structure while maintaining efficient gradient-based optimization. By utilizing a latent categorical distribution to select the behavior mode, our approach naturally expresses multimodality while remaining fully differentiable via the sampling tricks. We evaluate our multimodal policy on a set of DeepMind Control Suite environments, demonstrating that through better exploration, our learned policies converge faster and outperform standard Gaussian policies. Our results indicate that the Categorical distribution serves as a powerful tool for structured exploration and multimodal behavior representation in continuous control.",high,A2,1,A2=high,"A2=Encodes or selects compact trajectory segments or latent plans so sequential experience can be retrieved, recombined, or reused.","A2=The mechanism can turn long robot experience into reusable training units, skill memories, or better-conditioned policy targets.",A2=true,expansion_round_1,,2025,arxiv:2508.13922,,,,,,,A2,false,false,false,false,A2/expansion-pool.json | A2/expansion-pool.jsonl,A2/expansion-triage.jsonl
1324,arxiv:2509.01657,12,HIGH,A3 | A8,Data Retrieval with Importance Weights for Few-Shot Imitation Learning,arxiv:2509.01657,"While large-scale robot datasets have propelled recent progress in imitation learning, learning from smaller task specific datasets remains critical for deployment in new environments and unseen tasks. One such approach to few-shot imitation learning is retrieval-based imitation learning, which extracts relevant samples from large, widely available prior datasets to augment a limited demonstration dataset. To determine the relevant data from prior datasets, retrieval-based approaches most commonly calculate a prior data point's minimum distance to a point in the target dataset in latent space. While retrieval-based methods have shown success using this metric for data selection, we demonstrate its equivalence to the limit of a Gaussian kernel density (KDE) estimate of the target data distribution. This reveals two shortcomings of the retrieval rule used in prior work. First, it relies on high-variance nearest neighbor estimates that are susceptible to noise. Second, it does not account for the distribution of prior data when retrieving data. To address these issues, we introduce Importance Weighted Retrieval (IWR), which estimates importance weights, or the ratio between the target and prior data distributions for retrieval, using Gaussian KDEs. By considering the probability ratio, IWR seeks to mitigate the bias of previous selection rules, and by using reasonable modeling parameters, IWR effectively smooths estimates using all data points. Across both simulation environments and real-world evaluations on the Bridge dataset we find that our method, IWR, consistently improves performance of existing retrieval-based methods, despite only requiring minor modifications.",high,A3 | A8,2,A3=high | A8=high,A3=Importance-weighted retrieval selects prior robot data that is relevant to a few-shot target task. | A8=Importance Weighted Retrieval estimates target-to-prior density ratios with Gaussian KDEs instead of noisy nearest-neighbor distances.,A3=It combines retrieval with explicit influence weighting for targeted reuse of a large weak corpus. | A8=It corrects similarity retrieval for prior-data bias and gives a principled measure of which existing experience matches a new task distribution.,A3=true | A8=true,expansion_round_1,Amber Xie | Rahul Chand | Dorsa Sadigh | Joey Hejna,2025,arxiv:2509.01657 | paperid:7471370614496204862,arxiv:2509.01657,7471370614496204862,cs.AI | cs.RO,q38-recent-coreset,firecrawl research related-papers | related-papers,general | recent,A3,false,false,false,false,A3/expansion-evidence-index.json | A3/expansion-registry.json | A3/paper-registry.json | A4/canonical-registry.jsonl | A4/raw/q38-recent-coreset.json | A5/canonical-pool.jsonl | A5/paper-registry.json | A5/raw/q01-direct.json | A7/raw/q10-mixture-balance.json | A7/work/paper-registry.json | A7/work/paper-registry.jsonl | A7/work/verified-paper-registry.json | A7/work/verified-paper-registry.jsonl | A8/work/expansion-novel.jsonl | A8/work/expansion-pool.jsonl,A3/expansion-triage.jsonl | A8/work/expansion-triage.jsonl
1337,arxiv:2509.15981,12,MEDIUM,A8,Uncertainty-Based Smooth Policy Regularisation for Reinforcement Learning with Few Demonstrations,arxiv:2509.15981,"In reinforcement learning with sparse rewards, demonstrations can accelerate learning, but determining when to imitate them remains challenging. We propose Smooth Policy Regularisation from Demonstrations (SPReD), a framework that addresses the fundamental question: when should an agent imitate a demonstration versus follow its own policy? SPReD uses ensemble methods to explicitly model Q-value distributions for both demonstration and policy actions, quantifying uncertainty for comparisons. We develop two complementary uncertainty-aware methods: a probabilistic approach estimating the likelihood of demonstration superiority, and an advantage-based approach scaling imitation by statistical significance. Unlike prevailing methods (e.g. Q-filter) that make binary imitation decisions, SPReD applies continuous, uncertainty-proportional regularisation weights, reducing gradient variance during training. Despite its computational simplicity, SPReD achieves remarkable gains in experiments across eight robotics tasks, outperforming existing approaches by up to a factor of 14 in complex tasks while maintaining robustness to demonstration quality and quantity. Our code is available at https://github.com/YujieZhu7/SPReD.",medium,A8,1,A8=medium,A8=Ensembles estimate value distributions and continuously scale imitation regularization by the statistical likelihood that a demonstration action is better than the policy action.,A8=It shows how uncertainty can modulate the training weight of demonstrations rather than forcing a binary keep-or-drop decision.,A8=true,primary_assignment,,2025,arxiv:2509.15981,arxiv:2509.15981,425846034517358395,,A8 | q27-recent,search-papers,recent,A3,false,false,false,false,A3/paper-registry.json | A3/raw/q05-quality-scoring.txt | A5/canonical-pool.jsonl | A5/paper-registry.json | A8/raw/q27-recent.json | A8/work/assigned-papers.json | A8/work/canonical-pool.jsonl,A8/work/abstract-triage.jsonl | A8/work/assigned-abstracts.jsonl
1350,arxiv:2509.22407,12,HIGH,A5,EMMA: Generalizing Real-World Robot Manipulation via Generative Visual Transfer,arxiv:2509.22407,"The generalization of vision-language-action (VLA) models heavily relies on diverse training data. However, acquiring large-scale data for robot manipulation across varied object appearances is costly and labor-intensive. To address this limitation, we introduce Embodied Manipulation Media Adaptation (EMMA), a framework for augmenting VLA policies that combines a generative data engine with an effective training pipeline. We introduce DreamTransfer, a diffusion Transformer-based architecture for generating multi-view consistent and geometrically grounded embodied manipulation videos. DreamTransfer enables visual editing of robot videos through prompts, allowing for changes to the foreground, background, and lighting while preserving their 3D structure and geometric validity. We also utilize a hybrid training set of real and generated data and propose AdaMix to enhance the training process. AdaMix is a training strategy that adaptively weights samples according to policy performance to emphasize challenging samples. Comprehensive evaluations demonstrate that videos created by DreamTransfer yield substantial improvements over previous video generation techniques in multi-view consistency, geometric accuracy, and text-conditioning precision. We conduct extensive evaluations with a total of more than 1800 trials in both simulated and real-world robotic environments. In real-world robotic tasks with zero-shot visual settings, our framework achieves a relative performance increase of over 92% compared to training with real data alone, and improves by an additional 17% with AdaMix, demonstrating its efficacy in enhancing policy generalization.",high,A5,1,A5=high,A5=AdaMix is a training strategy that adaptively weights samples according to policy performance to emphasize challenging samples.,"A5=It informs how contribution weights can align training with quality, advantage, density, or task importance in the robot experience-to-policy loop.",A5=true,primary_assignment,"Zhehao Dong, Xiaofeng Wang, Zheng Zhu, Yirui Wang, Yang Wang, Yukun Zhou, Boyuan Wang, Chaojun Ni, Runqi Ouyang, Wenkang Qin, Xinze Chen, Yun Ye, Guan Huang, Zhen Lu, Yue Yang",,arxiv:2509.22407 | paper:2243346262540527032,arxiv:2509.22407,paper:2243346262540527032,cs.AI | cs.RO,5 | 68 | 71,search-papers,general | recent,A5,false,false,false,false,A4/canonical-registry.jsonl | A4/raw/q12-remove-trajectories.json | A5/assigned-papers.json | A5/canonical-pool.jsonl | A5/evidence-ledger.jsonl | A5/inspection-manifest.json | A5/paper-registry.json | A5/raw/q05-direct-mixture.json | A5/read-manifest.json,A5/assigned-abstracts.jsonl
1363,arxiv:2510.01479,12,HIGH,A3 | A5,Density-Ratio Weighted Behavioral Cloning: Learning Control Policies from Corrupted Datasets,arxiv:2510.01479,"Offline reinforcement learning (RL) enables policy optimization from fixed datasets, making it suitable for safety-critical applications where online exploration is infeasible. However, these datasets are often contaminated by adversarial poisoning, system errors, or low-quality samples, leading to degraded policy performance in standard behavioral cloning (BC) and offline RL methods. This paper introduces Density-Ratio Weighted Behavioral Cloning (Weighted BC), a robust imitation learning approach that uses a small, verified clean reference set to estimate trajectory-level density ratios via a binary discriminator. These ratios are clipped and used as weights in the BC objective to prioritize clean expert behavior while down-weighting or discarding corrupted data, without requiring knowledge of the contamination mechanism. We establish theoretical guarantees showing convergence to the clean expert policy with finite-sample bounds that are independent of the contamination rate. A comprehensive evaluation framework is established, which incorporates various poisoning protocols (reward, state, transition, and action) on continuous control benchmarks. Experiments demonstrate that Weighted BC maintains near-optimal performance even at high contamination ratios outperforming baselines such as traditional BC, batch-constrained Q-learning (BCQ) and behavior regularized actor-critic (BRAC).",high,A3 | A5,2,A3=high | A5=high,"A3=Trajectory density ratios relative to a verified clean reference set weight behavioral-cloning examples under corruption. | A5=However, these datasets are often contaminated by adversarial poisoning, system errors, or low-quality samples, leading to degraded policy performance in standard behavioral cloning (BC) and offline RL methods.","A3=It makes dataset contamination detectable through a clean-anchor comparison and reduces harmful distribution mass. | A5=It informs how contribution weights can align training with quality, advantage, density, or task importance in the robot experience-to-policy loop.",A3=true | A5=true,primary_assignment,"Shriram Karpoora Sundara Pandian, Ali Baheri",2025,arxiv:2510.01479 | paper:5292328926121544550,arxiv:2510.01479,paper:5292328926121544550,cs.LG | cs.SY | eess.SY,1 | 22 | 27 | 51 | 53 | 56 | 6 | q04-mislabeled | q11-shift | q22-safe-bad-data,firecrawl research search-papers | search-papers,general,A3 | A5,false,false,false,false,A3/assigned-papers.json | A3/evidence-index.json | A3/paper-registry.json | A3/raw/q04-mislabeled.txt | A3/raw/q11-shift.txt | A3/raw/q22-safe-bad-data.txt | A5/assigned-papers.json | A5/canonical-pool.jsonl | A5/evidence-ledger.jsonl | A5/inspection-manifest.json | A5/paper-registry.json | A5/raw/q01-direct.json | A5/raw/q06-syn-bc.json | A5/read-manifest.json | A6/raw-retrieval/q11-mech-quality-weighted.json | A6/raw-retrieval/q18-failure-conditioned-bc.json | A6/work/canonical-pool.jsonl,A3/abstract-triage.jsonl | A5/assigned-abstracts.jsonl
1376,arxiv:2510.10217,12,HIGH,A8,UF-RNN: Real-Time Adaptive Motion Generation Using Uncertainty-Driven Foresight Prediction,arxiv:2510.10217,"Training robots to operate effectively in environments with uncertain states, such as ambiguous object properties or unpredictable interactions, remains a longstanding challenge in robotics. Imitation learning methods typically rely on successful examples and often neglect failure scenarios where uncertainty is most pronounced. To address this limitation, we propose the Uncertainty-driven Foresight Recurrent Neural Network (UF-RNN), a model that combines standard time-series prediction with an active ""Foresight"" module. This module performs internal simulations of multiple future trajectories and refines the hidden state to minimize predicted variance, enabling the model to selectively explore actions under high uncertainty. We evaluate UF-RNN on a door-opening task in both simulation and a real-robot setting, demonstrating that, despite the absence of explicit failure demonstrations, the model exhibits robust adaptation by leveraging self-induced chaotic dynamics in its latent space. When guided by the Foresight module, these chaotic properties stimulate exploratory behaviors precisely when the environment is ambiguous, yielding improved success rates compared to conventional stochastic RNN baselines. These findings suggest that integrating uncertainty-driven foresight into imitation learning pipelines can significantly enhance a robot's ability to handle unpredictable real-world conditions.",high,A8,1,A8=high,A8=Uncertainty-driven foresight predicts motion outcomes and adapts generation when forecast confidence is low.,A8=It offers a deployment-time uncertainty trigger for requesting or collecting additional motion data.,A8=true,expansion_round_2,,,arxiv:2510.10217 | paperid:2815335747094874078,,,,,,,A8,false,false,false,false,A8/work/expansion-round2-novel.jsonl,A8/work/expansion-round2-triage.jsonl
1389,arxiv:2510.18137,12,HIGH,A3,Quality Over Quantity: Curating Contact-Based Robot Datasets Improves Learning,arxiv:2510.18137,"In this paper, we investigate the utility of datasets and whether more data or the 'right' data is advantageous for robot learning. In particular, we are interested on quantifying the utility of contact-based data as contact holds significant information for robot learning. Our approach derives a contact-aware objective function for learning object dynamics and shape from pose and contact data. We show that the contact-aware Fisher-information metric can be used to rank and curate contact-data based on how informative data is for learning. In addition, we find that selecting a reduced dataset",high,A3,1,A3=high,A3=Contact-aware Fisher information ranks and generates samples that are maximally informative for learning contact dynamics.,A3=It links information gain to data collection and shows why the right physical events can beat more generic data.,A3=true,expansion_round_1,Hrishikesh Sathyanarayan | Victor Vantilborgh | Ian Abraham,2025,arxiv:2510.18137,arxiv:2510.18137,3756507520974676869,cs.RO,q33-recent-robot,firecrawl research related-papers,,A3,false,false,false,false,A3/expansion-evidence-index.json | A3/expansion-registry.json | A3/paper-registry.json | A3/round2-registry.json | A4/canonical-registry.jsonl | A4/raw/q33-recent-robot.json | A8/raw/q07-synonyms.json | A8/work/canonical-pool.jsonl,A3/expansion-triage.jsonl
1402,arxiv:2510.24795,12,MEDIUM,A1 | A3,A Survey on Efficient Vision-Language-Action Models,arxiv:2510.24795,"Vision-Language-Action models (VLAs) represent a significant frontier in embodied intelligence, aiming to bridge digital knowledge with physical-world interaction. Despite their remarkable performance, foundational VLAs are hindered by the prohibitive computational and data demands inherent to their large-scale architectures. While a surge of recent research has focused on enhancing VLA efficiency, the field lacks a unified framework to consolidate these disparate advancements. To bridge this gap, this survey presents the first comprehensive review of Efficient Vision-Language-Action models (E",medium,A1 | A3,2,A1=low | A3=medium,"A1=The abstract does not expose a clear temporal mechanism connected to the lane. | A3=The paper develops or evaluates A Survey on Efficient Vision-Language-Action Models, offering an adjacent mechanism for robot learning or data collection.","A1=Its mechanism is a plausible transfer to multimodal robot experience, action-observation alignment, or temporally aware policy training. | A3=The result may transfer to A3 quality estimation or harmful-data handling, but direct relevance is uncertain.",A1=false | A3=false,expansion_round_2 | expansion_round_3,,2025,arxiv:2510.24795,arxiv:2510.24795,8992056403892413298,,,firecrawl research related-papers | related-papers-round2,,A1 | A3,false,false,false,true,A1/expansion-round2-registry.json | A1/paper-registry-complete.json | A3/paper-registry.json | A3/round3-registry.json,A1/expansion-round2-triage.jsonl | A3/round3-triage.jsonl
1415,arxiv:2511.04671,12,HIGH,A1 | A3,X-Diffusion: Training Diffusion Policies on Cross-Embodiment Human Demonstrations,arxiv:2511.04671,"Human videos are a scalable source of training data for robot learning. However, humans and robots significantly differ in embodiment, making many human actions infeasible for direct execution on a robot. Still, these demonstrations convey rich object-interaction cues and task intent. Our goal is to learn from this coarse guidance without transferring embodiment-specific, infeasible execution strategies. Recent advances in generative modeling tackle a related problem of learning from low-quality data. In particular, Ambient Diffusion is a recent method for diffusion modeling that incorporates",high,A1 | A3,2,A1=low | A3=high,A1=The abstract does not expose a clear temporal mechanism connected to the lane. | A3=Noise-thresholded diffusion co-training includes human actions only after enough noise masks embodiment-infeasible low-level details.,"A1=Its mechanism is a plausible transfer to multimodal robot experience, action-observation alignment, or temporally aware policy training. | A3=It transfers task intent from human data while filtering physically harmful execution detail.",A1=false | A3=true,expansion_round_1,Maximus A. Pace | Prithwish Dan | Chuanruo Ning | Atiksh Bhardwaj | Audrey Du | Edward W. Duan | Wei-Chiu Ma | Kushal Kedia,2025,arxiv:2511.04671,arxiv:2511.04671,3165552967462035978,cs.AI | cs.CV | cs.RO,q06-syn-noisy-demo,firecrawl research related-papers | related-citers | related-similar,recent,A1 | A3,false,false,false,true,A1/expansion-registry.json | A1/expansion-round3-registry.json | A1/paper-registry-complete.json | A3/expansion-evidence-index.json | A3/expansion-registry.json | A3/paper-registry.json | A6/raw-retrieval/q06-syn-noisy-demo.json | A6/work/canonical-pool.jsonl | A7/raw/q03-heterogeneous.json | A7/work/paper-registry.json | A7/work/paper-registry.jsonl | A7/work/verified-paper-registry.json | A7/work/verified-paper-registry.jsonl,A1/expansion-triage.jsonl | A3/expansion-triage.jsonl
1428,arxiv:2511.17373,12,HIGH,A7,Agility Meets Stability: Versatile Humanoid Control with Heterogeneous Data,arxiv:2511.17373,"Humanoid robots are envisioned to perform a wide range of tasks in human-centered environments, requiring controllers that combine agility with robust balance. Recent advances in locomotion and whole-body tracking have enabled impressive progress in either agile dynamic skills or stability-critical behaviors, but existing methods remain specialized, focusing on one capability while compromising the other. In this work, we introduce AMS (Agility Meets Stability), the first framework that unifies both dynamic motion tracking and extreme balance maintenance in a single policy. Our key insight is to leverage heterogeneous data sources: human motion capture datasets that provide rich, agile behaviors, and physically constrained synthetic balance motions that capture stability configurations. To reconcile the divergent optimization goals of agility and stability, we design a hybrid reward scheme that applies general tracking objectives across all data while injecting balance-specific priors only into synthetic motions. Further, an adaptive learning strategy with performance-driven sampling and motion-specific reward shaping enables efficient training across diverse motion distributions. We validate AMS extensively in simulation and on a real Unitree G1 humanoid. Experiments demonstrate that a single policy can execute agile skills such as dancing and running, while also performing zero-shot extreme balance motions like Ip Man's Squat, highlighting AMS as a versatile control paradigm for future humanoid applications.",high,A7,1,A7=high,"A7=Humanoid robots are envisioned to perform a wide range of tasks in human-centered environments, requiring controllers that combine agility with robust balance.",A7=It helps diagnose or reduce behavior-distribution mismatch and spurious dependence under deployment shift.,A7=true,expansion_round_1,,,arxiv:2511.17373,,,,,citers | references,,A7,false,false,false,false,A7/work/expansion-registry.json | A7/work/expansion-registry.jsonl,A7/work/expansion-triage.jsonl
1441,arxiv:2512.01801,12,HIGH,A6,GR-RL: Going Dexterous and Precise for Long-Horizon Robotic Manipulation,arxiv:2512.01801,"We present GR-RL, a robotic learning framework that turns a generalist vision-language-action (VLA) policy into a highly capable specialist for long-horizon dexterous manipulation. Assuming the optimality of human demonstrations is core to existing VLA policies. However, we claim that in highly dexterous and precise manipulation tasks, human demonstrations are noisy and suboptimal. GR-RL proposes a multi-stage training pipeline that filters, augments, and reinforces the demonstrations by reinforcement learning. First, GR-RL learns a vision-language-conditioned task progress, filters the demonstration trajectories, and only keeps the transitions that contribute positively to the progress. Specifically, we show that by directly applying offline RL with sparse reward, the resulting Q-values can be treated as a robust progress function. Next, we introduce morphological symmetry augmentation that greatly improves the generalization and performance of GR-RL. Lastly, to better align the VLA policy with its deployment behaviors for high-precision control, we perform online RL by learning a latent space noise predictor. With this pipeline, GR-RL is, to our knowledge, the first learning-based policy that can autonomously lace up a shoe by threading shoelaces through multiple eyelets with an 83.3% success rate, a task requiring long-horizon reasoning, millimeter-level precision, and compliant soft-body interaction. We hope GR-RL provides a step toward enabling generalist robot foundation models to specialize into reliable real-world experts.",high,A6,1,A6=high,"A6=Estimates demonstration quality or latent expertise to filter, weight, or optimize learning from mixed-quality experience.",A6=Shows how heterogeneous demonstrations can contribute without treating every transition as equally trustworthy.,A6=true,expansion_round_1,,2025,arxiv:2512.01801,arxiv:2512.01801,8707340272897143499,,q12-mech-offline-failures | q35-found-learn-failures,related-papers,,A3,false,false,false,false,A3/paper-registry.json | A3/raw/q23-recent-noisy-il.txt | A6/expansion/canonical-pool.jsonl | A6/raw-retrieval/q12-mech-offline-failures.json | A6/raw-retrieval/q35-found-learn-failures.json | A6/work/canonical-pool.jsonl,A6/expansion/triage.jsonl
1454,arxiv:2512.11769,12,HIGH,A1,BLURR: A Boosted Low-Resource Inference for Vision-Language-Action Models,arxiv:2512.11769,"Vision-language-action (VLA) models enable impressive zero shot manipulation, but their inference stacks are often too heavy for responsive web demos or high frequency robot control on commodity GPUs. We present BLURR, a lightweight inference wrapper that can be plugged into existing VLA controllers without retraining or changing model checkpoints. Instantiated on the pi-zero VLA controller, BLURR keeps the original observation interfaces and accelerates control by combining an instruction prefix key value cache, mixed precision execution, and a single step rollout schedule that reduces per step computation. In our SimplerEnv based evaluation, BLURR maintains task success rates comparable to the original controller while significantly lowering effective FLOPs and wall clock latency. We also build an interactive web demo that allows users to switch between controllers and toggle inference options in real time while watching manipulation episodes. This highlights BLURR as a practical approach for deploying modern VLA policies under tight compute budgets.",high,A1,1,A1=high,"A1=The paper develops or evaluates a temporal correspondence, synchronization, delay, or sequence-representation mechanism for BLURR: A Boosted Low-Resource Inference for Vision-Language-Action Models.","A1=Its mechanism is a plausible transfer to multimodal robot experience, action-observation alignment, or temporally aware policy training.",A1=true,expansion_round_2,,,arxiv:2512.11769,arxiv:2512.11769,7026582709056275203,,,related-papers-round2,,A1,false,false,false,false,A1/expansion-round2-registry.json | A1/paper-registry-complete.json,A1/expansion-round2-triage.jsonl
1467,arxiv:2512.21235,12,HIGH,A3 | A4 | A7 | A8,RoboCade: Gamifying Robot Data Collection,arxiv:2512.21235,"Imitation learning from human demonstrations has become a dominant approach for training autonomous robot policies. However, collecting demonstration datasets is costly: it often requires access to robots and needs sustained effort in a tedious, long process. These factors limit the scale of data available for training policies. We aim to address this scalability challenge by involving a broader audience in a gamified data collection experience that is both accessible and motivating. Specifically, we develop a gamified remote teleoperation platform, RoboCade, to engage general users in collecting data that is beneficial for downstream policy training. To do this, we embed gamification strategies into the design of the system interface and data collection tasks. In the system interface, we include components such as visual feedback, sound effects, goal visualizations, progress bars, leaderboards, and badges. We additionally propose principles for constructing gamified tasks that have overlapping structure with useful downstream target tasks. We instantiate RoboCade on three manipulation tasks -- including spatial arrangement, scanning, and insertion. To illustrate the viability of gamified robot data collection, we collect a demonstration dataset through our platform, and show that co-training robot policies with this data can improve success rate on non-gamified target tasks (+16-56%). Further, we conduct a user study to validate that novice users find the gamified platform significantly more enjoyable than a standard non-gamified platform (+24%). These results highlight the promise of gamified data collection as a scalable, accessible, and engaging method for collecting demonstration data.",high,A3 | A4 | A7 | A8,4,A3=high | A4=high | A7=high | A8=medium,"A3=The paper develops or evaluates RoboCade: Gamifying Robot Data Collection, with a mechanism for selecting, weighting, repairing, auditing, or robustifying experience. | A4=Connects trajectory or dataset composition to downstream policy or model behavior. | A7=Imitation learning from human demonstrations has become a dominant approach for training autonomous robot policies. | A8=A gamified interface elicits diverse human demonstrations and feedback while tracking collection tasks and operator behavior.","A3=Its related-paper mechanism is plausibly transferable to the Program A data-to-policy loop and merits targeted review. | A4=It directly informs curation of robot experience or a transferable policy-data loop. | A7=It provides a route to reuse heterogeneous experience across embodiments or data sources. | A8=It addresses the operational bottleneck of obtaining varied, provenance-rich fleet data at sustained human participation rates.",A3=true | A4=true | A7=true | A8=false,expansion_round_1,Suvir Mirchandani | Mia Tang | Jiafei Duan | Jubayer Ibn Hamid | Michael Cho | Dorsa Sadigh,2025,arxiv:2512.21235 | paper:658165978064158752 | paperid:658165978064158752,,,cs.RO,,citers | firecrawl research related-papers | related-paper-expansion | related-papers,,A3,false,false,false,true,A3/expansion-registry.json | A3/paper-registry.json | A3/round2-registry.json | A4/expansion/expansion-registry.jsonl | A7/work/expansion-read-manifest.json | A7/work/expansion-registry.json | A7/work/expansion-registry.jsonl | A8/work/expansion-novel.jsonl | A8/work/expansion-pool.jsonl,A3/expansion-triage.jsonl | A4/expansion/expansion-triage.jsonl | A7/work/expansion-triage.jsonl | A8/work/expansion-triage.jsonl
1480,arxiv:2601.02456,12,HIGH,A4 | A7,"InternVLA-A1: Unifying Understanding, Generation and Action for Robotic Manipulation",arxiv:2601.02456,"Prevalent Vision-Language-Action (VLA) models are typically built upon Multimodal Large Language Models (MLLMs) and demonstrate exceptional proficiency in semantic understanding, but they inherently lack the capability to deduce physical world dynamics. Consequently, recent approaches have shifted toward World Models, typically formulated via video prediction; however, these methods often suffer from a lack of semantic grounding and exhibit brittleness in the presence of video prediction errors. To synergize semantic understanding with dynamic predictive capabilities, we present InternVLA-A1. This model employs a unified Mixture-of-Transformers architecture, coordinating three experts for scene understanding, visual foresight generation, and action execution. These components interact seamlessly through a unified masked self attention mechanism. Building upon InternVL3 and Qwen3-VL, we instantiate InternVLA-A1 at 2B and 3B parameter scales. We pre-train these models on heterogeneous data sources over real-world robot data, synthetic simulation data, and human videos, covering over 692M frames. This hybrid training strategy effectively harnesses the diversity of synthetic simulation data while minimizing the sim-to-real gap. We evaluated InternVLA-A1 on 12 real-world robotic tasks and a simulation benchmark. The results show that InternVLA-A1 consistently outperforms prior leading models: compared with pi0.5, it achieves +4.4% on static manipulation tasks and +2.6% on the RoboTwin 2.0 simulation benchmark, and delivers a +26.7% boost on dynamic manipulation tasks.",high,A4 | A7,2,A4=medium | A7=high,"A4=Connects trajectory or demonstration choice to downstream policy learning, behavior, or offline-RL utility. | A7=Prevalent Vision-Language-Action (VLA) models are typically built upon Multimodal Large Language Models (MLLMs) and demonstrate exceptional proficiency in semantic understanding, but they inherently lack the capability to deduce physical world dynamics.",A4=It is directly or plausibly transferable to selecting robot experience for policy learning. | A7=It helps diagnose or reduce behavior-distribution mismatch and spurious dependence under deployment shift.,A4=true | A7=true,expansion_round_1,,,arxiv:2601.02456 | paper:6427452585837748321,,paper:6427452585837748321,,64,citers,recent,A4 | A7,false,false,false,true,A4/expansion/round3/registry.jsonl | A4/expansion/round4/registry.jsonl | A5/canonical-pool.jsonl | A5/paper-registry.json | A7/work/expansion-registry.json | A7/work/expansion-registry.jsonl,A4/expansion/all-new-expansion-triage.jsonl | A7/work/expansion-triage.jsonl
1493,arxiv:2601.06647,12,MEDIUM,A1,eSkiTB: A Synthetic Event-based Dataset for Tracking Skiers,arxiv:2601.06647,"Tracking skiers in RGB broadcast footage is challenging due to motion blur, static overlays, and clutter that obscure the fast-moving athlete. Event cameras, with their asynchronous contrast sensing, offer natural robustness to such artifacts, yet a controlled benchmark for winter-sport tracking has been missing. We introduce event SkiTB (eSkiTB), a synthetic event-based ski tracking dataset generated from SkiTB using direct video-to-event conversion without neural interpolation, enabling an iso-informational comparison between RGB and event modalities. Benchmarking SDTrack (spiking transformer) against STARK (RGB transformer), we find that event-based tracking is substantially resilient to broadcast clutter in scenes dominated by static overlays, achieving 0.685 IoU, outperforming RGB by +20.0 points. Across the dataset, SDTrack attains a mean IoU of 0.711, demonstrating that temporal contrast is a reliable cue for tracking ballistic motion in visually congested environments. eSkiTB establishes the first controlled setting for event-based tracking in winter sports and highlights the promise of event cameras for ski tracking. The dataset and code will be released at https://github.com/eventbasedvision/eSkiTB.",medium,A1,1,A1=medium,"A1=The paper develops or evaluates a temporal correspondence, synchronization, delay, or sequence-representation mechanism for eSkiTB: A Synthetic Event-based Dataset for Tracking Skiers.","A1=Its adjacent-domain method may provide a transferable alignment idea, but the robot transfer path requires verification.",A1=true,expansion_round_1,,,arxiv:2601.06647,arxiv:2601.06647,1717422807473497529,,,related-references | related-similar,,A1,false,false,false,false,A1/expansion-registry.json | A1/expansion-round2-registry.json | A1/paper-registry-complete.json,A1/expansion-triage.jsonl
1506,arxiv:2601.11625,12,MEDIUM,A4,Reasoning Stabilization Point: A Training-Time Signal for Stable Evidence and Shortcut Reliance,arxiv:2601.11625,"Fine-tuning pretrained language models can improve task performance while subtly altering the evidence a model relies on. We propose a training-time interpretability view that tracks token-level attributions across finetuning epochs. We define explanation driftas the epoch-to-epoch change in normalized token attributions on a fixed probe set, and introduce the Reasoning Stabilization Point(RSP), the earliest epoch after which drift remains consistently low. RSP is computed from within-run drift dynamics and requires no tuning on out-of-distribution data. Across multiple lightweight transformer classifiers and benchmark classification tasks, drift typically collapses into a low, stable regime early in training, while validation accuracy continues to change only marginally. In a controlled shortcut setting with label-correlated trigger tokens, attribution dynamics expose increasing reliance on the shortcut even when validation accuracy remains competitive. Overall, explanation drift provides a simple, low-cost diagnostic for monitoring how decision evidence evolves during fine-tuning and for selecting checkpoints in a stable-evidence regime.",medium,A4,1,A4=medium,A4=Uses a valuation or attribution signal to estimate the contribution of training examples to model or policy outcomes.,A4=It extends the A4 mechanism space with adjacent data-centric evidence.,A4=false,expansion_round_1,,,arxiv:2601.11625 | paper:817017422423293349,,,,,,,A4,false,false,false,false,A4/expansion/round2/registry.jsonl | A4/expansion/round5/registry.jsonl,A4/expansion/all-new-expansion-triage.jsonl
1519,arxiv:2601.14971,12,MEDIUM,A4,Fine-Grained Traceability for Transparent ML Pipelines,arxiv:2601.14971,"Modern machine learning systems are increasingly realised as multistage pipelines, yet existing transparency mechanisms typically operate at a model level: they describe what a system is and why it behaves as it does, but not how individual data samples are operationally recorded, tracked, and verified as they traverse the pipeline. This absence of verifiable, sample-level traceability leaves practitioners and users unable to determine whether a specific sample was used, when it was processed, or whether the corresponding records remain intact over time. We introduce FG-Trac, a model-agnostic framework that establishes verifiable, fine-grained sample-level traceability throughout machine learning pipelines. FG-Trac defines an explicit mechanism for capturing and verifying sample lifecycle events across preprocessing and training, computes contribution scores explicitly grounded in training checkpoints, and anchors these traces to tamper-evident cryptographic commitments. The framework integrates without modifying model architectures or training objectives, reconstructing complete and auditable data-usage histories with practical computational overhead. Experiments on a canonical convolutional neural network and a multimodal graph learning pipeline demonstrate that FG-Trac preserves predictive performance while enabling machine learning systems to furnish verifiable evidence of how individual samples were used and propagated during model execution.",medium,A4,1,A4=medium,A4=Provides adjacent evidence about how data composition affects learning outcomes.,A4=It extends the A4 mechanism space with adjacent data-centric evidence.,A4=false,expansion_round_1,,,arxiv:2601.14971 | paper:1734620234046201284,,,,,,,A4,false,false,false,false,A4/expansion/round2/registry.jsonl | A4/expansion/round5/registry.jsonl,A4/expansion/all-new-expansion-triage.jsonl
1532,arxiv:2601.19634,12,MEDIUM,A4,AC²-VLA: Action-Context-Aware Adaptive Computation in Vision-Language-Action Models for Efficient Robotic Manipulation,arxiv:2601.19634,"Vision-Language-Action (VLA) models have demonstrated strong performance in robotic manipulation, yet their closed-loop deployment is hindered by the high latency and compute cost of repeatedly running large vision-language backbones at every timestep. We observe that VLA inference exhibits structured redundancies across temporal, spatial, and depth dimensions, and that most existing efficiency methods ignore action context, despite its central role in embodied tasks. To address this gap, we propose Action-Context-aware Adaptive Computation for VLA models (AC²-VLA), a unified framework that conditions computation on current visual observations, language instructions, and previous action states. Based on this action-centric context, AC²-VLA adaptively performs cognition reuse across timesteps, token pruning, and selective execution of model components within a unified mechanism. To train the adaptive policy, we introduce an action-guided self-distillation scheme that preserves the behavior of the dense VLA policy while enabling structured sparsification that transfers across tasks and settings. Extensive experiments on robotic manipulation benchmarks show that AC²-VLA achieves up to a 1.79× speedup while reducing FLOPs to 29.4% of the dense baseline, with comparable task success.",medium,A4,1,A4=medium,"A4=Selects or removes training examples using utility, gradient, coverage, or representativeness criteria.",A4=It is directly or plausibly transferable to selecting robot experience for policy learning.,A4=false,expansion_round_1,,,arxiv:2601.19634 | paper:5565637424153083739,arxiv:2601.19634,5565637424153083739,,q17-recent-failure,search-papers,recent,A1,false,false,false,false,A1/paper-registry-complete.json | A1/paper-registry.json | A1/raw/q17-recent-failure.json | A4/expansion/round4/registry.jsonl,A4/expansion/all-new-expansion-triage.jsonl
1545,arxiv:2601.22595,12,MEDIUM,A8,Learn More with Less: Uncertainty Consistency Guided Query Selection for RLVR,arxiv:2601.22595,"Large Language Models (LLMs) have recently improved mathematical reasoning through Reinforcement Learning with Verifiable Reward (RLVR). However, existing RLVR algorithms require large query budgets, making annotation costly. We investigate whether fewer but more informative queries can yield similar or superior performance, introducing active learning (AL) into RLVR. We identify that classic AL sampling strategies fail to outperform random selection in this setting, due to ignoring objective uncertainty when only selecting by subjective uncertainty. This work proposes an uncertainty consistency metric to evaluate how well subjective uncertainty aligns with objective uncertainty. In the offline setting, this alignment is measured using the Point-Biserial Correlation Coefficient (PBC). For online training, because of limited sampling and dynamically shifting output distributions, PBC estimation is difficult. Therefore, we introduce a new online variant, computed from normalized advantage and subjective uncertainty. Theoretically, we prove that the online variant is strictly negatively correlated with offline PBC and supports better sample selection. Experiments show our method consistently outperforms random and classic AL baselines, achieving full-dataset performance while training on only 30% of the data, effectively reducing the cost of RLVR for reasoning tasks.",medium,A8,1,A8=medium,A8=It selects queries where subjective uncertainty aligns with objective outcomes and uses an online advantage-based proxy for that alignment.,A8=The transferable lesson is to validate whether uncertainty predicts learning value rather than assuming any confidence score is informative.,A8=true,primary_assignment,,,arxiv:2601.22595,arxiv:2601.22595,1380501885443651381,,A8 | q18-adjacent | q21-foundational,search-papers,foundational,A8,false,false,false,false,A8/raw/q18-adjacent.json | A8/raw/q21-foundational.json | A8/work/assigned-papers.json | A8/work/canonical-pool.jsonl,A8/work/abstract-triage.jsonl | A8/work/assigned-abstracts.jsonl
1558,arxiv:2602.02055,12,MEDIUM,A5,FORLER: Federated Offline Reinforcement Learning with Q-Ensemble and Actor Rectification,arxiv:2602.02055,"In Internet-of-Things systems, federated learning has advanced online reinforcement learning (RL) by enabling parallel policy training without sharing raw data. However, interacting with real environments online can be risky and costly, motivating offline federated RL (FRL), where local devices learn from fixed datasets. Despite its promise, offline FRL may break down under low-quality, heterogeneous data. Offline RL tends to get stuck in local optima, and in FRL, one device's suboptimal policy can degrade the aggregated model, i.e., policy pollution. We present FORLER, combining Q-ensemble aggregation on the server with actor rectification on devices. The server robustly merges device Q-functions to curb policy pollution and shift heavy computation off resource-constrained hardware without compromising privacy. Locally, actor rectification enriches policy gradients via a zeroth-order search for high-Q actions plus a bespoke regularizer that nudges the policy toward them. A δ-periodic strategy further reduces local computation. We theoretically provide safe policy improvement performance guarantees. Extensive experiments show FORLER consistently outperforms strong baselines under varying data quality and heterogeneity.",medium,A5,1,A5=medium,"A5=In Internet-of-Things systems, federated learning has advanced online reinforcement learning (RL) by enabling parallel policy training without sharing raw data.",A5=This adjacent transfer neighbor tests whether the expansion adds a reusable mechanism for controlling robot experience in policy training.,A5=true,expansion_round_3,,,arxiv:2602.02055,arxiv:2602.02055,8130442750273990293,,,,,A5,false,false,false,false,A5/expansion/raw/round3-citers.json,A5/expansion/round3-triage.jsonl
1571,arxiv:2602.05319,12,MEDIUM,A1,Accelerated Sequential Flow Matching: A Bayesian Filtering Perspective,arxiv:2602.05319,"Sequential probabilistic inference from streaming observations requires modeling distributions over future trajectories as new observations arrive. Although diffusion and flow-matching models are effective at capturing high-dimensional, multimodal distributions, their deployment in real-time streaming settings typically relies on repeatedly sampling from a non-informative initial distribution. This results in substantial inference latency, particularly when multiple samples are needed to characterize the predictive distribution. In this work, we introduce Sequential Bayesian Flow Matching, a framework inspired by Bayesian filtering. By learning a probability flow that transports the posterior distribution from one time step to the next time step conditioned on new observations, it mirrors the recursive structure of Bayesian belief updates. Crucially, by using the previous belief as an informative source distribution, it enables substantially faster sampling than naive resampling from scratch. Across scientific forecasting tasks spanning accelerator beam spill dynamics, fluid dynamics, and weather forecasting, as well as decision-making benchmarks, our method achieves performance competitive with full-step diffusion on distributional metrics while using far fewer sampling steps, substantially reducing inference latency. Our code is available at https://github.com/Graph-COM/SequentialFlowMatching.",medium,A1,1,A1=medium,"A1=The paper develops or evaluates a temporal correspondence, synchronization, delay, or sequence-representation mechanism for Accelerated Sequential Flow Matching: A Bayesian Filtering Perspective.","A1=Its adjacent-domain method may provide a transferable alignment idea, but the robot transfer path requires verification.",A1=true,expansion_round_2,,,arxiv:2602.05319,arxiv:2602.05319,4667870666384874527,,,related-papers-round2,,A1,false,false,false,false,A1/expansion-round2-registry.json | A1/paper-registry-complete.json,A1/expansion-round2-triage.jsonl
1584,arxiv:2602.10015,12,HIGH,A2,RoboSubtaskNet: Temporal Sub-task Segmentation for Human-to-Robot Skill Transfer in Real-World Environments,arxiv:2602.10015,"Temporally locating and classifying fine-grained sub-task segments in long, untrimmed videos is crucial to safe human-robot collaboration. Unlike generic activity recognition, collaborative manipulation requires sub-task labels that are directly robot-executable. We present RoboSubtaskNet, a multi-stage human-to-robot sub-task segmentation framework that couples attention-enhanced I3D features (RGB plus optical flow) with a modified MS-TCN employing a Fibonacci dilation schedule to capture better short-horizon transitions such as reach-pick-place. The network is trained with a composite objective comprising cross-entropy and temporal regularizers (truncated MSE and a transition-aware term) to reduce over-segmentation and to encourage valid sub-task progressions. To close the gap between vision benchmarks and control, we introduce RoboSubtask, a dataset of healthcare and industrial demonstrations annotated at the sub-task level and designed for deterministic mapping to manipulator primitives. Empirically, RoboSubtaskNet outperforms MS-TCN and MS-TCN++ on GTEA and our RoboSubtask benchmark (boundary-sensitive and sequence metrics), while remaining competitive on the long-horizon Breakfast benchmark. Specifically, RoboSubtaskNet attains F1 @ 50 = 79.5%, Edit = 88.6%, Acc = 78.9% on GTEA; F1 @ 50 = 30.4%, Edit = 52.0%, Acc = 53.5% on Breakfast; and F1 @ 50 = 94.2%, Edit = 95.6%, Acc = 92.2% on RoboSubtask. We further validate the full perception-to-execution pipeline on a 7-DoF Kinova Gen3 manipulator, achieving reliable end-to-end behavior in physical trials (overall task success approx 91.25%). These results demonstrate a practical path from sub-task level video understanding to deployed robotic manipulation in real-world settings.",high,A2,1,A2=high,A2=Detects or learns semantically meaningful trajectory segments and uses them as variable-horizon action chunks or keypose-to-keypose control targets.,"A2=Boundary and horizon choices determine the training unit, feedback latency, credit assignment, and compounding-error exposure in long-horizon robot learning.",A2=true,primary_assignment,"Dharmendra Sharma, Archit Sharma, John Rebeiro, Vaibhav Kesharwani, Peeyush Thakur, Narendra Kumar Dhar, Laxmidhar Behera",2026,arxiv:2602.10015,arxiv:2602.10015,1127395604226589344,cs.AI | cs.RO,2026 robot learning event boundaries temporal segmentation action chunk | contrastive temporal distance skill boundary detection robotics | event boundary errors skill segmentation downstream policy performance | robot manipulation demonstration segmentation subtask boundaries temporally extended actions | skill segmentation motion primitives robot demonstrations change point detection,search-papers,false,A2,false,false,false,false,A2/assigned-papers.json | A2/assigned-registry-inspected.json | A2/assigned-registry-inspected.jsonl | A2/canonical-pool.json | A2/canonical-pool.jsonl | A2/raw/q02-direct.json | A2/raw/q05-synonyms.json | A2/raw/q14-contrastive.json | A2/raw/q22-boundary-errors.json | A2/raw/q45-2026-boundaries.json,A2/assigned-abstracts.jsonl | A2/triage.jsonl
1597,arxiv:2602.12628,12,HIGH,A1 | A4 | A7,Beyond Imitation: Reinforcement Learning-Based Sim-Real Co-Training for VLA Models,arxiv:2602.12628,"Simulation offers a scalable and low-cost way to enrich vision-language-action (VLA) training, reducing reliance on expensive real-robot demonstrations. However, most sim-real co-training methods rely on supervised fine-tuning (SFT), which treats simulation as a static source of demonstrations and does not exploit large-scale closed-loop interaction. Consequently, real-world gains and generalization are often limited. In this paper, we propose an RL-based sim-real Co-training (RL-Co) framework that leverages interactive simulation while preserving real-world capabilities. Our method follows a generic two-stage design: we first warm-start the policy with SFT on a mixture of real and simulated demonstrations, then fine-tune it with reinforcement learning in simulation while adding an auxiliary supervised loss on real-world data to anchor the policy and mitigate catastrophic forgetting. We evaluate our framework on four real-world tabletop manipulation tasks using two representative VLA architectures, OpenVLA and π0.5, and observe consistent improvements over real-only fine-tuning and SFT-based co-training, including +24% real-world success on OpenVLA and +20% on π0.5. Beyond higher success rates, RL co-training yields stronger generalization to unseen task variations and substantially improved real-world data efficiency, providing a practical and scalable pathway for leveraging simulation to enhance real-robot deployment.",high,A1 | A4 | A7,3,A1=low | A4=medium | A7=high,"A1=The abstract does not expose a clear temporal mechanism connected to the lane. | A4=Connects trajectory or demonstration choice to downstream policy learning, behavior, or offline-RL utility. | A7=Simulation offers a scalable and low-cost way to enrich vision-language-action (VLA) training, reducing reliance on expensive real-robot demonstrations.","A1=Its mechanism is a plausible transfer to multimodal robot experience, action-observation alignment, or temporally aware policy training. | A4=It is directly or plausibly transferable to selecting robot experience for policy learning. | A7=It informs how data quantity, composition, or offline experience should affect policy training.",A1=false | A4=true | A7=true,expansion_round_1,,,arxiv:2602.12628 | paper:9131678562363315812,arxiv:2602.12628,9131678562363315812,,5,citers | related-similar,general,A1,false,false,false,true,A1/expansion-registry.json | A1/expansion-round2-registry.json | A1/paper-registry-complete.json | A4/expansion/round3/registry.jsonl | A4/expansion/round4/registry.jsonl | A5/canonical-pool.jsonl | A5/expansion/raw/round2-citers.json | A5/paper-registry.json | A7/work/expansion-registry.json | A7/work/expansion-registry.jsonl,A1/expansion-triage.jsonl | A4/expansion/all-new-expansion-triage.jsonl | A7/work/expansion-triage.jsonl
1610,arxiv:2602.15567,12,HIGH,A1,Constraining Streaming Flow Models for Adapting Learned Robot Trajectory Distributions,arxiv:2602.15567,"Robot motion distributions often exhibit multi-modality and require flexible generative models for accurate representation. Streaming Flow Policies (SFPs) have recently emerged as a powerful paradigm for generating robot trajectories by integrating learned velocity fields directly in action space, enabling smooth and reactive control. However, existing formulations lack mechanisms for adapting trajectories post-training to enforce safety and task-specific constraints. We propose Constraint-Aware Streaming Flow (CASF), a framework that augments streaming flow policies with constraint-dependent metrics that reshape the learned velocity field during execution. CASF models each constraint, defined in either the robot's workspace or configuration space, as a differentiable distance function that is converted into a local metric and pulled back into the robot's control space. Far from restricted regions, the resulting metric reduces to the identity; near constraint boundaries, it smoothly attenuates or redirects motion, effectively deforming the underlying flow to maintain safety. This allows trajectories to be adapted in real time, ensuring that robot actions respect joint limits, avoid collisions, and remain within feasible workspaces, while preserving the multi-modal and reactive properties of streaming flow policies. We demonstrate CASF in simulated and real-world manipulation tasks, showing that it produces constraint-satisfying trajectories that remain smooth, feasible, and dynamically consistent, outperforming standard post-hoc projection baselines.",high,A1,1,A1=high,"A1=The paper develops or evaluates a temporal correspondence, synchronization, delay, or sequence-representation mechanism for Constraining Streaming Flow Models for Adapting Learned Robot Trajectory Distributions.","A1=Its mechanism is a plausible transfer to multimodal robot experience, action-observation alignment, or temporally aware policy training.",A1=true,expansion_round_2,,,arxiv:2602.15567,arxiv:2602.15567,8421602920000743347,,,related-papers-round2,,A1,false,false,false,false,A1/expansion-round2-registry.json | A1/paper-registry-complete.json,A1/expansion-round2-triage.jsonl
1623,arxiv:2602.19943,12,MEDIUM,A4,Scaling Law of Neural Koopman Operators,arxiv:2602.19943,"Data-driven neural Koopman operator theory has emerged as a powerful tool for linearizing and controlling nonlinear robotic systems. However, the performance of these data-driven models fundamentally depends on the trade-off between sample size and model dimensions, a relationship for which the scaling laws have remained unclear. This paper establishes a rigorous framework to address this challenge by deriving and empirically validating scaling laws that connect sample size, latent space dimension, and downstream control quality. We derive a theoretical upper bound on the Koopman approximation error, explicitly decomposing it into sampling error and projection error. We show that these terms decay at specific rates relative to dataset size and latent dimension, providing a rigorous basis for the scaling law. Based on the theoretical results, we introduce two lightweight regularizers for the neural Koopman operator: a covariance loss to help stabilize the learned latent features and an inverse control loss to ensure the model aligns with physical actuation. The results from systematic experiments across six robotic environments confirm that model fitting error follows the derived scaling laws, and the regularizers improve dynamic model fitting fidelity, with enhanced closed-loop control performance. Together, our results provide a simple recipe for allocating effort between data collection and model capacity when learning Koopman dynamics for control.",medium,A4,1,A4=medium,"A4=Connects trajectory or demonstration choice to downstream policy learning, behavior, or offline-RL utility.",A4=It is directly or plausibly transferable to selecting robot experience for policy learning.,A4=true,expansion_round_1,,,arxiv:2602.19943 | paper:7082037540972732769,,,,,,,A4,false,false,false,false,A4/expansion/round3/registry.jsonl,A4/expansion/all-new-expansion-triage.jsonl
1636,arxiv:2602.24143,12,HIGH,A7,"Robust Skills, Brittle Grounding: Diagnosing Restricted Generalization in Vision-Language Action Policies via Multi-Object Picking",arxiv:2602.24143,"Vision-language action (VLA) policies often report strong manipulation benchmark performance with relatively few demonstrations, but it remains unclear whether this reflects robust language-to-object grounding or reliance on object--location correlations that do not transfer beyond the training distribution. We present a controlled multi-object picking study that progressively increases object placement variability up to full workspace randomization and evaluates held-out object--location pairings that break familiar associations without increasing spatial difficulty. Across these stress tests and data scaling, we find that for representative VLA policies, including SmolVLA and π0.5, execution of the manipulation primitive remains substantially more reliable than instruction-conditioned task success in harder regimes, suggesting that manipulation skill acquisition is decoupled from instruction following. We recommend augmenting manipulation benchmarks with task ladders and decomposed metrics that separately measure primitive execution and instruction-conditioned success to better diagnose instruction-grounded generalization.",high,A7,1,A7=high,"A7=Vision-language action (VLA) policies often report strong manipulation benchmark performance with relatively few demonstrations, but it remains unclear whether this reflects robust language-to-object grounding or reliance on object--location correlations th...",A7=It helps diagnose or reduce behavior-distribution mismatch and spurious dependence under deployment shift.,A7=true,expansion_round_1,,,arxiv:2602.24143,,,,,citers,,A7,false,false,false,false,A7/work/expansion-read-manifest.json | A7/work/expansion-registry.json | A7/work/expansion-registry.jsonl,A7/work/expansion-triage.jsonl
1649,arxiv:2603.04585,12,HIGH,A8,ELLIPSE: Evidential Learning for Robust Waypoints and Uncertainties,arxiv:2603.04585,"Robust waypoint prediction is crucial for mobile robots operating in open-world, safety-critical settings. While Imitation Learning (IL) methods have demonstrated great success in practice, they are susceptible to distribution shifts: the policy can become dangerously overconfident in unfamiliar states. In this paper, we present ELLIPSE, a method building on multivariate deep evidential regression to output waypoints and multivariate Student-t predictive distributions in a single forward pass. To reduce covariate-shift-induced overconfidence under viewpoint and pose perturbations near expert trajectories, we introduce a lightweight domain augmentation procedure that synthesizes plausible viewpoint/pose variations without collecting additional demonstrations. To improve uncertainty reliability under environment/domain shift (e.g., unseen staircases), we apply a post-hoc isotonic recalibration on probability integral transform (PIT) values so that prediction sets remain plausible during deployment. We ground the discussion and experiments in staircase waypoint prediction, where obtaining robust waypoint and uncertainty is pivotal. Extensive real world evaluations show that ELLIPSE improves both task success rate and uncertainty coverage compared to baselines.",high,A8,1,A8=high,A8=Deep evidential regression predicts waypoint distributions and uses augmentation plus isotonic recalibration to improve uncertainty coverage under covariate shift.,A8=It provides a calibrated OOD uncertainty signal that can gate collection or intervention when deployment states are unfamiliar.,A8=true,primary_assignment,,2026,arxiv:2603.04585,arxiv:2603.04585,4056814804399050150,,A8 | q08-synonyms | q15-outcome,search-papers,recent,A8,false,false,false,false,A7/raw/q06-shift.json | A7/work/paper-registry.json | A7/work/paper-registry.jsonl | A7/work/verified-paper-registry.json | A7/work/verified-paper-registry.jsonl | A8/raw/q08-synonyms.json | A8/raw/q15-outcome.json | A8/work/assigned-papers.json | A8/work/canonical-pool.jsonl,A8/work/abstract-triage.jsonl | A8/work/assigned-abstracts.jsonl
1662,arxiv:2603.08349,12,HIGH,A1,Towards plausibility in time series counterfactual explanations,arxiv:2603.08349,"We present a new method for generating plausible counterfactual explanations for time series classification problems. The approach performs gradient-based optimization directly in the input space. To enforce plausibility, we integrate soft-DTW (dynamic time warping) alignment with k-nearest neighbors from the target class, which effectively encourages the generated counterfactuals to adopt a realistic temporal structure. The overall optimization objective is a multi-faceted loss function that balances key counterfactual properties. It incorporates losses for validity, sparsity, and proximity, alongside the novel soft-DTW-based plausibility component. We conduct an evaluation of our method against several strong reference approaches, measuring the key properties of the generated counterfactuals across multiple dimensions. The results demonstrate that our method achieves competitive performance in validity while significantly outperforming existing approaches in distributional alignment with the target class, indicating superior temporal realism. Furthermore, a qualitative analysis highlights the critical limitations of existing methods in preserving realistic temporal structure. This work shows that the proposed method consistently generates counterfactual explanations for time series classifiers that are not only valid but also highly plausible and consistent with temporal patterns.",high,A1,1,A1=high,"A1=The paper develops or evaluates a temporal correspondence, synchronization, delay, or sequence-representation mechanism for Towards plausibility in time series counterfactual explanations.","A1=Its mechanism is a plausible transfer to multimodal robot experience, action-observation alignment, or temporally aware policy training.",A1=true,expansion_round_1,,,arxiv:2603.08349,arxiv:2603.08349,324986720554661552,,,related-citers,,A1,false,false,false,false,A1/expansion-registry.json | A1/paper-registry-complete.json,A1/expansion-triage.jsonl
1675,arxiv:2603.13033,12,MEDIUM,A4,ESPIRE: A Diagnostic Benchmark for Embodied Spatial Reasoning of Vision-Language Models,arxiv:2603.13033,"A recent trend in vision-language models (VLMs) has been to enhance their spatial cognition for embodied domains. Despite progress, existing evaluations have been limited both in paradigm and in coverage, hindering rapid, iterative model development. To address these limitations, we propose ESPIRE, a diagnostic benchmark for embodied spatial reasoning. ESPIRE offers a simulated world that physically grounds VLMs and evaluates them on spatial-reasoning-centric robotic tasks, thus narrowing the gap between evaluation and real-world deployment. To adapt VLMs to robotic tasks, we decompose each task into localization and execution, and frame both as generative problems, in stark contrast to predominant discriminative evaluations (e.g., via visual-question answering) that rely on distractors and discard execution. This decomposition further enables a fine-grained analysis beyond passive spatial reasoning toward reasoning to act. We systematically design ESPIRE both at the instruction level and at the environment level, ensuring broad coverage of spatial reasoning scenarios. We use ESPIRE to diagnose a range of frontier VLMs and provide in-depth analysis of their spatial reasoning behaviors.",medium,A4,1,A4=medium,A4=Uses a valuation or attribution signal to estimate the contribution of training examples to model or policy outcomes.,A4=It is directly or plausibly transferable to selecting robot experience for policy learning.,A4=false,expansion_round_1,,2026,arxiv:2603.13033 | paper:5660911133442244532,arxiv:2603.13033,5660911133442244532,,,search-papers,recent,A4,false,false,false,false,A4/expansion/round4/registry.jsonl | A7/raw/q35-recent-coverage.json | A7/work/paper-registry.json | A7/work/paper-registry.jsonl | A7/work/verified-paper-registry.json | A7/work/verified-paper-registry.jsonl,A4/expansion/all-new-expansion-triage.jsonl
1688,arxiv:2603.16542,12,HIGH,A3,Conservative Offline Robot Policy Learning via Posterior-Transition Reweighting,arxiv:2603.16542,"Offline post-training adapts a pretrained robot policy to a target dataset by supervised regression on recorded actions. In practice, robot datasets are heterogeneous: they mix embodiments, camera setups, and demonstrations of varying quality, so many trajectories reflect recovery behavior, inconsistent operator skill, or weakly informative supervision. Uniform post-training gives equal credit to all samples and can therefore average over conflicting or low-attribution data. We propose Posterior-Transition Reweighting (PTR), a reward-free and conservative post-training method that decides how",high,A3,1,A3=high,A3=Posterior-transition reweighting conservatively assigns influence to heterogeneous demonstrations based on inferred usefulness.,A3=It gives reward-free post-training a mechanism for preventing weak or conflicting samples from averaging into unsafe behavior.,A3=true,primary_assignment,Wanpeng Zhang | Hao Luo | Sipeng Zheng | Yicheng Feng | Haiweng Xu | Ziheng Xi | Chaoyi Xu | Haoqi Yuan | Zongqing Lu,2026,arxiv:2603.16542,arxiv:2603.16542,6726469729700416742,cs.RO,q03-synonyms,firecrawl research search-papers,general | recent,A3,false,false,false,false,A3/assigned-papers.json | A3/evidence-index.json | A3/paper-registry.json | A3/raw/q03-synonyms.txt | A4/canonical-registry.jsonl | A4/expansion/round2/registry.jsonl | A4/expansion/round3/registry.jsonl | A4/expansion/round5/registry.jsonl | A4/raw/q01-direct.json | A4/raw/q10-loss-pruning.json | A4/raw/q13-harmful-demo.json | A5/canonical-pool.jsonl | A5/expansion/raw/round2-citers.json | A5/paper-registry.json | A5/raw/q05-direct-mixture.json | A6/raw-retrieval/q31-recent-mixed-quality.json | A6/work/canonical-pool.jsonl | A7/raw/q10-mixture-balance.json | A7/raw/q34-recent-shift.json | A7/work/paper-registry.json | A7/work/paper-registry.jsonl | A7/work/verified-paper-registry.json | A7/work/verified-paper-registry.jsonl | A8/raw/q07-synonyms.json | A8/work/canonical-pool.jsonl | A8/work/expansion-pool.jsonl,A3/abstract-triage.jsonl
1701,arxiv:2603.25903,12,HIGH,A5,Emergent Neural Automaton Policies: Learning Symbolic Structure from Visuomotor Trajectories,arxiv:2603.25903,"Scaling robot learning to long-horizon tasks remains a formidable challenge. While end-to-end policies often lack the structural priors needed for effective long-term reasoning, traditional neuro-symbolic methods rely heavily on hand-crafted symbolic priors. To address the issue, we introduce ENAP (Emergent Neural Automaton Policy), a framework that allows a bi-level neuro-symbolic policy adaptively emerge from visuomotor demonstrations. Specifically, we first employ adaptive clustering and an extension of the L* algorithm to infer a Mealy state machine from visuomotor data, which serves as an interpretable high-level planner capturing latent task modes. Then, this discrete structure guides a low-level reactive residual network to learn precise continuous control via behavior cloning (BC). By explicitly modeling the task structure with discrete transitions and continuous residuals, ENAP achieves high sample efficiency and interpretability without requiring task-specific labels. Extensive experiments on complex manipulation and long-horizon tasks demonstrate that ENAP outperforms state-of-the-art (SoTA) end-to-end VLA policies by up to 27% in low-data regimes, while offering a structured representation of robotic intent (Fig. 1).",high,A5,1,A5=high,A5=Scaling robot learning to long-horizon tasks remains a formidable challenge.,"A5=It supplies an adjacent-domain sampling, weighting, or selection mechanism whose transfer to robot experience should be checked during inspection.",A5=true,primary_assignment,"Yiyuan Pan, Xusheng Luo, Hanjiang Hu, Peiqi Yu, Changliu Liu",,arxiv:2603.25903 | paper:8062588993766793075,,paper:8062588993766793075,cs.RO,72,search-papers,recent,A5,false,false,false,false,A5/assigned-papers.json | A5/canonical-pool.jsonl | A5/evidence-ledger.jsonl | A5/inspection-manifest.json | A5/paper-registry.json | A5/read-manifest.json,A5/assigned-abstracts.jsonl
1714,arxiv:2604.12303,12,MEDIUM,A8,Labeled TrustSet Guided: Batch Active Learning with Reinforcement Learning,arxiv:2604.12303,"Batch active learning (BAL) is a crucial technique for reducing labeling costs and improving data efficiency in training large-scale deep learning models. Traditional BAL methods often rely on metrics like Mahalanobis Distance to balance uncertainty and diversity when selecting data for annotation. However, these methods predominantly focus on the distribution of unlabeled data and fail to leverage feedback from labeled data or the model's performance. To address these limitations, we introduce TrustSet, a novel approach that selects the most informative data from the labeled dataset, ensuring a balanced class distribution to mitigate the long-tail problem. Unlike CoreSet, which focuses on maintaining the overall data distribution, TrustSet optimizes the model's performance by pruning redundant data and using label information to refine the selection process. To extend the benefits of TrustSet to the unlabeled pool, we propose a reinforcement learning (RL)-based sampling policy that approximates the selection of high-quality TrustSet candidates from the unlabeled data. Combining TrustSet and RL, we introduce the Batch Reinforcement Active Learning with TrustSet (BRAL-T) framework. BRAL-T achieves state-of-the-art results across 10 image classification benchmarks and 2 active fine-tuning tasks, demonstrating its effectiveness and efficiency in various domains.",medium,A8,1,A8=medium,"A8=It combines label-aware redundancy pruning with an RL policy that approximates selection of high-quality, balanced candidates from an unlabeled pool.",A8=Its learned selection policy is a transferable design for fleet data acquisition when utility and coverage are only indirectly observed.,A8=true,primary_assignment,,,arxiv:2604.12303,arxiv:2604.12303,6345351641851707702,,A8 | q18-adjacent,search-papers,,A8,false,false,false,false,A8/raw/q18-adjacent.json | A8/work/assigned-papers.json | A8/work/canonical-pool.jsonl,A8/work/abstract-triage.jsonl | A8/work/assigned-abstracts.jsonl
1727,arxiv:2604.26848,12,HIGH,A1,STARRY: Spatial-Temporal Action-Centric World Modeling for Robotic Manipulation,arxiv:2604.26848,"Robotic manipulation requires reasoning about future spatial-temporal interactions and geometric constraints, yet existing Vision-Language-Action (VLA) policies often leave predictive representation weakly coupled with action execution, causing failures in tasks requiring precise spatial-temporal coordination. We propose STARRY, a world-model-enhanced action-generation policy that aligns spatial-temporal prediction and action generation by jointly denoising future spatial-temporal latents and actions through a unified diffusion process. To bridge 2D visual tokens and 3D metric control, STARRY introduces Geometry-Aware Selective Attention Modulation (GASAM), which converts predicted depth and end-effector geometry into token-aligned weights for selective action-attention modulation. On RoboTwin 2.0, STARRY achieves 93.82% / 93.30% average success under Clean and Randomized settings across 50 bimanual tasks. Real-world experiments show that STARRY improves average success from 42.5% to 70.8% compared with π0.5. These results demonstrate the effectiveness of action-centric spatial-temporal world modeling for spatially and temporally demanding robotic manipulation.",high,A1,1,A1=high,"A1=STARRY jointly denoises future spatial-temporal latents and actions, using geometry-aware attention to couple prediction with execution.",A1=Action-centric future modeling explicitly aligns predicted state evolution with the action trajectory.,A1=true,primary_assignment,,,arxiv:2604.26848,arxiv:2604.26848,6097087912720214263,,q17-recent-failure,search-papers,recent,A1,false,false,false,false,A1/assigned-papers.json | A1/inspection-manifest.json | A1/paper-registry-complete.json | A1/paper-registry.json | A1/raw/q17-recent-failure.json,A1/assigned-abstracts.jsonl | A1/triage.jsonl
1740,arxiv:2605.15536,12,HIGH,A2,SkiP: When to Skip and When to Refine for Efficient Robot Manipulation,arxiv:2605.15536,"Previous imitation learning policies predict future actions at every control step, whether in smooth motion phases or precise, contact-rich operation phases. This uniform treatment is wasteful: most steps in a manipulation trajectory traverse free space and carry little task-relevant information, while a small fraction of key steps around contacts, grasps, and alignment demand dense, high-resolution prediction. We propose a novel action relabeling mechanism: at each timestep in a skip segment, we replace the behavior cloning target with the action at the entrance of the next key segment, enabling the policy to leap over redundant steps in a single decision. The resulting Skip Policy (SkiP) dynamically leaps over skip segments and intensively refines actions in key segments, within a single unified network requiring no learned skip planner or hierarchical structure. To automatically partition demonstrations into key and skip segments without manual annotation, we introduce Motion Spectrum Keying (MSK), a fast, task-agnostic procedure that detects local motion complexity from action signals. Extensive experiments across 72 simulated manipulation tasks and three real-robot tasks show that SkiP reduces executed steps by 15--40% while matching or improving success rates across various policy backbones. Project page: https://pgq18.github.io/SkiP-page/.",high,A2,1,A2=high,"A2=Localizes event, phase, or subtask boundaries by modeling changes in multimodal observations, dynamics, language, or latent sequence structure.","A2=Boundary and horizon choices determine the training unit, feedback latency, credit assignment, and compounding-error exposure in long-horizon robot learning.",A2=true,primary_assignment,"Mingtong Dai, Guanqi Peng, Yongjie Bai, Feng Yan, Chunjie Chen, Lingbo Liu, Liang Lin, Xinyu Wu",2026,arxiv:2605.15536,arxiv:2605.15536,1506467839641839636,cs.AI | cs.CV | cs.RO,bad trajectory segments removal segmentation data quality robot imitation | behavioral cloning action chunking robot imitation learning foundational | hierarchical policy action chunking chunk length prediction robot imitation learning | robot learning trajectory segmentation event boundaries action sequences,search-papers,true,A2,false,false,false,false,A2/assigned-papers.json | A2/assigned-registry-inspected.json | A2/assigned-registry-inspected.jsonl | A2/canonical-pool.json | A2/canonical-pool.jsonl | A2/raw/q01-direct.json | A2/raw/q11-action-chunking.json | A2/raw/q21-bad-segments.json | A2/raw/q36-bc-chunking.json | A5/canonical-pool.jsonl | A5/paper-registry.json | A6/raw-retrieval/q07-syn-subsequences.json | A6/raw-retrieval/q09-mech-segmentation.json | A6/work/canonical-pool.jsonl,A2/assigned-abstracts.jsonl | A2/triage.jsonl
1753,arxiv:2605.30903,12,HIGH,A6,Inverse Reinforcement Learning without an Optimal Demonstrator: A Feasible Reward Set Approach,arxiv:2605.30903,"Inverse reinforcement learning (IRL) typically assumes demonstrations from a single optimal demonstrator, but in many applications data come from multiple imperfect demonstrators with heterogeneous suboptimality levels. We study reward learning in this setting through a feasible-reward-set framework: for each demonstrator, we encode its declared suboptimality level as a linear constraint and intersect the resulting feasible sets across demonstrators. Our theoretical analysis shows that the joint feasible set shrinks monotonically as data are added, and we give an exact characterization of when a new demonstrator strictly tightens it. We further establish two recovery guarantees for the feasible reward set of the ground-truth optimal demonstrator: one bound depends on closeness to the optimal occupancy, while the other requires only sufficient coverage and no near-optimal demonstrator. On the practical side, we introduce strategies to address the inherent reward ambiguity in the obtained reward set and provide an offline algorithm with function approximation for high-dimensional environments. Experiments in tabular grid-world and large language model (LLM) fine-tuning settings are consistent with the theoretical predictions and demonstrate the effectiveness of the proposed framework over baselines.",high,A6,1,A6=high,"A6=Uses failure, recovery, retry, correction, or intervention data to return execution to a viable state or learn corrective behavior.",A6=Shows how imperfect experience can teach robust retry and recovery behavior instead of being discarded.,A6=true,primary_assignment,"Kihyun Kim, Shripad Deshmukh, Nikos Vlassis, Jiawei Zhang",2026,arxiv:2605.30903,arxiv:2605.30903,3921747553788550555,cs.AI | cs.LG,q26-found-irl,search-papers,,A6,true,true,false,false,A6/raw-retrieval/q26-found-irl.json | A6/registry-assignment.jsonl | A6/work/assigned-registry-inspected.jsonl | A6/work/assigned-registry-preinspect.jsonl | A6/work/canonical-pool.jsonl | A6/work/evidence-index.jsonl,A6/triage.jsonl
1766,arxiv:2606.12105,12,HIGH,A1,DAM-VLA: Decoupled Asynchronous Multimodal Vision Language Action model,arxiv:2606.12105,"Vision-language-action (VLA) models inherit a shared synchronous clock from vision-language pretraining, processing every input at one rate. This is misaligned with physical interaction, where a high-frequency modality changes at hundreds of hertz, vision evolves more slowly, and language stays constant across an episode. A synchronous VLA oversamples slow modalities, undersamples fast ones, and caps action generation at the lowest effective frequency. We hypothesize that decoupling temporal processing per modality, letting each update and retain information at its own sensor rate, yields stronger representations and more robust control. We present DAM-VLA, which maintains per-modality latent buffers refreshed at sensor rates and read continuously by the action head, integrating new high-frequency modalities through gated cross-attention that leaves the pretrained backbone intact. Across seven contact-rich real-world manipulation tasks, DAM-VLA more than doubles the average success rate of the strongest synchronous baseline (95.2% vs. 40.95%) while sustaining smooth, reactive 100 Hz control. Project website: https://intuitive-robots.github.io/DAM-VLA/intuitive-robots.github.io/DAM-VLA/",high,A1,1,A1=high,A1=DAM-VLA maintains modality-specific latent buffers at native sensor rates and uses gated cross-attention to read asynchronous updates.,A1=Native-rate processing avoids oversampling slow modalities and undersampling fast contact signals in robot control.,A1=true,primary_assignment,,,arxiv:2606.12105,arxiv:2606.12105,4923985030555422916,,q01-direct | q12-segmentation | q15-recent-vla | q17-recent-failure,search-papers,recent,A1,false,false,false,false,A1/assigned-papers.json | A1/evidence-read-manifest.json | A1/inspection-manifest.json | A1/paper-registry-complete.json | A1/paper-registry.json | A1/raw/q01-direct.json | A1/raw/q12-segmentation.json | A1/raw/q15-recent-vla.json | A1/raw/q17-recent-failure.json | A8/raw/q26-recent.json | A8/work/canonical-pool.jsonl,A1/assigned-abstracts.jsonl | A1/triage.jsonl
1779,arxiv:2606.20871,12,HIGH,A3,Geometric Entropy: When Trajectory Diversity Helps and Hurts in Imitation Learning,arxiv:2606.20871,"We study how trajectory-shape diversity in demonstrations affects imitation learning (IL) performance across models, tasks, and data scales. We introduce Geometric Entropy (HG), a task-agnostic metric that quantifies the intrinsic diversity of transit trajectories after normalizing away extrinsic variation, such as goal pose and workspace scale, via target-frame alignment. Across multiple IL architectures and both simulated and real-robot contact-rich manipulation tasks, we observe a consistent inverted-U relationship between success and HG: increasing geometric diversity improves robustness i",high,A3,1,A3=high,A3=Geometric entropy measures normalized trajectory-shape diversity and reveals an inverted-U relationship between diversity and success.,A3=It warns that diversity is not monotonically beneficial and should be monitored as a quality-composition variable.,A3=true,primary_assignment,Qian Luo | Ruizhe Liu | Pei Zhou | Xunzhe Zhou | Yanchao Yang,2026,arxiv:2606.20871,arxiv:2606.20871,4551758454130549467,cs.RO,q06-trajectory-quality,firecrawl research search-papers,general,A3,false,false,false,false,A3/assigned-papers.json | A3/evidence-index.json | A3/paper-registry.json | A3/raw/q06-trajectory-quality.txt | A4/canonical-registry.jsonl | A4/raw/q08-information-gain.json | A4/raw/q11-help-harm.json | A4/raw/q31-trajectory-rank.json | A5/canonical-pool.jsonl | A5/paper-registry.json | A7/raw/q15-long-tail-failure.json | A7/work/paper-registry.json | A7/work/paper-registry.jsonl | A7/work/verified-paper-registry.json | A7/work/verified-paper-registry.jsonl | A8/raw/q09-mechanism.json | A8/work/canonical-pool.jsonl,A3/abstract-triage.jsonl
1792,arxiv:2606.28320,12,HIGH,A3 | A5,WARP-RM: A Warp-Augmented Relative Progress Reward Model for Data Curation,arxiv:2606.28320,"Scaling imitation learning requires large datasets, yet human teleoperation inevitably produces mixed-quality demonstrations containing hesitations and recoveries. Prior frame-level progress reward models supervise on absolute temporal progress proxies that suffer from label noise, or require costly human annotations to define subtask boundaries. We present WARP (Warp-Augmented Relative Progress), a novel fully self-supervised algorithm for learning dense, signed relative progress magnitudes directly from successful demonstrations. WARP generates per-frame progress targets via time-warp augmentations of demonstrations (variable playback speeds and reversals) and we train WARP-RM to predict the normalized elapsed time between input frames. Aggregating these predictions across overlapping windows yields a dense frame-level progress signal. We then introduce WARP-BC, which leverages these scalar reward estimates to upweight high-advantage action chunks during behavior cloning, where chunk-level advantage is obtained by aggregating per-frame rewards. We evaluate our approach on a physical bimanual robot system performing a long-horizon deformable object manipulation task: folding T-shirts from a random crumpled start. To evaluate policy robustness against suboptimal data, we construct training datasets of varying quality using episode length as a proxy for teleoperation sub-optimality. As the dataset is widened to admit more inefficiencies, WARP-BC maintains a 19/20 success rate compared to vanilla BC's collapse to 2/20, improving throughput by up to 18x. Furthermore, we evaluate a bottle-in-bin placement task in the real-world, as well as in a reproducible simulation of the task, where gains in success, speed, and throughput hold under paired significance tests, and we release all simulation code and evaluation artifacts. Project page: https://uynitsuj.github.io/warp-rm/",high,A3 | A5,2,A3=high | A5=high,"A3=Time-warp augmentation produces self-supervised signed relative-progress targets for dense frame-level curation scores. | A5=Scaling imitation learning requires large datasets, yet human teleoperation inevitably produces mixed-quality demonstrations containing hesitations and recoveries.","A3=It addresses noisy absolute-progress labels and enables fine-grained identification of useful and defective trajectory segments. | A5=It informs how contribution weights can align training with quality, advantage, density, or task importance in the robot experience-to-policy loop.",A3=true | A5=true,primary_assignment,"Justin Yu, Andrew Goldberg, Kavish Kondap, Karim El-Refai, Ethan Ransing, Qianzhong Chen, Mac Schwager, Fred Shentu, Philipp Wu, Ken Goldberg",2026,arxiv:2606.28320 | paper:2519737537631186480,arxiv:2606.28320,paper:2519737537631186480,cs.RO,1 | 22 | 27 | 51 | 6 | 66 | q04-mislabeled,firecrawl research search-papers | search-papers,general | recent,A3 | A5,false,false,false,false,A3/assigned-papers.json | A3/evidence-index.json | A3/paper-registry.json | A3/raw/q04-mislabeled.txt | A5/assigned-papers.json | A5/canonical-pool.jsonl | A5/evidence-ledger.jsonl | A5/inspection-manifest.json | A5/paper-registry.json | A5/read-manifest.json | A6/raw-retrieval/q11-mech-quality-weighted.json | A6/raw-retrieval/q18-failure-conditioned-bc.json | A6/work/canonical-pool.jsonl,A3/abstract-triage.jsonl | A5/assigned-abstracts.jsonl
1805,arxiv:2607.06978,12,HIGH,A2,SPECTRA: Context-Conditioned Spectral Movement Primitives for Robot Skill Generalization,arxiv:2607.06978,"Robot imitation learning for manipulation should preserve demonstrated task geometry while producing dynamically admissible robot motions. Existing pipelines often learn task-dependent trajectories and impose execution limits afterward through filtering, smoothing, clipping, or time scaling, which may distort task-critical end-effector paths. We propose the Spectral Movement Primitive (SMP), a frequency-domain imitation learning framework that couples task-space skill generation with joint-space execution regulation. Demonstrations are represented by truncated finite-horizon Fourier coefficients. An empirically selected low-frequency task band captures the dominant motion geometry, while higher harmonics contribute disproportionately to derivative growth. A frame-aware context-conditioned GMM/GMR prior predicts the task-band coefficients in a canonical task frame, and the resulting Cartesian trajectory is mapped to joint space through sequential inverse kinematics. A phase-coupled regulator then limits the requested phase progression without modifying the spectral coefficients, thereby enforcing joint velocity and acceleration limits while preserving the represented path. Experiments evaluate task-band reconstruction, robustness to composite demonstration corruption, out-of-distribution cross-board generalization, joint-space dynamic admissibility, end-effector path preservation, and deployment on a Franka Panda robot. Results show compact geometric reconstruction, consistent transfer across unseen task frames, substantial reductions in dynamic violations and jerk, and preservation of the intended end-effector path during phase regulation.",high,A2,1,A2=high,A2=Detects or learns semantically meaningful trajectory segments and uses them as variable-horizon action chunks or keypose-to-keypose control targets.,"A2=Boundary and horizon choices determine the training unit, feedback latency, credit assignment, and compounding-error exposure in long-horizon robot learning.",A2=true,primary_assignment,"Boxuan Zhang, Sheng Liu, Chenlin Ming, Ahmed Abdelrahman",2026,arxiv:2607.06978,arxiv:2607.06978,5998492958162904716,cs.RO,dynamic movement primitives robot trajectories skill representation,search-papers,true,A2,false,false,false,false,A1/paper-registry-complete.json | A1/paper-registry.json | A1/raw/q13-resampling.json | A2/assigned-papers.json | A2/assigned-registry-inspected.json | A2/assigned-registry-inspected.jsonl | A2/canonical-pool.json | A2/canonical-pool.jsonl | A2/raw/q33-dmp.json | A8/raw/q02-direct.json | A8/work/canonical-pool.jsonl,A2/assigned-abstracts.jsonl | A2/triage.jsonl
1818,arxiv:2607.17257,12,HIGH,A1,Asynchronous Multimodal Diffusion Policy Composition via Latency-Aware Guidance Fusion,arxiv:2607.17257,"Diffusion policies have shown strong potential for robotic imitation learning, and recent extensions incorporate additional modalities to improve manipulation performance. However, these modalities often differ not only in information content but also in sensing rates and inference latencies. Existing multimodal diffusion policies typically rely on synchronous fusion or manually designed multi-frequency architectures, which either slow down high-frequency feedback or limit extensibility to new modality combinations. We propose LAG-Fusion, a latency-aware guidance fusion framework for asynchronous multimodal diffusion policy composition. LAG-Fusion allows modality-specific policies to operate at their native inference rates and contribute denoising guidance whenever available. To make asynchronous composition consistent, we derive a reference-frame rebasing rule for diffusion variables under relative action representations, enabling delayed guidance to be aligned before fusion. We instantiate LAG-Fusion in contact-rich manipulation by composing a low-frequency vision policy with a high-frequency force policy. Experiments under heterogeneous modality latencies show that LAG-Fusion improves policy responsiveness and task performance over synchronous fusion and specially designed force-aware baselines.",high,A1,1,A1=high,A1=LAG-Fusion lets modality-specific policies contribute at native rates and rebases delayed diffusion guidance into a common relative-action frame.,A1=Reference-frame rebasing is a concrete mechanism for fusing delayed force and low-rate vision guidance.,A1=true,primary_assignment,,,arxiv:2607.17257,arxiv:2607.17257,1575121977780858744,,q01-direct | q02-synonyms | q05-failure | q15-recent-vla,search-papers,recent,A1,false,false,false,false,A1/assigned-papers.json | A1/evidence-read-manifest.json | A1/inspection-manifest.json | A1/paper-registry-complete.json | A1/paper-registry.json | A1/raw/q01-direct.json | A1/raw/q02-synonyms.json | A1/raw/q05-failure.json | A1/raw/q15-recent-vla.json,A1/assigned-abstracts.jsonl | A1/triage.jsonl
1831,arxiv:2608.01265,12,HIGH,A2,Hermite Curves as Trajectory Priors for Vision-Language-Action Models,arxiv:2608.01265,"Despite recent progress in Vision-Language-Action (VLA) models for robotic manipulation, the action chunk remains a weakly structured interface. Existing work typically flatten each chunk into per-timestep controls, relying on implicit data learning that manifests as jagged motion and boundary discontinuities during physical execution. To address these limitations, we introduce Hermite trajectory priors, parameterizing the chunk trajectory as a piecewise cubic Hermite curve defined by endpoint positions and velocities to explicitly enforce smoothness and continuity. We instantiate this fixed operator across discrete autoregressive and continuous generative paradigms via three variants: (1) Hermite Tokens, which predict quantized boundary variables autoregressively; (2) Hermite Scaffold, which decomposes clean actions into a base scaffold and residuals; and (3) Hermite Regularization, which applies the prior strictly as an auxiliary training objective. Across simulation benchmarks and real-robot platforms, Hermite Regularization achieves superior performance among these three variants, improving π0.5 baseline success rates from 95.9% to 98.7% on LIBERO, 85.7% to 90.9% on LIBERO-plus, and 63.4% to 90.0% across four real-robot tasks without additional inference overhead. Trajectory analyses reveal that explicitly structuring trajectory priors serves most effectively as a learning inductive bias rather than a runtime constraint.",high,A2,1,A2=high,A2=Detects or learns semantically meaningful trajectory segments and uses them as variable-horizon action chunks or keypose-to-keypose control targets.,"A2=Boundary and horizon choices determine the training unit, feedback latency, credit assignment, and compounding-error exposure in long-horizon robot learning.",A2=true,primary_assignment,"Qi Lv, Jianming Xing, Zhao Yang, Mingyuan Yao, Yinan Shi, Yawei Jueluo, Mike Zheng Shou, Xiang Deng",2026,arxiv:2608.01265,arxiv:2608.01265,7410104781784943033,cs.CV | cs.RO,2026 robot learning event boundaries temporal segmentation action chunk | robot learning trajectory segmentation event boundaries action sequences,search-papers,false,A2,false,false,false,false,A2/assigned-papers.json | A2/assigned-registry-inspected.json | A2/assigned-registry-inspected.jsonl | A2/canonical-pool.json | A2/canonical-pool.jsonl | A2/raw/q01-direct.json | A2/raw/q45-2026-boundaries.json,A2/assigned-abstracts.jsonl | A2/triage.jsonl
1844,arxiv:2608.15875,12,HIGH,A7,GigaBrain-0.7: Scaling Embodied Foundation Models to Emergent Capabilities with a Three-System Architecture,arxiv:2608.15875,"Vision-language-action (VLA) models have become a dominant paradigm for generalist embodied agents, demonstrating strong complex and long-horizon task completion in structured settings. Yet it remains an open question whether current VLA systems can benefit from more effective architectural design, scale to substantially larger and more heterogeneous data regimes, and achieve broader generalization across tasks and embodiments. To this end, we present GigaBrain-0.7, an embodied foundation model with substantially improved generalization across diverse robot embodiments. Specifically, GigaBrain-0.7 unifies understanding, prediction, and action through a three-system architecture, scales pretraining to over 37,000 hours of heterogeneous embodied data, and introduces one-stage alignment training that jointly optimizes vision-language understanding and multi-embodiment action generation. Compared with the preceding GigaBrain-0 series and prior state-of-the-art models including π0.5, GigaBrain-0.7 achieves substantial improvements in foundation zero-shot capabilities, language-conditioned instruction following, and post-training task success rates. In particular, on our in-house Maker H01 platform and mainstream robot embodiments, GigaBrain-0.7 demonstrates strong task adaptability and completion ability across both home and industrial scenarios. All training code and pretrained model weights will be released.",high,A7,1,A7=high,A7=Scales a unified understanding/prediction/action model over tens of thousands of hours of heterogeneous embodied data with joint alignment training.,A7=It is a recent large-scale test of whether architecture and alignment can turn heterogeneous coverage into broader capabilities.,A7=true,primary_assignment,"GigaBrain Team, Angen Ye, Axiang Sun, Can Jin, Chenxi Cheng, Chong Shi, Dengke Shang, Dingqian Zhang, Guan Huang, Guangqiang Wang, Guangqing Ding, Guo Li, Hangcong Li, Hengyu Zhong, Hongtao Lu, Jianbo Qin, Jiming Mao, Jing Zhu, Jindi Lv, Jingzhi Cui, Junjie Xie, Junyi Bao, Kai Liu, Lei Yuan, Limin Long, Lv Feng, Mingming Yu, Peng Li, Pengfei Yi, Qi Li, Qianli Zhang, Qingfang Li, Qitang Hu, Rui Zhang, Shaoyan Sun, Shibo Sun, Shiying Duan, Tenghui Chen, Tianze Liu, Weijie Ke, Wenyao Xue, Xiaofeng Wang, Xiaoyu Tian, Xinyu Liu, Xinze Chen, Yang Wang, Yankai Wang, Yejun Zeng, Yifan Li, Yifei Nie, Yilong Li, Yilong Liu, Yongchao Feng, Yumeng Wang, Yun Ye, Zhichao Liu, Ziheng He, Zonghai Yang, Zheng Zhu",2026,arxiv:2608.15875,arxiv:2608.15875,275365207706791841,cs.RO,,search-papers,recent,A7,false,true,true,false,A7/raw/q31-recent-heterogeneous.json | A7/work/assigned-papers.json | A7/work/assigned-papers.jsonl | A7/work/paper-registry.json | A7/work/paper-registry.jsonl | A7/work/read-manifest.json | A7/work/verified-paper-registry.json | A7/work/verified-paper-registry.jsonl,A7/work/abstract-triage.jsonl | A7/work/assigned-abstracts.jsonl
1857,doi:10.1016/j.gaitpost.2018.04.029,12,MEDIUM,A1,STAPP: Spatiotemporal analysis of plantar pressure measurements using statistical parametric mapping.,doi:10.1016/j.gaitpost.2018.04.029,"BACKGROUND: Pedobarography produces large sets of plantar pressure samples that are routinely subsampled (e.g. using regions of interest) or aggregated (e.g. center of pressure trajectories, peak pressure images) in order to simplify statistical analysis and provide intuitive…",medium,A1,1,A1=medium,"A1=The paper develops or evaluates a temporal correspondence, synchronization, delay, or sequence-representation mechanism for STAPP: Spatiotemporal analysis of plantar pressure measurements using statistical parametric mapping.","A1=Its adjacent-domain method may provide a transferable alignment idea, but the robot transfer path requires verification.",A1=true,expansion_round_1,,,doi:10.1016/j.gaitpost.2018.04.029 | pmid:29793187,pmid:29793187,5471013497088986483,,,related-citers,,A1,false,false,false,false,A1/expansion-registry.json | A1/paper-registry-complete.json,A1/expansion-triage.jsonl
1870,doi:10.1109/lra.2026.3710367,12,HIGH,A1,CoLA-Flow Policy: Temporally Coherent Imitation Learning via Continuous Latent Action Flow Matching for Robotic Manipulation,doi:10.1109/lra.2026.3710367,"Learning long-horizon robotic manipulation requires jointly achieving expressive behavior modeling, real-time inference, and stable execution, which remains challenging for existing generative policies. Diffusion-based approaches offer strong modeling capacity but incur high inference latency, while flow matching enables fast, near-single-step generation yet often suffers from unstable execution when operating directly in the raw action space. We propose Continuous Latent Action Flow Policy (CoLA-Flow Policy), a trajectory-level imitation learning framework that performs flow matching in a continuous latent action space. By encoding action sequences into temporally coherent latent trajectories and learning an explicit latent-space flow, CoLA-Flow Policy decouples global motion structure from low-level control noise, enabling smooth and reliable long-horizon execution. The framework further integrates geometry-aware point cloud conditioning and execution-time multimodal modulation, using visual cues as a representative modality to enhance real-world robustness. Experiments in simulation and on real robots show that CoLA-Flow Policy achieves near-single-step inference, improves trajectory smoothness by up to 93.7% and task success by up to 25 percentage points over raw action-space flow baselines, while remaining significantly faster than diffusion-based policies.",high,A1,1,A1=high,A1=CoLA-Flow encodes action sequences as temporally coherent latent trajectories and learns flow matching in that latent space.,A1=Latent trajectory structure can separate global timing and motion from low-level noise for stable long-horizon execution; this record is abstract-only after DOI resolution failure.,A1=true,primary_assignment,,,arxiv:2601.23087 | doi:10.1109/LRA.2026.3710367,arxiv:2601.23087,5178064442175568684,,q18-phase,search-papers,general,A1,false,false,false,false,A1/assigned-papers.json | A1/inspection-manifest.json | A1/paper-registry-complete.json | A1/paper-registry.json | A5/canonical-pool.jsonl | A5/paper-registry.json,A1/assigned-abstracts.jsonl | A1/triage.jsonl
1883,doi:10.1126/scirobotics.adv7594,12,HIGH,A5,Learning a Thousand Tasks in a Day,doi:10.1126/scirobotics.adv7594,"Humans are remarkably efficient at learning tasks from demonstrations, but today's imitation learning methods for robot manipulation often require hundreds or thousands of demonstrations per task. We investigate two fundamental priors for improving learning efficiency: decomposing manipulation trajectories into sequential alignment and interaction phases, and retrieval-based generalisation. Through 3,450 real-world rollouts, we systematically study this decomposition. We compare different design choices for the alignment and interaction phases, and examine generalisation and scaling trends relative to today's dominant paradigm of behavioural cloning with a single-phase monolithic policy. In the few-demonstrations-per-task regime (<10 demonstrations), decomposition achieves an order of magnitude improvement in data efficiency over single-phase learning, with retrieval consistently outperforming behavioural cloning for both alignment and interaction. Building on these insights, we develop Multi-Task Trajectory Transfer (MT3), an imitation learning method based on decomposition and retrieval. MT3 learns everyday manipulation tasks from as little as a single demonstration each, whilst also generalising to novel object instances. This efficiency enables us to teach a robot 1,000 distinct everyday tasks in under 24 hours of human demonstrator time. Through 2,200 additional real-world rollouts, we reveal MT3's capabilities and limitations across different task families. Videos of our experiments can be found on at https://www.robot-learning.uk/learning-1000-tasks.",high,A5,1,A5=high,"A5=Humans are remarkably efficient at learning tasks from demonstrations, but today's imitation learning methods for robot manipulation often require hundreds or thousands of demonstrations per task.","A5=It informs adaptive control of task and data-mixture proportions so policy training can respond to coverage, loss, or capability gaps.",A5=true,primary_assignment,"Kamil Dreczkowski, Pietro Vitiello, Vitalis Vosylius, Edward Johns",2025,arxiv:2511.10110 | doi:10.1126/scirobotics.adv7594 | paper:1513079400084618560 | paper:4295266359966343141 | pmid:41223254,pmid:41223254,paper:4295266359966343141,,2 | 54 | 63,search-papers,general | recent,A5,false,false,false,false,A4/canonical-registry.jsonl | A5/assigned-papers.json | A5/canonical-pool.jsonl | A5/evidence-ledger.jsonl | A5/inspection-manifest.json | A5/paper-registry.json | A5/read-manifest.json | A6/work/canonical-pool.jsonl | A7/work/paper-registry.json | A7/work/paper-registry.jsonl | A7/work/verified-paper-registry.json | A7/work/verified-paper-registry.jsonl,A5/assigned-abstracts.jsonl
1896,doi:10.3390/s25247574,12,HIGH,A1,Targetless Radar-Camera Calibration via Trajectory Alignment.,doi:10.3390/s25247574,"A passive temporal synchronization technique, based on Root Mean Square Error (RMSE) minimization, corrects timestamp offsets without requiring hardware triggers.",high,A1,1,A1=high,A1=Passive trajectory alignment minimizes RMSE to estimate temporal offsets between radar and camera without hardware triggers.,A1=It is a practical calibration pattern for recovering timestamp offsets from motion itself; evidence is abstract-only.,A1=true,primary_assignment,,,doi:10.3390/s25247574 | pmcid:PMC12737237 | pmid:41471569,pmcid:PMC12737237,4916214018836402626,,q02-synonyms,search-papers,,A1,false,false,false,false,A1/assigned-papers.json | A1/inspection-manifest.json | A1/paper-registry-complete.json | A1/paper-registry.json,A1/assigned-abstracts.jsonl | A1/triage.jsonl
