paper_name,id,abstract,triage_label,lane,corpus_stage,mechanism,why_it_matters,follow_up,authors,year,source_ids,primary_id,paper_id,categories,queries,discovery_methods,designations,assignment_rank,assignment_score,search_score,primary_reader,metadata_verified,body_inspected,evidence_read,abstract_reviewed,inspection_status,triage_status,stages_seen,source_registry_paths,source_triage_paths,metadata_status,triage_count
Bayesian Online Changepoint Detection,arxiv:0710.3742,"Changepoints are abrupt variations in the generative parameters of a data sequence. Online detection of changepoints is useful in modelling and prediction of time series in application areas such as finance, biometrics, and robotics. While frequentist methods have yielded online filtering and prediction techniques, most Bayesian papers have focused on the retrospective segmentation problem. Here we examine the case where the model parameters before and after the changepoint are independent and we derive an online algorithm for exact inference of the most recent changepoint. We compute the probability distribution of the length of the current ``run,'' or time since the last changepoint, using a simple message-passing algorithm. Our implementation is highly modular so that the algorithm may be applied to a variety of types of data. We illustrate this modularity by demonstrating the algorithm on three different real-world data sets.",high,A2,expansion_round_1,"Finds event, phase, or subtask boundaries by modeling temporal changes in observations, dynamics, language, or latent sequence variables.","The mechanism can turn long robot experience into reusable training units, skill memories, or better-conditioned policy targets.",true,,2007,arxiv:0710.3742,arxiv:0710.3742,2563971108403761333,,Bayesian nonparametric change point trajectory segmentation robot manipulation | change point detection Bayesian online segmentation time series,search-papers,true,,,0.9661048358408219,A2,,,,,,triaged,expansion_round_1,A2/canonical-pool.json | A2/canonical-pool.jsonl | A2/expansion-pool.json | A2/expansion-pool.jsonl | A2/raw/q09-bayesian.json | A2/raw/q35-bocpd.json,A2/expansion-triage.jsonl,complete,1
A sticky HDP-HMM with application to speaker diarization,arxiv:0905.2592,"We consider the problem of speaker diarization, the problem of segmenting an audio recording of a meeting into temporal segments corresponding to individual speakers. The problem is rendered particularly difficult by the fact that we are not allowed to assume knowledge of the number of people participating in the meeting. To address this problem, we take a Bayesian nonparametric approach to speaker diarization that builds on the hierarchical Dirichlet process hidden Markov model (HDP-HMM) of Teh et al. [J. Amer. Statist. Assoc. 101 (2006) 1566--1581]. Although the basic HDP-HMM tends to over-segment the audio data---creating redundant states and rapidly switching among them---we describe an augmented HDP-HMM that provides effective control over the switching rate. We also show that this augmentation makes it possible to treat emission distributions nonparametrically. To scale the resulting architecture to realistic diarization problems, we develop a sampling algorithm that employs a truncated approximation of the Dirichlet process to jointly resample the full state sequence, greatly improving mixing rates. Working with a benchmark NIST data set, we show that our Bayesian nonparametric architecture yields state-of-the-art speaker diarization results.",high,A2,expansion_round_1,"Finds event, phase, or subtask boundaries by modeling temporal changes in observations, dynamics, language, or latent sequence variables.",The mechanism connects temporal structure to data selection or learning efficiency in the Program A loop.,true,,2009,arxiv:0905.2592,,,,,,,,,0.026129032258064518,A2,,,,,,triaged,expansion_round_1,A2/expansion-pool.json | A2/expansion-pool.jsonl,A2/expansion-triage.jsonl,complete,1
Efficient Solution Algorithms for Factored MDPs,arxiv:1106.1822,"This paper addresses the problem of planning under uncertainty in large Markov Decision Processes (MDPs). Factored MDPs represent a complex state space using state variables and the transition model using a dynamic Bayesian network. This representation often allows an exponential reduction in the representation size of structured MDPs, but the complexity of exact solution algorithms for such MDPs can grow exponentially in the representation size. In this paper, we present two approximate solution algorithms that exploit structure in factored MDPs. Both use an approximate value function represented as a linear combination of basis functions, where each basis function involves only a small subset of the domain variables. A key contribution of this paper is that it shows how the basic operations of both algorithms can be performed efficiently in closed form, by exploiting both additive and context-specific structure in a factored MDP. A central element of our algorithms is a novel linear program decomposition technique, analogous to variable elimination in Bayesian networks, which reduces an exponentially large LP to a provably equivalent, polynomial-sized one. One algorithm uses approximate linear programming, and the second approximate dynamic programming. Our dynamic programming algorithm is novel in that it uses an approximation based on max-norm, a technique that more directly minimizes the terms that appear in error bounds for approximate MDP algorithms. We provide experimental results on problems with over 10⁴0 states, demonstrating a promising indication of the scalability of our approach, and compare our algorithm to an existing state-of-the-art approach, showing, in some problems, exponential gains in computation time.",high,A2,expansion_round_1,"Encodes or selects compact trajectory segments or latent plans so sequential experience can be retrieved, recombined, or reused.","The mechanism can turn long robot experience into reusable training units, skill memories, or better-conditioned policy targets.",true,,2011,arxiv:1106.1822,,,,,,,,,0.023708920187793428,A2,,,,,,triaged,expansion_round_1,A2/expansion-pool.json | A2/expansion-pool.jsonl,A2/expansion-triage.jsonl,complete,1
Active Learning of Inverse Models with Intrinsically Motivated Goal Exploration in Robots,arxiv:1301.4862,"We introduce the Self-Adaptive Goal Generation - Robust Intelligent Adaptive Curiosity (SAGG-RIAC) architecture as an intrinsi- cally motivated goal exploration mechanism which allows active learning of inverse models in high-dimensional redundant robots. This allows a robot to efficiently and actively learn distributions of parameterized motor skills/policies that solve a corresponding distribution of parameterized tasks/goals. The architecture makes the robot sample actively novel parameterized tasks in the task space, based on a measure of competence progress, each of which triggers low-level goal-directed learning of the motor policy pa- rameters that allow to solve it. For both learning and generalization, the system leverages regression techniques which allow to infer the motor policy parameters corresponding to a given novel parameterized task, and based on the previously learnt correspondences between policy and task parameters. We present experiments with high-dimensional continuous sensorimotor spaces in three different robotic setups: 1) learning the inverse kinematics in a highly-redundant robotic arm, 2) learning omnidirectional locomotion with motor primitives in a quadruped robot, 3) an arm learning to control a fishing rod with a flexible wire. We show that 1) exploration in the task space can be a lot faster than exploration in the actuator space for learning inverse models in redundant robots; 2) selecting goals maximizing competence progress creates developmental trajectories driving the robot to progressively focus on tasks of increasing complexity and is statistically significantly more efficient than selecting tasks randomly, as well as more efficient than different standard active motor babbling methods; 3) this architecture allows the robot to actively discover which parts of its task space it can learn to reach and which part it cannot.",high,A2,expansion_round_1,Discovers reusable temporal structure in sequential experience for downstream decision making or policy learning.,"The mechanism can turn long robot experience into reusable training units, skill memories, or better-conditioned policy targets.",true,,2013,arxiv:1301.4862,,,,,,,,,0.022795698924731184,A2,,,,,,triaged,expansion_round_1,A2/expansion-pool.json | A2/expansion-pool.jsonl,A2/expansion-triage.jsonl,complete,1
Language Understanding for Text-based Games Using Deep Reinforcement Learning,arxiv:1506.08941,"In this paper, we consider the task of learning control policies for text-based games. In these games, all interactions in the virtual world are through text and the underlying state is not observed. The resulting language barrier makes such environments challenging for automatic game players. We employ a deep reinforcement learning framework to jointly learn state representations and action policies using game rewards as feedback. This framework enables us to map text descriptions into vector representations that capture the semantics of the game states. We evaluate our approach on two game worlds, comparing against baselines using bag-of-words and bag-of-bigrams for state representations. Our algorithm outperforms the baselines on both worlds demonstrating the importance of learning expressive representations.",high,A2,expansion_round_1,"Encodes or selects compact trajectory segments or latent plans so sequential experience can be retrieved, recombined, or reused.","The mechanism can turn long robot experience into reusable training units, skill memories, or better-conditioned policy targets.",true,,2015,arxiv:1506.08941,,,,,,,,,0.021301775147928994,A2,,,,,,triaged,expansion_round_1,A2/expansion-pool.json | A2/expansion-pool.jsonl,A2/expansion-triage.jsonl,complete,1
Efficient inference in occlusion-aware generative models of images,arxiv:1511.06362,"We present a generative model of images based on layering, in which image layers are individually generated, then composited from front to back. We are thus able to factor the appearance of an image into the appearance of individual objects within the image --- and additionally for each individual object, we can factor content from pose. Unlike prior work on layered models, we learn a shape prior for each object/layer, allowing the model to tease out which object is in front by looking for a consistent shape, without needing access to motion cues or any labeled data. We show that ordinary stochastic gradient variational bayes (SGVB), which optimizes our fully differentiable lower-bound on the log-likelihood, is sufficient to learn an interpretable representation of images. Finally we present experiments demonstrating the effectiveness of the model for inferring foreground and background objects in images.",high,A2,expansion_round_1,"Encodes or selects compact trajectory segments or latent plans so sequential experience can be retrieved, recombined, or reused.","The mechanism can turn long robot experience into reusable training units, skill memories, or better-conditioned policy targets.",true,,2015,arxiv:1511.06362,,,,,,,,,0.022509578544061302,A2,,,,,,triaged,expansion_round_1,A2/expansion-pool.json | A2/expansion-pool.jsonl,A2/expansion-triage.jsonl,complete,1
Binding via Reconstruction Clustering,arxiv:1511.06418,"Disentangled distributed representations of data are desirable for machine learning, since they are more expressive and can generalize from fewer examples. However, for complex data, the distributed representations of multiple objects present in the same input can interfere and lead to ambiguities, which is commonly referred to as the binding problem. We argue for the importance of the binding problem to the field of representation learning, and develop a probabilistic framework that explicitly models inputs as a composition of multiple objects. We propose an unsupervised algorithm that uses denoising autoencoders to dynamically bind features together in multi-object inputs through an Expectation-Maximization-like clustering process. The effectiveness of this method is demonstrated on artificially generated datasets of binary images, showing that it can even generalize to bind together new objects never seen by the autoencoder during training.",high,A2,expansion_round_1,"Encodes or selects compact trajectory segments or latent plans so sequential experience can be retrieved, recombined, or reused.","The mechanism can turn long robot experience into reusable training units, skill memories, or better-conditioned policy targets.",true,,2015,arxiv:1511.06418,,,,,,,,,0.02182871143779931,A2,,,,,,triaged,expansion_round_1,A2/expansion-pool.json | A2/expansion-pool.jsonl,A2/expansion-triage.jsonl,complete,1
Dueling Network Architectures for Deep Reinforcement Learning,arxiv:1511.06581,"In recent years there have been many successes of using deep representations in reinforcement learning. Still, many of these applications use conventional architectures, such as convolutional networks, LSTMs, or auto-encoders. In this paper, we present a new neural network architecture for model-free reinforcement learning. Our dueling network represents two separate estimators: one for the state value function and one for the state-dependent action advantage function. The main benefit of this factoring is to generalize learning across actions without imposing any change to the underlying reinforcement learning algorithm. Our results show that this architecture leads to better policy evaluation in the presence of many similar-valued actions. Moreover, the dueling architecture enables our RL agent to outperform the state-of-the-art on the Atari 2600 domain.",high,A2,expansion_round_1,"Encodes or selects compact trajectory segments or latent plans so sequential experience can be retrieved, recombined, or reused.",The mechanism connects temporal structure to data selection or learning efficiency in the Program A loop.,true,,2015,arxiv:1511.06581,,,,,,,,,0.019029581529581528,A2,,,,,,triaged,expansion_round_1,A2/expansion-pool.json | A2/expansion-pool.jsonl,A2/expansion-triage.jsonl,complete,1
"Adaptive Skills, Adaptive Partitions (ASAP)",arxiv:1602.03351,"We introduce the Adaptive Skills, Adaptive Partitions (ASAP) framework that (1) learns skills (i.e., temporally extended actions or options) as well as (2) where to apply them. We believe that both (1) and (2) are necessary for a truly general skill learning framework, which is a key building block needed to scale up to lifelong learning agents. The ASAP framework can also solve related new tasks simply by adapting where it applies its existing learned skills. We prove that ASAP converges to a local optimum under natural conditions. Finally, our experimental results, which include a RoboCup domain, demonstrate the ability of ASAP to learn where to reuse skills as well as solve multiple tasks with considerably less experience than solving each task from scratch.",high,A2,expansion_round_1,Discovers reusable temporal structure in sequential experience for downstream decision making or policy learning.,"The mechanism can turn long robot experience into reusable training units, skill memories, or better-conditioned policy targets.",true,,2016,arxiv:1602.03351,,,,,,,,,0.023284147827264113,A2,,,,,,triaged,expansion_round_1,A2/expansion-pool.json | A2/expansion-pool.jsonl,A2/expansion-triage.jsonl,complete,1
Understanding Visual Concepts with Continuation Learning,arxiv:1602.06822,"We introduce a neural network architecture and a learning algorithm to produce factorized symbolic representations. We propose to learn these concepts by observing consecutive frames, letting all the components of the hidden representation except a small discrete set (gating units) be predicted from the previous frame, and let the factors of variation in the next frame be represented entirely by these discrete gated units (corresponding to symbolic representations). We demonstrate the efficacy of our approach on datasets of faces undergoing 3D transformations and Atari 2600 games.",high,A2,expansion_round_1,"Encodes or selects compact trajectory segments or latent plans so sequential experience can be retrieved, recombined, or reused.","The mechanism can turn long robot experience into reusable training units, skill memories, or better-conditioned policy targets.",true,,2016,arxiv:1602.06822,,,,,,,,,0.020449699554177168,A2,,,,,,triaged,expansion_round_1,A2/expansion-pool.json | A2/expansion-pool.jsonl,A2/expansion-triage.jsonl,complete,1
Object Manipulation Learning by Imitation,arxiv:1603.00964,"We aim to enable robot to learn object manipulation by imitation. Given external observations of demonstrations on object manipulations, we believe that two underlying problems to address in learning by imitation is 1) segment a given demonstration into skills that can be individually learned and reused, and 2) formulate the correct RL (Reinforcement Learning) problem that only considers the relevant aspects of each skill so that the policy for each skill can be effectively learned. Previous works made certain progress in this direction, but none has taken private information into account. The public information is the information that is available in the external observations of demonstration, and the private information is the information that are only available to the agent that executes the actions, such as tactile sensations. Our contribution is that we provide a method for the robot to automatically segment the demonstration of object manipulations into multiple skills, and formulate the correct RL problem for each skill, and automatically decide whether the private information is an important aspect of each skill based on interaction with the world. Our experiment shows that our robot learns to pick up a block, and stack it onto another block by imitating an observed demonstration. The evaluation is based on 1) whether the demonstration is reasonably segmented, 2) whether the correct RL problems are formulated, 3) and whether a good policy is learned.",high,A2,primary_assignment,"Localizes event, phase, or subtask boundaries by modeling changes in multimodal observations, dynamics, language, or latent sequence structure.","Boundary and horizon choices determine the training unit, feedback latency, credit assignment, and compounding-error exposure in long-horizon robot learning.",true,"Zhen Zeng, Benjamin Kuipers",2016,arxiv:1603.00964,arxiv:1603.00964,1559096342749981196,cs.RO | cs.AI,robot learning trajectory segmentation event boundaries action sequences | robot manipulation demonstration segmentation subtask boundaries temporally extended actions | trajectory segmentation imitation learning demonstrations event detection | learning to segment demonstrations programming by demonstration,search-papers,true,78,26.233,0.9232608643662287,A2,metadata-inspected,pending,,,pending,triaged,primary_assignment,A2/assigned-papers.json | A2/assigned-registry-inspected.json | A2/assigned-registry-inspected.jsonl | A2/canonical-pool.json | A2/canonical-pool.jsonl | A2/raw/q01-direct.json | A2/raw/q02-direct.json | A2/raw/q03-direct.json | A2/raw/q29-programming-by-demo.json | A6/raw-retrieval/q09-mech-segmentation.json | A6/work/canonical-pool.jsonl,A2/assigned-abstracts.jsonl | A2/triage.jsonl,complete,2
Hierarchical Deep Reinforcement Learning: Integrating Temporal Abstraction and Intrinsic Motivation,arxiv:1604.06057,"Learning goal-directed behavior in environments with sparse feedback is a major challenge for reinforcement learning algorithms. The primary difficulty arises due to insufficient exploration, resulting in an agent being unable to learn robust value functions. Intrinsically motivated agents can explore new behavior for its own sake rather than to directly solve problems. Such intrinsic behaviors could eventually help the agent solve tasks posed by the environment. We present hierarchical-DQN (h-DQN), a framework to integrate hierarchical value functions, operating at different temporal scales, with intrinsically motivated deep reinforcement learning. A top-level value function learns a policy over intrinsic goals, and a lower-level function learns a policy over atomic actions to satisfy the given goals. h-DQN allows for flexible goal specifications, such as functions over entities and relations. This provides an efficient space for exploration in complicated environments. We demonstrate the strength of our approach on two problems with very sparse, delayed feedback: (1) a complex discrete stochastic decision process, and (2) the classic ATARI game `Montezuma's Revenge'.",high,A2,expansion_round_1,"Uses temporally extended actions, keyposes, or learned macro-actions to expose multi-step structure while retaining feedback or planning control.","The mechanism can turn long robot experience into reusable training units, skill memories, or better-conditioned policy targets.",true,,2016,arxiv:1604.06057,arxiv:1604.06057,8061783887413303394,,temporal abstraction long horizon manipulation sparse reward credit assignment,search-papers,true,,,0.014492754,A2,,,,,,triaged,expansion_round_1,A2/canonical-pool.json | A2/canonical-pool.jsonl | A2/expansion-pool.json | A2/expansion-pool.jsonl | A2/raw/q20-sparse-reward.json,A2/expansion-triage.jsonl,complete,1
A Deep Hierarchical Approach to Lifelong Learning in Minecraft,arxiv:1604.07255,"We propose a lifelong learning system that has the ability to reuse and transfer knowledge from one task to another while efficiently retaining the previously learned knowledge-base. Knowledge is transferred by learning reusable skills to solve tasks in Minecraft, a popular video game which is an unsolved and high-dimensional lifelong learning problem. These reusable skills, which we refer to as Deep Skill Networks, are then incorporated into our novel Hierarchical Deep Reinforcement Learning Network (H-DRLN) architecture using two techniques: (1) a deep skill array and (2) skill distillation, our novel variation of policy distillation (Rusu et. al. 2015) for learning skills. Skill distillation enables the HDRLN to efficiently retain knowledge and therefore scale in lifelong learning, by accumulating knowledge and encapsulating multiple reusable skills into a single distilled network. The H-DRLN exhibits superior performance and lower learning sample complexity compared to the regular Deep Q Network (Mnih et. al. 2015) in sub-domains of Minecraft.",high,A2,expansion_round_1,Discovers reusable temporal structure in sequential experience for downstream decision making or policy learning.,The mechanism connects temporal structure to data selection or learning efficiency in the Program A loop.,true,,2016,arxiv:1604.07255,,,,,,,,,0.02004387714399681,A2,,,,,,triaged,expansion_round_1,A2/expansion-pool.json | A2/expansion-pool.jsonl,A2/expansion-triage.jsonl,complete,1
Strategic Attentive Writer for Learning Macro-Actions,arxiv:1606.04695,"We present a novel deep recurrent neural network architecture that learns to build implicit plans in an end-to-end manner by purely interacting with an environment in reinforcement learning setting. The network builds an internal plan, which is continuously updated upon observation of the next input from the environment. It can also partition this internal representation into contiguous sub- sequences by learning for how long the plan can be committed to - i.e. followed without re-planing. Combining these properties, the proposed model, dubbed STRategic Attentive Writer (STRAW) can learn high-level, temporally abstracted macro- actions of varying lengths that are solely learnt from data without any prior information. These macro-actions enable both structured exploration and economic computation. We experimentally demonstrate that STRAW delivers strong improvements on several ATARI games by employing temporally extended planning strategies (e.g. Ms. Pacman and Frostbite). It is at the same time a general algorithm that can be applied on any sequence data. To that end, we also show that when trained on text prediction task, STRAW naturally predicts frequent n-grams (instead of macro-actions), demonstrating the generality of the approach.",high,A2,expansion_round_1,"Uses temporally extended actions, keyposes, or learned macro-actions to expose multi-step structure while retaining feedback or planning control.","The mechanism can turn long robot experience into reusable training units, skill memories, or better-conditioned policy targets.",true,,2016,arxiv:1606.04695,,,,,,,,,0.020604395604395608,A2,,,,,,triaged,expansion_round_1,A2/expansion-pool.json | A2/expansion-pool.jsonl,A2/expansion-triage.jsonl,complete,1
The Option-Critic Architecture,arxiv:1609.05140,"Temporal abstraction is key to scaling up learning and planning in reinforcement learning. While planning with temporally extended actions is well understood, creating such abstractions autonomously from data has remained challenging. We tackle this problem in the framework of options [Sutton, Precup & Singh, 1999; Precup, 2000]. We derive policy gradient theorems for options and propose a new option-critic architecture capable of learning both the internal policies and the termination conditions of options, in tandem with the policy over options, and without the need to provide any additional rewards or subgoals. Experimental results in both discrete and continuous environments showcase the flexibility and efficiency of the framework.",high,A2,expansion_round_1,"Uses temporally extended actions, keyposes, or learned macro-actions to expose multi-step structure while retaining feedback or planning control.",The mechanism connects temporal structure to data selection or learning efficiency in the Program A loop.,true,,2016,arxiv:1609.05140,arxiv:1609.05140,666506910005674829,,temporally abstract actions robot learning action chunks | macro-actions options skills temporal abstraction sequential robot control | options framework temporal abstraction reinforcement learning | 2024 robot learning action chunking temporal abstraction trajectory,search-papers,true,,,0.9770226300899744,A2,,,,,,triaged,expansion_round_1,A2/canonical-pool.json | A2/canonical-pool.jsonl | A2/expansion-pool.json | A2/expansion-pool.jsonl | A2/raw/q04-direct.json | A2/raw/q08-synonyms.json | A2/raw/q31-options.json | A2/raw/q38-2024-action-chunking.json,A2/expansion-triage.jsonl,complete,1
Learning Feedback Terms for Reactive Planning and Control,arxiv:1610.03557,"With the advancement of robotics, machine learning, and machine perception, increasingly more robots will enter human environments to assist with daily tasks. However, dynamically-changing human environments requires reactive motion plans. Reactivity can be accomplished through replanning, e.g. model-predictive control, or through a reactive feedback policy that modifies on-going behavior in response to sensory events. In this paper, we investigate how to use machine learning to add reactivity to a previously learned nominal skilled behavior. We approach this by learning a reactive modification term for movement plans represented by nonlinear differential equations. In particular, we use dynamic movement primitives (DMPs) to represent a skill and a neural network to learn a reactive policy from human demonstrations. We use the well explored domain of obstacle avoidance for robot manipulation as a test bed. Our approach demonstrates how a neural network can be combined with physical insights to ensure robust behavior across different obstacle settings and movement durations. Evaluations on an anthropomorphic robotic system demonstrate the effectiveness of our work.",high,A2,primary_assignment,"Discovers, represents, or composes reusable skills, motion primitives, subgoals, or macro-actions from sequential experience.","A reusable segment or skill representation can support retrieval, recombination, coverage, and transfer across tasks or embodiments.",true,"Akshara Rai, Giovanni Sutanto, Stefan Schaal, Franziska Meier",2016,arxiv:1610.03557,arxiv:1610.03557,5452782114455460477,cs.RO,dynamic movement primitives robot trajectories skill representation,search-papers,true,65,30.692,0.9292351881438593,A2,metadata-inspected,pending,,,pending,triaged,primary_assignment,A2/assigned-papers.json | A2/assigned-registry-inspected.json | A2/assigned-registry-inspected.jsonl | A2/canonical-pool.json | A2/canonical-pool.jsonl | A2/raw/q33-dmp.json,A2/assigned-abstracts.jsonl | A2/triage.jsonl,complete,2
Learning and Transfer of Modulated Locomotor Controllers,arxiv:1610.05182,"We study a novel architecture and training procedure for locomotion tasks. A high-frequency, low-level ""spinal"" network with access to proprioceptive sensors learns sensorimotor primitives by training on simple tasks. This pre-trained module is fixed and connected to a low-frequency, high-level ""cortical"" network, with access to all sensors, which drives behavior by modulating the inputs to the spinal network. Where a monolithic end-to-end architecture fails completely, learning with a pre-trained spinal module succeeds at multiple high-level tasks, and enables the effective exploration required to learn from sparse rewards. We test our proposed architecture on three simulated bodies: a 16-dimensional swimming snake, a 20-dimensional quadruped, and a 54-dimensional humanoid. Our results are illustrated in the accompanying video at https://youtu.be/sboPYvhpraQ",high,A2,expansion_round_1,Discovers reusable temporal structure in sequential experience for downstream decision making or policy learning.,The mechanism connects temporal structure to data selection or learning efficiency in the Program A loop.,true,,2016,arxiv:1610.05182,arxiv:1610.05182,5986235251625906065,,,,,,,0.024501173708920188,A2,,,,,,triaged,expansion_round_1,A2/expansion-pool.json | A2/expansion-pool.jsonl | A5/expansion/raw/round2-references.json,A2/expansion-triage.jsonl,complete,1
The Concrete Distribution: A Continuous Relaxation of Discrete Random Variables,arxiv:1611.00712,"The reparameterization trick enables optimizing large scale stochastic computation graphs via gradient descent. The essence of the trick is to refactor each stochastic node into a differentiable function of its parameters and a random variable with fixed distribution. After refactoring, the gradients of the loss propagated by the chain rule through the graph are low variance unbiased estimators of the gradients of the expected loss. While many continuous random variables have such reparameterizations, discrete random variables lack useful reparameterizations due to the discontinuous nature of discrete states. In this work we introduce Concrete random variables---continuous relaxations of discrete random variables. The Concrete distribution is a new family of distributions with closed form densities and a simple reparameterization. Whenever a discrete stochastic node of a computation graph can be refactored into a one-hot bit representation that is treated continuously, Concrete stochastic nodes can be used with automatic differentiation to produce low-variance biased gradients of objectives (including objectives that depend on the log-probability of latent stochastic nodes) on the corresponding discrete graph. We demonstrate the effectiveness of Concrete relaxations on density estimation and structured prediction tasks using neural networks.",high,A2,expansion_round_1,"Encodes or selects compact trajectory segments or latent plans so sequential experience can be retrieved, recombined, or reused.","The mechanism can turn long robot experience into reusable training units, skill memories, or better-conditioned policy targets.",true,,2016,arxiv:1611.00712,,,,,,,,,0.024610822831727205,A2,,,,,,triaged,expansion_round_1,A2/expansion-pool.json | A2/expansion-pool.jsonl,A2/expansion-triage.jsonl,complete,1
Modular Multitask Reinforcement Learning with Policy Sketches,arxiv:1611.01796,"We describe a framework for multitask deep reinforcement learning guided by policy sketches. Sketches annotate tasks with sequences of named subtasks, providing information about high-level structural relationships among tasks but not how to implement them---specifically not providing the detailed guidance used by much previous work on learning policy abstractions for RL (e.g. intermediate rewards, subtask completion signals, or intrinsic motivations). To learn from sketches, we present a model that associates every subtask with a modular subpolicy, and jointly maximizes reward over full task-specific policies by tying parameters across shared subpolicies. Optimization is accomplished via a decoupled actor--critic training objective that facilitates learning common behaviors from multiple dissimilar reward functions. We evaluate the effectiveness of our approach in three environments featuring both discrete and continuous control, and with sparse rewards that can be obtained only after completing a number of high-level subgoals. Experiments show that using our approach to learn policies guided by sketches gives better performance than existing techniques for learning task-specific or shared policies, while naturally inducing a library of interpretable primitive behaviors that can be recombined to rapidly adapt to new tasks.",high,A2,expansion_round_1,"Finds event, phase, or subtask boundaries by modeling temporal changes in observations, dynamics, language, or latent sequence variables.",The mechanism connects temporal structure to data selection or learning efficiency in the Program A loop.,true,,2016,arxiv:1611.01796,,,,,,,,,0.025774005972025775,A2,,,,,,triaged,expansion_round_1,A2/expansion-pool.json | A2/expansion-pool.jsonl,A2/expansion-triage.jsonl,complete,1
Variational Intrinsic Control,arxiv:1611.07507,"In this paper we introduce a new unsupervised reinforcement learning method for discovering the set of intrinsic options available to an agent. This set is learned by maximizing the number of different states an agent can reliably reach, as measured by the mutual information between the set of options and option termination states. To this end, we instantiate two policy gradient based algorithms, one that creates an explicit embedding space of options and one that represents options implicitly. The algorithms also provide an explicit measure of empowerment in a given state that can be used by an empowerment maximizing agent. The algorithm scales well with function approximation and we demonstrate the applicability of the algorithm on a range of tasks.",high,A2,expansion_round_1,Discovers reusable temporal structure in sequential experience for downstream decision making or policy learning.,"The mechanism can turn long robot experience into reusable training units, skill memories, or better-conditioned policy targets.",true,,2016,arxiv:1611.07507,,,,,,,,,0.0239010989010989,A2,,,,,,triaged,expansion_round_1,A2/expansion-pool.json | A2/expansion-pool.jsonl | A8/work/expansion-round2-novel.jsonl,A2/expansion-triage.jsonl,complete,1
A Laplacian Framework for Option Discovery in Reinforcement Learning,arxiv:1703.00956,"Representation learning and option discovery are two of the biggest challenges in reinforcement learning (RL). Proto-value functions (PVFs) are a well-known approach for representation learning in MDPs. In this paper we address the option discovery problem by showing how PVFs implicitly define options. We do it by introducing eigenpurposes, intrinsic reward functions derived from the learned representations. The options discovered from eigenpurposes traverse the principal directions of the state space. They are useful for multiple tasks because they are discovered without taking the environment's rewards into consideration. Moreover, different options act at different time scales, making them helpful for exploration. We demonstrate features of eigenpurposes in traditional tabular domains as well as in Atari 2600 games.",high,A2,expansion_round_1,"Encodes or selects compact trajectory segments or latent plans so sequential experience can be retrieved, recombined, or reused.","The mechanism can turn long robot experience into reusable training units, skill memories, or better-conditioned policy targets.",true,,2017,arxiv:1703.00956,,,,,,,,,0.022417153996101363,A2,,,,,,triaged,expansion_round_1,A2/expansion-pool.json | A2/expansion-pool.jsonl,A2/expansion-triage.jsonl,complete,1
FeUdal Networks for Hierarchical Reinforcement Learning,arxiv:1703.01161,"We introduce FeUdal Networks (FuNs): a novel architecture for hierarchical reinforcement learning. Our approach is inspired by the feudal reinforcement learning proposal of Dayan and Hinton, and gains power and efficacy by decoupling end-to-end learning across multiple levels -- allowing it to utilise different resolutions of time. Our framework employs a Manager module and a Worker module. The Manager operates at a lower temporal resolution and sets abstract goals which are conveyed to and enacted by the Worker. The Worker generates primitive actions at every tick of the environment. The decoupled structure of FuN conveys several benefits -- in addition to facilitating very long timescale credit assignment it also encourages the emergence of sub-policies associated with different goals set by the Manager. These properties allow FuN to dramatically outperform a strong baseline agent on tasks that involve long-term credit assignment or memorisation. We demonstrate the performance of our proposed system on a range of tasks from the ATARI suite and also from a 3D DeepMind Lab environment.",high,A2,expansion_round_1,Discovers reusable temporal structure in sequential experience for downstream decision making or policy learning.,"The mechanism can turn long robot experience into reusable training units, skill memories, or better-conditioned policy targets.",true,,2017,arxiv:1703.01161,arxiv:1703.01161,2150078475414253977,,temporal abstraction long horizon manipulation sparse reward credit assignment | hierarchical reinforcement learning options subgoals initiation termination,search-papers,true,,,0.8821032633929808,A2,,,,,,triaged,expansion_round_1,A2/canonical-pool.json | A2/canonical-pool.jsonl | A2/expansion-pool.json | A2/expansion-pool.jsonl | A2/raw/q20-sparse-reward.json | A2/raw/q32-hierarchical-rl.json,A2/expansion-triage.jsonl,complete,1
Multi-Level Discovery of Deep Options,arxiv:1703.08294,"Augmenting an agent's control with useful higher-level behaviors called options can greatly reduce the sample complexity of reinforcement learning, but manually designing options is infeasible in high-dimensional and abstract state spaces. While recent work has proposed several techniques for automated option discovery, they do not scale to multi-level hierarchies and to expressive representations such as deep networks. We present Discovery of Deep Options (DDO), a policy-gradient algorithm that discovers parametrized options from a set of demonstration trajectories, and can be used recursively to discover additional levels of the hierarchy. The scalability of our approach to multi-level hierarchies stems from the decoupling of low-level option discovery from high-level meta-control policy learning, facilitated by under-parametrization of the high level. We demonstrate that using the discovered options to augment the action space of Deep Q-Network agents can accelerate learning by guiding exploration in tasks where random actions are unlikely to reach valuable states. We show that DDO is effective in adding options that accelerate learning in 4 out of 5 Atari RAM environments chosen in our experiments. We also show that DDO can discover structure in robot-assisted surgical videos and kinematics that match expert annotation with 72% accuracy.",high,A2,expansion_round_1,"Encodes or selects compact trajectory segments or latent plans so sequential experience can be retrieved, recombined, or reused.","The mechanism can turn long robot experience into reusable training units, skill memories, or better-conditioned policy targets.",true,,2017,arxiv:1703.08294,,,,,,,,,0.026289682539682536,A2,,,,,,triaged,expansion_round_1,A2/expansion-pool.json | A2/expansion-pool.jsonl,A2/expansion-triage.jsonl,complete,1
Stochastic Neural Networks for Hierarchical Reinforcement Learning,arxiv:1704.03012,"Deep reinforcement learning has achieved many impressive results in recent years. However, tasks with sparse rewards or long horizons continue to pose significant challenges. To tackle these important problems, we propose a general framework that first learns useful skills in a pre-training environment, and then leverages the acquired skills for learning faster in downstream tasks. Our approach brings together some of the strengths of intrinsic motivation and hierarchical methods: the learning of useful skill is guided by a single proxy reward, the design of which requires very minimal domain knowledge about the downstream tasks. Then a high-level policy is trained on top of these skills, providing a significant improvement of the exploration and allowing to tackle sparse rewards in the downstream tasks. To efficiently pre-train a large span of skills, we use Stochastic Neural Networks combined with an information-theoretic regularizer. Our experiments show that this combination is effective in learning a wide span of interpretable skills in a sample-efficient way, and can significantly boost the learning performance uniformly across a wide range of downstream tasks.",high,A2,expansion_round_1,Discovers reusable temporal structure in sequential experience for downstream decision making or policy learning.,The mechanism connects temporal structure to data selection or learning efficiency in the Program A loop.,true,,2017,arxiv:1704.03012,,,,,,,,,0.024540757749712976,A2,,,,,,triaged,expansion_round_1,A2/expansion-pool.json | A2/expansion-pool.jsonl,A2/expansion-triage.jsonl,complete,1
Representation Stability as a Regularizer for Improved Text Analytics Transfer Learning,arxiv:1704.03617,"Although neural networks are well suited for sequential transfer learning tasks, the catastrophic forgetting problem hinders proper integration of prior knowledge. In this work, we propose a solution to this problem by using a multi-task objective based on the idea of distillation and a mechanism that directly penalizes forgetting at the shared representation layer during the knowledge integration phase of training. We demonstrate our approach on a Twitter domain sentiment analysis task with sequential knowledge transfer from four related tasks. We show that our technique outperforms networks fine-tuned to the target task. Additionally, we show both through empirical evidence and examples that it does not forget useful knowledge from the source task that is forgotten during standard fine-tuning. Surprisingly, we find that first distilling a human made rule based sentiment engine into a recurrent neural network and then integrating the knowledge with the target task data leads to a substantial gain in generalization performance. Our experiments demonstrate the power of multi-source transfer techniques in practical text analytics problems when paired with distillation. In particular, for the SemEval 2016 Task 4 Subtask A (Nakov et al., 2016) dataset we surpass the state of the art established during the competition with a comparatively simple model architecture that is not even competitive when trained on only the labeled task specific data.",high,A2,expansion_round_1,"Finds event, phase, or subtask boundaries by modeling temporal changes in observations, dynamics, language, or latent sequence variables.","The mechanism can turn long robot experience into reusable training units, skill memories, or better-conditioned policy targets.",true,,2017,arxiv:1704.03617,,,,,,,,,0.023799640237996404,A2,,,,,,triaged,expansion_round_1,A2/expansion-pool.json | A2/expansion-pool.jsonl,A2/expansion-triage.jsonl,complete,1
Zero-Shot Task Generalization with Multi-Task Deep Reinforcement Learning,arxiv:1706.05064,"As a step towards developing zero-shot task generalization capabilities in reinforcement learning (RL), we introduce a new RL problem where the agent should learn to execute sequences of instructions after learning useful skills that solve subtasks. In this problem, we consider two types of generalizations: to previously unseen instructions and to longer sequences of instructions. For generalization over unseen instructions, we propose a new objective which encourages learning correspondences between similar subtasks by making analogies. For generalization over sequential instructions, we present a hierarchical architecture where a meta controller learns to use the acquired skills for executing the instructions. To deal with delayed reward, we propose a new neural architecture in the meta controller that learns when to update the subtask, which makes learning more efficient. Experimental results on a stochastic 3D domain show that the proposed ideas are crucial for generalization to longer instructions as well as unseen instructions.",high,A2,expansion_round_1,"Finds event, phase, or subtask boundaries by modeling temporal changes in observations, dynamics, language, or latent sequence variables.",The mechanism connects temporal structure to data selection or learning efficiency in the Program A loop.,true,,2017,arxiv:1706.05064,,,,,,,,,0.02388019427954668,A2,,,,,,triaged,expansion_round_1,A2/expansion-pool.json | A2/expansion-pool.jsonl,A2/expansion-triage.jsonl,complete,1
Neural Task Programming: Learning to Generalize Across Hierarchical Tasks,arxiv:1710.01813,"In this work, we propose a novel robot learning framework called Neural Task Programming (NTP), which bridges the idea of few-shot learning from demonstration and neural program induction. NTP takes as input a task specification (e.g., video demonstration of a task) and recursively decomposes it into finer sub-task specifications. These specifications are fed to a hierarchical neural program, where bottom-level programs are callable subroutines that interact with the environment. We validate our method in three robot manipulation tasks. NTP achieves strong generalization across sequential tasks that exhibit hierarchal and compositional structures. The experimental results show that NTP learns to generalize well to- wards unseen tasks with increasing lengths, variable topologies, and changing objectives.",high,A2,expansion_round_1,Discovers reusable temporal structure in sequential experience for downstream decision making or policy learning.,"The mechanism can turn long robot experience into reusable training units, skill memories, or better-conditioned policy targets.",true,,2017,arxiv:1710.01813,,,,,,,,,0.020788309148914275,A2,,,,,,triaged,expansion_round_1,A2/expansion-pool.json | A2/expansion-pool.jsonl,A2/expansion-triage.jsonl,complete,1
DDCO: Discovery of Deep Continuous Options for Robot Learning from Demonstrations,arxiv:1710.05421,"An option is a short-term skill consisting of a control policy for a specified region of the state space, and a termination condition recognizing leaving that region. In prior work, we proposed an algorithm called Deep Discovery of Options (DDO) to discover options to accelerate reinforcement learning in Atari games. This paper studies an extension to robot imitation learning, called Discovery of Deep Continuous Options (DDCO), where low-level continuous control skills parametrized by deep neural networks are learned from demonstrations. We extend DDO with: (1) a hybrid categorical-continuous distribution model to parametrize high-level policies that can invoke discrete options as well continuous control actions, and (2) a cross-validation method that relaxes DDO's requirement that users specify the number of options to be discovered. We evaluate DDCO in simulation of a 3-link robot in the vertical plane pushing a block with friction and gravity, and in two physical experiments on the da Vinci surgical robot, needle insertion where a needle is grasped and inserted into a silicone tissue phantom, and needle bin picking where needles and pins are grasped from a pile and categorized into bins. In the 3-link arm simulation, results suggest that DDCO can take 3x fewer demonstrations to achieve the same reward compared to a baseline imitation learning approach. In the needle insertion task, DDCO was successful 8/10 times compared to the next most accurate imitation learning baseline 6/10. In the surgical bin picking task, the learned policy successfully grasps a single object in 66 out of 99 attempted grasps, and in all but one case successfully recovered from failed grasps by retrying a second time.",high,A2,expansion_round_1,Discovers reusable temporal structure in sequential experience for downstream decision making or policy learning.,"The mechanism can turn long robot experience into reusable training units, skill memories, or better-conditioned policy targets.",true,,2017,arxiv:1710.05421,arxiv:1710.05421,3829443707994797886,,macro-actions options skills temporal abstraction sequential robot control,search-papers,true,,,0.9355352341624104,A2,,,,,,triaged,expansion_round_1,A2/canonical-pool.json | A2/canonical-pool.jsonl | A2/expansion-pool.json | A2/expansion-pool.jsonl | A2/raw/q08-synonyms.json,A2/expansion-triage.jsonl,complete,1
Meta Learning Shared Hierarchies,arxiv:1710.09767,"We develop a metalearning approach for learning hierarchically structured policies, improving sample efficiency on unseen tasks through the use of shared primitives---policies that are executed for large numbers of timesteps. Specifically, a set of primitives are shared within a distribution of tasks, and are switched between by task-specific policies. We provide a concrete metric for measuring the strength of such hierarchies, leading to an optimization problem for quickly reaching high reward on unseen tasks. We then present an algorithm to solve this problem end-to-end through the use of any off-the-shelf reinforcement learning method, by repeatedly sampling new tasks and resetting task-specific policies. We successfully discover meaningful motor primitives for the directional movement of four-legged robots, solely by interacting with distributions of mazes. We also demonstrate the transferability of primitives to solve long-timescale sparse-reward obstacle courses, and we enable 3D humanoid robots to robustly walk and crawl with the same policy.",high,A2,expansion_round_1,Discovers reusable temporal structure in sequential experience for downstream decision making or policy learning.,"The mechanism can turn long robot experience into reusable training units, skill memories, or better-conditioned policy targets.",true,,2017,arxiv:1710.09767,,,,,,,,,0.027745885954841176,A2,,,,,,triaged,expansion_round_1,A2/expansion-pool.json | A2/expansion-pool.jsonl,A2/expansion-triage.jsonl,complete,1
Learnings Options End-to-End for Continuous Action Tasks,arxiv:1712.00004,"We present new results on learning temporally extended actions for continuoustasks, using the options framework (Suttonet al.[1999b], Precup [2000]). In orderto achieve this goal we work with the option-critic architecture (Baconet al.[2017])using a deliberation cost and train it with proximal policy optimization (Schulmanet al.[2017]) instead of vanilla policy gradient. Results on Mujoco domains arepromising, but lead to interesting questions aboutwhena given option should beused, an issue directly connected to the use of initiation sets.",high,A2,expansion_round_1,Discovers reusable temporal structure in sequential experience for downstream decision making or policy learning.,The mechanism connects temporal structure to data selection or learning efficiency in the Program A loop.,true,,2017,arxiv:1712.00004,arxiv:1712.00004,6530794043706519320,,2024 robot learning action chunking temporal abstraction trajectory,search-papers,true,,,0.014705882,A2,,,,,,triaged,expansion_round_1,A2/canonical-pool.json | A2/canonical-pool.jsonl | A2/expansion-pool.json | A2/expansion-pool.jsonl | A2/raw/q38-2024-action-chunking.json,A2/expansion-triage.jsonl,complete,1
Diversity is All You Need: Learning Skills without a Reward Function,arxiv:1802.06070,"Intelligent creatures can explore their environments and learn useful skills without supervision. In this paper, we propose DIAYN ('Diversity is All You Need'), a method for learning useful skills without a reward function. Our proposed method learns skills by maximizing an information theoretic objective using a maximum entropy policy. On a variety of simulated robotic tasks, we show that this simple objective results in the unsupervised emergence of diverse skills, such as walking and jumping. In a number of reinforcement learning benchmark environments, our method is able to learn a skill that solves the benchmark task despite never receiving the true task reward. We show how pretrained skills can provide a good parameter initialization for downstream tasks, and can be composed hierarchically to solve complex, sparse reward tasks. Our results suggest that unsupervised discovery of skills can serve as an effective pretraining mechanism for overcoming challenges of exploration and data efficiency in reinforcement learning.",high,A2,expansion_round_1,Discovers reusable temporal structure in sequential experience for downstream decision making or policy learning.,"The mechanism can turn long robot experience into reusable training units, skill memories, or better-conditioned policy targets.",true,,2018,arxiv:1802.06070,,,,,,,,,0.0304147465437788,A2,,,,,,triaged,expansion_round_1,A2/expansion-pool.json | A2/expansion-pool.jsonl | A8/work/expansion-round2-novel.jsonl,A2/expansion-triage.jsonl,complete,1
Learning High-level Representations from Demonstrations,arxiv:1802.06604,"Hierarchical learning (HL) is key to solving complex sequential decision problems with long horizons and sparse rewards. It allows learning agents to break-up large problems into smaller, more manageable subtasks. A common approach to HL, is to provide the agent with a number of high-level skills that solve small parts of the overall problem. A major open question, however, is how to identify a suitable set of reusable skills. We propose a principled approach that uses human demonstrations to infer a set of subgoals based on changes in the demonstration dynamics. Using these subgoals, we decompose the learning problem into an abstract high-level representation and a set of low-level subtasks. The abstract description captures the overall problem structure, while subtasks capture desired skills. We demonstrate that we can jointly optimize over both levels of learning. We show that the resulting method significantly outperforms previous baselines on two challenging problems: the Atari 2600 game Montezuma's Revenge, and a simulated robotics problem moving the ant robot through a maze.",high,A2,primary_assignment,Detects or learns semantically meaningful trajectory segments and uses them as variable-horizon action chunks or keypose-to-keypose control targets.,"Boundary and horizon choices determine the training unit, feedback latency, credit assignment, and compounding-error exposure in long-horizon robot learning.",true,"Garrett Andersen, Peter Vrancx, Haitham Bou-Ammar",2018,arxiv:1802.06604,arxiv:1802.06604,4911621461968714016,cs.AI,subgoal discovery temporal abstraction demonstrations inverse dynamics robotics,search-papers,true,46,31.525,0.9324533088603709,A2,metadata-inspected,pending,,,pending,triaged,primary_assignment,A2/assigned-papers.json | A2/assigned-registry-inspected.json | A2/assigned-registry-inspected.jsonl | A2/canonical-pool.json | A2/canonical-pool.jsonl | A2/raw/q16-subgoal.json,A2/assigned-abstracts.jsonl | A2/triage.jsonl,complete,2
TACO: Learning Task Decomposition via Temporal Alignment for Control,arxiv:1803.01840,"Many advanced Learning from Demonstration (LfD) methods consider the decomposition of complex, real-world tasks into simpler sub-tasks. By reusing the corresponding sub-policies within and between tasks, they provide training data for each policy from different high-level tasks and compose them to perform novel ones. Existing approaches to modular LfD focus either on learning a single high-level task or depend on domain knowledge and temporal segmentation. In contrast, we propose a weakly supervised, domain-agnostic approach based on task sketches, which include only the sequence of sub-tasks performed in each demonstration. Our approach simultaneously aligns the sketches with the observed demonstrations and learns the required sub-policies. This improves generalisation in comparison to separate optimisation procedures. We evaluate the approach on multiple domains, including a simulated 3D robot arm control task using purely image-based observations. The results show that our approach performs commensurately with fully supervised approaches, while requiring significantly less annotation effort.",high,A2,expansion_round_1,"Finds event, phase, or subtask boundaries by modeling temporal changes in observations, dynamics, language, or latent sequence variables.","The mechanism can turn long robot experience into reusable training units, skill memories, or better-conditioned policy targets.",true,,2018,arxiv:1803.01840,arxiv:1803.01840,4384026249586721898,,learning to segment demonstrations programming by demonstration,search-papers,true,,,0.9067852769181763,A1,,,,,,triaged,expansion_round_1,A1/paper-registry-complete.json | A1/paper-registry.json | A1/raw/q09-foundational-robot.json | A2/canonical-pool.json | A2/canonical-pool.jsonl | A2/expansion-pool.json | A2/expansion-pool.jsonl | A2/raw/q29-programming-by-demo.json,A2/expansion-triage.jsonl,complete,1
Data-Efficient Hierarchical Reinforcement Learning,arxiv:1805.08296,"Hierarchical reinforcement learning (HRL) is a promising approach to extend traditional reinforcement learning (RL) methods to solve more complex tasks. Yet, the majority of current HRL methods require careful task-specific design and on-policy training, making them difficult to apply in real-world scenarios. In this paper, we study how we can develop HRL algorithms that are general, in that they do not make onerous additional assumptions beyond standard RL algorithms, and efficient, in the sense that they can be used with modest numbers of interaction samples, making them suitable for real-world problems such as robotic control. For generality, we develop a scheme where lower-level controllers are supervised with goals that are learned and proposed automatically by the higher-level controllers. To address efficiency, we propose to use off-policy experience for both higher and lower-level training. This poses a considerable challenge, since changes to the lower-level behaviors change the action space for the higher-level policy, and we introduce an off-policy correction to remedy this challenge. This allows us to take advantage of recent advances in off-policy model-free RL to learn both higher- and lower-level policies using substantially fewer environment interactions than on-policy algorithms. We term the resulting HRL agent HIRO and find that it is generally applicable and highly sample-efficient. Our experiments show that HIRO can be used to learn highly complex behaviors for simulated robots, such as pushing objects and utilizing them to reach target locations, learning from only a few million samples, equivalent to a few days of real-time interaction. In comparisons with a number of prior HRL methods, we find that our approach substantially outperforms previous state-of-the-art techniques.",high,A2,expansion_round_1,Discovers reusable temporal structure in sequential experience for downstream decision making or policy learning.,"The mechanism can turn long robot experience into reusable training units, skill memories, or better-conditioned policy targets.",true,,2018,arxiv:1805.08296,,,,,,,,,0.030555555555555555,A2,,,,,,triaged,expansion_round_1,A2/expansion-pool.json | A2/expansion-pool.jsonl,A2/expansion-triage.jsonl,complete,1
Variational Option Discovery Algorithms,arxiv:1807.10299,"We explore methods for option discovery based on variational inference and make two algorithmic contributions. First: we highlight a tight connection between variational option discovery methods and variational autoencoders, and introduce Variational Autoencoding Learning of Options by Reinforcement (VALOR), a new method derived from the connection. In VALOR, the policy encodes contexts from a noise distribution into trajectories, and the decoder recovers the contexts from the complete trajectories. Second: we propose a curriculum learning approach where the number of contexts seen by the agent increases whenever the agent's performance is strong enough (as measured by the decoder) on the current set of contexts. We show that this simple trick stabilizes training for VALOR and prior variational option discovery methods, allowing a single agent to learn many more modes of behavior than it could with a fixed context distribution. Finally, we investigate other topics related to variational option discovery, including fundamental limitations of the general approach and the applicability of learned options to downstream tasks.",high,A2,expansion_round_1,Discovers reusable temporal structure in sequential experience for downstream decision making or policy learning.,"The mechanism can turn long robot experience into reusable training units, skill memories, or better-conditioned policy targets.",true,,2018,arxiv:1807.10299,,,,,,,,,0.0260840108401084,A2,,,,,,triaged,expansion_round_1,A2/expansion-pool.json | A2/expansion-pool.jsonl | A8/work/expansion-round3-novel.jsonl,A2/expansion-triage.jsonl,complete,1
Near-Optimal Representation Learning for Hierarchical Reinforcement Learning,arxiv:1810.01257,"We study the problem of representation learning in goal-conditioned hierarchical reinforcement learning. In such hierarchical structures, a higher-level controller solves tasks by iteratively communicating goals which a lower-level policy is trained to reach. Accordingly, the choice of representation -- the mapping of observation space to goal space -- is crucial. To study this problem, we develop a notion of sub-optimality of a representation, defined in terms of expected reward of the optimal hierarchical policy using this representation. We derive expressions which bound the sub-optimality and show how these expressions can be translated to representation learning objectives which may be optimized in practice. Results on a number of difficult continuous-control tasks show that our approach to representation learning yields qualitatively better representations as well as quantitatively better hierarchical policies, compared to existing methods (see videos at https://sites.google.com/view/representation-hrl).",high,A2,expansion_round_1,"Encodes or selects compact trajectory segments or latent plans so sequential experience can be retrieved, recombined, or reused.",The mechanism connects temporal structure to data selection or learning efficiency in the Program A loop.,true,,2018,arxiv:1810.01257,,,,,,,,,0.020526960784313725,A2,,,,,,triaged,expansion_round_1,A2/expansion-pool.json | A2/expansion-pool.jsonl,A2/expansion-triage.jsonl,complete,1
Learning Abstract Options,arxiv:1810.11583,"Building systems that autonomously create temporal abstractions from data is a key challenge in scaling learning and planning in reinforcement learning. One popular approach for addressing this challenge is the options framework (Sutton et al., 1999). However, only recently in (Bacon et al., 2017) was a policy gradient theorem derived for online learning of general purpose options in an end to end fashion. In this work, we extend previous work on this topic that only focuses on learning a two-level hierarchy including options and primitive actions to enable learning simultaneously at multiple resolutions in time. We achieve this by considering an arbitrarily deep hierarchy of options where high level temporally extended options are composed of lower level options with finer resolutions in time. We extend results from (Bacon et al., 2017) and derive policy gradient theorems for a deep hierarchy of options. Our proposed hierarchical option-critic architecture is capable of learning internal policies, termination conditions, and hierarchical compositions over options without the need for any intrinsic rewards or subgoals. Our empirical results in both discrete and continuous environments demonstrate the efficiency of our framework.",high,A2,expansion_round_1,"Uses temporally extended actions, keyposes, or learned macro-actions to expose multi-step structure while retaining feedback or planning control.","The mechanism can turn long robot experience into reusable training units, skill memories, or better-conditioned policy targets.",true,,2018,arxiv:1810.11583,arxiv:1810.11583,3896262198105927795,,temporally abstract actions robot learning action chunks | macro-actions options skills temporal abstraction sequential robot control | temporal abstraction long horizon manipulation sparse reward credit assignment | options framework temporal abstraction reinforcement learning | hierarchical reinforcement learning options subgoals initiation termination | 2024 robot learning action chunking temporal abstraction trajectory,search-papers,true,,,0.9828759666842724,A2,,,,,,triaged,expansion_round_1,A2/canonical-pool.json | A2/canonical-pool.jsonl | A2/expansion-pool.json | A2/expansion-pool.jsonl | A2/raw/q04-direct.json | A2/raw/q08-synonyms.json | A2/raw/q20-sparse-reward.json | A2/raw/q31-options.json | A2/raw/q32-hierarchical-rl.json | A2/raw/q38-2024-action-chunking.json,A2/expansion-triage.jsonl,complete,1
Diversity-Driven Extensible Hierarchical Reinforcement Learning,arxiv:1811.04324,"Hierarchical reinforcement learning (HRL) has recently shown promising advances on speeding up learning, improving the exploration, and discovering intertask transferable skills. Most recent works focus on HRL with two levels, i.e., a master policy manipulates subpolicies, which in turn manipulate primitive actions. However, HRL with multiple levels is usually needed in many real-world scenarios, whose ultimate goals are highly abstract, while their actions are very primitive. Therefore, in this paper, we propose a diversity-driven extensible HRL (DEHRL), where an extensible and scalable framework is built and learned levelwise to realize HRL with multiple levels. DEHRL follows a popular assumption: diverse subpolicies are useful, i.e., subpolicies are believed to be more useful if they are more diverse. However, existing implementations of this diversity assumption usually have their own drawbacks, which makes them inapplicable to HRL with multiple levels. Consequently, we further propose a novel diversity-driven solution to achieve this assumption in DEHRL. Experimental studies evaluate DEHRL with five baselines from four perspectives in two domains; the results show that DEHRL outperforms the state-of-the-art baselines in all four aspects.",high,A2,expansion_round_1,Discovers reusable temporal structure in sequential experience for downstream decision making or policy learning.,"The mechanism can turn long robot experience into reusable training units, skill memories, or better-conditioned policy targets.",true,,2018,arxiv:1811.04324,,,,,,,,,0.020833333333333336,A2,,,,,,triaged,expansion_round_1,A2/expansion-pool.json | A2/expansion-pool.jsonl,A2/expansion-triage.jsonl,complete,1
Model Learning for Look-ahead Exploration in Continuous Control,arxiv:1811.08086,"We propose an exploration method that incorporates look-ahead search over basic learnt skills and their dynamics, and use it for reinforcement learning (RL) of manipulation policies . Our skills are multi-goal policies learned in isolation in simpler environments using existing multigoal RL formulations, analogous to options or macroactions. Coarse skill dynamics, i.e., the state transition caused by a (complete) skill execution, are learnt and are unrolled forward during lookahead search. Policy search benefits from temporal abstraction during exploration, though itself operates over low-level primitive actions, and thus the resulting policies does not suffer from suboptimality and inflexibility caused by coarse skill chaining. We show that the proposed exploration strategy results in effective learning of complex manipulation policies faster than current state-of-the-art RL methods, and converges to better policies than methods that use options or parametrized skills as building blocks of the policy itself, as opposed to guiding exploration. We show that the proposed exploration strategy results in effective learning of complex manipulation policies faster than current state-of-the-art RL methods, and converges to better policies than methods that use options or parameterized skills as building blocks of the policy itself, as opposed to guiding exploration.",high,A2,primary_assignment,Predicts or executes temporally extended action sequences or keypose-conditioned chunks to trade feedback frequency against longer-horizon control.,"Boundary and horizon choices determine the training unit, feedback latency, credit assignment, and compounding-error exposure in long-horizon robot learning.",true,"Arpit Agarwal, Katharina Muelling, Katerina Fragkiadaki",2018,arxiv:1811.08086,arxiv:1811.08086,1268288694076518898,cs.RO | cs.AI | cs.LG,macro-actions options skills temporal abstraction sequential robot control | options framework temporal abstraction reinforcement learning,search-papers,true,47,31.507,0.9706877692486436,A2,metadata-inspected,pending,,,pending,triaged,primary_assignment,A2/assigned-papers.json | A2/assigned-registry-inspected.json | A2/assigned-registry-inspected.jsonl | A2/canonical-pool.json | A2/canonical-pool.jsonl | A2/raw/q08-synonyms.json | A2/raw/q31-options.json,A2/assigned-abstracts.jsonl | A2/triage.jsonl,complete,2
CompILE: Compositional Imitation Learning and Execution,arxiv:1812.01483,"We introduce Compositional Imitation Learning and Execution (CompILE): a framework for learning reusable, variable-length segments of hierarchically-structured behavior from demonstration data. CompILE uses a novel unsupervised, fully-differentiable sequence segmentation module to learn latent encodings of sequential data that can be re-composed and executed to perform new tasks. Once trained, our model generalizes to sequences of longer length and from environment instances not seen during training. We evaluate CompILE in a challenging 2D multi-task environment and a continuous control task, and show that it can find correct task boundaries and event encodings in an unsupervised manner. Latent codes and associated behavior policies discovered by CompILE can be used by a hierarchical agent, where the high-level policy selects actions in the latent code space, and the low-level, task-specific policies are simply the learned decoders. We found that our CompILE-based agent could learn given only sparse rewards, where agents without task-specific policies struggle.",high,A2,primary_assignment,"Localizes event, phase, or subtask boundaries by modeling changes in multimodal observations, dynamics, language, or latent sequence structure.","Boundary and horizon choices determine the training unit, feedback latency, credit assignment, and compounding-error exposure in long-horizon robot learning.",true,"Thomas Kipf, Yujia Li, Hanjun Dai, Vinicius Zambaldi, Alvaro Sanchez-Gonzalez, Edward Grefenstette, Pushmeet Kohli, Peter Battaglia",2018,arxiv:1812.01483,arxiv:1812.01483,8306977697693222481,stat.ML | cs.LG,robot learning trajectory segmentation event boundaries action sequences | trajectory segmentation imitation learning demonstrations event detection | learning to segment demonstrations programming by demonstration,search-papers,true,77,26.347,0.9446689335413089,A2,metadata-inspected,pending,,,pending,triaged,primary_assignment,A2/assigned-papers.json | A2/assigned-registry-inspected.json | A2/assigned-registry-inspected.jsonl | A2/canonical-pool.json | A2/canonical-pool.jsonl | A2/raw/q01-direct.json | A2/raw/q01-direct.txt | A2/raw/q03-direct.json | A2/raw/q29-programming-by-demo.json,A2/assigned-abstracts.jsonl | A2/triage.jsonl,complete,2
Self-organization of action hierarchy and compositionality by reinforcement learning with recurrent neural networks,arxiv:1901.10113,"Recurrent neural networks (RNNs) for reinforcement learning (RL) have shown distinct advantages, e.g., solving memory-dependent tasks and meta-learning. However, little effort has been spent on improving RNN architectures and on understanding the underlying neural mechanisms for performance gain. In this paper, we propose a novel, multiple-timescale, stochastic RNN for RL. Empirical results show that the network can autonomously learn to abstract sub-goals and can self-develop an action hierarchy using internal dynamics in a challenging continuous control task. Furthermore, we show that the self-developed compositionality of the network enhances faster re-learning when adapting to a new task that is a re-composition of previously learned sub-goals, than when starting from scratch. We also found that improved performance can be achieved when neural activities are subject to stochastic rather than deterministic dynamics.",high,A2,expansion_round_1,"Encodes or selects compact trajectory segments or latent plans so sequential experience can be retrieved, recombined, or reused.",The mechanism connects temporal structure to data selection or learning efficiency in the Program A loop.,true,,2019,arxiv:1901.10113,,,,,,,,,0.020301717220349864,A2,,,,,,triaged,expansion_round_1,A2/expansion-pool.json | A2/expansion-pool.jsonl,A2/expansion-triage.jsonl,complete,1
Learning Action Representations for Reinforcement Learning,arxiv:1902.00183,"Most model-free reinforcement learning methods leverage state representations (embeddings) for generalization, but either ignore structure in the space of actions or assume the structure is provided a priori. We show how a policy can be decomposed into a component that acts in a low-dimensional space of action representations and a component that transforms these representations into actual actions. These representations improve generalization over large, finite action sets by allowing the agent to infer the outcomes of actions similar to actions already taken. We provide an algorithm to both learn and use action representations and provide conditions for its convergence. The efficacy of the proposed method is demonstrated on large-scale real-world problems.",high,A2,expansion_round_1,"Encodes or selects compact trajectory segments or latent plans so sequential experience can be retrieved, recombined, or reused.","The mechanism can turn long robot experience into reusable training units, skill memories, or better-conditioned policy targets.",true,,2019,arxiv:1902.00183,,,,,,,,,0.020227920227920228,A2,,,,,,triaged,expansion_round_1,A2/expansion-pool.json | A2/expansion-pool.jsonl,A2/expansion-triage.jsonl,complete,1
Exploiting Hierarchy for Learning and Transfer in KL-regularized RL,arxiv:1903.07438,"As reinforcement learning agents are tasked with solving more challenging and diverse tasks, the ability to incorporate prior knowledge into the learning system and to exploit reusable structure in solution space is likely to become increasingly important. The KL-regularized expected reward objective constitutes one possible tool to this end. It introduces an additional component, a default or prior behavior, which can be learned alongside the policy and as such partially transforms the reinforcement learning problem into one of behavior modelling. In this work we consider the implications of this framework in cases where both the policy and default behavior are augmented with latent variables. We discuss how the resulting hierarchical structures can be used to implement different inductive biases and how their modularity can benefit transfer. Empirically we find that they can lead to faster learning and transfer on a range of continuous control tasks.",high,A2,expansion_round_1,"Encodes or selects compact trajectory segments or latent plans so sequential experience can be retrieved, recombined, or reused.",The mechanism connects temporal structure to data selection or learning efficiency in the Program A loop.,true,,2019,arxiv:1903.07438,,,,,,,,,0.021420037549069806,A2,,,,,,triaged,expansion_round_1,A2/expansion-pool.json | A2/expansion-pool.jsonl,A2/expansion-triage.jsonl,complete,1
Sub-policy Adaptation for Hierarchical Reinforcement Learning,arxiv:1906.05862,"Hierarchical reinforcement learning is a promising approach to tackle long-horizon decision-making problems with sparse rewards. Unfortunately, most methods still decouple the lower-level skill acquisition process and the training of a higher level that controls the skills in a new task. Leaving the skills fixed can lead to significant sub-optimality in the transfer setting. In this work, we propose a novel algorithm to discover a set of skills, and continuously adapt them along with the higher level even when training on a new task. Our main contributions are two-fold. First, we derive a new hierarchical policy gradient with an unbiased latent-dependent baseline, and we introduce Hierarchical Proximal Policy Optimization (HiPPO), an on-policy method to efficiently train all levels of the hierarchy jointly. Second, we propose a method for training time-abstractions that improves the robustness of the obtained skills to environment changes. Code and results are available at sites.google.com/view/hippo-rl",high,A2,expansion_round_1,"Encodes or selects compact trajectory segments or latent plans so sequential experience can be retrieved, recombined, or reused.",The mechanism connects temporal structure to data selection or learning efficiency in the Program A loop.,true,,2019,arxiv:1906.05862,,,,,,,,,0.020272966717216057,A2,,,,,,triaged,expansion_round_1,A2/expansion-pool.json | A2/expansion-pool.jsonl,A2/expansion-triage.jsonl,complete,1
Dynamics-Aware Unsupervised Discovery of Skills,arxiv:1907.01657,"Conventionally, model-based reinforcement learning (MBRL) aims to learn a global model for the dynamics of the environment. A good model can potentially enable planning algorithms to generate a large variety of behaviors and solve diverse tasks. However, learning an accurate model for complex dynamical systems is difficult, and even then, the model might not generalize well outside the distribution of states on which it was trained. In this work, we combine model-based learning with model-free learning of primitives that make model-based planning easy. To that end, we aim to answer the question: how can we discover skills whose outcomes are easy to predict? We propose an unsupervised learning algorithm, Dynamics-Aware Discovery of Skills (DADS), which simultaneously discovers predictable behaviors and learns their dynamics. Our method can leverage continuous skill spaces, theoretically, allowing us to learn infinitely many behaviors even for high-dimensional state-spaces. We demonstrate that zero-shot planning in the learned latent space significantly outperforms standard MBRL and model-free goal-conditioned RL, can handle sparse-reward tasks, and substantially improves over prior hierarchical RL methods for unsupervised skill discovery.",high,A2,expansion_round_1,"Encodes or selects compact trajectory segments or latent plans so sequential experience can be retrieved, recombined, or reused.","The mechanism can turn long robot experience into reusable training units, skill memories, or better-conditioned policy targets.",true,,2019,arxiv:1907.01657,,,,,,,,,0.03125763125763126,A2,,,,,,triaged,expansion_round_1,A2/expansion-pool.json | A2/expansion-pool.jsonl | A8/work/expansion-round2-novel.jsonl,A2/expansion-triage.jsonl,complete,1
Learning Hybrid Object Kinematics for Efficient Hierarchical Planning Under Uncertainty,arxiv:1907.09014,"Sudden changes in the dynamics of robotic tasks, such as contact with an object or the latching of a door, are often viewed as inconvenient discontinuities that make manipulation difficult. However, when these transitions are well-understood, they can be leveraged to reduce uncertainty or aid manipulation---for example, wiggling a screw to determine if it is fully inserted or not. Current model-free reinforcement learning approaches require large amounts of data to learn to leverage such dynamics, scale poorly as problem complexity grows, and do not transfer well to significantly different problems. By contrast, hierarchical POMDP planning-based methods scale well via plan decomposition, work well on novel problems, and directly consider uncertainty, but often rely on precise hand-specified models and task decompositions. To combine the advantages of these opposing paradigms, we propose a new method, MICAH, which given unsegmented data of an object's motion under applied actions, (1) detects changepoints in the object motion model using action-conditional inference, (2) estimates the individual local motion models with their parameters, and (3) converts them into a hybrid automaton that is compatible with hierarchical POMDP planning. We show that model learning under MICAH is more accurate and robust to noise than prior approaches. Further, we combine MICAH with a hierarchical POMDP planner to demonstrate that the learned models are rich enough to be used for performing manipulation tasks under uncertainty that require the objects to be used in novel ways not encountered during training.",high,A2,primary_assignment,"Localizes event, phase, or subtask boundaries by modeling changes in multimodal observations, dynamics, language, or latent sequence structure.","Boundary and horizon choices determine the training unit, feedback latency, credit assignment, and compounding-error exposure in long-horizon robot learning.",true,"Ajinkya Jain, Scott Niekum",1907,arxiv:1907.09014,arxiv:1907.09014,3591707561766497696,cs.RO,Bayesian nonparametric change point trajectory segmentation robot manipulation,search-papers,true,40,31.935,0.6534808172046652,A2,metadata-inspected,pending,,,pending,triaged,primary_assignment,A2/assigned-papers.json | A2/assigned-registry-inspected.json | A2/assigned-registry-inspected.jsonl | A2/canonical-pool.json | A2/canonical-pool.jsonl | A2/raw/q09-bayesian.json,A2/assigned-abstracts.jsonl | A2/triage.jsonl,complete,2
MineRL: A Large-Scale Dataset of Minecraft Demonstrations,arxiv:1907.13440,"The sample inefficiency of standard deep reinforcement learning methods precludes their application to many real-world problems. Methods which leverage human demonstrations require fewer samples but have been researched less. As demonstrated in the computer vision and natural language processing communities, large-scale datasets have the capacity to facilitate research by serving as an experimental and benchmarking platform for new methods. However, existing datasets compatible with reinforcement learning simulators do not have sufficient scale, structure, and quality to enable the further development and evaluation of methods focused on using human examples. Therefore, we introduce a comprehensive, large-scale, simulator-paired dataset of human demonstrations: MineRL. The dataset consists of over 60 million automatically annotated state-action pairs across a variety of related tasks in Minecraft, a dynamic, 3D, open-world environment. We present a novel data collection scheme which allows for the ongoing introduction of new tasks and the gathering of complete state information suitable for a variety of methods. We demonstrate the hierarchality, diversity, and scale of the MineRL dataset. Further, we show the difficulty of the Minecraft domain along with the potential of MineRL in developing techniques to solve key research challenges within it.",high,A2,expansion_round_1,Discovers reusable temporal structure in sequential experience for downstream decision making or policy learning.,"The mechanism can turn long robot experience into reusable training units, skill memories, or better-conditioned policy targets.",true,,2019,arxiv:1907.13440,,,,,,,,,0.022964015151515152,A2,,,,,,triaged,expansion_round_1,A2/expansion-pool.json | A2/expansion-pool.jsonl,A2/expansion-triage.jsonl,complete,1
Variational Temporal Abstraction,arxiv:1910.00775,"We introduce a variational approach to learning and inference of temporally hierarchical structure and representation for sequential data. We propose the Variational Temporal Abstraction (VTA), a hierarchical recurrent state space model that can infer the latent temporal structure and thus perform the stochastic state transition hierarchically. We also propose to apply this model to implement the jumpy-imagination ability in imagination-augmented agent-learning in order to improve the efficiency of the imagination. In experiments, we demonstrate that our proposed method can model 2D and 3D visual sequence datasets with interpretable temporal structure discovery and that its application to jumpy imagination enables more efficient agent-learning in a 3D navigation task.",high,A2,expansion_round_1,"Uses temporally extended actions, keyposes, or learned macro-actions to expose multi-step structure while retaining feedback or planning control.","The mechanism can turn long robot experience into reusable training units, skill memories, or better-conditioned policy targets.",true,,1910,arxiv:1910.00775,arxiv:1910.00775,6139120720604269269,,sequence-to-sequence temporal abstraction plan recognition robotics,search-papers,true,,,0.013333334,A2,,,,,,triaged,expansion_round_1,A2/canonical-pool.json | A2/canonical-pool.jsonl | A2/expansion-pool.json | A2/expansion-pool.jsonl | A2/raw/q37-seq2seq.json,A2/expansion-triage.jsonl,complete,1
Relay Policy Learning: Solving Long-Horizon Tasks via Imitation and Reinforcement Learning,arxiv:1910.11956,"We present relay policy learning, a method for imitation and reinforcement learning that can solve multi-stage, long-horizon robotic tasks. This general and universally-applicable, two-phase approach consists of an imitation learning stage that produces goal-conditioned hierarchical policies, and a reinforcement learning phase that finetunes these policies for task performance. Our method, while not necessarily perfect at imitation learning, is very amenable to further improvement via environment interaction, allowing it to scale to challenging long-horizon tasks. We simplify the long-horizon policy learning problem by using a novel data-relabeling algorithm for learning goal-conditioned hierarchical policies, where the low-level only acts for a fixed number of steps, regardless of the goal achieved. While we rely on demonstration data to bootstrap policy learning, we do not assume access to demonstrations of every specific tasks that is being solved, and instead leverage unstructured and unsegmented demonstrations of semantically meaningful behaviors that are not only less burdensome to provide, but also can greatly facilitate further improvement using reinforcement learning. We demonstrate the effectiveness of our method on a number of multi-stage, long-horizon manipulation tasks in a challenging kitchen simulation environment. Videos are available at https://relay-policy-learning.github.io/",high,A2,expansion_round_1,"Finds event, phase, or subtask boundaries by modeling temporal changes in observations, dynamics, language, or latent sequence variables.","The mechanism can turn long robot experience into reusable training units, skill memories, or better-conditioned policy targets.",true,,2019,arxiv:1910.11956,arxiv:1910.11956,4831409068598859422,,,related-papers-round3,,,,0.022243713733075435,A1,,,,,,triaged,expansion_round_1,A1/expansion-round3-registry.json | A1/paper-registry-complete.json | A2/expansion-pool.json | A2/expansion-pool.jsonl | A5/expansion/raw/round3-references.json,A2/expansion-triage.jsonl,complete,1
Options of Interest: Temporal Abstraction with Interest Functions,arxiv:2001.00271,"Temporal abstraction refers to the ability of an agent to use behaviours of controllers which act for a limited, variable amount of time. The options framework describes such behaviours as consisting of a subset of states in which they can initiate, an internal policy and a stochastic termination condition. However, much of the subsequent work on option discovery has ignored the initiation set, because of difficulty in learning it from data. We provide a generalization of initiation sets suitable for general function approximation, by defining an interest function associated with an option. We derive a gradient-based learning algorithm for interest functions, leading to a new interest-option-critic architecture. We investigate how interest functions can be leveraged to learn interpretable and reusable temporal abstractions. We demonstrate the efficacy of the proposed approach through quantitative and qualitative results, in both discrete and continuous environments.",high,A2,expansion_round_1,"Uses temporally extended actions, keyposes, or learned macro-actions to expose multi-step structure while retaining feedback or planning control.","The mechanism can turn long robot experience into reusable training units, skill memories, or better-conditioned policy targets.",true,,2001,arxiv:2001.00271,arxiv:2001.00271,4868048004955282356,,options framework temporal abstraction reinforcement learning | 2024 robot learning action chunking temporal abstraction trajectory,search-papers,true,,,0.9652765704666424,A2,,,,,,triaged,expansion_round_1,A2/canonical-pool.json | A2/canonical-pool.jsonl | A2/expansion-pool.json | A2/expansion-pool.jsonl | A2/raw/q31-options.json | A2/raw/q38-2024-action-chunking.json,A2/expansion-triage.jsonl,complete,1
"Explore, Discover and Learn: Unsupervised Discovery of State-Covering Skills",arxiv:2002.03647,"Acquiring abilities in the absence of a task-oriented reward function is at the frontier of reinforcement learning research. This problem has been studied through the lens of empowerment, which draws a connection between option discovery and information theory. Information-theoretic skill discovery methods have garnered much interest from the community, but little research has been conducted in understanding their limitations. Through theoretical analysis and empirical evidence, we show that existing algorithms suffer from a common limitation -- they discover options that provide a poor coverage of the state space. In light of this, we propose 'Explore, Discover and Learn' (EDL), an alternative approach to information-theoretic skill discovery. Crucially, EDL optimizes the same information-theoretic objective derived from the empowerment literature, but addresses the optimization problem using different machinery. We perform an extensive evaluation of skill discovery methods on controlled environments and show that EDL offers significant advantages, such as overcoming the coverage problem, reducing the dependence of learned skills on the initial state, and allowing the user to define a prior over which behaviors should be learned. Code is publicly available at https://github.com/victorcampos7/edl.",high,A2,expansion_round_1,Discovers reusable temporal structure in sequential experience for downstream decision making or policy learning.,"The mechanism can turn long robot experience into reusable training units, skill memories, or better-conditioned policy targets.",true,,2020,arxiv:2002.03647,,,,,,,,,0.024540757749712976,A2,,,,,,triaged,expansion_round_1,A2/expansion-pool.json | A2/expansion-pool.jsonl | A8/work/expansion-round3-novel.jsonl,A2/expansion-triage.jsonl,complete,1
Learning Robot Skills with Temporal Variational Inference,arxiv:2006.16232,"In this paper, we address the discovery of robotic options from demonstrations in an unsupervised manner. Specifically, we present a framework to jointly learn low-level control policies and higher-level policies of how to use them from demonstrations of a robot performing various tasks. By representing options as continuous latent variables, we frame the problem of learning these options as latent variable inference. We then present a temporal formulation of variational inference based on a temporal factorization of trajectory likelihoods,that allows us to infer options in an unsupervised manner. We demonstrate the ability of our framework to learn such options across three robotic demonstration datasets.",high,A2,expansion_round_1,"Encodes or selects compact trajectory segments or latent plans so sequential experience can be retrieved, recombined, or reused.","The mechanism can turn long robot experience into reusable training units, skill memories, or better-conditioned policy targets.",true,,2006,arxiv:2006.16232,arxiv:2006.16232,2877944152165607009,,macro-actions options skills temporal abstraction sequential robot control | latent plan discovery trajectory chunks transformer robot learning | subgoal discovery temporal abstraction demonstrations inverse dynamics robotics | 2024 robot learning action chunking temporal abstraction trajectory,search-papers,true,,,0.9316617385063182,A2,,,,,,triaged,expansion_round_1,A2/canonical-pool.json | A2/canonical-pool.jsonl | A2/expansion-pool.json | A2/expansion-pool.jsonl | A2/raw/q08-synonyms.json | A2/raw/q15-latent-plan.json | A2/raw/q16-subgoal.json | A2/raw/q38-2024-action-chunking.json,A2/expansion-triage.jsonl,complete,1
Provable Hierarchical Imitation Learning via EM,arxiv:2010.03133,"Due to recent empirical successes, the options framework for hierarchical reinforcement learning is gaining increasing popularity. Rather than learning from rewards which suffers from the curse of dimensionality, we consider learning an options-type hierarchical policy from expert demonstrations. Such a problem is referred to as hierarchical imitation learning. Converting this problem to parameter inference in a latent variable model, we theoretically characterize the EM approach proposed by Daniel et al. (2016). The population level algorithm is analyzed as an intermediate step, which is nontrivial due to the samples being correlated. If the expert policy can be parameterized by a variant of the options framework, then under regularity conditions, we prove that the proposed algorithm converges with high probability to a norm ball around the true parameter. To our knowledge, this is the first performance guarantee for an hierarchical imitation learning algorithm that only observes primitive state-action pairs.",high,A2,expansion_round_1,"Encodes or selects compact trajectory segments or latent plans so sequential experience can be retrieved, recombined, or reused.","The mechanism can turn long robot experience into reusable training units, skill memories, or better-conditioned policy targets.",true,,2020,arxiv:2010.03133,,,,,,,,,0.020458483273357326,A2,,,,,,triaged,expansion_round_1,A2/expansion-pool.json | A2/expansion-pool.jsonl,A2/expansion-triage.jsonl,complete,1
Accelerating Reinforcement Learning with Learned Skill Priors,arxiv:2010.11944,"Intelligent agents rely heavily on prior experience when learning a new task, yet most modern reinforcement learning (RL) approaches learn every task from scratch. One approach for leveraging prior knowledge is to transfer skills learned on prior tasks to the new task. However, as the amount of prior experience increases, the number of transferable skills grows too, making it challenging to explore the full set of available skills during downstream learning. Yet, intuitively, not all skills should be explored with equal probability; for example information about the current state can hint which skills are promising to explore. In this work, we propose to implement this intuition by learning a prior over skills. We propose a deep latent variable model that jointly learns an embedding space of skills and the skill prior from offline agent experience. We then extend common maximum-entropy RL approaches to use skill priors to guide downstream learning. We validate our approach, SPiRL (Skill-Prior RL), on complex navigation and robotic manipulation tasks and show that learned skill priors are essential for effective skill transfer from rich datasets. Videos and code are available at https://clvrai.com/spirl.",high,A2,expansion_round_1,"Encodes or selects compact trajectory segments or latent plans so sequential experience can be retrieved, recombined, or reused.","The mechanism can turn long robot experience into reusable training units, skill memories, or better-conditioned policy targets.",true,,2020,arxiv:2010.11944,,,,,,,,,0.022527472527472527,A2,,,,,,triaged,expansion_round_1,A2/expansion-pool.json | A2/expansion-pool.jsonl,A2/expansion-triage.jsonl,complete,1
OPAL: Offline Primitive Discovery for Accelerating Offline Reinforcement Learning,arxiv:2010.13611,"Reinforcement learning (RL) has achieved impressive performance in a variety of online settings in which an agent's ability to query the environment for transitions and rewards is effectively unlimited. However, in many practical applications, the situation is reversed: an agent may have access to large amounts of undirected offline experience data, while access to the online environment is severely limited. In this work, we focus on this offline setting. Our main insight is that, when presented with offline data composed of a variety of behaviors, an effective way to leverage this data is to extract a continuous space of recurring and temporally extended primitive behaviors before using these primitives for downstream task learning. Primitives extracted in this way serve two purposes: they delineate the behaviors that are supported by the data from those that are not, making them useful for avoiding distributional shift in offline RL; and they provide a degree of temporal abstraction, which reduces the effective horizon yielding better learning in theory, and improved offline RL in practice. In addition to benefiting offline policy optimization, we show that performing offline primitive learning in this way can also be leveraged for improving few-shot imitation learning as well as exploration and transfer in online RL on a variety of benchmark domains. Visualizations are available at https://sites.google.com/view/opal-iclr",high,A2,expansion_round_1,"Uses temporally extended actions, keyposes, or learned macro-actions to expose multi-step structure while retaining feedback or planning control.","The mechanism can turn long robot experience into reusable training units, skill memories, or better-conditioned policy targets.",true,,2010,arxiv:2010.13611,arxiv:2010.13611,469748072916127796,,episode parsing behavior segmentation offline reinforcement learning,search-papers,true,,,0.8859476187202091,A2,,,,,,triaged,expansion_round_1,A2/canonical-pool.json | A2/canonical-pool.jsonl | A2/expansion-pool.json | A2/expansion-pool.jsonl | A2/raw/q07-synonyms.json,A2/expansion-triage.jsonl,complete,1
Hierarchical Reinforcement Learning By Discovering Intrinsic Options,arxiv:2101.06521,"We propose a hierarchical reinforcement learning method, HIDIO, that can learn task-agnostic options in a self-supervised manner while jointly learning to utilize them to solve sparse-reward tasks. Unlike current hierarchical RL approaches that tend to formulate goal-reaching low-level tasks or pre-define ad hoc lower-level policies, HIDIO encourages lower-level option learning that is independent of the task at hand, requiring few assumptions or little knowledge about the task structure. These options are learned through an intrinsic entropy minimization objective conditioned on the option sub-trajectories. The learned options are diverse and task-agnostic. In experiments on sparse-reward robotic manipulation and navigation tasks, HIDIO achieves higher success rates with greater sample efficiency than regular RL baselines and two state-of-the-art hierarchical RL methods.",high,A2,expansion_round_1,Discovers reusable temporal structure in sequential experience for downstream decision making or policy learning.,"The mechanism can turn long robot experience into reusable training units, skill memories, or better-conditioned policy targets.",true,,2021,arxiv:2101.06521,arxiv:2101.06521,2333132384365311089,,temporal abstraction long horizon manipulation sparse reward credit assignment | hierarchical reinforcement learning options subgoals initiation termination,search-papers,true,,,0.8794783984642804,A2,,,,,,triaged,expansion_round_1,A2/canonical-pool.json | A2/canonical-pool.jsonl | A2/expansion-pool.json | A2/expansion-pool.jsonl | A2/raw/q20-sparse-reward.json | A2/raw/q32-hierarchical-rl.json,A2/expansion-triage.jsonl,complete,1
Constrained Probabilistic Movement Primitives for Robot Trajectory Adaptation,arxiv:2101.12561,"Placing robots outside controlled conditions requires versatile movement representations that allow robots to learn new tasks and adapt them to environmental changes. The introduction of obstacles or the placement of additional robots in the workspace, the modification of the joint range due to faults or range-of-motion constraints are typical cases where the adaptation capabilities play a key role for safely performing the robot's task. Probabilistic movement primitives (ProMPs) have been proposed for representing adaptable movement skills, which are modelled as Gaussian distributions over trajectories. These are analytically tractable and can be learned from a small number of demonstrations. However, both the original ProMP formulation and the subsequent approaches only provide solutions to specific movement adaptation problems, e.g., obstacle avoidance, and a generic, unifying, probabilistic approach to adaptation is missing. In this paper we develop a generic probabilistic framework for adapting ProMPs. We unify previous adaptation techniques, for example, various types of obstacle avoidance, via-points, mutual avoidance, in one single framework and combine them to solve complex robotic problems. Additionally, we derive novel adaptation techniques such as temporally unbound via-points and mutual avoidance. We formulate adaptation as a constrained optimisation problem where we minimise the Kullback-Leibler divergence between the adapted distribution and the distribution of the original primitive while we constrain the probability mass associated with undesired trajectories to be low. We demonstrate our approach on several adaptation problems on simulated planar robot arms and 7-DOF Franka-Emika robots in a dual robot arm setting.",high,A2,primary_assignment,"Discovers, represents, or composes reusable skills, motion primitives, subgoals, or macro-actions from sequential experience.","A reusable segment or skill representation can support retrieval, recombination, coverage, and transfer across tasks or embodiments.",true,"Felix Frank, Alexandros Paraschos, Patrick van der Smagt, Botond Cseke",2021,arxiv:2101.12561,arxiv:2101.12561,4234460441696265302,cs.RO,dynamic movement primitives robot trajectories skill representation | probabilistic movement primitives robot trajectory representation,search-papers,true,11,33.547,0.9746672967731284,A2,metadata-inspected,pending,,,pending,triaged,primary_assignment,A2/assigned-papers.json | A2/assigned-registry-inspected.json | A2/assigned-registry-inspected.jsonl | A2/canonical-pool.json | A2/canonical-pool.jsonl | A2/raw/q33-dmp.json | A2/raw/q34-promp.json,A2/assigned-abstracts.jsonl | A2/triage.jsonl,complete,2
Learning Task Decomposition with Ordered Memory Policy Network,arxiv:2103.10972,"Many complex real-world tasks are composed of several levels of sub-tasks. Humans leverage these hierarchical structures to accelerate the learning process and achieve better generalization. In this work, we study the inductive bias and propose Ordered Memory Policy Network (OMPN) to discover subtask hierarchy by learning from demonstration. The discovered subtask hierarchy could be used to perform task decomposition, recovering the subtask boundaries in an unstruc-tured demonstration. Experiments on Craft and Dial demonstrate that our modelcan achieve higher task decomposition performance under both unsupervised and weakly supervised settings, comparing with strong baselines. OMPN can also bedirectly applied to partially observable environments and still achieve higher task decomposition performance. Our visualization further confirms that the subtask hierarchy can emerge in our model.",high,A2,expansion_round_1,"Finds event, phase, or subtask boundaries by modeling temporal changes in observations, dynamics, language, or latent sequence variables.","The mechanism can turn long robot experience into reusable training units, skill memories, or better-conditioned policy targets.",true,,2021,arxiv:2103.10972,,,,,,,,,0.018465280849181778,A2,,,,,,triaged,expansion_round_1,A2/expansion-pool.json | A2/expansion-pool.jsonl,A2/expansion-triage.jsonl,complete,1
Bottom-Up Skill Discovery from Unsegmented Demonstrations for Long-Horizon Robot Manipulation,arxiv:2109.13841,"We tackle real-world long-horizon robot manipulation tasks through skill discovery. We present a bottom-up approach to learning a library of reusable skills from unsegmented demonstrations and use these skills to synthesize prolonged robot behaviors. Our method starts with constructing a hierarchical task structure from each demonstration through agglomerative clustering. From the task structures of multi-task demonstrations, we identify skills based on the recurring patterns and train goal-conditioned sensorimotor policies with hierarchical imitation learning. Finally, we train a meta controller to compose these skills to solve long-horizon manipulation tasks. The entire model can be trained on a small set of human demonstrations collected within 30 minutes without further annotations, making it amendable to real-world deployment. We systematically evaluated our method in simulation environments and on a real robot. Our method has shown superior performance over state-of-the-art imitation learning methods in multi-stage manipulation tasks. Furthermore, skills discovered from multi-task demonstrations boost the average task success by 8% compared to those discovered from individual tasks.",high,A2,expansion_round_1,"Finds event, phase, or subtask boundaries by modeling temporal changes in observations, dynamics, language, or latent sequence variables.","The mechanism can turn long robot experience into reusable training units, skill memories, or better-conditioned policy targets.",true,,2021,arxiv:2109.13841,arxiv:2109.13841,249789132978283162,,sub-trajectory discovery useful subsequences sequential decision making robotics | 2024 2025 robot manipulation trajectory segmentation skill discovery,search-papers,false,,,0.6702630429508591,A2,,,,,,triaged,expansion_round_1,A2/canonical-pool.json | A2/canonical-pool.jsonl | A2/expansion-pool.json | A2/expansion-pool.jsonl | A2/raw/q06-synonyms.json | A2/raw/q39-2024-2025-segmentation.json | A6/raw-retrieval/q02-direct-imperfect-demo.json | A6/work/canonical-pool.jsonl,A2/expansion-triage.jsonl,complete,1
Hierarchical Skills for Efficient Exploration,arxiv:2110.10809,"In reinforcement learning, pre-trained low-level skills have the potential to greatly facilitate exploration. However, prior knowledge of the downstream task is required to strike the right balance between generality (fine-grained control) and specificity (faster learning) in skill design. In previous work on continuous control, the sensitivity of methods to this trade-off has not been addressed explicitly, as locomotion provides a suitable prior for navigation tasks, which have been of foremost interest. In this work, we analyze this trade-off for low-level policy pre-training with a new benchmark suite of diverse, sparse-reward tasks for bipedal robots. We alleviate the need for prior knowledge by proposing a hierarchical skill learning framework that acquires skills of varying complexity in an unsupervised manner. For utilization on downstream tasks, we present a three-layered hierarchical learning algorithm to automatically trade off between general and specific skills as required by the respective task. In our experiments, we show that our approach performs this trade-off effectively and achieves better results than current state-of-the-art methods for end- to-end hierarchical reinforcement learning and unsupervised skill discovery. Code and videos are available at https://facebookresearch.github.io/hsd3 .",high,A2,expansion_round_1,Discovers reusable temporal structure in sequential experience for downstream decision making or policy learning.,"The mechanism can turn long robot experience into reusable training units, skill memories, or better-conditioned policy targets.",true,,2021,arxiv:2110.10809,,,,,,,,,0.01967871485943775,A2,,,,,,triaged,expansion_round_1,A2/expansion-pool.json | A2/expansion-pool.jsonl,A2/expansion-triage.jsonl,complete,1
Learning Transferable Motor Skills with Hierarchical Latent Mixture Policies,arxiv:2112.05062,"For robots operating in the real world, it is desirable to learn reusable behaviours that can effectively be transferred and adapted to numerous tasks and scenarios. We propose an approach to learn abstract motor skills from data using a hierarchical mixture latent variable model. In contrast to existing work, our method exploits a three-level hierarchy of both discrete and continuous latent variables, to capture a set of high-level behaviours while allowing for variance in how they are executed. We demonstrate in manipulation domains that the method can effectively cluster offline data into distinct, executable behaviours, while retaining the flexibility of a continuous latent variable model. The resulting skills can be transferred and fine-tuned on new tasks, unseen objects, and from state to vision-based policies, yielding better sample efficiency and asymptotic performance compared to existing skill- and imitation-based methods. We further analyse how and when the skills are most beneficial: they encourage directed exploration to cover large regions of the state space relevant to the task, making them most effective in challenging sparse-reward settings.",high,A2,expansion_round_1,"Encodes or selects compact trajectory segments or latent plans so sequential experience can be retrieved, recombined, or reused.","The mechanism can turn long robot experience into reusable training units, skill memories, or better-conditioned policy targets.",true,,2021,arxiv:2112.05062,,,,,,,,,0.020439225918677972,A2,,,,,,triaged,expansion_round_1,A2/expansion-pool.json | A2/expansion-pool.jsonl,A2/expansion-triage.jsonl,complete,1
Transfering Hierarchical Structure with Dual Meta Imitation Learning,arxiv:2201.11981,"Hierarchical Imitation Learning (HIL) is an effective way for robots to learn sub-skills from long-horizon unsegmented demonstrations. However, the learned hierarchical structure lacks the mechanism to transfer across multi-tasks or to new tasks, which makes them have to learn from scratch when facing a new situation. Transferring and reorganizing modular sub-skills require fast adaptation ability of the whole hierarchical structure. In this work, we propose Dual Meta Imitation Learning (DMIL), a hierarchical meta imitation learning method where the high-level network and sub-skills are iteratively meta-learned with model-agnostic meta-learning. DMIL uses the likelihood of state-action pairs from each sub-skill as the supervision for the high-level network adaptation, and use the adapted high-level network to determine different data set for each sub-skill adaptation. We theoretically prove the convergence of the iterative training process of DMIL and establish the connection between DMIL and Expectation-Maximization algorithm. Empirically, we achieve state-of-the-art few-shot imitation learning performance on the Meta-world metaworld benchmark and competitive results on long-horizon tasks of Kitchen environments.",high,A2,expansion_round_1,"Finds event, phase, or subtask boundaries by modeling temporal changes in observations, dynamics, language, or latent sequence variables.","The mechanism can turn long robot experience into reusable training units, skill memories, or better-conditioned policy targets.",true,,2022,arxiv:2201.11981,,,,,,,,,0.018892199349945828,A2,,,,,,triaged,expansion_round_1,A2/expansion-pool.json | A2/expansion-pool.jsonl,A2/expansion-triage.jsonl,complete,1
Bayesian Nonparametrics for Offline Skill Discovery,arxiv:2202.04675,"Skills or low-level policies in reinforcement learning are temporally extended actions that can speed up learning and enable complex behaviours. Recent work in offline reinforcement learning and imitation learning has proposed several techniques for skill discovery from a set of expert trajectories. While these methods are promising, the number K of skills to discover is always a fixed hyperparameter, which requires either prior knowledge about the environment or an additional parameter search to tune it. We first propose a method for offline learning of options (a particular skill framework) exploiting advances in variational inference and continuous relaxations. We then highlight an unexplored connection between Bayesian nonparametrics and offline skill discovery, and show how to obtain a nonparametric version of our model. This version is tractable thanks to a carefully structured approximate posterior with a dynamically-changing number of options, removing the need to specify K. We also show how our nonparametric extension can be applied in other skill frameworks, and empirically demonstrate that our method can outperform state-of-the-art offline skill learning algorithms across a variety of environments. Our code is available at https://github.com/layer6ai-labs/BNPO .",high,A2,expansion_round_1,Discovers reusable temporal structure in sequential experience for downstream decision making or policy learning.,"The mechanism can turn long robot experience into reusable training units, skill memories, or better-conditioned policy targets.",true,,2022,arxiv:2202.04675,,,,,,,,,0.01901622718052738,A2,,,,,,triaged,expansion_round_1,A2/expansion-pool.json | A2/expansion-pool.jsonl,A2/expansion-triage.jsonl,complete,1
Meta-Learning Parameterized Skills,arxiv:2206.03597,We propose a novel parameterized skill-learning algorithm that aims to learn transferable parameterized skills and synthesize them into a new action space that supports efficient learning in long-horizon tasks. We propose to leverage off-policy Meta-RL combined with a trajectory-centric smoothness term to learn a set of parameterized skills. Our agent can use these learned skills to construct a three-level hierarchical framework that models a Temporally-extended Parameterized Action Markov Decision Process. We empirically demonstrate that the proposed algorithms enable an agent to solve a set of difficult long-horizon (obstacle-course and robot manipulation) tasks.,high,A2,expansion_round_1,Discovers reusable temporal structure in sequential experience for downstream decision making or policy learning.,"The mechanism can turn long robot experience into reusable training units, skill memories, or better-conditioned policy targets.",true,,2022,arxiv:2206.03597,,,,,,,,,0.02040950687997893,A2,,,,,,triaged,expansion_round_1,A2/expansion-pool.json | A2/expansion-pool.jsonl,A2/expansion-triage.jsonl,complete,1
Latent Plans for Task-Agnostic Offline Reinforcement Learning,arxiv:2209.08959,"Everyday tasks of long-horizon and comprising a sequence of multiple implicit subtasks still impose a major challenge in offline robot control. While a number of prior methods aimed to address this setting with variants of imitation and offline reinforcement learning, the learned behavior is typically narrow and often struggles to reach configurable long-horizon goals. As both paradigms have complementary strengths and weaknesses, we propose a novel hierarchical approach that combines the strengths of both methods to learn task-agnostic long-horizon policies from high-dimensional camera observations. Concretely, we combine a low-level policy that learns latent skills via imitation learning and a high-level policy learned from offline reinforcement learning for skill-chaining the latent behavior priors. Experiments in various simulated and real robot control tasks show that our formulation enables producing previously unseen combinations of skills to reach temporally extended goals by ""stitching"" together latent skills through goal chaining with an order-of-magnitude improvement in performance upon state-of-the-art baselines. We even learn one multi-task visuomotor policy for 25 distinct manipulation tasks in the real world which outperforms both imitation learning and offline reinforcement learning techniques.",high,A2,primary_assignment,Detects or learns semantically meaningful trajectory segments and uses them as variable-horizon action chunks or keypose-to-keypose control targets.,"Boundary and horizon choices determine the training unit, feedback latency, credit assignment, and compounding-error exposure in long-horizon robot learning.",true,"Erick Rosete-Beas, Oier Mees, Gabriel Kalweit, Joschka Boedecker, Wolfram Burgard",2022,arxiv:2209.08959,arxiv:2209.08959,6425993496031475105,cs.RO | cs.AI | cs.CV | cs.LG,episode parsing behavior segmentation offline reinforcement learning | latent plan discovery trajectory chunks transformer robot learning,search-papers,false,66,30.634,0.8833970308388606,A2,metadata-inspected,pending,,,pending,triaged,primary_assignment,A2/assigned-papers.json | A2/assigned-registry-inspected.json | A2/assigned-registry-inspected.jsonl | A2/canonical-pool.json | A2/canonical-pool.jsonl | A2/expansion-pool.json | A2/expansion-pool.jsonl | A2/raw/q07-synonyms.json | A2/raw/q15-latent-plan.json,A2/assigned-abstracts.jsonl | A2/triage.jsonl,complete,2
Option-Aware Adversarial Inverse Reinforcement Learning for Robotic Control,arxiv:2210.01969,"Hierarchical Imitation Learning (HIL) has been proposed to recover highly-complex behaviors in long-horizon tasks from expert demonstrations by modeling the task hierarchy with the option framework. Existing methods either overlook the causal relationship between the subtask and its corresponding policy or cannot learn the policy in an end-to-end fashion, which leads to suboptimality. In this work, we develop a novel HIL algorithm based on Adversarial Inverse Reinforcement Learning and adapt it with the Expectation-Maximization algorithm in order to directly recover a hierarchical policy from the unannotated demonstrations. Further, we introduce a directed information term to the objective function to enhance the causality and propose a Variational Autoencoder framework for learning with our objectives in an end-to-end fashion. Theoretical justifications and evaluations on challenging robotic control tasks are provided to show the superiority of our algorithm. The codes are available at https://github.com/LucasCJYSDL/HierAIRL.",high,A2,primary_assignment,Detects or learns semantically meaningful trajectory segments and uses them as variable-horizon action chunks or keypose-to-keypose control targets.,"Boundary and horizon choices determine the training unit, feedback latency, credit assignment, and compounding-error exposure in long-horizon robot learning.",true,"Jiayu Chen, Tian Lan, Vaneet Aggarwal",2022,arxiv:2210.01969,arxiv:2210.01969,7656074009449177557,cs.LG | cs.AI | cs.RO,subgoal discovery temporal abstraction demonstrations inverse dynamics robotics,search-papers,false,71,30.085,0.8684702192881005,A2,metadata-inspected,pending,,,pending,triaged,primary_assignment,A2/assigned-papers.json | A2/assigned-registry-inspected.json | A2/assigned-registry-inspected.jsonl | A2/canonical-pool.json | A2/canonical-pool.jsonl | A2/raw/q16-subgoal.json,A2/assigned-abstracts.jsonl | A2/triage.jsonl,complete,2
Comparison of Motion Encoding Frameworks on Human Manipulation Actions,arxiv:2211.13024,"Movement generation, and especially generalisation to unseen situations, plays an important role in robotics. Different types of movement generation methods exist such as spline based methods, dynamical system based methods, and methods based on Gaussian mixture models (GMMs). Using a large, new dataset on human manipulations, in this paper we provide a highly detailed comparison of five fundamentally different and widely used movement encoding and generation frameworks: dynamic movement primitives (DMPs), time based Gaussian mixture regression (tbGMR), stable estimator of dynamical systems (SEDS), Probabilistic Movement Primitives (ProMP) and Optimal Control Primitives (OCP). We compare these frameworks with respect to their movement encoding efficiency, reconstruction accuracy, and movement generalisation capabilities. The new dataset consists of nine object manipulation actions performed by 12 humans: pick and place, put on top/take down, put inside/take out, hide/uncover, and push/pull with a total of 7,652 movement examples. Our analysis shows that for movement encoding and reconstruction DMPs and OCPs are the most efficient with respect to the number of parameters and reconstruction accuracy, if a sufficient number of kernels is used. In case of movement generalisation to new start- and end-point situations, DMPs, OCPs and task parameterized GMM (TP-GMM, movement generalisation framework based on tbGMR) lead to similar performance, which ProMPs only achieve when using many demonstrations for learning. All models outperform SEDS, which additionally proves to be difficult to fit. Furthermore we observe that TP-GMM and SEDS suffer from problems reaching the end-points of generalizations.These different quantitative results will help selecting the most appropriate models and designing trajectory representations in an improved task-dependent way in future robotic applications.",high,A2,primary_assignment,"Discovers, represents, or composes reusable skills, motion primitives, subgoals, or macro-actions from sequential experience.","A reusable segment or skill representation can support retrieval, recombination, coverage, and transfer across tasks or embodiments.",true,"Lennart Jahn, Florentin Wörgötter, Tomas Kulvicius",2022,arxiv:2211.13024,arxiv:2211.13024,7656629045952135007,cs.RO,dynamic movement primitives robot trajectories skill representation | probabilistic movement primitives robot trajectory representation,search-papers,true,27,32.885,0.9484609086700875,A2,metadata-inspected,pending,,,pending,triaged,primary_assignment,A2/assigned-papers.json | A2/assigned-registry-inspected.json | A2/assigned-registry-inspected.jsonl | A2/canonical-pool.json | A2/canonical-pool.jsonl | A2/raw/q33-dmp.json | A2/raw/q34-promp.json,A2/assigned-abstracts.jsonl | A2/triage.jsonl,complete,2
Chain-of-Thought Predictive Control,arxiv:2304.00776,"We study generalizable policy learning from demonstrations for complex low-level control (e.g., contact-rich object manipulations). We propose a novel hierarchical imitation learning method that utilizes sub-optimal demos. Firstly, we propose an observation space-agnostic approach that efficiently discovers the multi-step subskill decomposition of the demos in an unsupervised manner. By grouping temporarily close and functionally similar actions into subskill-level demo segments, the observations at the segment boundaries constitute a chain of planning steps for the task, which we refer to as the chain-of-thought (CoT). Next, we propose a Transformer-based design that effectively learns to predict the CoT as the subskill-level guidance. We couple action and subskill predictions via learnable prompt tokens and a hybrid masking strategy, which enable dynamically updated guidance at test time and improve feature representation of the trajectory for generalizable policy learning. Our method, Chain-of-Thought Predictive Control (CoTPC), consistently surpasses existing strong baselines on challenging manipulation tasks with sub-optimal demos.",high,A2,primary_assignment,"Localizes event, phase, or subtask boundaries by modeling changes in multimodal observations, dynamics, language, or latent sequence structure.","Boundary and horizon choices determine the training unit, feedback latency, credit assignment, and compounding-error exposure in long-horizon robot learning.",true,"Zhiwei Jia, Vineet Thumuluri, Fangchen Liu, Linghao Chen, Zhiao Huang, Hao Su",2023,arxiv:2304.00776,arxiv:2304.00776,8396331056550408364,cs.LG | cs.AI | cs.RO,sub-trajectory discovery useful subsequences sequential decision making robotics | hierarchical policy action chunking chunk length prediction robot imitation learning,search-papers,false,50,31.309,0.9109264722644368,A2,metadata-inspected,pending,,,pending,triaged,primary_assignment,A2/assigned-papers.json | A2/assigned-registry-inspected.json | A2/assigned-registry-inspected.jsonl | A2/canonical-pool.json | A2/canonical-pool.jsonl | A2/raw/q06-synonyms.json | A2/raw/q11-action-chunking.json,A2/assigned-abstracts.jsonl | A2/triage.jsonl,complete,2
CRISP: Curriculum Inducing Primitive Informed Subgoal Prediction for Hierarchical Reinforcement Learning,arxiv:2304.03535,"Hierarchical reinforcement learning (HRL) leverages temporal abstraction to efficiently tackle complex long-horizon tasks. However, HRL often collapses because the continual updates of the low-level primitive make earlier sub-goals issued by the high-level policy obsolete, introducing non-stationarity that destabilizes training. We propose CRISP, a curriculum-driven framework that tackles this instability with three key ingredients: (1) primitive-informed parsing (PIP), which adaptively re-labels a handful of expert demonstrations to always generate reachable subgoals by the current low-level primitive, (2) an inverse-reinforcement-learning regularizer that steers the high-level policy toward the expert-induced subgoal distribution and stabilizes learning, and (3) a unified training loop that leverages these components to boost sample efficiency. Across six sparse-reward robotic navigation and manipulation benchmarks, CRISP improves success rates by more than 40% over strong hierarchical and flat baselines and successfully transfers to real-world tasks, demonstrating the promise of curriculum-based HRL for practical scenarios.",high,A2,primary_assignment,Predicts or executes temporally extended action sequences or keypose-conditioned chunks to trade feedback frequency against longer-horizon control.,"Boundary and horizon choices determine the training unit, feedback latency, credit assignment, and compounding-error exposure in long-horizon robot learning.",true,"Utsav Singh, Vinay P. Namboodiri",2023,arxiv:2304.03535,arxiv:2304.03535,564902359379766036,cs.LG,subgoal discovery temporal abstraction demonstrations inverse dynamics robotics | hierarchical reinforcement learning options subgoals initiation termination,search-papers,true,49,31.337,0.9536908501514997,A2,metadata-inspected,pending,,,pending,triaged,primary_assignment,A2/assigned-papers.json | A2/assigned-registry-inspected.json | A2/assigned-registry-inspected.jsonl | A2/canonical-pool.json | A2/canonical-pool.jsonl | A2/expansion-pool.json | A2/expansion-pool.jsonl | A2/raw/q16-subgoal.json | A2/raw/q32-hierarchical-rl.json,A2/assigned-abstracts.jsonl | A2/triage.jsonl,complete,2
PEAR: Primitive Enabled Adaptive Relabeling for Boosting Hierarchical Reinforcement Learning,arxiv:2306.06394,"Hierarchical reinforcement learning (HRL) has the potential to solve complex long horizon tasks using temporal abstraction and increased exploration. However, hierarchical agents are difficult to train due to inherent non-stationarity. We present primitive enabled adaptive relabeling (PEAR), a two-phase approach where we first perform adaptive relabeling on a few expert demonstrations to generate efficient subgoal supervision, and then jointly optimize HRL agents by employing reinforcement learning (RL) and imitation learning (IL). We perform theoretical analysis to bound the sub-optimality of our approach and derive a joint optimization framework using RL and IL. Since PEAR utilizes only a few expert demonstrations and considers minimal limiting assumptions on the task structure, it can be easily integrated with typical off-policy RL algorithms to produce a practical HRL approach. We perform extensive experiments on challenging environments and show that PEAR is able to outperform various hierarchical and non-hierarchical baselines and achieve upto 80% success rates in complex sparse robotic control tasks where other baselines typically fail to show significant progress. We also perform ablations to thoroughly analyse the importance of our various design choices. Finally, we perform real world robotic experiments on complex tasks and demonstrate that PEAR consistently outperforms the baselines.",high,A2,primary_assignment,Detects or learns semantically meaningful trajectory segments and uses them as variable-horizon action chunks or keypose-to-keypose control targets.,"Boundary and horizon choices determine the training unit, feedback latency, credit assignment, and compounding-error exposure in long-horizon robot learning.",true,"Utsav Singh, Vinay P. Namboodiri",2023,arxiv:2306.06394,arxiv:2306.06394,6118794094467487120,cs.LG,subgoal discovery temporal abstraction demonstrations inverse dynamics robotics,search-papers,false,19,33.117,0.9316617385063182,A2,metadata-inspected,pending,,,pending,triaged,primary_assignment,A2/assigned-papers.json | A2/assigned-registry-inspected.json | A2/assigned-registry-inspected.jsonl | A2/canonical-pool.json | A2/canonical-pool.jsonl | A2/raw/q16-subgoal.json,A2/assigned-abstracts.jsonl | A2/triage.jsonl,complete,2
Learning from Imperfect Demonstrations with Self-Supervision for Robotic Manipulation,arxiv:2401.08957,"Improving data utilization, especially for imperfect data from task failures, is crucial for robotic manipulation due to the challenging, time-consuming, and expensive data collection process in the real world. Current imitation learning (IL) typically discards imperfect data, focusing solely on successful expert data. While reinforcement learning (RL) can learn from explorations and failures, the sim2real gap and its reliance on dense reward and online exploration make it difficult to apply effectively in real-world scenarios. In this work, we aim to conquer the challenge of leveraging imperfect data without the need for reward information to improve the model performance for robotic manipulation in an offline manner. Specifically, we introduce a Self-Supervised Data Filtering framework (SSDF) that combines expert and imperfect data to compute quality scores for failed trajectory segments. High-quality segments from the failed data are used to expand the training dataset. Then, the enhanced dataset can be used with any downstream policy learning method for robotic manipulation tasks. Extensive experiments on the ManiSkill2 benchmark built on the high-fidelity Sapien simulator and real-world robotic manipulation tasks using the Franka robot arm demonstrated that the SSDF can accurately expand the training dataset with high-quality imperfect data and improve the success rates for all robotic manipulation tasks.",high,A2,primary_assignment,"Localizes event, phase, or subtask boundaries by modeling changes in multimodal observations, dynamics, language, or latent sequence structure.","Boundary and horizon choices determine the training unit, feedback latency, credit assignment, and compounding-error exposure in long-horizon robot learning.",true,"Kun Wu, Ning Liu, Zhen Zhao, Di Qiu, Jinming Li, Zhengping Che, Zhiyuan Xu, Jian Tang",2024,arxiv:2401.08957,arxiv:2401.08957,1708557481258577317,cs.RO | cs.AI,trajectory truncation subsequence selection successful segments offline reinforcement learning | bad trajectory segments removal segmentation data quality robot imitation,search-papers,false,60,30.77,0.9370266439430035,A2,metadata-inspected,pending,C:\Users\moham\Documents\Codex\2026-08-29\organize-x20\work\reflex-research\program-a\A6\evidence\arxiv_2401.08957.json,unverified-abstract-only,pending,triaged,primary_assignment,A2/assigned-papers.json | A2/assigned-registry-inspected.json | A2/assigned-registry-inspected.jsonl | A2/canonical-pool.json | A2/canonical-pool.jsonl | A2/raw/q19-success-subsequences.json | A2/raw/q21-bad-segments.json | A3/assigned-papers.json | A3/evidence-index.json | A3/paper-registry.json | A3/raw/q02-synonyms.txt | A3/raw/q05-quality-scoring.txt | A3/raw/q19-foundational-il.txt | A5/canonical-pool.jsonl | A5/paper-registry.json | A6/expansion/canonical-pool.jsonl | A6/raw-retrieval/q02-direct-imperfect-demo.json | A6/raw-retrieval/q03-direct-partial-success.json | A6/raw-retrieval/q18-failure-conditioned-bc.json | A6/raw-retrieval/q25-found-failures.json | A6/raw-retrieval/q30-recent-fail-recovery.json | A6/raw-retrieval/q31-recent-mixed-quality.json | A6/raw-retrieval/q35-found-learn-failures.json | A6/registry-assignment.jsonl | A6/work/assigned-registry-inspected.jsonl | A6/work/assigned-registry-preinspect.jsonl | A6/work/canonical-pool.jsonl | A6/work/evidence-index.jsonl | A7/raw/q15-long-tail-failure.json | A7/work/paper-registry.json | A7/work/paper-registry.jsonl | A7/work/verified-paper-registry.json | A7/work/verified-paper-registry.jsonl,A2/assigned-abstracts.jsonl | A2/triage.jsonl,complete,2
Reconciling Spatial and Temporal Abstractions for Goal Representation,arxiv:2401.09870,"Goal representation affects the performance of Hierarchical Reinforcement Learning (HRL) algorithms by decomposing the complex learning problem into easier subtasks. Recent studies show that representations that preserve temporally abstract environment dynamics are successful in solving difficult problems and provide theoretical guarantees for optimality. These methods however cannot scale to tasks where environment dynamics increase in complexity i.e. the temporally abstract transition relations depend on larger number of variables. On the other hand, other efforts have tried to use spatial abstraction to mitigate the previous issues. Their limitations include scalability to high dimensional environments and dependency on prior knowledge. In this paper, we propose a novel three-layer HRL algorithm that introduces, at different levels of the hierarchy, both a spatial and a temporal goal abstraction. We provide a theoretical study of the regret bounds of the learned policies. We evaluate the approach on complex continuous control tasks, demonstrating the effectiveness of spatial and temporal abstractions learned by this approach. Find open-source code at https://github.com/cosynus-lix/STAR.",high,A2,expansion_round_1,"Uses temporally extended actions, keyposes, or learned macro-actions to expose multi-step structure while retaining feedback or planning control.","The mechanism can turn long robot experience into reusable training units, skill memories, or better-conditioned policy targets.",true,,2024,arxiv:2401.09870,,,,,,,,,0.02133749674733281,A2,,,,,,triaged,expansion_round_1,A2/expansion-pool.json | A2/expansion-pool.jsonl,A2/expansion-triage.jsonl,complete,1
Sample Efficient Reinforcement Learning by Automatically Learning to Compose Subtasks,arxiv:2401.14226,"Improving sample efficiency is central to Reinforcement Learning (RL), especially in environments where the rewards are sparse. Some recent approaches have proposed to specify reward functions as manually designed or learned reward structures whose integrations in the RL algorithms are claimed to significantly improve the learning efficiency. Manually designed reward structures can suffer from inaccuracy and existing automatically learning methods are often computationally intractable for complex tasks. The integration of inaccurate or partial reward structures in RL algorithms fail to learn optimal policies. In this work, we propose an RL algorithm that can automatically structure the reward function for sample efficiency, given a set of labels that signify subtasks. Given such minimal knowledge about the task, we train a high-level policy that selects optimal sub-tasks in each state together with a low-level policy that efficiently learns to complete each sub-task. We evaluate our algorithm in a variety of sparse-reward environments. The experiment results show that our approach significantly outperforms the state-of-art baselines as the difficulty of the task increases.",high,A2,expansion_round_1,"Finds event, phase, or subtask boundaries by modeling temporal changes in observations, dynamics, language, or latent sequence variables.",The mechanism connects temporal structure to data selection or learning efficiency in the Program A loop.,true,,2024,arxiv:2401.14226,,,,,,,,,0.030776515151515152,A2,,,,,,triaged,expansion_round_1,A2/expansion-pool.json | A2/expansion-pool.jsonl,A2/expansion-triage.jsonl,complete,1
TopoNav: Topological Navigation for Efficient Exploration in Sparse Reward Environments,arxiv:2402.04061,"Autonomous robots exploring unknown environments face a significant challenge: navigating effectively without prior maps and with limited external feedback. This challenge intensifies in sparse reward environments, where traditional exploration techniques often fail. In this paper, we present TopoNav, a novel topological navigation framework that integrates active mapping, hierarchical reinforcement learning, and intrinsic motivation to enable efficient goal-oriented exploration and navigation in sparse-reward settings. TopoNav dynamically constructs a topological map of the environment, capturing key locations and pathways. A two-level hierarchical policy architecture, comprising a high-level graph traversal policy and low-level motion control policies, enables effective navigation and obstacle avoidance while maintaining focus on the overall goal. Additionally, TopoNav incorporates intrinsic motivation to guide exploration toward relevant regions and frontier nodes in the topological map, addressing the challenges of sparse extrinsic rewards. We evaluate TopoNav both in the simulated and real-world off-road environments using a Clearpath Jackal robot, across three challenging navigation scenarios: goal-reaching, feature-based navigation, and navigation in complex terrains. We observe an increase in exploration coverage by 7- 20%, in success rates by 9-19%, and reductions in navigation times by 15-36% across various scenarios, compared to state-of-the-art methods",high,A2,expansion_round_1,Discovers reusable temporal structure in sequential experience for downstream decision making or policy learning.,"The mechanism can turn long robot experience into reusable training units, skill memories, or better-conditioned policy targets.",true,,2024,arxiv:2402.04061,,,,,,,,,0.019982433025911288,A2,,,,,,triaged,expansion_round_1,A2/expansion-pool.json | A2/expansion-pool.jsonl,A2/expansion-triage.jsonl,complete,1
Stitching Sub-Trajectories with Conditional Diffusion Model for Goal-Conditioned Offline RL,arxiv:2402.07226,"Offline Goal-Conditioned Reinforcement Learning (Offline GCRL) is an important problem in RL that focuses on acquiring diverse goal-oriented skills solely from pre-collected behavior datasets. In this setting, the reward feedback is typically absent except when the goal is achieved, which makes it difficult to learn policies especially from a finite dataset of suboptimal behaviors. In addition, realistic scenarios involve long-horizon planning, which necessitates the extraction of useful skills within sub-trajectories. Recently, the conditional diffusion model has been shown to be a promising approach to generate high-quality long-horizon plans for RL. However, their practicality for the goal-conditioned setting is still limited due to a number of technical assumptions made by the methods. In this paper, we propose SSD (Sub-trajectory Stitching with Diffusion), a model-based offline GCRL method that leverages the conditional diffusion model to address these limitations. In summary, we use the diffusion model that generates future plans conditioned on the target goal and value, with the target value estimated from the goal-relabeled offline dataset. We report state-of-the-art performance in the standard benchmark set of GCRL tasks, and demonstrate the capability to successfully stitch the segments of suboptimal trajectories in the offline data to generate high-quality plans.",high,A2,primary_assignment,Detects or learns semantically meaningful trajectory segments and uses them as variable-horizon action chunks or keypose-to-keypose control targets.,"Boundary and horizon choices determine the training unit, feedback latency, credit assignment, and compounding-error exposure in long-horizon robot learning.",true,"Sungyoon Kim, Yunseon Choi, Daiki E. Matsunaga, Kee-Eung Kim",2024,arxiv:2402.07226,arxiv:2402.07226,1128999622035738234,cs.AI,offline reinforcement learning trajectory stitching subtrajectory relabeling,search-papers,false,75,27.163,0.9362850057480346,A2,metadata-inspected,pending,,,pending,triaged,primary_assignment,A2/assigned-papers.json | A2/assigned-registry-inspected.json | A2/assigned-registry-inspected.jsonl | A2/canonical-pool.json | A2/canonical-pool.jsonl | A2/raw/q28-offline-rl.json,A2/assigned-abstracts.jsonl | A2/triage.jsonl,complete,2
PRISE: LLM-Style Sequence Compression for Learning Temporal Action Abstractions in Control,arxiv:2402.10450,"Temporal action abstractions, along with belief state representations, are a powerful knowledge sharing mechanism for sequential decision making. In this work, we propose a novel view that treats inducing temporal action abstractions as a sequence compression problem. To do so, we bring a subtle but critical component of LLM training pipelines -- input tokenization via byte pair encoding (BPE) -- to the seemingly distant task of learning skills of variable time span in continuous control domains. We introduce an approach called Primitive Sequence Encoding (PRISE) that combines continuous action quantization with BPE to learn powerful action abstractions. We empirically show that high-level skills discovered by PRISE from a multitask set of robotic manipulation demonstrations significantly boost the performance of both multitask imitation learning as well as few-shot imitation learning on unseen tasks. Our code is released at https://github.com/FrankZheng2022/PRISE.",high,A2,primary_assignment,"Discovers, represents, or composes reusable skills, motion primitives, subgoals, or macro-actions from sequential experience.","A reusable segment or skill representation can support retrieval, recombination, coverage, and transfer across tasks or embodiments.",true,"Ruijie Zheng, Ching-An Cheng, Hal Daumé, III, Furong Huang, Andrey Kolobov",2024,arxiv:2402.10450,arxiv:2402.10450,3755119116784042081,cs.LG,temporally abstract actions robot learning action chunks | subgoal discovery temporal abstraction demonstrations inverse dynamics robotics,search-papers,false,48,31.427,0.9626731126558706,A2,metadata-inspected,pending,,,pending,triaged,primary_assignment,A2/assigned-papers.json | A2/assigned-registry-inspected.json | A2/assigned-registry-inspected.jsonl | A2/canonical-pool.json | A2/canonical-pool.jsonl | A2/expansion-pool.json | A2/expansion-pool.jsonl | A2/raw/q04-direct.json | A2/raw/q16-subgoal.json,A2/assigned-abstracts.jsonl | A2/triage.jsonl,complete,2
Language-guided Skill Learning with Temporal Variational Inference,arxiv:2402.16354,"We present an algorithm for skill discovery from expert demonstrations. The algorithm first utilizes Large Language Models (LLMs) to propose an initial segmentation of the trajectories. Following that, a hierarchical variational inference framework incorporates the LLM-generated segmentation information to discover reusable skills by merging trajectory segments. To further control the trade-off between compression and reusability, we introduce a novel auxiliary objective based on the Minimum Description Length principle that helps guide this skill discovery process. Our results demonstrate that agents equipped with our method are able to discover skills that help accelerate learning and outperform baseline skill learning approaches on new long-horizon tasks in BabyAI, a grid world navigation environment, as well as ALFRED, a household simulation environment.",high,A2,expansion_round_1,"Finds event, phase, or subtask boundaries by modeling temporal changes in observations, dynamics, language, or latent sequence variables.","The mechanism can turn long robot experience into reusable training units, skill memories, or better-conditioned policy targets.",true,,2024,arxiv:2402.16354,arxiv:2402.16354,601835423555406706,,2025 2026 embodied learning trajectory compression skill segmentation,search-papers,false,,,0.8684702192881005,A2,,,,,,triaged,expansion_round_1,A2/canonical-pool.json | A2/canonical-pool.jsonl | A2/expansion-pool.json | A2/expansion-pool.jsonl | A2/raw/q44-2025-2026-compression.json,A2/expansion-triage.jsonl,complete,1
Reinforcement Learning with Options and State Representation,arxiv:2403.10855,"The current thesis aims to explore the reinforcement learning field and build on existing methods to produce improved ones to tackle the problem of learning in high-dimensional and complex environments. It addresses such goals by decomposing learning tasks in a hierarchical fashion known as Hierarchical Reinforcement Learning. We start in the first chapter by getting familiar with the Markov Decision Process framework and presenting some of its recent techniques that the following chapters use. We then proceed to build our Hierarchical Policy learning as an answer to the limitations of a single primitive policy. The hierarchy is composed of a manager agent at the top and employee agents at the lower level. In the last chapter, which is the core of this thesis, we attempt to learn lower-level elements of the hierarchy independently of the manager level in what is known as the ""Eigenoption"". Based on the graph structure of the environment, Eigenoptions allow us to build agents that are aware of the geometric and dynamic properties of the environment. Their decision-making has a special property: it is invariant to symmetric transformations of the environment, allowing as a consequence to greatly reduce the complexity of the learning task.",high,A2,expansion_round_1,"Encodes or selects compact trajectory segments or latent plans so sequential experience can be retrieved, recombined, or reused.","The mechanism can turn long robot experience into reusable training units, skill memories, or better-conditioned policy targets.",true,,2024,arxiv:2403.10855,,,,,,,,,0.027364110201042444,A2,,,,,,triaged,expansion_round_1,A2/expansion-pool.json | A2/expansion-pool.jsonl,A2/expansion-triage.jsonl,complete,1
M-HOF-Opt: Multi-Objective Hierarchical Output Feedback Optimization via Multiplier Induced Loss Landscape Scheduling,arxiv:2403.13728,"A probabilistic graphical model is proposed, modeling the joint model parameter and multiplier evolution, with a hypervolume based likelihood, promoting multi-objective descent in structural risk minimization. We address multi-objective model parameter optimization via a surrogate single objective penalty loss with time-varying multipliers, equivalent to online scheduling of loss landscape. The multi-objective descent goal is dispatched hierarchically into a series of constraint optimization sub-problems with shrinking bounds according to Pareto dominance. The bound serves as setpoint for the low-level multiplier controller to schedule loss landscapes via output feedback of each loss term. Our method forms closed loop of model parameter dynamic, circumvents excessive memory requirements and extra computational burden of existing multi-objective deep learning methods, and is robust against controller hyperparameter variation, demonstrated on domain generalization tasks with multi-dimensional regularization losses.",high,A2,expansion_round_1,"Encodes or selects compact trajectory segments or latent plans so sequential experience can be retrieved, recombined, or reused.","The mechanism can turn long robot experience into reusable training units, skill memories, or better-conditioned policy targets.",true,,2024,arxiv:2403.13728,,,,,,,,,0.019493006993006993,A2,,,,,,triaged,expansion_round_1,A2/expansion-pool.json | A2/expansion-pool.jsonl,A2/expansion-triage.jsonl,complete,1
DITTO: Demonstration Imitation by Trajectory Transformation,arxiv:2403.15203,"Teaching robots new skills quickly and conveniently is crucial for the broader adoption of robotic systems. In this work, we address the problem of one-shot imitation from a single human demonstration, given by an RGB-D video recording. We propose a two-stage process. In the first stage we extract the demonstration trajectory offline. This entails segmenting manipulated objects and determining their relative motion in relation to secondary objects such as containers. In the online trajectory generation stage, we first re-detect all objects, then warp the demonstration trajectory to the current scene and execute it on the robot. To complete these steps, our method leverages several ancillary models, including those for segmentation, relative object pose estimation, and grasp prediction. We systematically evaluate different combinations of correspondence and re-detection methods to validate our design decision across a diverse range of tasks. Specifically, we collect and quantitatively test on demonstrations of ten different tasks including pick-and-place tasks as well as articulated object manipulation. Finally, we perform extensive evaluations on a real robot system to demonstrate the effectiveness and utility of our approach in real-world scenarios. We make the code publicly available at http://ditto.cs.uni-freiburg.de.",high,A2,primary_assignment,"Localizes event, phase, or subtask boundaries by modeling changes in multimodal observations, dynamics, language, or latent sequence structure.","Boundary and horizon choices determine the training unit, feedback latency, credit assignment, and compounding-error exposure in long-horizon robot learning.",true,"Nick Heppert, Max Argus, Tim Welschehold, Thomas Brox, Abhinav Valada",2024,arxiv:2403.15203,arxiv:2403.15203,8441656484005782221,cs.RO | cs.CV,robot manipulation demonstration segmentation subtask boundaries temporally extended actions | trajectory segmentation imitation learning demonstrations event detection | skill segmentation motion primitives robot demonstrations change point detection | dynamic time warping temporal alignment segmentation robot manipulation trajectories | bad trajectory segments removal segmentation data quality robot imitation,search-papers,false,34,32.748,0.9347772541971058,A2,metadata-inspected,pending,C:\Users\moham\Documents\Codex\2026-08-29\organize-x20\work\reflex-research\program-a\A6\evidence\arxiv_2403.15203.json,unverified-abstract-only,pending,triaged,primary_assignment,A1/expansion-round2-registry.json | A1/paper-registry-complete.json | A1/paper-registry.json | A1/raw/q13-resampling.json | A2/assigned-papers.json | A2/assigned-registry-inspected.json | A2/assigned-registry-inspected.jsonl | A2/canonical-pool.json | A2/canonical-pool.jsonl | A2/raw/q02-direct.json | A2/raw/q03-direct.json | A2/raw/q05-synonyms.json | A2/raw/q13-dtw.json | A2/raw/q21-bad-segments.json | A5/canonical-pool.jsonl | A5/paper-registry.json | A6/raw-retrieval/q09-mech-segmentation.json | A6/registry-assignment.jsonl | A6/work/assigned-registry-inspected.jsonl | A6/work/assigned-registry-preinspect.jsonl | A6/work/canonical-pool.jsonl | A6/work/evidence-index.jsonl,A2/assigned-abstracts.jsonl | A2/triage.jsonl,complete,2
A Survey on Vision-Language-Action Models for Embodied AI,arxiv:2405.14093,"Embodied AI is widely recognized as a cornerstone of artificial general intelligence (AGI) because it involves controlling embodied agents to perform tasks in the physical world. Building on the success of large language models (LLMs) and vision-language models (VLMs), a new category of multimodal models -- referred to as vision-language-action (VLA) models -- has emerged to address language-conditioned robotic tasks in embodied AI by leveraging their distinct ability to generate actions. The recent proliferation of VLAs necessitates a comprehensive survey to capture the rapidly evolving landscape. To this end, we present the first survey on VLAs for embodied AI. This work provides a detailed taxonomy of VLAs, organized into three major lines of research. The first line focuses on individual components of VLAs. The second line is dedicated to developing VLA-based control policies adept at predicting low-level actions. The third line comprises high-level task planners capable of decomposing long-horizon tasks into a sequence of subtasks, thereby guiding VLAs to follow more general user instructions. Furthermore, we provide an extensive summary of relevant resources, including datasets, simulators, and benchmarks. Finally, we discuss the challenges facing VLAs and outline promising future directions in embodied AI. A curated repository associated with this survey is available at: https://github.com/yueen-ma/Awesome-VLA.",high,A2,expansion_round_1,"Finds event, phase, or subtask boundaries by modeling temporal changes in observations, dynamics, language, or latent sequence variables.","The mechanism can turn long robot experience into reusable training units, skill memories, or better-conditioned policy targets.",true,,2024,arxiv:2405.14093,arxiv:2405.14093,5696450268229998125,,,related-papers-round2,,,,0.020848140251125323,A1,,,,,,triaged,expansion_round_1,A1/expansion-round2-registry.json | A1/paper-registry-complete.json | A2/expansion-pool.json | A2/expansion-pool.jsonl | A4/expansion/round3/registry.jsonl | A4/expansion/round4/registry.jsonl | A5/expansion/raw/round2-citers.json | A5/expansion/raw/round3-citers.json | A7/work/expansion-registry.json | A7/work/expansion-registry.jsonl,A2/expansion-triage.jsonl,complete,1
EdgeTimer: Adaptive Multi-Timescale Scheduling in Mobile Edge Computing with Deep Reinforcement Learning,arxiv:2406.07342,"In mobile edge computing (MEC), resource scheduling is crucial to task requests' performance and service providers' cost, involving multi-layer heterogeneous scheduling decisions. Existing schedulers typically adopt static timescales to regularly update scheduling decisions of each layer, without adaptive adjustment of timescales for different layers, resulting in potentially poor performance in practice. We notice that the adaptive timescales would significantly improve the trade-off between the operation cost and delay performance. Based on this insight, we propose EdgeTimer, the first work to automatically generate adaptive timescales to update multi-layer scheduling decisions using deep reinforcement learning (DRL). First, EdgeTimer uses a three-layer hierarchical DRL framework to decouple the multi-layer decision-making task into a hierarchy of independent sub-tasks for improving learning efficiency. Second, to cope with each sub-task, EdgeTimer adopts a safe multi-agent DRL algorithm for decentralized scheduling while ensuring system reliability. We apply EdgeTimer to a wide range of Kubernetes scheduling rules, and evaluate it using production traces with different workload patterns. Extensive trace-driven experiments demonstrate that EdgeTimer can learn adaptive timescales, irrespective of workload patterns and built-in scheduling rules. It obtains up to 9.1x more profit than existing approaches without sacrificing the delay performance.",high,A2,expansion_round_1,Discovers reusable temporal structure in sequential experience for downstream decision making or policy learning.,"The mechanism can turn long robot experience into reusable training units, skill memories, or better-conditioned policy targets.",true,,2024,arxiv:2406.07342,,,,,,,,,0.025396825396825397,A2,,,,,,triaged,expansion_round_1,A2/expansion-pool.json | A2/expansion-pool.jsonl,A2/expansion-triage.jsonl,complete,1
Bidirectional-Reachable Hierarchical Reinforcement Learning with Mutually Responsive Policies,arxiv:2406.18053,"Hierarchical reinforcement learning (HRL) addresses complex long-horizon tasks by skillfully decomposing them into subgoals. Therefore, the effectiveness of HRL is greatly influenced by subgoal reachability. Typical HRL methods only consider subgoal reachability from the unilateral level, where a dominant level enforces compliance to the subordinate level. However, we observe that when the dominant level becomes trapped in local exploration or generates unattainable subgoals, the subordinate level is negatively affected and cannot follow the dominant level's actions. This can potentially make both levels stuck in local optima, ultimately hindering subsequent subgoal reachability. Allowing real-time bilateral information sharing and error correction would be a natural cure for this issue, which motivates us to propose a mutual response mechanism. Based on this, we propose the Bidirectional-reachable Hierarchical Policy Optimization (BrHPO)--a simple yet effective algorithm that also enjoys computation efficiency. Experiment results on a variety of long-horizon tasks showcase that BrHPO outperforms other state-of-the-art HRL baselines, coupled with a significantly higher exploration efficiency and robustness.",high,A2,expansion_round_1,Discovers reusable temporal structure in sequential experience for downstream decision making or policy learning.,The mechanism connects temporal structure to data selection or learning efficiency in the Program A loop.,true,,2024,arxiv:2406.18053,,,,,,,,,0.02483719521429653,A2,,,,,,triaged,expansion_round_1,A2/expansion-pool.json | A2/expansion-pool.jsonl,A2/expansion-triage.jsonl,complete,1
From Imitation to Refinement -- Residual RL for Precise Assembly,arxiv:2407.16677,"Recent advances in Behavior Cloning (BC) have made it easy to teach robots new tasks. However, we find that the ease of teaching comes at the cost of unreliable performance that saturates with increasing data for tasks requiring precision. The performance saturation can be attributed to two critical factors: (a) distribution shift resulting from the use of offline data and (b) the lack of closed-loop corrective control caused by action chucking (predicting a set of future actions executed open-loop) critical for BC performance. Our key insight is that by predicting action chunks, BC policies function more like trajectory ""planners"" than closed-loop controllers necessary for reliable execution. To address these challenges, we devise a simple yet effective method, ResiP (Residual for Precise Manipulation), that overcomes the reliability problem while retaining BC's ease of teaching and long-horizon capabilities. ResiP augments a frozen, chunked BC model with a fully closed-loop residual policy trained with reinforcement learning (RL) that addresses distribution shifts and introduces closed-loop corrections over open-loop execution of action chunks predicted by the BC trajectory planner. Videos, code, and data: https://residual-assembly.github.io.",high,A2,primary_assignment,Predicts or executes temporally extended action sequences or keypose-conditioned chunks to trade feedback frequency against longer-horizon control.,"Boundary and horizon choices determine the training unit, feedback latency, credit assignment, and compounding-error exposure in long-horizon robot learning.",true,"Lars Ankile, Anthony Simeonov, Idan Shenfeld, Marcel Torne, Pulkit Agrawal",2024,arxiv:2407.16677,arxiv:2407.16677,6045298041749933761,cs.RO | cs.LG,action chunking compounding error temporal horizon imitation learning | behavioral cloning action chunking robot imitation learning foundational,search-papers,true,17,33.192,0.9791636554813196,A2,metadata-inspected,pending,,unverified-abstract-only,pending,triaged,primary_assignment,A2/assigned-papers.json | A2/assigned-registry-inspected.json | A2/assigned-registry-inspected.jsonl | A2/canonical-pool.json | A2/canonical-pool.jsonl | A2/raw/q18-compounding.json | A2/raw/q36-bc-chunking.json | A5/canonical-pool.jsonl | A5/paper-registry.json | A6/raw-retrieval/q18-failure-conditioned-bc.json | A6/work/canonical-pool.jsonl,A2/assigned-abstracts.jsonl | A2/triage.jsonl,complete,2
Towards Effective Utilization of Mixed-Quality Demonstrations in Robotic Manipulation via Segment-Level Selection and Optimization,arxiv:2409.19917,"Data is crucial for robotic manipulation, as it underpins the development of robotic systems for complex tasks. While high-quality, diverse datasets enhance the performance and adaptability of robotic manipulation policies, collecting extensive expert-level data is resource-intensive. Consequently, many current datasets suffer from quality inconsistencies due to operator variability, highlighting the need for methods to utilize mixed-quality data effectively. To mitigate these issues, we propose ""Select Segments to Imitate"" (S2I), a framework that selects and optimizes mixed-quality demonstration data at the segment level, while ensuring plug-and-play compatibility with existing robotic manipulation policies. The framework has three components: demonstration segmentation dividing origin data into meaningful segments, segment selection using contrastive learning to find high-quality segments, and trajectory optimization to refine suboptimal segments for better policy learning. We evaluate S2I through comprehensive experiments in simulation and real-world environments across six tasks, demonstrating that with only 3 expert demonstrations for reference, S2I can improve the performance of various downstream policies when trained with mixed-quality demonstrations. Project website: https://tonyfang.net/s2i/.",high,A2,primary_assignment,"Localizes event, phase, or subtask boundaries by modeling changes in multimodal observations, dynamics, language, or latent sequence structure.","Boundary and horizon choices determine the training unit, feedback latency, credit assignment, and compounding-error exposure in long-horizon robot learning.",true,"Jingjing Chen, Hongjie Fang, Hao-Shu Fang, Cewu Lu",2024,arxiv:2409.19917,arxiv:2409.19917,7490515010643091687,cs.RO,trajectory compression distillation subsequence selection robot learning demonstrations | bad trajectory segments removal segmentation data quality robot imitation | learning to segment demonstrations programming by demonstration | 2024 2025 robot data subsequence selection useful trajectories,search-papers,false,80,24.37,0.9370266439430035,A2,metadata-inspected,pending,C:\Users\moham\Documents\Codex\2026-08-29\organize-x20\work\reflex-research\program-a\A6\evidence\arxiv_2409.19917.json,unverified-abstract-only,pending,triaged,primary_assignment,A2/assigned-papers.json | A2/assigned-registry-inspected.json | A2/assigned-registry-inspected.jsonl | A2/canonical-pool.json | A2/canonical-pool.jsonl | A2/raw/q12-compression.json | A2/raw/q21-bad-segments.json | A2/raw/q29-programming-by-demo.json | A2/raw/q42-2024-2025-subsequence.json | A3/expansion-evidence-index.json | A3/expansion-registry.json | A3/paper-registry.json | A4/canonical-registry.jsonl | A4/raw/q33-recent-robot.json | A5/canonical-pool.jsonl | A5/paper-registry.json | A6/raw-retrieval/q05-syn-suboptimal-demo.json | A6/raw-retrieval/q11-mech-quality-weighted.json | A6/raw-retrieval/q31-recent-mixed-quality.json | A6/registry-assignment.jsonl | A6/work/assigned-registry-inspected.jsonl | A6/work/assigned-registry-preinspect.jsonl | A6/work/canonical-pool.jsonl | A6/work/evidence-index.jsonl | A8/raw/q05-synonyms.json | A8/work/assigned-papers.json | A8/work/canonical-pool.jsonl | A8/work/expansion-pool.jsonl,A2/assigned-abstracts.jsonl | A2/triage.jsonl,complete,2
Unsupervised Skill Discovery for Robotic Manipulation through Automatic Task Generation,arxiv:2410.04855,"Learning skills that interact with objects is of major importance for robotic manipulation. These skills can indeed serve as an efficient prior for solving various manipulation tasks. We propose a novel Skill Learning approach that discovers composable behaviors by solving a large and diverse number of autonomously generated tasks. Our method learns skills allowing the robot to consistently and robustly interact with objects in its environment. The discovered behaviors are embedded in primitives which can be composed with Hierarchical Reinforcement Learning to solve unseen manipulation tasks. In particular, we leverage Asymmetric Self-Play to discover behaviors and Multiplicative Compositional Policies to embed them. We compare our method to Skill Learning baselines and find that our skills are more interactive. Furthermore, the learned skills can be used to solve a set of unseen manipulation tasks, in simulation as well as on a real robotic platform.",high,A2,expansion_round_1,Discovers reusable temporal structure in sequential experience for downstream decision making or policy learning.,"The mechanism can turn long robot experience into reusable training units, skill memories, or better-conditioned policy targets.",true,,2024,arxiv:2410.04855,,,,,,,,,0.019262846381490447,A2,,,,,,triaged,expansion_round_1,A2/expansion-pool.json | A2/expansion-pool.jsonl,A2/expansion-triage.jsonl,complete,1
Unveiling Options with Neural Decomposition,arxiv:2410.11262,"In reinforcement learning, agents often learn policies for specific tasks without the ability to generalize this knowledge to related tasks. This paper introduces an algorithm that attempts to address this limitation by decomposing neural networks encoding policies for Markov Decision Processes into reusable sub-policies, which are used to synthesize temporally extended actions, or options. We consider neural networks with piecewise linear activation functions, so that they can be mapped to an equivalent tree that is similar to oblique decision trees. Since each node in such a tree serves as a function of the input of the tree, each sub-tree is a sub-policy of the main policy. We turn each of these sub-policies into options by wrapping it with while-loops of varied number of iterations. Given the large number of options, we propose a selection mechanism based on minimizing the Levin loss for a uniform policy on these options. Empirical results in two grid-world domains where exploration can be difficult confirm that our method can identify useful options, thereby accelerating the learning process on similar but different tasks.",high,A2,expansion_round_1,Discovers reusable temporal structure in sequential experience for downstream decision making or policy learning.,"The mechanism can turn long robot experience into reusable training units, skill memories, or better-conditioned policy targets.",true,,2024,arxiv:2410.11262,,,,,,,,,0.023044424529509666,A2,,,,,,triaged,expansion_round_1,A2/expansion-pool.json | A2/expansion-pool.jsonl,A2/expansion-triage.jsonl,complete,1
Direct Preference Optimization for Primitive-Enabled Hierarchical RL: A Bilevel Approach,arxiv:2411.00361,"Hierarchical reinforcement learning (HRL) enables agents to solve complex, long-horizon tasks by decomposing them into manageable sub-tasks. However, HRL methods face two fundamental challenges: (i) non-stationarity caused by the evolving lower-level policy during training, which destabilizes higher-level learning, and (ii) the generation of infeasible subgoals that lower-level policies cannot achieve. To address these challenges, we introduce DIPPER, a novel HRL framework that formulates goal-conditioned HRL as a bi-level optimization problem and leverages direct preference optimization (DPO) to train the higher-level policy. By learning from stationary preference comparisons over subgoal sequences rather than rewards that depend on the evolving lower-level policy, DIPPER mitigates the impact of non-stationarity on hierarchical learning. To address infeasible subgoals, DIPPER incorporates lower-level value function regularization that encourages the higher-level policy to propose achievable subgoals. We also introduce two novel metrics to quantitatively verify that DIPPER mitigates non-stationarity and infeasible subgoal generation issues in HRL. We perform empirical evaluations on challenging robotic navigation and manipulation benchmarks and show that DIPPER achieves upto 40% improvements over state-of-the-art baselines, demonstrating that preference-based methods can effectively alleviate persistent challenges in hierarchical",high,A2,primary_assignment,Predicts or executes temporally extended action sequences or keypose-conditioned chunks to trade feedback frequency against longer-horizon control.,"Boundary and horizon choices determine the training unit, feedback latency, credit assignment, and compounding-error exposure in long-horizon robot learning.",true,"Utsav Singh, Souradip Chakraborty, Wesley A. Suttle, Brian M. Sadler, Derrik E. Asher, Anit Kumar Sahu, Mubarak Shah, Vinay P. Namboodiri, Amrit Singh Bedi",2024,arxiv:2411.00361,arxiv:2411.00361,3637747461730837151,cs.LG,hierarchical reinforcement learning options subgoals initiation termination,search-papers,true,37,32.368,0.8968310908424668,A2,metadata-inspected,pending,,,pending,triaged,primary_assignment,A2/assigned-papers.json | A2/assigned-registry-inspected.json | A2/assigned-registry-inspected.jsonl | A2/canonical-pool.json | A2/canonical-pool.jsonl | A2/raw/q32-hierarchical-rl.json,A2/assigned-abstracts.jsonl | A2/triage.jsonl,complete,2
Accelerating Task Generalisation with Multi-Level Skill Hierarchies,arxiv:2411.02998,"Creating reinforcement learning agents that generalise effectively to new tasks is a key challenge in AI research. This paper introduces Fracture Cluster Options (FraCOs), a multi-level hierarchical reinforcement learning method that achieves state-of-the-art performance on difficult generalisation tasks. FraCOs identifies patterns in agent behaviour and forms options based on the expected future usefulness of those patterns, enabling rapid adaptation to new tasks. In tabular settings, FraCOs demonstrates effective transfer and improves performance as it grows in hierarchical depth. We evaluate FraCOs against state-of-the-art deep reinforcement learning algorithms in several complex procedurally generated environments. Our results show that FraCOs achieves higher in-distribution and out-of-distribution performance than competitors.",high,A2,expansion_round_1,Discovers reusable temporal structure in sequential experience for downstream decision making or policy learning.,"The mechanism can turn long robot experience into reusable training units, skill memories, or better-conditioned policy targets.",true,,2024,arxiv:2411.02998,,,,,,,,,0.022363071035637408,A2,,,,,,triaged,expansion_round_1,A2/expansion-pool.json | A2/expansion-pool.jsonl,A2/expansion-triage.jsonl,complete,1
CARP: Visuomotor Policy Learning via Coarse-to-Fine Autoregressive Prediction,arxiv:2412.06782,"In robotic visuomotor policy learning, diffusion-based models have achieved significant success in improving the accuracy of action trajectory generation compared to traditional autoregressive models. However, they suffer from inefficiency due to multiple denoising steps and limited flexibility from complex constraints. In this paper, we introduce Coarse-to-Fine AutoRegressive Policy (CARP), a novel paradigm for visuomotor policy learning that redefines the autoregressive action generation process as a coarse-to-fine, next-scale approach. CARP decouples action generation into two stages: first, an action autoencoder learns multi-scale representations of the entire action sequence; then, a GPT-style transformer refines the sequence prediction through a coarse-to-fine autoregressive process. This straightforward and intuitive approach produces highly accurate and smooth actions, matching or even surpassing the performance of diffusion-based policies while maintaining efficiency on par with autoregressive policies. We conduct extensive evaluations across diverse settings, including single-task and multi-task scenarios on state-based and image-based simulation benchmarks, as well as real-world tasks. CARP achieves competitive success rates, with up to a 10% improvement, and delivers 10x faster inference compared to state-of-the-art policies, establishing a high-performance, efficient, and flexible paradigm for action generation in robotic tasks.",high,A2,expansion_round_1,"Encodes or selects compact trajectory segments or latent plans so sequential experience can be retrieved, recombined, or reused.","The mechanism can turn long robot experience into reusable training units, skill memories, or better-conditioned policy targets.",true,,2024,arxiv:2412.06782,,,,,,,,,0.020675620675620676,A2,,,,,,triaged,expansion_round_1,A2/expansion-pool.json | A2/expansion-pool.jsonl,A2/expansion-triage.jsonl,complete,1
Emma-X: An Embodied Multimodal Action Model with Grounded Chain of Thought and Look-ahead Spatial Reasoning,arxiv:2412.11974,"Traditional reinforcement learning-based robotic control methods are often task-specific and fail to generalize across diverse environments or unseen objects and instructions. Visual Language Models (VLMs) demonstrate strong scene understanding and planning capabilities but lack the ability to generate actionable policies tailored to specific robotic embodiments. To address this, Visual-Language-Action (VLA) models have emerged, yet they face challenges in long-horizon spatial reasoning and grounded task planning. In this work, we propose the Embodied Multimodal Action Model with Grounded Chain of Thought and Look-ahead Spatial Reasoning, Emma-X. Emma-X leverages our constructed hierarchical embodiment dataset based on BridgeV2, containing 60,000 robot manipulation trajectories auto-annotated with grounded task reasoning and spatial guidance. Additionally, we introduce a trajectory segmentation strategy based on gripper states and motion trajectories, which can help mitigate hallucination in grounding subtask reasoning generation. Experimental results demonstrate that Emma-X achieves superior performance over competitive baselines, particularly in real-world robotic tasks requiring spatial reasoning.",high,A2,primary_assignment,Detects or learns semantically meaningful trajectory segments and uses them as variable-horizon action chunks or keypose-to-keypose control targets.,"Boundary and horizon choices determine the training unit, feedback latency, credit assignment, and compounding-error exposure in long-horizon robot learning.",true,"Qi Sun, Pengfei Hong, Tej Deep Pala, Vernon Toh, U-Xuan Tan, Deepanway Ghosal, Soujanya Poria",2024,arxiv:2412.11974,arxiv:2412.11974,8293725161428362144,cs.RO | cs.AI | cs.CL | cs.CV,2025 2026 embodied learning trajectory compression skill segmentation,search-papers,false,2,38.079,0.7879311956428947,A2,metadata-inspected,pending,,,pending,triaged,primary_assignment,A2/assigned-papers.json | A2/assigned-registry-inspected.json | A2/assigned-registry-inspected.jsonl | A2/canonical-pool.json | A2/canonical-pool.jsonl | A2/raw/q44-2025-2026-compression.json,A2/assigned-abstracts.jsonl | A2/triage.jsonl,complete,2
Subconscious Robotic Imitation Learning,arxiv:2412.20368,"Although robotic imitation learning (RIL) is promising for embodied intelligent robots, existing RIL approaches rely on computationally intensive multi-model trajectory predictions, resulting in slow execution and limited real-time responsiveness. Instead, human beings subconscious can constantly process and store vast amounts of information from their experiences, perceptions, and learning, allowing them to fulfill complex actions such as riding a bike, without consciously thinking about each. Inspired by this phenomenon in action neurology, we introduced subconscious robotic imitation learning (SRIL), wherein cognitive offloading was combined with historical action chunkings to reduce delays caused by model inferences, thereby accelerating task execution. This process was further enhanced by subconscious downsampling and pattern augmented learning policy wherein intent-rich information was addressed with quantized sampling techniques to improve manipulation efficiency. Experimental results demonstrated that execution speeds of the SRIL were 100% to 200% faster over SOTA policies for comprehensive dual-arm tasks, with consistently higher success rates.",high,A2,primary_assignment,Predicts or executes temporally extended action sequences or keypose-conditioned chunks to trade feedback frequency against longer-horizon control.,"Boundary and horizon choices determine the training unit, feedback latency, credit assignment, and compounding-error exposure in long-horizon robot learning.",true,"Jun Xie, Zhicheng Wang, Jianwei Tan, Huanxu Lin, Xiaoguang Ma",2024,arxiv:2412.20368,arxiv:2412.20368,5799795792551558103,cs.RO,behavioral cloning action chunking robot imitation learning foundational | 2024 2025 robot data subsequence selection useful trajectories,search-papers,true,38,32.348,0.9347772541971058,A2,metadata-inspected,pending,,,pending,triaged,primary_assignment,A2/assigned-papers.json | A2/assigned-registry-inspected.json | A2/assigned-registry-inspected.jsonl | A2/canonical-pool.json | A2/canonical-pool.jsonl | A2/raw/q36-bc-chunking.json | A2/raw/q42-2024-2025-subsequence.json,A2/assigned-abstracts.jsonl | A2/triage.jsonl,complete,2
Proposing Hierarchical Goal-Conditioned Policy Planning in Multi-Goal Reinforcement Learning,arxiv:2501.01727,"Humanoid robots must master numerous tasks with sparse rewards, posing a challenge for reinforcement learning (RL). We propose a method combining RL and automated planning to address this. Our approach uses short goal-conditioned policies (GCPs) organized hierarchically, with Monte Carlo Tree Search (MCTS) planning using high-level actions (HLAs). Instead of primitive actions, the planning process generates HLAs. A single plan-tree, maintained during the agent's lifetime, holds knowledge about goal achievement. This hierarchy enhances sample efficiency and speeds up reasoning by reusing HLAs and anticipating future actions. Our Hierarchical Goal-Conditioned Policy Planning (HGCPP) framework uniquely integrates GCPs, MCTS, and hierarchical RL, potentially improving exploration and planning in complex tasks.",high,A2,expansion_round_1,Discovers reusable temporal structure in sequential experience for downstream decision making or policy learning.,"The mechanism can turn long robot experience into reusable training units, skill memories, or better-conditioned policy targets.",true,,2025,arxiv:2501.01727,,,,,,,,,0.021491228070175436,A2,,,,,,triaged,expansion_round_1,A2/expansion-pool.json | A2/expansion-pool.jsonl,A2/expansion-triage.jsonl,complete,1
CORD: Generalizable Cooperation via Role Diversity,arxiv:2501.02221,"Cooperative multi-agent reinforcement learning (MARL) aims to develop agents that can collaborate effectively. However, most cooperative MARL methods overfit training agents, making learned policies not generalize well to unseen collaborators, which is a critical issue for real-world deployment. Some methods attempt to address the generalization problem but require prior knowledge or predefined policies of new teammates, limiting real-world applications. To this end, we propose a hierarchical MARL approach to enable generalizable cooperation via role diversity, namely CORD. CORD's high-level controller assigns roles to low-level agents by maximizing the role entropy with constraints. We show this constrained objective can be decomposed into causal influence in role that enables reasonable role assignment, and role heterogeneity that yields coherent, non-redundant role clusters. Evaluated on a variety of cooperative multi-agent tasks, CORD achieves better performance than baselines, especially in generalization tests. Ablation studies further demonstrate the efficacy of the constrained objective in generalizable cooperation.",high,A2,expansion_round_1,Discovers reusable temporal structure in sequential experience for downstream decision making or policy learning.,"The mechanism can turn long robot experience into reusable training units, skill memories, or better-conditioned policy targets.",true,,2025,arxiv:2501.02221,,,,,,,,,0.030303030303030304,A2,,,,,,triaged,expansion_round_1,A2/expansion-pool.json | A2/expansion-pool.jsonl,A2/expansion-triage.jsonl,complete,1
From Simple to Complex Skills: The Case of In-Hand Object Reorientation,arxiv:2501.05439,"Learning policies in simulation and transferring them to the real world has become a promising approach in dexterous manipulation. However, bridging the sim-to-real gap for each new task requires substantial human effort, such as careful reward engineering, hyperparameter tuning, and system identification. In this work, we present a system that leverages low-level skills to address these challenges for more complex tasks. Specifically, we introduce a hierarchical policy for in-hand object reorientation based on previously acquired rotation skills. This hierarchical policy learns to select which low-level skill to execute based on feedback from both the environment and the low-level skill policies themselves. Compared to learning from scratch, the hierarchical policy is more robust to out-of-distribution changes and transfers easily from simulation to real-world environments. Additionally, we propose a generalizable object pose estimator that uses proprioceptive information, low-level skill predictions, and control errors as inputs to estimate the object pose over time. We demonstrate that our system can reorient objects, including symmetrical and textureless ones, to a desired pose.",high,A2,expansion_round_1,Discovers reusable temporal structure in sequential experience for downstream decision making or policy learning.,"The mechanism can turn long robot experience into reusable training units, skill memories, or better-conditioned policy targets.",true,,2025,arxiv:2501.05439,,,,,,,,,0.02061599602583209,A2,,,,,,triaged,expansion_round_1,A2/expansion-pool.json | A2/expansion-pool.jsonl,A2/expansion-triage.jsonl,complete,1
Hierarchical Reinforcement Learning for Optimal Agent Grouping in Cooperative Systems,arxiv:2501.06554,"This paper presents a hierarchical reinforcement learning (RL) approach to address the agent grouping or pairing problem in cooperative multi-agent systems. The goal is to simultaneously learn the optimal grouping and agent policy. By employing a hierarchical RL framework, we distinguish between high-level decisions of grouping and low-level agents' actions. Our approach utilizes the CTDE (Centralized Training with Decentralized Execution) paradigm, ensuring efficient learning and scalable execution. We incorporate permutation-invariant neural networks to handle the homogeneity and cooperation among agents, enabling effective coordination. The option-critic algorithm is adapted to manage the hierarchical decision-making process, allowing for dynamic and optimal policy adjustments.",high,A2,expansion_round_1,Discovers reusable temporal structure in sequential experience for downstream decision making or policy learning.,The mechanism connects temporal structure to data selection or learning efficiency in the Program A loop.,true,,2025,arxiv:2501.06554,,,,,,,,,0.02919863597612958,A2,,,,,,triaged,expansion_round_1,A2/expansion-pool.json | A2/expansion-pool.jsonl,A2/expansion-triage.jsonl,complete,1
NBDI: A Simple and Effective Termination Condition for Skill Extraction from Task-Agnostic Demonstrations,arxiv:2501.12668,"Intelligent agents are able to make decisions based on different levels of granularity and duration. Recent advances in skill learning enabled the agent to solve complex, long-horizon tasks by effectively guiding the agent in choosing appropriate skills. However, the practice of using fixed-length skills can easily result in skipping valuable decision points, which ultimately limits the potential for further exploration and faster policy learning. In this work, we propose to learn a simple and effective termination condition that identifies decision points through a state-action novelty module that leverages agent experience data. Our approach, Novelty-based Decision Point Identification (NBDI), outperforms previous baselines in complex, long-horizon tasks, and remains effective even in the presence of significant variations in the environment configurations of downstream tasks, highlighting the importance of decision point identification in skill learning.",high,A2,expansion_round_1,Discovers reusable temporal structure in sequential experience for downstream decision making or policy learning.,"The mechanism can turn long robot experience into reusable training units, skill memories, or better-conditioned policy targets.",true,,2025,arxiv:2501.12668,,,,,,,,,0.0221850613154961,A2,,,,,,triaged,expansion_round_1,A2/expansion-pool.json | A2/expansion-pool.jsonl | A8/work/expansion-round2-novel.jsonl,A2/expansion-triage.jsonl,complete,1
Collaborative Channel Access and Transmission for NR Sidelink and Wi-Fi Coexistence over Unlicensed Spectrum,arxiv:2501.17878,"With the rapid development of various internet of things (IoT) applications, including industrial IoT (IIoT) and visual IoT (VIoT), the demand for direct device-to-device communication to support high data rates continues to grow. To address this demand, 5G-Advanced has introduced sidelink communication over the unlicensed spectrum (SL-U) to increase data rates. However, the primary challenge of SL-U in the unlicensed spectrum is ensuring fair coexistence with other incumbent systems, such as Wi-Fi. In this paper, we address the challenge by designing channel access mechanisms and power control strategies to mitigate interference and ensure fair coexistence. First, we propose a novel collaborative channel access (CCHA) mechanism that integrates channel access with resource allocation through collaborative interactions between base stations (BS) and SL-U users. This mechanism ensures fair coexistence with incumbent systems while improving resource utilization. Second, to further enhance the performance of the coexistence system, we develop a cooperative subgoal-based hierarchical deep reinforcement learning (C-GHDRL) algorithm framework. The framework enables SL-U users to make globally optimal decisions by leveraging cooperative operations between the BS and SL-U users, effectively overcoming the limitations of traditional optimization methods in solving joint optimization problems with nonlinear constraints. Finally, we mathematically model the joint channel access and power control problem and balance the trade-off between fairness and transmission rate in the coexistence system by defining a suitable reward function in the C-GHDRL algorithm. Simulation results demonstrate that the proposed scheme significantly enhances the performance of the coexistence system while ensuring fair coexistence between SL-U and Wi-Fi users.",high,A2,expansion_round_1,Discovers reusable temporal structure in sequential experience for downstream decision making or policy learning.,"The mechanism can turn long robot experience into reusable training units, skill memories, or better-conditioned policy targets.",true,,2025,arxiv:2501.17878,,,,,,,,,0.021117094287825995,A2,,,,,,triaged,expansion_round_1,A2/expansion-pool.json | A2/expansion-pool.jsonl,A2/expansion-triage.jsonl,complete,1
Provable Ordering and Continuity in Vision-Language Pretraining for Generalizable Embodied Agents,arxiv:2502.01218,"Pre-training vision-language representations on human action videos has emerged as a promising approach to reduce reliance on large-scale expert demonstrations for training embodied agents. However, prior methods often employ time contrastive learning based on goal-reaching heuristics, progressively aligning language instructions from the initial to the final frame. This overemphasis on future frames can result in erroneous vision-language associations, as actions may terminate early or include irrelevant moments in the end. To address this issue, we propose Action Temporal Coherence Learning (AcTOL) to learn ordered and continuous vision-language representations without rigid goal-based constraint. AcTOL treats a video as a continuous trajectory where it (1) contrasts semantic differences between frames to reflect their natural ordering, and (2) imposes a local Brownian bridge constraint to ensure smooth transitions across intermediate frames. Extensive imitation learning experiments on both simulated and real robots show that the pretrained features significantly enhance downstream manipulation tasks with high robustness to different linguistic styles of instructions, offering a viable pathway toward generalized embodied agents.",high,A2,expansion_round_1,"Encodes or selects compact trajectory segments or latent plans so sequential experience can be retrieved, recombined, or reused.","The mechanism can turn long robot experience into reusable training units, skill memories, or better-conditioned policy targets.",true,,2025,arxiv:2502.01218,,,,,,,,,0.022557269752220666,A2,,,,,,triaged,expansion_round_1,A2/expansion-pool.json | A2/expansion-pool.jsonl,A2/expansion-triage.jsonl,complete,1
MuST: Multi-Head Skill Transformer for Long-Horizon Dexterous Manipulation with Skill Progress,arxiv:2502.02753,"Robot picking and packing tasks require dexterous manipulation skills, such as rearranging objects to establish a good grasping pose, or placing and pushing items to achieve tight packing. These tasks are challenging for robots due to the complexity and variability of the required actions. To tackle the difficulty of learning and executing long-horizon tasks, we propose a novel framework called the Multi-Head Skill Transformer (MuST). This model is designed to learn and sequentially chain together multiple motion primitives (skills), enabling robots to perform complex sequences of actions effectively. MuST introduces a ""progress value"" for each skill, guiding the robot on which skill to execute next and ensuring smooth transitions between skills. Additionally, our model is capable of expanding its skill set and managing various sequences of sub-tasks efficiently. Extensive experiments in both simulated and real-world environments demonstrate that MuST significantly enhances the robot's ability to perform long-horizon dexterous manipulation tasks.",high,A2,expansion_round_1,Discovers reusable temporal structure in sequential experience for downstream decision making or policy learning.,"The mechanism can turn long robot experience into reusable training units, skill memories, or better-conditioned policy targets.",true,,2025,arxiv:2502.02753,arxiv:2502.02753,4496670761676085687,,2025 2026 long horizon robot manipulation temporal abstraction action chunks,search-papers,false,,,0.9355352341624104,A2,,,,,,triaged,expansion_round_1,A2/canonical-pool.json | A2/canonical-pool.jsonl | A2/expansion-pool.json | A2/expansion-pool.jsonl | A2/raw/q43-2025-2026-long-horizon.json,A2/expansion-triage.jsonl,complete,1
Self-Improving Skill Learning for Robust Skill-based Meta-Reinforcement Learning,arxiv:2502.03752,"Meta-reinforcement learning (Meta-RL) facilitates rapid adaptation to unseen tasks but faces challenges in long-horizon environments. Skill-based approaches tackle this by decomposing state-action sequences into reusable skills and employing hierarchical decision-making. However, these methods are highly susceptible to noisy offline demonstrations, leading to unstable skill learning and degraded performance. To address this, we propose Self-Improving Skill Learning (SISL), which performs self-guided skill refinement using decoupled high-level and skill improvement policies, while applying skill prioritization via maximum return relabeling to focus updates on task-relevant trajectories, resulting in robust and stable adaptation even under noisy and suboptimal data. By mitigating the effect of noise, SISL achieves reliable skill learning and consistently outperforms other skill-based meta-RL methods on diverse long-horizon tasks. Our code is available at https://epsilog.github.io/SISL.",high,A2,expansion_round_1,Discovers reusable temporal structure in sequential experience for downstream decision making or policy learning.,"The mechanism can turn long robot experience into reusable training units, skill memories, or better-conditioned policy targets.",true,,2025,arxiv:2502.03752,arxiv:2502.03752,paper:4523262488328352977,,56,search-papers,general,,,0.030158730158730156,A2,,not-inspected,,unverified-abstract-only,not-inspected,triaged,expansion_round_1,A2/expansion-pool.json | A2/expansion-pool.jsonl | A5/canonical-pool.jsonl | A5/paper-registry.json | A6/raw-retrieval/q06-syn-noisy-demo.json | A6/work/canonical-pool.jsonl,A2/expansion-triage.jsonl,complete,1
OptionZero: Planning with Learned Options,arxiv:2502.16634,"Planning with options -- a sequence of primitive actions -- has been shown effective in reinforcement learning within complex environments. Previous studies have focused on planning with predefined options or learned options through expert demonstration data. Inspired by MuZero, which learns superhuman heuristics without any human knowledge, we propose a novel approach, named OptionZero. OptionZero incorporates an option network into MuZero, providing autonomous discovery of options through self-play games. Furthermore, we modify the dynamics network to provide environment transitions when using options, allowing searching deeper under the same simulation constraints. Empirical experiments conducted in 26 Atari games demonstrate that OptionZero outperforms MuZero, achieving a 131.58% improvement in mean human-normalized score. Our behavior analysis shows that OptionZero not only learns options but also acquires strategic skills tailored to different game characteristics. Our findings show promising directions for discovering and using options in planning. Our code is available at https://rlg.iis.sinica.edu.tw/papers/optionzero.",high,A2,expansion_round_1,Discovers reusable temporal structure in sequential experience for downstream decision making or policy learning.,"The mechanism can turn long robot experience into reusable training units, skill memories, or better-conditioned policy targets.",true,,2025,arxiv:2502.16634,,,,,,,,,0.021592442645074223,A2,,,,,,triaged,expansion_round_1,A2/expansion-pool.json | A2/expansion-pool.jsonl,A2/expansion-triage.jsonl,complete,1
SPIN: distilling Skill-RRT for long-horizon prehensile and non-prehensile manipulation,arxiv:2502.18015,"Current robots struggle with long-horizon manipulation tasks requiring sequences of prehensile and non-prehensile skills, contact-rich interactions, and long-term reasoning. We present SPIN (Skill Planning to INference), a framework that distills a computationally intensive planning algorithm into a policy via imitation learning. We propose Skill-RRT, an extension of RRT that incorporates skill applicability checks and intermediate object pose sampling for solving such long-horizon problems. To chain independently trained skills, we introduce connectors, goal-conditioned policies trained to minimize object disturbance during transitions. High-quality demonstrations are generated with Skill-RRT and distilled through noise-based replay in order to reduce online computation time. The resulting policy, trained entirely in simulation, transfers zero-shot to the real world and achieves over 80% success across three challenging long-horizon manipulation tasks and outperforms state-of-the-art hierarchical RL and planning methods.",high,A2,expansion_round_1,Discovers reusable temporal structure in sequential experience for downstream decision making or policy learning.,"The mechanism can turn long robot experience into reusable training units, skill memories, or better-conditioned policy targets.",true,,2025,arxiv:2502.18015,arxiv:2502.18015,369149636974663253,,,related-papers,,,,0.027071520029266508,A2,,,,,,triaged,expansion_round_1,A2/expansion-pool.json | A2/expansion-pool.jsonl | A6/expansion/canonical-pool.jsonl,A2/expansion-triage.jsonl,complete,1
Conversational Planning for Personal Plans,arxiv:2502.19500,"The language generation and reasoning capabilities of large language models (LLMs) have enabled conversational systems with impressive performance in a variety of tasks, from code generation, to composing essays, to passing STEM and legal exams, to a new paradigm for knowledge search. Besides those short-term use applications, LLMs are increasingly used to help with real-life goals or tasks that take a long time to complete, involving multiple sessions across days, weeks, months, or even years. Thus to enable conversational systems for long term interactions and tasks, we need language-based agents that can plan for long horizons. Traditionally, such capabilities were addressed by reinforcement learning agents with hierarchical planning capabilities. In this work, we explore a novel architecture where the LLM acts as the meta-controller deciding the agent's next macro-action, and tool use augmented LLM-based option policies execute the selected macro-action. We instantiate this framework for a specific set of macro-actions enabling adaptive planning for users' personal plans through conversation and follow-up questions collecting user feedback. We show how this paradigm can be applicable in scenarios ranging from tutoring for academic and non-academic tasks to conversational coaching for personal health plans.",high,A2,expansion_round_1,"Uses temporally extended actions, keyposes, or learned macro-actions to expose multi-step structure while retaining feedback or planning control.",The mechanism connects temporal structure to data selection or learning efficiency in the Program A loop.,true,,2025,arxiv:2502.19500,,,,,,,,,0.026709401709401708,A2,,,,,,triaged,expansion_round_1,A2/expansion-pool.json | A2/expansion-pool.jsonl,A2/expansion-triage.jsonl,complete,1
Shared Autonomy for Proximal Teaching,arxiv:2502.19899,"Motor skill learning often requires experienced professionals who can provide personalized instruction. Unfortunately, the availability of high-quality training can be limited for specialized tasks, such as high performance racing. Several recent works have leveraged AI-assistance to improve instruction of tasks ranging from rehabilitation to surgical robot tele-operation. However, these works often make simplifying assumptions on the student learning process, and fail to model how a teacher's assistance interacts with different individuals' abilities when determining optimal teaching strategies. Inspired by the idea of scaffolding from educational psychology, we leverage shared autonomy, a framework for combining user inputs with robot autonomy, to aid with curriculum design. Our key insight is that the way a student's behavior improves in the presence of assistance from an autonomous agent can highlight which sub-skills might be most ``learnable'' for the student, or within their Zone of Proximal Development. We use this to design Z-COACH, a method for using shared autonomy to provide personalized instruction targeting interpretable task sub-skills. In a user study (n=50), where we teach high performance racing in a simulated environment of the Thunderhill Raceway Park with the CARLA Autonomous Driving simulator, we show that Z-COACH helps identify which skills each student should first practice, leading to an overall improvement in driving time, behavior, and smoothness. Our work shows that increasingly available semi-autonomous capabilities (e.g. in vehicles, robots) can not only assist human users, but also help *teach* them.",high,A2,expansion_round_1,Discovers reusable temporal structure in sequential experience for downstream decision making or policy learning.,"The mechanism can turn long robot experience into reusable training units, skill memories, or better-conditioned policy targets.",true,,2025,arxiv:2502.19899,,,,,,,,,0.02034567901234568,A2,,,,,,triaged,expansion_round_1,A2/expansion-pool.json | A2/expansion-pool.jsonl,A2/expansion-triage.jsonl,complete,1
Subtask-Aware Visual Reward Learning from Segmented Demonstrations,arxiv:2502.20630,"Reinforcement Learning (RL) agents have demonstrated their potential across various robotic tasks. However, they still heavily rely on human-engineered reward functions, requiring extensive trial-and-error and access to target behavior information, often unavailable in real-world settings. This paper introduces REDS: REward learning from Demonstration with Segmentations, a novel reward learning framework that leverages action-free videos with minimal supervision. Specifically, REDS employs video demonstrations segmented into subtasks from diverse sources and treats these segments as ground-truth rewards. We train a dense reward function conditioned on video segments and their corresponding subtasks to ensure alignment with ground-truth reward signals by minimizing the Equivalent-Policy Invariant Comparison distance. Additionally, we employ contrastive learning objectives to align video representations with subtasks, ensuring precise subtask inference during online interactions. Our experiments show that REDS significantly outperforms baseline methods on complex robotic manipulation tasks in Meta-World and more challenging real-world tasks, such as furniture assembly in FurnitureBench, with minimal human intervention. Moreover, REDS facilitates generalization to unseen tasks and robot embodiments, highlighting its potential for scalable deployment in diverse environments.",high,A2,primary_assignment,"Localizes event, phase, or subtask boundaries by modeling changes in multimodal observations, dynamics, language, or latent sequence structure.","Boundary and horizon choices determine the training unit, feedback latency, credit assignment, and compounding-error exposure in long-horizon robot learning.",true,"Changyeon Kim, Minho Heo, Doohyun Lee, Jinwoo Shin, Honglak Lee, Joseph J. Lim, Kimin Lee",2025,arxiv:2502.20630,arxiv:2502.20630,2372249564863941971,cs.RO | cs.AI | cs.CV | cs.LG,robot manipulation demonstration segmentation subtask boundaries temporally extended actions | contrastive temporal distance skill boundary detection robotics,search-papers,false,28,32.86,0.9459612385260552,A2,metadata-inspected,pending,,,pending,triaged,primary_assignment,A2/assigned-papers.json | A2/assigned-registry-inspected.json | A2/assigned-registry-inspected.jsonl | A2/canonical-pool.json | A2/canonical-pool.jsonl | A2/raw/q02-direct.json | A2/raw/q14-contrastive.json,A2/assigned-abstracts.jsonl | A2/triage.jsonl,complete,2
FRMD: Fast Robot Motion Diffusion with Consistency-Distilled Movement Primitives for Smooth Action Generation,arxiv:2503.02048,"We consider the problem of using diffusion models to generate fast, smooth, and temporally consistent robot motions. Although diffusion models have demonstrated superior performance in robot learning due to their task scalability and multi-modal flexibility, they suffer from two fundamental limitations: (1) they often produce non-smooth, jerky motions due to their inability to capture temporally consistent movement dynamics, and (2) their iterative sampling process incurs prohibitive latency for many robotic tasks. Inspired by classic robot motion generation methods such as DMPs and ProMPs, which capture temporally and spatially consistent dynamic of trajectories using low-dimensional vectors -- and by recent advances in diffusion-based image generation that use consistency models with probability flow ODEs to accelerate the denoising process, we propose Fast Robot Motion Diffusion (FRMD). FRMD uniquely integrates Movement Primitives (MPs) with Consistency Models to enable efficient, single-step trajectory generation. By leveraging probabilistic flow ODEs and consistency distillation, our method models trajectory distributions while learning a compact, time-continuous motion representation within an encoder-decoder architecture. This unified approach eliminates the slow, multi-step denoising process of conventional diffusion models, enabling efficient one-step inference and smooth robot motion generation. We extensively evaluated our FRMD on the well-recognized Meta-World and ManiSkills Benchmarks, ranging from simple to more complex manipulation tasks, comparing its performance against state-of-the-art baselines. Our results show that FRMD generates significantly faster, smoother trajectories while achieving higher success rates.",high,A2,primary_assignment,"Discovers, represents, or composes reusable skills, motion primitives, subgoals, or macro-actions from sequential experience.","A reusable segment or skill representation can support retrieval, recombination, coverage, and transfer across tasks or embodiments.",true,"Xirui Shi, Jun Jin",2025,arxiv:2503.02048,arxiv:2503.02048,7501651985129205653,cs.RO | cs.AI,probabilistic movement primitives robot trajectory representation,search-papers,true,55,30.929,0.9129342275597286,A2,metadata-inspected,pending,,,pending,triaged,primary_assignment,A2/assigned-papers.json | A2/assigned-registry-inspected.json | A2/assigned-registry-inspected.jsonl | A2/canonical-pool.json | A2/canonical-pool.jsonl | A2/raw/q34-promp.json,A2/assigned-abstracts.jsonl | A2/triage.jsonl,complete,2
Reactive Diffusion Policy: Slow-Fast Visual-Tactile Policy Learning for Contact-Rich Manipulation,arxiv:2503.02881,"Humans can accomplish complex contact-rich tasks using vision and touch, with highly reactive capabilities such as fast response to external changes and adaptive control of contact forces; however, this remains challenging for robots. Existing visual imitation learning (IL) approaches rely on action chunking to model complex behaviors, which lacks the ability to respond instantly to real-time tactile feedback during the chunk execution. Furthermore, most teleoperation systems struggle to provide fine-grained tactile / force feedback, which limits the range of tasks that can be performed. To address these challenges, we introduce TactAR, a low-cost teleoperation system that provides real-time tactile feedback through Augmented Reality (AR), along with Reactive Diffusion Policy (RDP), a novel slow-fast visual-tactile imitation learning algorithm for learning contact-rich manipulation skills. RDP employs a two-level hierarchy: (1) a slow latent diffusion policy for predicting high-level action chunks in latent space at low frequency, (2) a fast asymmetric tokenizer for closed-loop tactile feedback control at high frequency. This design enables both complex trajectory modeling and quick reactive behavior within a unified framework. Through extensive evaluation across three challenging contact-rich tasks, RDP significantly improves performance compared to state-of-the-art visual IL baselines. Furthermore, experiments show that RDP is applicable across different tactile / force sensors. Code and videos are available on https://reactive-diffusion-policy.github.io.",high,A2,primary_assignment,Predicts or executes temporally extended action sequences or keypose-conditioned chunks to trade feedback frequency against longer-horizon control.,"Boundary and horizon choices determine the training unit, feedback latency, credit assignment, and compounding-error exposure in long-horizon robot learning.",true,"Han Xue, Jieji Ren, Wendi Chen, Gu Zhang, Yuan Fang, Guoying Gu, Huazhe Xu, Cewu Lu",2025,arxiv:2503.02881,arxiv:2503.02881,2558149849464805174,cs.RO | cs.AI | cs.LG,hierarchical policy action chunking chunk length prediction robot imitation learning | 2024 2025 diffusion policy action chunking trajectory representation,search-papers,false,23,33.041,0.9241418199787566,A2,metadata-inspected,pending,,,pending,triaged,primary_assignment,A1/expansion-inspection-manifest.json | A1/expansion-registry.json | A1/paper-registry-complete.json | A2/assigned-papers.json | A2/assigned-registry-inspected.json | A2/assigned-registry-inspected.jsonl | A2/canonical-pool.json | A2/canonical-pool.jsonl | A2/raw/q11-action-chunking.json | A2/raw/q41-2024-2025-diffusion.json,A2/assigned-abstracts.jsonl | A2/triage.jsonl,complete,2
A Data-Centric Revisit of Pre-Trained Vision Models for Robot Learning,arxiv:2503.06960,"Pre-trained vision models (PVMs) are fundamental to modern robotics, yet their optimal configuration remains unclear. Through systematic evaluation, we find that while DINO and iBOT outperform MAE across visuomotor control and perception tasks, they struggle when trained on non-(single-)object-centric (NOC) data--a limitation strongly correlated with their diminished ability to learn object-centric representations. This investigation indicates that the ability to form object-centric representations from the non-object-centric robotics dataset is the key to success for PVMs. Motivated by this discovery, we designed SlotMIM, a method that induces object-centric representations by introducing a semantic bottleneck to reduce the number of prototypes to encourage the emergence of objectness as well as cross-view consistency regularization for encouraging multiview invariance. Our experiments encompass pre-training on object-centric, scene-centric, web-crawled, and ego-centric data. Across all settings, our approach learns transferrable representations and achieves significant improvements over prior work in image recognition, scene understanding, and robot learning evaluations. When scaled up with million-scale datasets, our method also demonstrates superior data efficiency and scalability. Our code and models are publicly available at https://github.com/CVMI-Lab/SlotMIM.",high,A2,expansion_round_1,"Encodes or selects compact trajectory segments or latent plans so sequential experience can be retrieved, recombined, or reused.","The mechanism can turn long robot experience into reusable training units, skill memories, or better-conditioned policy targets.",true,,2025,arxiv:2503.06960,,,,,,,,,0.019757988277557197,A2,,,,,,triaged,expansion_round_1,A2/expansion-pool.json | A2/expansion-pool.jsonl,A2/expansion-triage.jsonl,complete,1
Open-World Skill Discovery from Unsegmented Demonstrations,arxiv:2503.10684,"Learning skills in open-world environments is essential for developing agents capable of handling a variety of tasks by combining basic skills. Online demonstration videos are typically long but unsegmented, making them difficult to segment and label with skill identifiers. Unlike existing methods that rely on sequence sampling or human labeling, we have developed a self-supervised learning-based approach to segment these long videos into a series of semantic-aware and skill-consistent segments. Drawing inspiration from human cognitive event segmentation theory, we introduce Skill Boundary Detection (SBD), an annotation-free temporal video segmentation algorithm. SBD detects skill boundaries in a video by leveraging prediction errors from a pretrained unconditional action-prediction model. This approach is based on the assumption that a significant increase in prediction error indicates a shift in the skill being executed. We evaluated our method in Minecraft, a rich open-world simulator with extensive gameplay videos available online. Our SBD-generated segments improved the average performance of conditioned policies by 63.7% and 52.1% on short-term atomic skill tasks, and their corresponding hierarchical agents by 11.3% and 20.8% on long-horizon tasks. Our method can leverage the diverse YouTube videos to train instruction-following agents. The project page can be found in https://craftjarvis.github.io/SkillDiscovery.",high,A2,primary_assignment,Detects or learns semantically meaningful trajectory segments and uses them as variable-horizon action chunks or keypose-to-keypose control targets.,"Boundary and horizon choices determine the training unit, feedback latency, credit assignment, and compounding-error exposure in long-horizon robot learning.",true,"Jingwen Deng, Zihao Wang, Shaofei Cai, Anji Liu, Yitao Liang",2025,arxiv:2503.10684,arxiv:2503.10684,8838325920596574646,cs.CV | cs.AI,contrastive temporal distance skill boundary detection robotics | event boundary errors skill segmentation downstream policy performance | video action segmentation temporal boundary detection subaction discovery,search-papers,false,73,27.492,0.9392035026199311,A2,metadata-inspected,pending,,,pending,triaged,primary_assignment,A2/assigned-papers.json | A2/assigned-registry-inspected.json | A2/assigned-registry-inspected.jsonl | A2/canonical-pool.json | A2/canonical-pool.jsonl | A2/expansion-pool.json | A2/expansion-pool.jsonl | A2/raw/q14-contrastive.json | A2/raw/q22-boundary-errors.json | A2/raw/q24-video-segmentation.json,A2/assigned-abstracts.jsonl | A2/triage.jsonl,complete,2
A representational framework for learning and encoding structurally enriched trajectories in complex agent environments,arxiv:2503.13194,"The ability of artificial intelligence agents to make optimal decisions and generalise them to different domains and tasks is compromised in complex scenarios. One way to address this issue has focused on learning efficient representations of the world and on how the actions of agents affect them in state-action transitions. Whereas such representations are procedurally efficient, they lack structural richness. To address this problem, we propose to enhance the agent's ontology and extend the traditional conceptualisation of trajectories to provide a more nuanced view of task execution. Structurally Enriched Trajectories (SETs) extend the encoding of sequences of states and their transitions by incorporating hierarchical relations between objects, interactions, and affordances. SETs are built as multi-level graphs, providing a detailed representation of the agent dynamics and a transferable functional abstraction of the task. SETs are integrated into an architecture, Structurally Enriched Trajectory Learning and Encoding (SETLE), that employs a heterogeneous graph-based memory structure of multi-level relational dependencies essential for generalisation. We demonstrate that SETLE can support downstream tasks, enabling agents to recognise task relevant structural patterns across CREATE and MiniGrid environments. Finally, we integrate SETLE with reinforcement learning and show measurable improvements in downstream performance, including breakthrough success rates in complex, sparse-reward tasks.",high,A2,expansion_round_1,"Encodes or selects compact trajectory segments or latent plans so sequential experience can be retrieved, recombined, or reused.","The mechanism can turn long robot experience into reusable training units, skill memories, or better-conditioned policy targets.",true,,2025,arxiv:2503.13194,,,,,,,,,0.025816993464052286,A2,,,,,,triaged,expansion_round_1,A2/expansion-pool.json | A2/expansion-pool.jsonl,A2/expansion-triage.jsonl,complete,1
Learning with Expert Abstractions for Efficient Multi-Task Continuous Control,arxiv:2503.14809,"Decision-making in complex, continuous multi-task environments is often hindered by the difficulty of obtaining accurate models for planning and the inefficiency of learning purely from trial and error. While precise environment dynamics may be hard to specify, human experts can often provide high-fidelity abstractions that capture the essential high-level structure of a task and user preferences in the target environment. Existing hierarchical approaches often target discrete settings and do not generalize across tasks. We propose a hierarchical reinforcement learning approach that addresses these limitations by dynamically planning over the expert-specified abstraction to generate subgoals to learn a goal-conditioned policy. To overcome the challenges of learning under sparse rewards, we shape the reward based on the optimal state value in the abstract model. This structured decision-making process enhances sample efficiency and facilitates zero-shot generalization. Our empirical evaluation on a suite of procedurally generated continuous control environments demonstrates that our approach outperforms existing hierarchical reinforcement learning methods in terms of sample efficiency, task completion rate, scalability to complex tasks, and generalization to novel scenarios.",high,A2,expansion_round_1,Discovers reusable temporal structure in sequential experience for downstream decision making or policy learning.,"The mechanism can turn long robot experience into reusable training units, skill memories, or better-conditioned policy targets.",true,,2025,arxiv:2503.14809,,,,,,,,,0.02439384979302188,A2,,,,,,triaged,expansion_round_1,A2/expansion-pool.json | A2/expansion-pool.jsonl,A2/expansion-triage.jsonl,complete,1
Behaviour Discovery and Attribution for Explainable Reinforcement Learning,arxiv:2503.14973,"Building trust in reinforcement learning (RL) agents requires understanding why they make certain decisions, especially in high-stakes applications like robotics, healthcare, and finance. Existing explainability methods often focus on single states or entire trajectories, either providing only local, step-wise insights or attributing decisions to coarse, episodelevel summaries. Both approaches miss the recurring strategies and temporally extended patterns that actually drive agent behavior across multiple decisions. We address this gap by proposing a fully offline, reward-free framework for behavior discovery and segmentation, enabling the attribution of actions to meaningful and interpretable behavior segments that capture recurring patterns appearing across multiple trajectories. Our method identifies coherent behavior clusters from state-action sequences and attributes individual actions to these clusters for fine-grained, behavior-centric explanations. Evaluations on four diverse offline RL environments show that our approach discovers meaningful behaviors and outperforms trajectory-level baselines in fidelity, human preference, and cluster coherence. Our code is publicly available.",high,A2,expansion_round_1,"Finds event, phase, or subtask boundaries by modeling temporal changes in observations, dynamics, language, or latent sequence variables.","The mechanism can turn long robot experience into reusable training units, skill memories, or better-conditioned policy targets.",true,,2025,arxiv:2503.14973,arxiv:2503.14973,9118022028318900073,,episode parsing behavior segmentation offline reinforcement learning | trajectory truncation subsequence selection successful segments offline reinforcement learning,search-papers,false,,,0.9384858183053656,A2,,,,,,triaged,expansion_round_1,A2/canonical-pool.json | A2/canonical-pool.jsonl | A2/expansion-pool.json | A2/expansion-pool.jsonl | A2/raw/q07-synonyms.json | A2/raw/q19-success-subsequences.json,A2/expansion-triage.jsonl,complete,1
EgoDTM: Towards 3D-Aware Egocentric Video-Language Pretraining,arxiv:2503.15470,"Egocentric video-language pretraining has significantly advanced video representation learning. Humans perceive and interact with a fully 3D world, developing spatial awareness that extends beyond text-based understanding. However, most previous works learn from 1D text or 2D visual cues, such as bounding boxes, which inherently lack 3D understanding. To bridge this gap, we introduce EgoDTM, an Egocentric Depth- and Text-aware Model, jointly trained through large-scale 3D-aware video pretraining and video-text contrastive learning. EgoDTM incorporates a lightweight 3D-aware decoder to efficiently learn 3D-awareness from pseudo depth maps generated by depth estimation models. To further facilitate 3D-aware video pretraining, we enrich the original brief captions with hand-object visual cues by organically combining several foundation models. Extensive experiments demonstrate EgoDTM's superior performance across diverse downstream tasks, highlighting its superior 3D-aware visual understanding. Code: https://github.com/xuboshen/EgoDTM.",high,A2,expansion_round_1,"Encodes or selects compact trajectory segments or latent plans so sequential experience can be retrieved, recombined, or reused.","The mechanism can turn long robot experience into reusable training units, skill memories, or better-conditioned policy targets.",true,,2025,arxiv:2503.15470,,,,,,,,,0.02016210739614995,A2,,,,,,triaged,expansion_round_1,A2/expansion-pool.json | A2/expansion-pool.jsonl,A2/expansion-triage.jsonl,complete,1
MultiScale Contextual Bandits for Long Term Objectives,arxiv:2503.17674,"The feedback that AI systems (e.g., recommender systems, chatbots) collect from user interactions is a crucial source of training data. While short-term feedback (e.g., clicks, engagement) is widely used for training, there is ample evidence that optimizing short-term feedback does not necessarily achieve the desired long-term objectives. Unfortunately, directly optimizing for long-term objectives is challenging, and we identify the disconnect in the timescales of short-term interventions (e.g., rankings) and the long-term feedback (e.g., user retention) as one of the key obstacles. To overcome this disconnect, we introduce the framework of MultiScale Policy Learning to contextually reconcile that AI systems need to act and optimize feedback at multiple interdependent timescales. Following a PAC-Bayes motivation, we show how the lower timescales with more plentiful data can provide a data-dependent hierarchical prior for faster learning at higher scales, where data is more scarce. As a result, the policies at all levels effectively optimize for the long-term. We instantiate the framework with MultiScale Off-Policy Bandit Learning (MSBL) and demonstrate its effectiveness on three tasks relating to recommender and conversational systems.",high,A2,expansion_round_1,Discovers reusable temporal structure in sequential experience for downstream decision making or policy learning.,"The mechanism can turn long robot experience into reusable training units, skill memories, or better-conditioned policy targets.",true,,2025,arxiv:2503.17674,,,,,,,,,0.023976023976023976,A2,,,,,,triaged,expansion_round_1,A2/expansion-pool.json | A2/expansion-pool.jsonl,A2/expansion-triage.jsonl,complete,1
A tale of two goals: leveraging sequentiality in multi-goal scenarios,arxiv:2503.21677,"Several hierarchical reinforcement learning methods leverage planning to create a graph or sequences of intermediate goals, guiding a lower-level goal-conditioned (GC) policy to reach some final goals. The low-level policy is typically conditioned on the current goal, with the aim of reaching it as quickly as possible. However, this approach can fail when an intermediate goal can be reached in multiple ways, some of which may make it impossible to continue toward subsequent goals. To address this issue, we introduce two instances of Markov Decision Process (MDP) where the optimization objective favors policies that not only reach the current goal but also subsequent ones. In the first, the agent is conditioned on both the current and final goals, while in the second, it is conditioned on the next two goals in the sequence. We conduct a series of experiments on navigation and pole-balancing tasks in which sequences of intermediate goals are given. By evaluating policies trained with TD3+HER on both the standard GC-MDP and our proposed MDPs, we show that, in most cases, conditioning on the next two goals improves stability and sample efficiency over other approaches.",high,A2,expansion_round_1,Discovers reusable temporal structure in sequential experience for downstream decision making or policy learning.,The mechanism connects temporal structure to data selection or learning efficiency in the Program A loop.,true,,2025,arxiv:2503.21677,,,,,,,,,0.02307489451476793,A2,,,,,,triaged,expansion_round_1,A2/expansion-pool.json | A2/expansion-pool.jsonl,A2/expansion-triage.jsonl,complete,1
Dexterous Manipulation through Imitation Learning: A Survey,arxiv:2504.03515,"Dexterous manipulation, which refers to the ability of a robotic hand or multi-fingered end-effector to skillfully control, reorient, and manipulate objects through precise, coordinated finger movements and adaptive force modulation, enables complex interactions similar to human hand dexterity. With recent advances in robotics and machine learning, there is a growing demand for these systems to operate in complex and unstructured environments. Traditional model-based approaches struggle to generalize across tasks and object variations due to the high dimensionality and complex contact dynamics of dexterous manipulation. Although model-free methods such as reinforcement learning (RL) show promise, they require extensive training, large-scale interaction data, and carefully designed rewards for stability and effectiveness. Imitation learning (IL) offers an alternative by allowing robots to acquire dexterous manipulation skills directly from expert demonstrations, capturing fine-grained coordination and contact dynamics while bypassing the need for explicit modeling and large-scale trial-and-error. This survey provides an overview of dexterous manipulation methods based on imitation learning, details recent advances, and addresses key challenges in the field. Additionally, it explores potential research directions to enhance IL-driven dexterous manipulation. Our goal is to offer researchers and practitioners a comprehensive introduction to this rapidly evolving domain.",high,A2,expansion_round_1,Discovers reusable temporal structure in sequential experience for downstream decision making or policy learning.,"The mechanism can turn long robot experience into reusable training units, skill memories, or better-conditioned policy targets.",true,,2025,arxiv:2504.03515,,,,,,,,,0.02523465148484382,A2,,,,,,triaged,expansion_round_1,A2/expansion-pool.json | A2/expansion-pool.jsonl,A2/expansion-triage.jsonl,complete,1
Dynamic Contrastive Skill Learning with State-Transition Based Skill Clustering and Dynamic Length Adjustment,arxiv:2504.14805,"Reinforcement learning (RL) has made significant progress in various domains, but scaling it to long-horizon tasks with complex decision-making remains challenging. Skill learning attempts to address this by abstracting actions into higher-level behaviors. However, current approaches often fail to recognize semantically similar behaviors as the same skill and use fixed skill lengths, limiting flexibility and generalization. To address this, we propose Dynamic Contrastive Skill Learning (DCSL), a novel framework that redefines skill representation and learning. DCSL introduces three key ideas: state-transition based skill representation, skill similarity function learning, and dynamic skill length adjustment. By focusing on state transitions and leveraging contrastive learning, DCSL effectively captures the semantic context of behaviors and adapts skill lengths to match the appropriate temporal extent of behaviors. Our approach enables more flexible and adaptive skill extraction, particularly in complex or noisy datasets, and demonstrates competitive performance compared to existing methods in task completion and efficiency.",high,A2,expansion_round_1,"Encodes or selects compact trajectory segments or latent plans so sequential experience can be retrieved, recombined, or reused.","The mechanism can turn long robot experience into reusable training units, skill memories, or better-conditioned policy targets.",true,,2025,arxiv:2504.14805,arxiv:2504.14805,5392483971449164310,,contrastive temporal distance skill boundary detection robotics,search-papers,false,,,0.7910473242743427,A2,,,,,,triaged,expansion_round_1,A2/canonical-pool.json | A2/canonical-pool.jsonl | A2/expansion-pool.json | A2/expansion-pool.jsonl | A2/raw/q14-contrastive.json,A2/expansion-triage.jsonl,complete,1
Improving Trajectory Stitching with Flow Models,arxiv:2505.07802,"Generative models have shown great promise as trajectory planners, given their affinity to modeling complex distributions and guidable inference process. Previous works have successfully applied these in the context of robotic manipulation but perform poorly when the required solution does not exist as a complete trajectory within the training set. We identify that this is a result of being unable to plan via stitching, and subsequently address the architectural and dataset choices needed to remedy this. On top of this, we propose a novel addition to the training and inference procedures to both stabilize and enhance these capabilities. We demonstrate the efficacy of our approach by generating plans with out of distribution boundary conditions and performing obstacle avoidance on the Franka Panda in simulation and on real hardware. In both of these tasks our method performs significantly better than the baselines and is able to avoid obstacles up to four times as large.",high,A2,expansion_round_1,"Finds event, phase, or subtask boundaries by modeling temporal changes in observations, dynamics, language, or latent sequence variables.","The mechanism can turn long robot experience into reusable training units, skill memories, or better-conditioned policy targets.",true,,2025,arxiv:2505.07802,,,,,,,,,0.021845794392523363,A2,,,,,,triaged,expansion_round_1,A2/expansion-pool.json | A2/expansion-pool.jsonl,A2/expansion-triage.jsonl,complete,1
Beyond Predefined Actions: Integrating Behavior Trees and Dynamic Movement Primitives for Robot Learning from Demonstration,arxiv:2505.08625,"Interpretable policy representations like Behavior Trees (BTs) and Dynamic Motion Primitives (DMPs) enable robot skill transfer from human demonstrations, but each faces limitations: BTs require expert-crafted low-level actions, while DMPs lack high-level task logic. We address these limitations by integrating DMP controllers into a BT framework, jointly learning the BT structure and DMP actions from single demonstrations, thereby removing the need for predefined actions. Additionally, by combining BT decision logic with DMP motion generation, our method enhances policy interpretability, modularity, and adaptability for autonomous systems. Our approach readily affords both learning to replicate low-level motions and combining partial demonstrations into a coherent and easy-to-modify overall policy.",high,A2,primary_assignment,"Discovers, represents, or composes reusable skills, motion primitives, subgoals, or macro-actions from sequential experience.","A reusable segment or skill representation can support retrieval, recombination, coverage, and transfer across tasks or embodiments.",true,"David Cáceres Domínguez, Erik Schaffernicht, Todor Stoyanov",2025,arxiv:2505.08625,arxiv:2505.08625,7747467360638555274,cs.RO,skill segmentation motion primitives robot demonstrations change point detection | dynamic movement primitives robot trajectories skill representation,search-papers,true,25,32.903,0.9502634884414434,A2,metadata-inspected,pending,,,pending,triaged,primary_assignment,A2/assigned-papers.json | A2/assigned-registry-inspected.json | A2/assigned-registry-inspected.jsonl | A2/canonical-pool.json | A2/canonical-pool.jsonl | A2/raw/q05-synonyms.json | A2/raw/q33-dmp.json,A2/assigned-abstracts.jsonl | A2/triage.jsonl,complete,2
Dual-Agent Reinforcement Learning for Automated Feature Generation,arxiv:2505.12628,"Feature generation involves creating new features from raw data to capture complex relationships among the original features, improving model robustness and machine learning performance. Current methods using reinforcement learning for feature generation have made feature exploration more flexible and efficient. However, several challenges remain: first, during feature expansion, a large number of redundant features are generated. When removing them, current methods only retain the best features each round, neglecting those that perform poorly initially but could improve later. Second, the state representation used by current methods fails to fully capture complex feature relationships. Third, there are significant differences between discrete and continuous features in tabular data, requiring different operations for each type. To address these challenges, we propose a novel dual-agent reinforcement learning method for feature generation. Two agents are designed: the first generates new features, and the second determines whether they should be preserved. A self-attention mechanism enhances state representation, and diverse operations distinguish interactions between discrete and continuous features. The experimental results on multiple datasets demonstrate that the proposed method is effective. The code is available at https://github.com/extess0/DARL.",high,A2,expansion_round_1,"Encodes or selects compact trajectory segments or latent plans so sequential experience can be retrieved, recombined, or reused.","The mechanism can turn long robot experience into reusable training units, skill memories, or better-conditioned policy targets.",true,,2025,arxiv:2505.12628,,,,,,,,,0.019852941176470587,A2,,,,,,triaged,expansion_round_1,A2/expansion-pool.json | A2/expansion-pool.jsonl,A2/expansion-triage.jsonl,complete,1
Option-aware Temporally Abstracted Value for Offline Goal-Conditioned Reinforcement Learning,arxiv:2505.12737,"Offline goal-conditioned reinforcement learning (GCRL) offers a practical learning paradigm in which goal-reaching policies are trained from abundant state-action trajectory datasets without additional environment interaction. However, offline GCRL still struggles with long-horizon tasks, even with recent advances that employ hierarchical policy structures, such as HIQL. Identifying the root cause of this challenge, we observe the following insight. Firstly, performance bottlenecks mainly stem from the high-level policy's inability to generate appropriate subgoals. Secondly, when learning the high-level policy in the long-horizon regime, the sign of the advantage estimate frequently becomes incorrect. Thus, we argue that improving the value function to produce a clear advantage estimate for learning the high-level policy is essential. In this paper, we propose a simple yet effective solution: Option-aware Temporally Abstracted value learning, dubbed OTA, which incorporates temporal abstraction into the temporal-difference learning process. By modifying the value update to be option-aware, our approach contracts the effective horizon length, enabling better advantage estimates even in long-horizon regimes. We experimentally show that the high-level policy learned using the OTA value function achieves strong performance on complex tasks from OGBench, a recently proposed offline GCRL benchmark, including maze navigation and visual robotic manipulation environments.",high,A2,primary_assignment,Predicts or executes temporally extended action sequences or keypose-conditioned chunks to trade feedback frequency against longer-horizon control.,"Boundary and horizon choices determine the training unit, feedback latency, credit assignment, and compounding-error exposure in long-horizon robot learning.",true,"Hongjoon Ahn, Heewoong Choi, Jisu Han, Taesup Moon",2025,arxiv:2505.12737,arxiv:2505.12737,2742337588664756215,cs.LG | cs.AI,options framework temporal abstraction reinforcement learning,search-papers,true,13,33.364,0.9563741774449139,A2,metadata-inspected,pending,,unverified-abstract-only,pending,triaged,primary_assignment,A2/assigned-papers.json | A2/assigned-registry-inspected.json | A2/assigned-registry-inspected.jsonl | A2/canonical-pool.json | A2/canonical-pool.jsonl | A2/raw/q31-options.json | A4/canonical-registry.jsonl | A4/raw/q36-recent-offline.json | A5/canonical-pool.jsonl | A5/paper-registry.json,A2/assigned-abstracts.jsonl | A2/triage.jsonl,complete,2
Flattening Hierarchies with Policy Bootstrapping,arxiv:2505.14975,"Offline goal-conditioned reinforcement learning (GCRL) is a promising approach for pretraining generalist policies on large datasets of reward-free trajectories, akin to the self-supervised objectives used to train foundation models for computer vision and natural language processing. However, scaling GCRL to longer horizons remains challenging due to the combination of sparse rewards and discounting, which obscures the comparative advantages of primitive actions with respect to distant goals. Hierarchical RL methods achieve strong empirical results on long-horizon goal-reaching tasks, but their reliance on modular, timescale-specific policies and subgoal generation introduces significant additional complexity and hinders scaling to high-dimensional goal spaces. In this work, we introduce an algorithm to train a flat (non-hierarchical) goal-conditioned policy by bootstrapping on subgoal-conditioned policies with advantage-weighted importance sampling. Our approach eliminates the need for a generative model over the (sub)goal space, which we find is key for scaling to high-dimensional control in large state spaces. We further show that existing hierarchical and bootstrapping-based approaches correspond to specific design choices within our derivation. Across a comprehensive suite of state- and pixel-based locomotion and manipulation benchmarks, our method matches or surpasses state-of-the-art offline GCRL algorithms and scales to complex, long-horizon tasks where prior approaches fail. Project page: https://johnlyzhou.github.io/saw/",high,A2,expansion_round_1,Discovers reusable temporal structure in sequential experience for downstream decision making or policy learning.,"The mechanism can turn long robot experience into reusable training units, skill memories, or better-conditioned policy targets.",true,,2025,arxiv:2505.14975,,,,,,,,,0.024553571428571428,A2,,,,,,triaged,expansion_round_1,A2/expansion-pool.json | A2/expansion-pool.jsonl,A2/expansion-triage.jsonl,complete,1
Enter the Void - Planning to Seek Entropy When Reward is Scarce,arxiv:2505.16787,"Model-based reinforcement learning (MBRL) offers an intuitive way to increase the sample efficiency of model-free RL methods by simultaneously training a world model that learns to predict the future. These models constitute the large majority of training compute and time and they are subsequently used to train actors entirely in simulation, but once this is done they are quickly discarded. We show in this work that utilising these models at inference time can significantly boost sample efficiency. We propose a novel approach that anticipates and actively seeks out informative states using the world model's short-horizon latent predictions, offering a principled alternative to traditional curiosity-driven methods that chase outdated estimates of high uncertainty states. While many model predictive control (MPC) based methods offer similar alternatives, they typically lack commitment, synthesising multiple multi-step plans at every step. To mitigate this, we present a hierarchical planner that dynamically decides when to replan, planning horizon length, and the commitment to searching entropy. While our method can theoretically be applied to any model that trains its own actors with solely model generated data, we have applied it to Dreamer to illustrate the concept. Our method finishes MiniWorld's procedurally generated mazes 50% faster than base Dreamer at convergence and in only 60% of the environment steps that base Dreamer's policy needs; it displays reasoned exploratory behaviour in Crafter, achieves the same reward as base Dreamer in a third of the steps; planning tends to improve sample efficiency on DeepMind Control tasks.",high,A2,expansion_round_1,"Encodes or selects compact trajectory segments or latent plans so sequential experience can be retrieved, recombined, or reused.",The mechanism connects temporal structure to data selection or learning efficiency in the Program A loop.,true,,2025,arxiv:2505.16787,,,,,,,,,0.020890774125132558,A2,,,,,,triaged,expansion_round_1,A2/expansion-pool.json | A2/expansion-pool.jsonl,A2/expansion-triage.jsonl,complete,1
MRS: Multi-Resolution Skills for HRL Agents,arxiv:2505.21410,"Hierarchical reinforcement learning (HRL) decomposes the policy into a manager and a worker, enabling long-horizon planning but introducing a performance gap on tasks requiring agility. We identify a root cause: in subgoal-based HRL, the manager's goal representation is typically learned without constraints on reachability or temporal distance from the current state, preventing precise local subgoal selection. We further show that the optimal subgoal distance is both task- and state-dependent: nearby subgoals enable precise control but amplify prediction noise, while distant subgoals produce smoother motion at the cost of geometric precision. We propose Multi-Resolution Skills (MRS), which learns multiple goal-prediction modules each specialized to a fixed temporal horizon, with a jointly trained meta-controller that selects among them based on the current state. MRS consistently outperforms fixed-resolution baselines and significantly reduces the performance gap between HRL and non-HRL state-of-the-art on DeepMind Control Suite, Gym-Robotics, and long-horizon AntMaze tasks. [Project page: https://sites.google.com/view/multi-res-skills/home]",high,A2,primary_assignment,Predicts or executes temporally extended action sequences or keypose-conditioned chunks to trade feedback frequency against longer-horizon control.,"Boundary and horizon choices determine the training unit, feedback latency, credit assignment, and compounding-error exposure in long-horizon robot learning.",true,"Shashank Sharma, Janina Hoffmann, Vinay Namboodiri",2025,arxiv:2505.21410,arxiv:2505.21410,6860162365178148715,cs.AI | cs.LG | cs.RO,subgoal discovery temporal abstraction demonstrations inverse dynamics robotics,search-papers,false,33,32.751,0.8550783685121771,A2,metadata-inspected,pending,,,pending,triaged,primary_assignment,A2/assigned-papers.json | A2/assigned-registry-inspected.json | A2/assigned-registry-inspected.jsonl | A2/canonical-pool.json | A2/canonical-pool.jsonl | A2/expansion-pool.json | A2/expansion-pool.jsonl | A2/raw/q16-subgoal.json,A2/assigned-abstracts.jsonl | A2/triage.jsonl,complete,2
SLAC: Safe and Efficient Real-Robot Reinforcement Learning via Unsupervised Simulation Pre-Training,arxiv:2506.04147,"Building capable household and industrial robots requires mastering the control of versatile, high-degree-of-freedom (DoF) systems such as mobile manipulators. While reinforcement learning (RL) holds promise for autonomously acquiring robot control policies, scaling it to high-DoF embodiments remains challenging. Direct RL in the real world demands both safe exploration and high sample efficiency, which are difficult to achieve in practice. Sim-to-real RL, on the other hand, is often brittle due to the reality gap. This paper introduces SLAC, a method that renders real-world RL feasible for complex embodiments by leveraging a low-fidelity simulator to pretrain a task-agnostic latent action space. SLAC trains this latent action space via a customized unsupervised skill discovery method designed to promote temporal abstraction, disentanglement, and safety, thereby facilitating efficient downstream learning. Once a latent action space is learned, SLAC uses it as the action interface for a novel off-policy RL algorithm to autonomously learn downstream tasks through real-world interactions. We evaluate SLAC against existing methods on a suite of bimanual mobile manipulation tasks, where it achieves state-of-the-art performance. Notably, SLAC learns contact-rich whole-body tasks in under an hour of real-world interactions, without relying on any demonstrations or hand-crafted behavior priors. More information and robot videos at robo-rl.github.io",high,A2,expansion_round_1,"Uses temporally extended actions, keyposes, or learned macro-actions to expose multi-step structure while retaining feedback or planning control.","The mechanism can turn long robot experience into reusable training units, skill memories, or better-conditioned policy targets.",true,,2025,arxiv:2506.04147,,,,,,,,,0.022643442622950823,A2,,,,,,triaged,expansion_round_1,A2/expansion-pool.json | A2/expansion-pool.jsonl,A2/expansion-triage.jsonl,complete,1
Horizon Reduction Makes RL Scalable,arxiv:2506.04168,"In this work, we study the scalability of offline reinforcement learning (RL) algorithms. In principle, a truly scalable offline RL algorithm should be able to solve any given problem, regardless of its complexity, given sufficient data, compute, and model capacity. We investigate if and how current offline RL algorithms match up to this promise on diverse, challenging, previously unsolved tasks, using datasets up to 1000x larger than typical offline RL datasets. We observe that despite scaling up data, many existing offline RL algorithms exhibit poor scaling behavior, saturating well below the maximum performance. We hypothesize that the horizon is the main cause behind the poor scaling of offline RL. We empirically verify this hypothesis through several analysis experiments, showing that long horizons indeed present a fundamental barrier to scaling up offline RL. We then show that various horizon reduction techniques substantially enhance scalability on challenging tasks. Based on our insights, we also introduce a minimal yet scalable method named SHARSA that effectively reduces the horizon. SHARSA achieves the best asymptotic performance and scaling behavior among our evaluation methods, showing that explicitly reducing the horizon unlocks the scalability of offline RL. Code: https://github.com/seohongpark/horizon-reduction",high,A2,expansion_round_1,Discovers reusable temporal structure in sequential experience for downstream decision making or policy learning.,The mechanism connects temporal structure to data selection or learning efficiency in the Program A loop.,true,,2025,arxiv:2506.04168,,,,,,,,,0.023348236462990564,A2,,,,,,triaged,expansion_round_1,A2/expansion-pool.json | A2/expansion-pool.jsonl,A2/expansion-triage.jsonl,complete,1
SAIL: Faster-than-Demonstration Execution of Imitation Learning Policies,arxiv:2506.11948,"Offline Imitation Learning (IL) methods such as Behavior Cloning are effective at acquiring complex robotic manipulation skills. However, existing IL-trained policies are confined to executing the task at the same speed as shown in demonstration data. This limits the task throughput of a robotic system, a critical requirement for applications such as industrial automation. In this paper, we introduce and formalize the novel problem of enabling faster-than-demonstration execution of visuomotor policies and identify fundamental challenges in robot dynamics and state-action distribution shifts. We instantiate the key insights as SAIL (Speed Adaptation for Imitation Learning), a full-stack system integrating four tightly-connected components: (1) a consistency-preserving action inference algorithm for smooth motion at high speed, (2) high-fidelity tracking of controller-invariant motion targets, (3) adaptive speed modulation that dynamically adjusts execution speed based on motion complexity, and (4) action scheduling to handle real-world system latencies. Experiments on 12 tasks across simulation and two real, distinct robot platforms show that SAIL achieves up to a 4x speedup over demonstration speed in simulation and up to 3.2x speedup in the real world. Additional detail is available at https://nadunranawaka1.github.io/sail-policy",high,A2,primary_assignment,"Discovers, represents, or composes reusable skills, motion primitives, subgoals, or macro-actions from sequential experience.","A reusable segment or skill representation can support retrieval, recombination, coverage, and transfer across tasks or embodiments.",true,"Nadun Ranawaka Arachchige, Zhenyang Chen, Wonsuhk Jung, Woo Chul Shin, Rohan Bansal, Pierre Barroso, Yu Hang He, Yingyang Celine Lin, Benjamin Joffe, Shreyas Kousik, Danfei Xu",2025,arxiv:2506.11948,arxiv:2506.11948,6154343074503817817,cs.RO | cs.AI,behavioral cloning action chunking robot imitation learning foundational,search-papers,true,43,31.796,0.9196425311777929,A2,metadata-inspected,pending,,,pending,triaged,primary_assignment,A2/assigned-papers.json | A2/assigned-registry-inspected.json | A2/assigned-registry-inspected.jsonl | A2/canonical-pool.json | A2/canonical-pool.jsonl | A2/raw/q36-bc-chunking.json,A2/assigned-abstracts.jsonl | A2/triage.jsonl,complete,2
HALO: Hierarchical Reinforcement Learning for Large-Scale Adaptive Traffic Signal Control,arxiv:2506.14391,"Adaptive traffic signal control (ATSC) is essential for mitigating urban congestion in modern smart cities, where traffic infrastructure is evolving into interconnected Web-of-Things (WoT) environments with thousands of sensing-and-control nodes. However, existing methods face a critical scalability-coordination tradeoff: centralized approaches optimize global objectives but become computationally intractable at city scale, while decentralized multi-agent methods scale efficiently yet lack network-level coherence, resulting in suboptimal performance. In this paper, we present HALO, a hierarchical reinforcement learning framework that addresses this tradeoff for large-scale ATSC. HALO decouples decision-making into two levels: a high-level global guidance policy employs Transformer-LSTM encoders to model spatio-temporal dependencies across the entire network and broadcast compact guidance signals, while low-level local intersection policies execute decentralized control conditioned on both local observations and global context. To ensure better alignment of global-local objectives, we introduce an adversarial goal-setting mechanism where the global policy proposes challenging-yet-feasible network-level targets that local policies are trained to surpass, fostering robust coordination. We evaluate HALO extensively on multiple standard benchmarks, and a newly constructed large-scale Manhattan-like network with 2,668 intersections under real-world traffic patterns, including peak transitions, adverse weather and holiday surges. Results demonstrate HALO shows competitive performance and becomes increasingly dominant as network complexity grows across small-scale benchmarks, while delivering the strongest performance in all large-scale regimes, offering up to 6.8% lower average travel time and 5.0% lower average delay than the best state-of-the-art.",high,A2,expansion_round_1,Discovers reusable temporal structure in sequential experience for downstream decision making or policy learning.,"The mechanism can turn long robot experience into reusable training units, skill memories, or better-conditioned policy targets.",true,,2025,arxiv:2506.14391,,,,,,,,,0.022492753623188408,A2,,,,,,triaged,expansion_round_1,A2/expansion-pool.json | A2/expansion-pool.jsonl,A2/expansion-triage.jsonl,complete,1
Offline Goal-Conditioned Reinforcement Learning with Projective Quasimetric Planning,arxiv:2506.18847,"Offline Goal-Conditioned Reinforcement Learning seeks to train agents to reach specified goals from previously collected trajectories. Scaling that promises to long-horizon tasks remains challenging, notably due to compounding value-estimation errors. Principled geometric offers a potential solution to address these issues. Following this insight, we introduce Projective Quasimetric Planning (ProQ), a compositional framework that learns an asymmetric distance and then repurposes it, firstly as a repulsive energy forcing a sparse set of keypoints to uniformly spread over the learned latent space, and secondly as a structured directional cost guiding towards proximal sub-goals. In particular, ProQ couples this geometry with a Lagrangian out-of-distribution detector to ensure the learned keypoints stay within reachable areas. By unifying metric learning, keypoint coverage, and goal-conditioned control, our approach produces meaningful sub-goals and robustly drives long-horizon goal-reaching on diverse a navigation benchmarks.",high,A2,expansion_round_1,"Encodes or selects compact trajectory segments or latent plans so sequential experience can be retrieved, recombined, or reused.",The mechanism connects temporal structure to data selection or learning efficiency in the Program A loop.,true,,2025,arxiv:2506.18847,,,,,,,,,0.022817460317460316,A2,,,,,,triaged,expansion_round_1,A2/expansion-pool.json | A2/expansion-pool.jsonl,A2/expansion-triage.jsonl,complete,1
Strict Subgoal Execution: Reliable Long-Horizon Planning in Hierarchical Reinforcement Learning,arxiv:2506.21039,"Long-horizon goal-conditioned tasks pose fundamental challenges for reinforcement learning (RL), particularly when goals are distant and rewards are sparse. While hierarchical and graph-based methods offer partial solutions, their reliance on conventional hindsight relabeling often fails to correct subgoal infeasibility, leading to inefficient high-level planning. To address this, we propose Strict Subgoal Execution (SSE), a graph-based hierarchical RL framework that integrates Frontier Experience Replay (FER) to separate unreachable from admissible subgoals and streamline high-level decision making. FER delineates the reachability frontier using failure and partial-success transitions, which identifies unreliable subgoals, increases subgoal reliability, and reduces unnecessary high-level decisions. Additionally, SSE employs a decoupled exploration policy to cover underexplored regions of the goal space and a path refinement that adjusts edge costs using observed low-level failures. Experimental results across diverse long-horizon benchmarks show that SSE consistently outperforms existing goal-conditioned and hierarchical RL methods in both efficiency and success rate. Our code is available at https://jaebak1996.github.io/SSE/",high,A2,expansion_round_1,Discovers reusable temporal structure in sequential experience for downstream decision making or policy learning.,The mechanism connects temporal structure to data selection or learning efficiency in the Program A loop.,true,,2025,arxiv:2506.21039,arxiv:2506.21039,7569705112807528871,,hierarchical reinforcement learning options subgoals initiation termination,search-papers,true,,,0.9024721629592075,A2,,,,,,triaged,expansion_round_1,A2/canonical-pool.json | A2/canonical-pool.jsonl | A2/expansion-pool.json | A2/expansion-pool.jsonl | A2/raw/q32-hierarchical-rl.json | A6/raw-retrieval/q10-mech-hindsight.json | A6/raw-retrieval/q28-found-her.json | A6/work/canonical-pool.jsonl,A2/expansion-triage.jsonl,complete,1
Reinforcement Learning with Action Chunking,arxiv:2507.07969,"We present Q-chunking, a simple yet effective recipe for improving reinforcement learning (RL) algorithms for long-horizon, sparse-reward tasks. Our recipe is designed for the offline-to-online RL setting, where the goal is to leverage an offline prior dataset to maximize the sample-efficiency of online learning. Effective exploration and sample-efficient learning remain central challenges in this setting, as it is not obvious how the offline data should be utilized to acquire a good exploratory policy. Our key insight is that action chunking, a technique popularized in imitation learning where sequences of future actions are predicted rather than a single action at each timestep, can be applied to temporal difference (TD)-based RL methods to mitigate the exploration challenge. Q-chunking adopts action chunking by directly running RL in a 'chunked' action space, enabling the agent to (1) leverage temporally consistent behaviors from offline data for more effective online exploration and (2) use unbiased n-step backups for more stable and efficient TD learning. Our experimental results demonstrate that Q-chunking exhibits strong offline performance and online sample efficiency, outperforming prior best offline-to-online methods on a range of long-horizon, sparse-reward manipulation tasks.",high,A2,expansion_round_1,"Uses temporally extended actions, keyposes, or learned macro-actions to expose multi-step structure while retaining feedback or planning control.","The mechanism can turn long robot experience into reusable training units, skill memories, or better-conditioned policy targets.",true,,2025,arxiv:2507.07969,arxiv:2507.07969,1711437796549922138,,temporally abstract actions robot learning action chunks | hierarchical policy action chunking chunk length prediction robot imitation learning | action chunking compounding error temporal horizon imitation learning | behavioral cloning action chunking robot imitation learning foundational | 2024 robot learning action chunking temporal abstraction trajectory,search-papers,true,,,0.958908721799535,A2,,,,,,triaged,expansion_round_1,A2/canonical-pool.json | A2/canonical-pool.jsonl | A2/expansion-pool.json | A2/expansion-pool.jsonl | A2/raw/q04-direct.json | A2/raw/q11-action-chunking.json | A2/raw/q18-compounding.json | A2/raw/q36-bc-chunking.json | A2/raw/q38-2024-action-chunking.json,A2/expansion-triage.jsonl,complete,1
"BT-TL-DMPs: A Novel Robot TAMP Framework Combining Behavior Tree, Temporal Logic and Dynamical Movement Primitives",arxiv:2507.14582,"In the field of Learning from Demonstration (LfD), enabling robots to generalize learned manipulation skills to novel scenarios for long-horizon tasks remains challenging. Specifically, it is still difficult for robots to adapt the learned skills to new environments with different task and motion requirements, especially in long-horizon, multi-stage scenarios with intricate constraints. This paper proposes a novel hierarchical framework, called BT-TL-DMPs, that integrates Behavior Tree (BT), Temporal Logic (TL), and Dynamical Movement Primitives (DMPs) to address this problem. Within this framework, Signal Temporal Logic (STL) is employed to formally specify complex, long-horizon task requirements and constraints. These STL specifications are systematically transformed to generate reactive and modular BTs for high-level decision-making task structure. An STL-constrained DMP optimization method is proposed to optimize the DMP forcing term, allowing the learned motion primitives to adapt flexibly while satisfying intricate spatiotemporal requirements and, crucially, preserving the essential dynamics learned from demonstrations. The framework is validated through simulations demonstrating generalization capabilities under various STL constraints and real-world experiments on several long-horizon robotic manipulation tasks. The results demonstrate that the proposed framework effectively bridges the symbolic-motion gap, enabling more reliable and generalizable autonomous manipulation for complex robotic tasks.",high,A2,primary_assignment,Predicts or executes temporally extended action sequences or keypose-conditioned chunks to trade feedback frequency against longer-horizon control.,"Boundary and horizon choices determine the training unit, feedback latency, credit assignment, and compounding-error exposure in long-horizon robot learning.",true,"Zezhi Liu, Shizhen Wu, Hanqian Luo, Deyun Qin, Yongchun Fang",2025,arxiv:2507.14582,arxiv:2507.14582,3725728680662947845,cs.RO,dynamic movement primitives robot trajectories skill representation,search-papers,true,15,33.253,0.9453186827840592,A2,metadata-inspected,pending,,,pending,triaged,primary_assignment,A2/assigned-papers.json | A2/assigned-registry-inspected.json | A2/assigned-registry-inspected.jsonl | A2/canonical-pool.json | A2/canonical-pool.jsonl | A2/raw/q33-dmp.json,A2/assigned-abstracts.jsonl | A2/triage.jsonl,complete,2
CO-RFT: Efficient Fine-Tuning of Vision-Language-Action Models through Chunked Offline Reinforcement Learning,arxiv:2508.02219,"Vision-Language-Action (VLA) models demonstrate significant potential for developing generalized policies in real-world robotic control. This progress inspires researchers to explore fine-tuning these models with Reinforcement Learning (RL). However, fine-tuning VLA models with RL still faces challenges related to sample efficiency, compatibility with action chunking, and training stability. To address these challenges, we explore the fine-tuning of VLA models through offline reinforcement learning incorporating action chunking. In this work, we propose Chunked RL, a novel reinforcement learning framework specifically designed for VLA models. Within this framework, we extend temporal difference (TD) learning to incorporate action chunking, a prominent characteristic of VLA models. Building upon this framework, we propose CO-RFT, an algorithm aimed at fine-tuning VLA models using a limited set of demonstrations (30 to 60 samples). Specifically, we first conduct imitation learning (IL) with full parameter fine-tuning to initialize both the backbone and the policy. Subsequently, we implement offline RL with action chunking to optimize the pretrained policy. Our empirical results in real-world environments demonstrate that CO-RFT outperforms previous supervised methods, achieving a 57% improvement in success rate and a 22.3% reduction in cycle time. Moreover, our method exhibits robust positional generalization capabilities, attaining a success rate of 44.3% in previously unseen positions.",high,A2,primary_assignment,Predicts or executes temporally extended action sequences or keypose-conditioned chunks to trade feedback frequency against longer-horizon control.,"Boundary and horizon choices determine the training unit, feedback latency, credit assignment, and compounding-error exposure in long-horizon robot learning.",true,"Dongchi Huang, Zhirui Fang, Tianle Zhang, Yihang Li, Lin Zhao, Chunhe Xia",2025,arxiv:2508.02219,arxiv:2508.02219,4165841275633391396,cs.RO | cs.LG,hierarchical policy action chunking chunk length prediction robot imitation learning | action chunking compounding error temporal horizon imitation learning,search-papers,false,72,29.97,0.9370266439430035,A2,metadata-inspected,pending,,,pending,triaged,primary_assignment,A2/assigned-papers.json | A2/assigned-registry-inspected.json | A2/assigned-registry-inspected.jsonl | A2/canonical-pool.json | A2/canonical-pool.jsonl | A2/raw/q11-action-chunking.json | A2/raw/q18-compounding.json,A2/assigned-abstracts.jsonl | A2/triage.jsonl,complete,2
AgentWorld: An Interactive Simulation Platform for Scene Construction and Mobile Robotic Manipulation,arxiv:2508.07770,"We introduce AgentWorld, an interactive simulation platform for developing household mobile manipulation capabilities. Our platform combines automated scene construction that encompasses layout generation, semantic asset placement, visual material configuration, and physics simulation, with a dual-mode teleoperation system supporting both wheeled bases and humanoid locomotion policies for data collection. The resulting AgentWorld Dataset captures diverse tasks ranging from primitive actions (pick-and-place, push-pull, etc.) to multistage activities (serve drinks, heat up food, etc.) across living rooms, bedrooms, and kitchens. Through extensive benchmarking of imitation learning methods including behavior cloning, action chunking transformers, diffusion policies, and vision-language-action models, we demonstrate the dataset's effectiveness for sim-to-real transfer. The integrated system provides a comprehensive solution for scalable robotic skill acquisition in complex home environments, bridging the gap between simulation-based training and real-world deployment. The code, datasets will be available at https://yizhengzhang1.github.io/agentworld/",high,A2,primary_assignment,Predicts or executes temporally extended action sequences or keypose-conditioned chunks to trade feedback frequency against longer-horizon control.,"Boundary and horizon choices determine the training unit, feedback latency, credit assignment, and compounding-error exposure in long-horizon robot learning.",true,"Yizheng Zhang, Zhenjun Yu, Jiaxin Lai, Cewu Lu, Lei Han",2025,arxiv:2508.07770,arxiv:2508.07770,2317788909649992327,cs.RO,behavioral cloning action chunking robot imitation learning foundational,search-papers,true,32,32.778,0.9377602233752947,A2,metadata-inspected,pending,false,,pending,triaged,primary_assignment,A2/assigned-papers.json | A2/assigned-registry-inspected.json | A2/assigned-registry-inspected.jsonl | A2/canonical-pool.json | A2/canonical-pool.jsonl | A2/raw/q36-bc-chunking.json | A7/raw/q01-direct-terms.json | A7/raw/q04-composition.json | A7/raw/q25-foundational-multitask.json | A7/raw/q37-trajectory-composition.json | A7/work/paper-registry.json | A7/work/paper-registry.jsonl | A7/work/verified-paper-registry.json | A7/work/verified-paper-registry.jsonl,A2/assigned-abstracts.jsonl | A2/triage.jsonl,complete,2
Categorical Policies: Multimodal Policy Learning and Exploration in Continuous Control,arxiv:2508.13922,"A policy in deep reinforcement learning (RL), either deterministic or stochastic, is commonly parameterized as a Gaussian distribution alone, limiting the learned behavior to be unimodal. However, the nature of many practical decision-making problems favors a multimodal policy that facilitates robust exploration of the environment and thus to address learning challenges arising from sparse rewards, complex dynamics, or the need for strategic adaptation to varying contexts. This issue is exacerbated in continuous control domains where exploration usually takes place in the vicinity of the predicted optimal action, either through an additive Gaussian noise or the sampling process of a stochastic policy. In this paper, we introduce Categorical Policies to model multimodal behavior modes with an intermediate categorical distribution, and then generate output action that is conditioned on the sampled mode. We explore two sampling schemes that ensure differentiable discrete latent structure while maintaining efficient gradient-based optimization. By utilizing a latent categorical distribution to select the behavior mode, our approach naturally expresses multimodality while remaining fully differentiable via the sampling tricks. We evaluate our multimodal policy on a set of DeepMind Control Suite environments, demonstrating that through better exploration, our learned policies converge faster and outperform standard Gaussian policies. Our results indicate that the Categorical distribution serves as a powerful tool for structured exploration and multimodal behavior representation in continuous control.",high,A2,expansion_round_1,"Encodes or selects compact trajectory segments or latent plans so sequential experience can be retrieved, recombined, or reused.","The mechanism can turn long robot experience into reusable training units, skill memories, or better-conditioned policy targets.",true,,2025,arxiv:2508.13922,,,,,,,,,0.022866022866022864,A2,,,,,,triaged,expansion_round_1,A2/expansion-pool.json | A2/expansion-pool.jsonl,A2/expansion-triage.jsonl,complete,1
Long-VLA: Unleashing Long-Horizon Capability of Vision Language Action Model for Robot Manipulation,arxiv:2508.19958,"Vision-Language-Action (VLA) models have become a cornerstone in robotic policy learning, leveraging large-scale multimodal data for robust and scalable control. However, existing VLA frameworks primarily address short-horizon tasks, and their effectiveness on long-horizon, multi-step robotic manipulation remains limited due to challenges in skill chaining and subtask dependencies. In this work, we introduce Long-VLA, the first end-to-end VLA model specifically designed for long-horizon robotic tasks. Our approach features a novel phase-aware input masking strategy that adaptively segments each subtask into moving and interaction phases, enabling the model to focus on phase-relevant sensory cues and enhancing subtask compatibility. This unified strategy preserves the scalability and data efficiency of VLA training, and our architecture-agnostic module can be seamlessly integrated into existing VLA models. We further propose the L-CALVIN benchmark to systematically evaluate long-horizon manipulation. Extensive experiments on both simulated and real-world tasks demonstrate that Long-VLA significantly outperforms prior state-of-the-art methods, establishing a new baseline for long-horizon robotic control.",high,A2,primary_assignment,Detects or learns semantically meaningful trajectory segments and uses them as variable-horizon action chunks or keypose-to-keypose control targets.,"Boundary and horizon choices determine the training unit, feedback latency, credit assignment, and compounding-error exposure in long-horizon robot learning.",true,"Yiguo Fan, Pengxiang Ding, Shuanghao Bai, Xinyang Tong, Yuyang Zhu, Hongchao Lu, Fengqi Dai, Wei Zhao, Yang Liu, Siteng Huang, Zhaoxin Fan, Badong Chen, Donglin Wang",2025,arxiv:2508.19958,arxiv:2508.19958,1129577662761466954,cs.RO,robot manipulation demonstration segmentation subtask boundaries temporally extended actions | 2024 2025 vision language action chunk prediction temporal horizon | 2025 2026 long horizon robot manipulation temporal abstraction action chunks,search-papers,false,14,33.266,0.9465966702001757,A2,metadata-inspected,pending,,,pending,triaged,primary_assignment,A1/paper-registry-complete.json | A1/paper-registry.json | A1/raw/q18-phase.json | A2/assigned-papers.json | A2/assigned-registry-inspected.json | A2/assigned-registry-inspected.jsonl | A2/canonical-pool.json | A2/canonical-pool.jsonl | A2/raw/q02-direct.json | A2/raw/q40-2024-2025-vla.json | A2/raw/q43-2025-2026-long-horizon.json,A2/assigned-abstracts.jsonl | A2/triage.jsonl,complete,2
FUNCanon: Learning Pose-Aware Action Primitives via Functional Object Canonicalization for Generalizable Robotic Manipulation,arxiv:2509.19102,"General-purpose robotic skills from end-to-end demonstrations often leads to task-specific policies that fail to generalize beyond the training distribution. Therefore, we introduce FunCanon, a framework that converts long-horizon manipulation tasks into sequences of action chunks, each defined by an actor, verb, and object. These chunks focus policy learning on the actions themselves, rather than isolated tasks, enabling compositionality and reuse. To make policies pose-aware and category-general, we perform functional object canonicalization for functional alignment and automatic manipulation trajectory transfer, mapping objects into shared functional frames using affordance cues from large vision language models. An object centric and action centric diffusion policy FuncDiffuser trained on this aligned data naturally respects object affordances and poses, simplifying learning and improving generalization ability. Experiments on simulated and real-world benchmarks demonstrate category-level generalization, cross-task behavior reuse, and robust sim2real deployment, showing that functional canonicalization provides a strong inductive bias for scalable imitation learning in complex manipulation domains. Details of the demo and supplemental material are available on our project website https://sites.google.com/view/funcanon.",high,A2,primary_assignment,Predicts or executes temporally extended action sequences or keypose-conditioned chunks to trade feedback frequency against longer-horizon control.,"Boundary and horizon choices determine the training unit, feedback latency, credit assignment, and compounding-error exposure in long-horizon robot learning.",true,"Hongli Xu, Lei Zhang, Xiaoyue Hu, Boyang Zhong, Kaixin Bai, Zoltán-Csaba Márton, Zhenshan Bing, Zhaopeng Chen, Alois Christian Knoll, Jianwei Zhang",2025,arxiv:2509.19102,arxiv:2509.19102,8446644156764785898,cs.RO | cs.AI | cs.CV,2025 2026 long horizon robot manipulation temporal abstraction action chunks,search-papers,false,8,33.789,0.958908721799535,A2,metadata-inspected,pending,,,pending,triaged,primary_assignment,A2/assigned-papers.json | A2/assigned-registry-inspected.json | A2/assigned-registry-inspected.jsonl | A2/canonical-pool.json | A2/canonical-pool.jsonl | A2/raw/q43-2025-2026-long-horizon.json,A2/assigned-abstracts.jsonl | A2/triage.jsonl,complete,2
EgoDemoGen: Egocentric Demonstration Generation for Viewpoint Generalization in Robotic Manipulation,arxiv:2509.22578,"Imitation learning based visuomotor policies have achieved strong performance in robotic manipulation, yet they often remain sensitive to egocentric viewpoint shifts. Unlike third-person viewpoint changes that only move the camera, egocentric shifts simultaneously alter both the camera pose and the robot action coordinate frame, making it necessary to jointly transfer action trajectories and synthesize corresponding observations under novel egocentric viewpoints. To address this challenge, we present EgoDemoGen, a framework that generates paired observation--action demonstrations under novel egocentric viewpoints through two key components: 1) EgoTrajTransfer, which transfers robot trajectories to the novel egocentric coordinate frame through motion-skill segmentation, geometry-aware transformation, and inverse kinematics filtering; and 2) EgoViewTransfer, a conditional video generation model that fuses a novel-viewpoint reprojected scene video and a robot motion video rendered from the transferred trajectory to synthesize photorealistic observations, trained with a self-supervised double reprojection strategy without requiring multi-viewpoint data. Experiments in simulation and real-world settings show that EgoDemoGen consistently improves policy success rates under both standard and novel egocentric viewpoints, with absolute gains of +24.6% and +16.9% in simulation and +16.0% and +23.0% on the real robot. Moreover, EgoViewTransfer achieves superior video generation quality for novel egocentric observations.",high,A2,primary_assignment,"Localizes event, phase, or subtask boundaries by modeling changes in multimodal observations, dynamics, language, or latent sequence structure.","Boundary and horizon choices determine the training unit, feedback latency, credit assignment, and compounding-error exposure in long-horizon robot learning.",true,"Yuan Xu, Jiabing Yang, Xiaofeng Wang, Yixiang Chen, Zheng Zhu, Bowen Fang, Guan Huang, Xinze Chen, Yun Ye, Qiang Zhang, Peiyan Li, Xiangnan Wu, Kai Wang, Bing Zhan, Shuo Lu, Jing Liu, Nianfeng Liu, Yan Huang, Liang Wang",2025,arxiv:2509.22578,arxiv:2509.22578,1591404036902466389,cs.RO,skill segmentation motion primitives robot demonstrations change point detection | 2024 2025 robot manipulation trajectory segmentation skill discovery,search-papers,false,44,31.676,0.8276053378639999,A2,metadata-inspected,pending,,,pending,triaged,primary_assignment,A2/assigned-papers.json | A2/assigned-registry-inspected.json | A2/assigned-registry-inspected.jsonl | A2/canonical-pool.json | A2/canonical-pool.jsonl | A2/raw/q05-synonyms.json | A2/raw/q39-2024-2025-segmentation.json | A6/raw-retrieval/q09-mech-segmentation.json | A6/work/canonical-pool.jsonl | A7/work/expansion-read-manifest.json | A7/work/expansion-registry.json | A7/work/expansion-registry.jsonl,A2/assigned-abstracts.jsonl | A2/triage.jsonl,complete,2
Symskill: Symbol and Skill Co-Invention for Data-Efficient and Reactive Long-Horizon Manipulation,arxiv:2510.01661,"Multi-step manipulation in dynamic environments remains challenging. Imitation learning (IL) is reactive but lacks compositional generalization, since monolithic policies do not decide which skill to reuse when scenes change. Classical task-and-motion planning (TAMP) offers compositionality, but its high planning latency prevents real-time failure recovery. We introduce SymSkill, a unified framework that jointly learns predicates, operators, and skills from unlabeled, unsegmented demonstrations, combining compositional generalization with real-time recovery. Offline, SymSkill learns symbolic abstractions and goal-oriented skills directly from demonstrations. Online, given a conjunction of learned predicates, it uses a symbolic planner to compose and reorder skills to achieve symbolic goals while recovering from failures at both the motion and symbolic levels in real time. Coupled with a compliant controller, SymSkill supports safe execution under human and environmental disturbances. In RoboCasa simulation, SymSkill executes 12 single-step tasks with 85% success and composes them into multi-step plans without additional data. On a real Franka robot, it learns from 5 minutes of play data and performs 12-step tasks from goal specifications. Code and additional analysis are available at https://symskill.github.io/ .",high,A2,primary_assignment,Detects or learns semantically meaningful trajectory segments and uses them as variable-horizon action chunks or keypose-to-keypose control targets.,"Boundary and horizon choices determine the training unit, feedback latency, credit assignment, and compounding-error exposure in long-horizon robot learning.",true,"Yifei Simon Shao, Yuchen Zheng, Sunan Sun, Pratik Chaudhari, Vijay Kumar, Nadia Figueroa",2025,arxiv:2510.01661,arxiv:2510.01661,4115822896948500689,cs.RO,2025 2026 long horizon robot manipulation temporal abstraction action chunks,search-papers,false,52,31.178,0.9377602233752947,A2,metadata-inspected,pending,,,pending,triaged,primary_assignment,A2/assigned-papers.json | A2/assigned-registry-inspected.json | A2/assigned-registry-inspected.jsonl | A2/canonical-pool.json | A2/canonical-pool.jsonl | A2/raw/q43-2025-2026-long-horizon.json | A6/raw-retrieval/q35-found-learn-failures.json | A6/work/canonical-pool.jsonl,A2/assigned-abstracts.jsonl | A2/triage.jsonl,complete,2
D2E: Scaling Vision-Action Pretraining on Desktop Data for Transfer to Embodied AI,arxiv:2510.05684,"Large language models leverage internet-scale text data, yet embodied AI remains constrained by the prohibitive costs of physical trajectory collection. Desktop environments -- particularly gaming -- offer a compelling alternative: they provide rich sensorimotor interactions at scale while maintaining the structured observation-action coupling essential for embodied learning. We present D2E (Desktop to Embodied AI), a framework that demonstrates desktop interactions can serve as an effective pretraining substrate for robotics embodied AI tasks. Unlike prior work that remained domain-specific (e.g., VPT for Minecraft) or kept data proprietary (e.g., SIMA), D2E establishes a complete pipeline from scalable desktop data collection to verified transfer in embodied domains. Our framework comprises three components: (1) the OWA Toolkit that unifies diverse desktop interactions into a standardized format with 152x compression, (2) the Generalist-IDM that achieves strong zero-shot generalization across unseen games through timestamp-based event prediction, enabling internet-scale pseudo-labeling, and (3) VAPT that transfers desktop-pretrained representations to physical manipulation and navigation. Using 1.3K+ hours of data (259 hours of human demonstrations and 1K+ hours of pseudo-labeled gameplay), our 1B-parameter model achieves 96.6% success on LIBERO manipulation and 83.3% on CANVAS navigation, matching or surpassing models up to 7x larger, such as π₀ (3.3B) and OpenVLA (7B). These results demonstrate that sensorimotor primitives learned from digital interactions transfer effectively to real-world physical tasks, establishing desktop pretraining as a practical paradigm for embodied AI. All resources are publicly available at https://worv-ai.github.io/d2e.",high,A2,primary_assignment,"Builds a compact, retrievable, or task-aware representation of trajectories or subsequences for reuse, selection, or policy learning.","A reusable segment or skill representation can support retrieval, recombination, coverage, and transfer across tasks or embodiments.",true,"Suhwan Choi, Jaeyoon Jung, Haebin Seong, Minchan Kim, Minyeong Kim, Yongjun Cho, Yoonshik Kim, Yubeen Park, Youngjae Yu, Yunsung Lee",2025,arxiv:2510.05684,arxiv:2510.05684,7517288702547910304,cs.AI | cs.CV | cs.RO,2025 2026 embodied learning trajectory compression skill segmentation,search-papers,false,39,31.951,0.7751285533173565,A2,metadata-inspected,pending,,,pending,triaged,primary_assignment,A2/assigned-papers.json | A2/assigned-registry-inspected.json | A2/assigned-registry-inspected.jsonl | A2/canonical-pool.json | A2/canonical-pool.jsonl | A2/raw/q44-2025-2026-compression.json | A7/work/expansion-read-manifest.json | A7/work/expansion-registry.json | A7/work/expansion-registry.jsonl,A2/assigned-abstracts.jsonl | A2/triage.jsonl,complete,2
RL-100: Performant Robotic Manipulation with Real-World Reinforcement Learning,arxiv:2510.14830,"Real-world robotic manipulation in homes and factories demands reliability, efficiency, and robustness that approach or surpass those of skilled human operators. We present RL-100, a real-world reinforcement learning framework built on diffusion visuomotor policies. RL-100 unifies imitation and reinforcement learning under a single clipped PPO surrogate objective applied within the denoising process, yielding conservative and stable improvements across offline and online stages. To meet deployment latency requirements, a lightweight consistency distillation method compresses multi-step diffusion into a one-step controller for high-frequency control. The framework is task-, embodiment-, and representation-agnostic, and supports both single-action and action-chunking control. We evaluate RL-100 on eight diverse real-robot tasks, from dynamic pushing and agile bowling to pouring, cloth folding, unscrewing, multi-stage juicing, and long-horizon box folding. RL-100 attains 100 percent success across evaluated trials, for a total of 1000 out of 1000 episodes, including up to 250 out of 250 consecutive trials on one task. It matches or surpasses expert teleoperators in time to completion. Without retraining, a single policy attains approximately 90 percent zero-shot success under environmental and dynamics shifts, adapts in a few-shot regime to significant task variations (86.7 percent), and remains robust to aggressive human perturbations (about 96 percent). Notably, our juicing robot served random customers continuously for about seven hours without failure when deployed zero-shot in a shopping mall. These results suggest a practical path to deployment-ready robot learning by starting from human priors, aligning training objectives with human-grounded metrics, and reliably extending performance beyond human demonstrations.",high,A2,primary_assignment,Predicts or executes temporally extended action sequences or keypose-conditioned chunks to trade feedback frequency against longer-horizon control.,"Boundary and horizon choices determine the training unit, feedback latency, credit assignment, and compounding-error exposure in long-horizon robot learning.",true,"Kun Lei, Huanyu Li, Dongjie Yu, Zhenyu Wei, Lingxiao Guo, Zhennan Jiang, Ziyu Wang, Shiyu Liang, Huazhe Xu",2025,arxiv:2510.14830,arxiv:2510.14830,5029735813845982863,cs.RO | cs.AI | cs.LG,2024 2025 diffusion policy action chunking trajectory representation,search-papers,false,36,32.478,0.9078364897378534,A2,metadata-inspected,pending,,,pending,triaged,primary_assignment,A2/assigned-papers.json | A2/assigned-registry-inspected.json | A2/assigned-registry-inspected.jsonl | A2/canonical-pool.json | A2/canonical-pool.jsonl | A2/raw/q41-2024-2025-diffusion.json,A2/assigned-abstracts.jsonl | A2/triage.jsonl,complete,2
Learning Parameterized Skills from Demonstrations,arxiv:2510.24095,"We present DEPS, an end-to-end algorithm for discovering parameterized skills from expert demonstrations. Our method learns parameterized skill policies jointly with a meta-policy that selects the appropriate discrete skill and continuous parameters at each timestep. Using a combination of temporal variational inference and information-theoretic regularization methods, we address the challenge of degeneracy common in latent variable models, ensuring that the learned skills are temporally extended, semantically meaningful, and adaptable. We empirically show that learning parameterized skills from multitask expert demonstrations significantly improves generalization to unseen tasks. Our method outperforms multitask as well as skill learning baselines on both LIBERO and MetaWorld benchmarks. We also demonstrate that DEPS discovers interpretable parameterized skills, such as an object grasping skill whose continuous arguments define the grasp location.",high,A2,expansion_round_1,"Encodes or selects compact trajectory segments or latent plans so sequential experience can be retrieved, recombined, or reused.","The mechanism can turn long robot experience into reusable training units, skill memories, or better-conditioned policy targets.",true,,2025,arxiv:2510.24095,arxiv:2510.24095,4197177455214316091,,learning to segment demonstrations programming by demonstration,search-papers,false,,,0.8109584519026051,A2,,,,,,triaged,expansion_round_1,A2/canonical-pool.json | A2/canonical-pool.jsonl | A2/expansion-pool.json | A2/expansion-pool.jsonl | A2/raw/q29-programming-by-demo.json,A2/expansion-triage.jsonl,complete,1
Learning to Drive Safely with Hybrid Options,arxiv:2510.24674,"Out of the many deep reinforcement learning approaches for autonomous driving, only few make use of the options (or skills) framework. That is surprising, as this framework is naturally suited for hierarchical control applications in general, and autonomous driving tasks in specific. Therefore, in this work the options framework is applied and tailored to autonomous driving tasks on highways. More specifically, we define dedicated options for longitudinal and lateral manoeuvres with embedded safety and comfort constraints. This way, prior domain knowledge can be incorporated into the learning process and the learned driving behaviour can be constrained more easily. We propose several setups for hierarchical control with options and derive practical algorithms following state-of-the-art reinforcement learning techniques. By separately selecting actions for longitudinal and lateral control, the introduced policies over combined and hybrid options obtain the same expressiveness and flexibility that human drivers have, while being easier to interpret than classical policies over continuous actions. Of all the investigated approaches, these flexible policies over hybrid options perform the best under varying traffic conditions, outperforming the baseline policies over actions.",high,A2,expansion_round_1,Discovers reusable temporal structure in sequential experience for downstream decision making or policy learning.,The mechanism connects temporal structure to data selection or learning efficiency in the Program A loop.,true,,2025,arxiv:2510.24674,,,,,,,,,0.021914308176100628,A2,,,,,,triaged,expansion_round_1,A2/expansion-pool.json | A2/expansion-pool.jsonl,A2/expansion-triage.jsonl,complete,1
Enhancing Hierarchical Reinforcement Learning through Change Point Detection in Time Series,arxiv:2510.24988,"Hierarchical Reinforcement Learning (HRL) enhances the scalability of decision-making in long-horizon tasks by introducing temporal abstraction through options-policies that span multiple timesteps. Despite its theoretical appeal, the practical implementation of HRL suffers from the challenge of autonomously discovering semantically meaningful subgoals and learning optimal option termination boundaries. This paper introduces a novel architecture that integrates a self-supervised, Transformer-based Change Point Detection (CPD) module into the Option-Critic framework, enabling adaptive segmentation of state trajectories and the discovery of options. The CPD module is trained using heuristic pseudo-labels derived from intrinsic signals to infer latent shifts in environment dynamics without external supervision. These inferred change-points are leveraged in three critical ways: (i) to serve as supervisory signals for stabilizing termination function gradients, (ii) to pretrain intra-option policies via segment-wise behavioral cloning, and (iii) to enforce functional specialization through inter-option divergence penalties over CPD-defined state partitions. The overall optimization objective enhances the standard actor-critic loss using structure-aware auxiliary losses. In our framework, option discovery arises naturally as CPD-defined trajectory segments are mapped to distinct intra-option policies, enabling the agent to autonomously partition its behavior into reusable, semantically meaningful skills. Experiments on the Four-Rooms and Pinball tasks demonstrate that CPD-guided agents exhibit accelerated convergence, higher cumulative returns, and significantly improved option specialization. These findings confirm that integrating structural priors via change-point segmentation leads to more interpretable, sample-efficient, and robust hierarchical policies in complex environments.",high,A2,primary_assignment,Detects or learns semantically meaningful trajectory segments and uses them as variable-horizon action chunks or keypose-to-keypose control targets.,"Boundary and horizon choices determine the training unit, feedback latency, credit assignment, and compounding-error exposure in long-horizon robot learning.",true,"Hemanath Arumugam, Falong Fan, Bo Liu",2025,arxiv:2510.24988,arxiv:2510.24988,7819353585440594386,cs.LG,temporally abstract actions robot learning action chunks | episode parsing behavior segmentation offline reinforcement learning | options framework temporal abstraction reinforcement learning | hierarchical reinforcement learning options subgoals initiation termination,search-papers,true,62,30.714,0.9713907856994539,A2,metadata-inspected,pending,,,pending,triaged,primary_assignment,A2/assigned-papers.json | A2/assigned-registry-inspected.json | A2/assigned-registry-inspected.jsonl | A2/canonical-pool.json | A2/canonical-pool.jsonl | A2/expansion-pool.json | A2/expansion-pool.jsonl | A2/raw/q04-direct.json | A2/raw/q07-synonyms.json | A2/raw/q31-options.json | A2/raw/q32-hierarchical-rl.json,A2/assigned-abstracts.jsonl | A2/triage.jsonl,complete,2
Realizable Abstractions: Near-Optimal Hierarchical Reinforcement Learning,arxiv:2512.04958,"The main focus of Hierarchical Reinforcement Learning (HRL) is studying how large Markov Decision Processes (MDPs) can be more efficiently solved when addressed in a modular way, by combining partial solutions computed for smaller subtasks. Despite their very intuitive role for learning, most notions of MDP abstractions proposed in the HRL literature have limited expressive power or do not possess formal efficiency guarantees. This work addresses these fundamental issues by defining Realizable Abstractions, a new relation between generic low-level MDPs and their associated high-level decision processes. The notion we propose avoids non-Markovianity issues and has desirable near-optimality guarantees. Indeed, we show that any abstract policy for Realizable Abstractions can be translated into near-optimal policies for the low-level MDP, through a suitable composition of options. As demonstrated in the paper, these options can be expressed as solutions of specific constrained MDPs. Based on these findings, we propose RARL, a new HRL algorithm that returns compositional and near-optimal low-level policies, taking advantage of the Realizable Abstraction given in the input. We show that RARL is Probably Approximately Correct, it converges in a polynomial number of samples, and it is robust to inaccuracies in the abstraction.",high,A2,expansion_round_1,"Finds event, phase, or subtask boundaries by modeling temporal changes in observations, dynamics, language, or latent sequence variables.","The mechanism can turn long robot experience into reusable training units, skill memories, or better-conditioned policy targets.",true,,2025,arxiv:2512.04958,,,,,,,,,0.021408711770157553,A2,,,,,,triaged,expansion_round_1,A2/expansion-pool.json | A2/expansion-pool.jsonl,A2/expansion-triage.jsonl,complete,1
ReinforceGen: Hybrid Skill Policies with Automated Data Generation and Reinforcement Learning,arxiv:2512.16861,"Long-horizon manipulation has been a long-standing challenge in the robotics community. We propose ReinforceGen, a system that combines task decomposition, data generation, imitation learning, and motion planning to form an initial solution, and improves each component through reinforcement-learning-based fine-tuning. ReinforceGen first segments the task into multiple localized skills, which are connected through motion planning. The skills and motion planning targets are trained with imitation learning on a dataset generated from 10 human demonstrations, and then fine-tuned through online adaptation and reinforcement learning. When benchmarked on the Robosuite dataset, ReinforceGen reaches 80% success rate on all tasks with visuomotor controls in the highest reset range setting. Additional ablation studies show that our fine-tuning approaches contribute to an 89% average performance increase. Finally, ReinforceGen demonstrates significant improvement through fine-tuning in our real-world evaluations. More results and videos are available at https://reinforcegen.github.io.",high,A2,primary_assignment,Detects or learns semantically meaningful trajectory segments and uses them as variable-horizon action chunks or keypose-to-keypose control targets.,"Boundary and horizon choices determine the training unit, feedback latency, credit assignment, and compounding-error exposure in long-horizon robot learning.",true,"Zihan Zhou, Animesh Garg, Ajay Mandlekar, Caelan Garrett",2025,arxiv:2512.16861,arxiv:2512.16861,93876876639071929,cs.RO | cs.AI | cs.LG,event boundary errors skill segmentation downstream policy performance,search-papers,false,69,30.313,0.691309826873943,A2,metadata-inspected,pending,,,pending,triaged,primary_assignment,A2/assigned-papers.json | A2/assigned-registry-inspected.json | A2/assigned-registry-inspected.jsonl | A2/canonical-pool.json | A2/canonical-pool.jsonl | A2/raw/q22-boundary-errors.json,A2/assigned-abstracts.jsonl | A2/triage.jsonl,complete,2
Learning Semantic Atomic Skills for Multi-Task Robotic Manipulation,arxiv:2512.18368,"Scaling imitation learning to diverse multi-task robot manipulation remains challenging due to suboptimal demonstrations, behavioral multi-modality, and destructive interference across tasks. While skill-based methods offer a promising direction by decomposing behaviors into reusable abstractions, existing approaches often learn skills that are either biased toward linguistic structure or lack semantic alignment across tasks, limiting generalization. In this work, we propose AtomSkill, a novel framework that learns a semantically aligned Atomic Skill Space from demonstrations and enables robust long-horizon execution through keypose imagination. Our method introduces: (1) semantic contrastive skill alignment, which partitions demonstrations into variable-length atomic skills and employs a contrastive objective to jointly enforce semantic consistency and temporal coherence, yielding a compact and reusable skill library; and (2) action decoding with keypose imagining, where the policy predicts both a skill's terminal keypose and immediate actions, thereby supporting progress-aware skill transitions. During inference, an atomic skill diffusion sampler generates plausible skill sequences, while predicted keyposes autonomously trigger smooth skill chaining. Extensive experiments in simulation and real-world settings show that AtomSkill consistently outperforms state-of-the-art imitation learning and skill-based baselines. Project page: https://atom-skill.github.io.",high,A2,primary_assignment,Predicts or executes temporally extended action sequences or keypose-conditioned chunks to trade feedback frequency against longer-horizon control.,"Boundary and horizon choices determine the training unit, feedback latency, credit assignment, and compounding-error exposure in long-horizon robot learning.",true,"Yihang Zhu, Weiqing Wang, Shijie Wu, Ye Shi, Jingya Wang",2025,arxiv:2512.18368,arxiv:2512.18368,5990148641765362197,cs.RO,contrastive temporal distance skill boundary detection robotics | 2025 2026 long horizon robot manipulation temporal abstraction action chunks,search-papers,false,26,32.897,0.9496693674025232,A2,metadata-inspected,pending,false,,pending,triaged,primary_assignment,A1/paper-registry-complete.json | A1/paper-registry.json | A1/raw/q18-phase.json | A2/assigned-papers.json | A2/assigned-registry-inspected.json | A2/assigned-registry-inspected.jsonl | A2/canonical-pool.json | A2/canonical-pool.jsonl | A2/raw/q14-contrastive.json | A2/raw/q43-2025-2026-long-horizon.json | A7/raw/q33-recent-longtail.json | A7/work/paper-registry.json | A7/work/paper-registry.jsonl | A7/work/verified-paper-registry.json | A7/work/verified-paper-registry.jsonl,A2/assigned-abstracts.jsonl | A2/triage.jsonl,complete,2
Act2Goal: From World Model To General Goal-conditioned Policy,arxiv:2512.23541,"Specifying robotic manipulation tasks in a manner that is both expressive and precise remains a central challenge. While visual goals provide a compact and unambiguous task specification, existing goal-conditioned policies often struggle with long-horizon manipulation due to their reliance on single-step action prediction without explicit modeling of task progress. We propose Act2Goal, a general goal-conditioned manipulation policy that integrates a goal-conditioned visual world model with multi-scale temporal control. Given a current observation and a target visual goal, the world model generates a plausible sequence of intermediate visual states that captures long-horizon structure. To translate this visual plan into robust execution, we introduce Multi-Scale Temporal Hashing (MSTH), which decomposes the imagined trajectory into dense proximal frames for fine-grained closed-loop control and sparse distal frames that anchor global task consistency. The policy couples these representations with motor control through end-to-end cross-attention, enabling coherent long-horizon behavior while remaining reactive to local disturbances. Act2Goal achieves strong zero-shot generalization to novel objects, spatial layouts, and environments. We further enable reward-free online adaptation through hindsight goal relabeling with LoRA-based finetuning, allowing rapid autonomous improvement without external supervision. Real-robot experiments demonstrate that Act2Goal improves success rates from 30% to 90% on challenging out-of-distribution tasks within minutes of autonomous interaction, validating that goal-conditioned world models with multi-scale temporal control provide structured guidance necessary for robust long-horizon manipulation. Project page: https://act2goal.github.io/",high,A2,primary_assignment,Predicts or executes temporally extended action sequences or keypose-conditioned chunks to trade feedback frequency against longer-horizon control.,"Boundary and horizon choices determine the training unit, feedback latency, credit assignment, and compounding-error exposure in long-horizon robot learning.",true,"Pengfei Zhou, Liliang Chen, Shengcong Chen, Di Chen, Wenzhi Zhao, Rongjun Jin, Guanghui Ren, Jianlan Luo",2025,arxiv:2512.23541,arxiv:2512.23541,3434422876818543608,cs.RO | cs.AI,2025 2026 long horizon robot manipulation temporal abstraction action chunks,search-papers,false,29,32.792,0.9392035026199311,A2,metadata-inspected,pending,,,pending,triaged,primary_assignment,A2/assigned-papers.json | A2/assigned-registry-inspected.json | A2/assigned-registry-inspected.jsonl | A2/canonical-pool.json | A2/canonical-pool.jsonl | A2/raw/q43-2025-2026-long-horizon.json,A2/assigned-abstracts.jsonl | A2/triage.jsonl,complete,2
DemoBot: Efficient Learning of Bimanual Manipulation with Dexterous Hands From Third-Person Human Videos,arxiv:2601.01651,"This work presents DemoBot, a learning framework that enables a dual-arm, multi-finger robotic system to acquire complex manipulation skills from a single unannotated RGB-D video demonstration. The method extracts structured motion trajectories of both hands and objects from raw video data. These trajectories serve as motion priors for a novel reinforcement learning (RL) pipeline that learns to refine them through contact-rich interactions, thereby eliminating the need to learn from scratch. To address the challenge of learning long-horizon manipulation skills, we introduce: (1) Temporal-segment based RL to enforce temporal alignment of the current state with demonstrations; (2) Success-Gated Reset strategy to balance the refinement of readily acquired skills and the exploration of subsequent task stages; and (3) Event-Driven Reward curriculum with adaptive thresholding to guide the RL learning of high-precision manipulation. The novel video processing and RL framework successfully achieved long-horizon synchronous and asynchronous bimanual assembly tasks, offering a scalable approach for direct skill acquisition from human videos.",high,A2,primary_assignment,Detects or learns semantically meaningful trajectory segments and uses them as variable-horizon action chunks or keypose-to-keypose control targets.,"Boundary and horizon choices determine the training unit, feedback latency, credit assignment, and compounding-error exposure in long-horizon robot learning.",true,"Yucheng Xu, Xiaofeng Mao, Elle Miller, Xinyu Yi, Yang Li, Zhibin Li, Robert B. Fisher",2026,arxiv:2601.01651,arxiv:2601.01651,5576374471582489225,cs.RO,dynamic time warping temporal alignment segmentation robot manipulation trajectories,search-papers,false,10,33.721,0.7920785167252805,A2,metadata-inspected,pending,,unverified-abstract-only,pending,triaged,primary_assignment,A1/paper-registry-complete.json | A1/paper-registry.json | A1/raw/q01-direct.json | A1/raw/q09-foundational-robot.json | A2/assigned-papers.json | A2/assigned-registry-inspected.json | A2/assigned-registry-inspected.jsonl | A2/canonical-pool.json | A2/canonical-pool.jsonl | A2/raw/q13-dtw.json | A5/canonical-pool.jsonl | A5/paper-registry.json | A5/raw/q02-direct-curriculum.json,A2/assigned-abstracts.jsonl | A2/triage.jsonl,complete,2
Evolving Programmatic Skill Networks,arxiv:2601.03509,"We study continual skill acquisition in open-ended embodied environments where an agent must construct, refine, and reuse an expanding library of executable skills. We introduce the Programmatic Skill Network (PSN), a framework in which skills are executable symbolic programs forming a compositional network that evolves through experience. PSN defines three core mechanisms instantiated via large language models: (1) for structured fault localization over skill compositions, (2) progressive optimization with maturity-aware update gating that stabilizes reliable skills while maintaining plasticity for uncertain ones, and (3) canonical structural refactoring under rollback validation that maintains network compactness. We further show that PSN's learning dynamics exhibit structural parallels to neural network training. Experiments on MineDojo and Crafter demonstrate robust skill reuse, rapid adaptation, and strong generalization across open-ended task distributions.",high,A2,expansion_round_1,Discovers reusable temporal structure in sequential experience for downstream decision making or policy learning.,"The mechanism can turn long robot experience into reusable training units, skill memories, or better-conditioned policy targets.",true,,2026,arxiv:2601.03509,,,,,,,,,0.022379032258064514,A2,,,,,,triaged,expansion_round_1,A2/expansion-pool.json | A2/expansion-pool.jsonl,A2/expansion-triage.jsonl,complete,1
PALM: Progress-Aware Policy Learning via Affordance Reasoning for Long-Horizon Robotic Manipulation,arxiv:2601.07060,"Recent advancements in vision-language-action (VLA) models have shown promise in robotic manipulation, yet they continue to struggle with long-horizon, multi-step tasks. Existing methods lack internal reasoning mechanisms that can identify task-relevant interaction cues or track progress within a subtask, leading to critical execution errors such as repeated actions, missed steps, and premature termination. To address these challenges, we introduce PALM, a VLA framework that structures policy learning around interaction-centric affordance reasoning and subtask progress cues. PALM distills complementary affordance representations that capture object relevance, contact geometry, spatial placements, and motion dynamics, and serve as task-relevant anchors for visuomotor control. To further stabilize long-horizon execution, PALM predicts continuous within-subtask progress, enabling seamless subtask transitions. Across extensive simulation and real-world experiments, PALM consistently outperforms baselines, achieving a 91.8% success rate on LIBERO-LONG, a 12.5% improvement in average length on CALVIN ABC->D, and a 2x improvement over real-world baselines across three long-horizon generalization settings.",high,A2,primary_assignment,Detects or learns semantically meaningful trajectory segments and uses them as variable-horizon action chunks or keypose-to-keypose control targets.,"Boundary and horizon choices determine the training unit, feedback latency, credit assignment, and compounding-error exposure in long-horizon robot learning.",true,"Yuanzhe Liu, Jingyuan Zhu, Yuchen Mo, Gen Li, Xu Cao, Jin Jin, Yifan Shen, Zhengyuan Li, Tianjiao Yu, Wenzhen Yuan, Fangqiang Ding, Ismini Lourentzou",2026,arxiv:2601.07060,arxiv:2601.07060,7826101640011028045,cs.RO,2025 2026 long horizon robot manipulation temporal abstraction action chunks,search-papers,false,58,30.84,0.9440119209381783,A2,metadata-inspected,pending,,,pending,triaged,primary_assignment,A1/paper-registry-complete.json | A1/paper-registry.json | A1/raw/q18-phase.json | A2/assigned-papers.json | A2/assigned-registry-inspected.json | A2/assigned-registry-inspected.jsonl | A2/canonical-pool.json | A2/canonical-pool.jsonl | A2/raw/q43-2025-2026-long-horizon.json | A4/expansion/round3/registry.jsonl,A2/assigned-abstracts.jsonl | A2/triage.jsonl,complete,2
CTHA: Constrained Temporal Hierarchical Architecture for Stable Multi-Agent LLM Systems,arxiv:2601.10738,"Recently, multi-time-scale agent architectures have extended the ubiquitous single-loop paradigm by introducing temporal hierarchies with distinct cognitive layers. While yielding substantial performance gains, this diversification fundamentally compromises the coordination stability intrinsic to unified agent systems, which causes severe inter-layer conflicts, unbounded error propagation, and restricted scalability. To address these challenges, we propose Constrained Temporal Hierarchical Architecture (CTHA), a general framework that projects the inter-layer communication space onto structured manifolds to restore coordination stability, while incorporating principled arbitration mechanisms to ensure coherent decision-making. Specifically, CTHA enforces three key constraints: (1) Message Contract Constraints that formalize information flow between layers via typed summary, plan, and policy packets; (2) Authority Manifold Constraints that bound each layer's decision space according to its temporal scope; and (3) Arbiter Resolution Constraints that guarantee conflict-free composition of multi-layer decisions. Empirical experiments demonstrate that CTHA is effective for complex task execution at scale, offering 47% reduction in failure cascades, 2.3x improvement in sample efficiency, and superior scalability compared to unconstrained hierarchical baselines. We anticipate that CTHA, as a principled extension of temporal hierarchies, will contribute to a deeper understanding of multi-agent coordination and suggest promising directions for the evolution of robust autonomous systems.",high,A2,expansion_round_1,Discovers reusable temporal structure in sequential experience for downstream decision making or policy learning.,"The mechanism can turn long robot experience into reusable training units, skill memories, or better-conditioned policy targets.",true,,2026,arxiv:2601.10738,,,,,,,,,0.020496894409937887,A2,,,,,,triaged,expansion_round_1,A2/expansion-pool.json | A2/expansion-pool.jsonl,A2/expansion-triage.jsonl,complete,1
PaperGuide: Making Small Language-Model Paper-Reading Agents More Efficient,arxiv:2601.12988,"The accelerating growth of the scientific literature makes it increasingly difficult for researchers to track new advances through manual reading alone. Recent progress in large language models (LLMs) has therefore spurred interest in autonomous agents that can read scientific papers and extract task-relevant information. However, most existing approaches rely either on heavily engineered prompting or on a conventional SFT-RL training pipeline, both of which often lead to excessive and low-yield exploration. Drawing inspiration from cognitive science, we propose PaperCompass, a framework that mitigates these issues by separating high-level planning from fine-grained execution. PaperCompass first drafts an explicit plan that outlines the intended sequence of actions, and then performs detailed reasoning to instantiate each step by selecting the parameters for the corresponding function calls. To train such behavior, we introduce Draft-and-Follow Policy Optimization (DFPO), a tailored RL method that jointly optimizes both the draft plan and the final solution. DFPO can be viewed as a lightweight form of hierarchical reinforcement learning, aimed at narrowing the `knowing-doing' gap in LLMs. We provide a theoretical analysis that establishes DFPO's favorable optimization properties, supporting a stable and reliable training process. Experiments on paper-based question answering (Paper-QA) benchmarks show that PaperCompass improves efficiency over strong baselines without sacrificing performance, achieving results comparable to much larger models.",high,A2,expansion_round_1,Discovers reusable temporal structure in sequential experience for downstream decision making or policy learning.,The mechanism connects temporal structure to data selection or learning efficiency in the Program A loop.,true,,2026,arxiv:2601.12988,,,,,,,,,0.020219476367406897,A2,,,,,,triaged,expansion_round_1,A2/expansion-pool.json | A2/expansion-pool.jsonl,A2/expansion-triage.jsonl,complete,1
Learning Transferable Skills in Action RPGs via Directed Skill Graphs and Selective Adaptation,arxiv:2601.17923,"Lifelong agents should expand their competence over time without retraining from scratch or overwriting previously learned behaviors. We investigate this in a challenging real-time control setting (Dark Souls III) by representing combat as a directed skill graph and training its components in a hierarchical curriculum. The resulting agent decomposes control into five reusable skills: camera control, target lock-on, movement, dodging, and a heal-attack decision policy, each optimized for a narrow responsibility. This factorization improves sample efficiency by reducing the burden on any single policy and supports selective post-training: when the environment shifts from Phase 1 to Phase 2, only a subset of skills must be adapted, while upstream skills remain transferable. Empirically, we find that targeted fine-tuning of just two skills rapidly recovers performance under a limited interaction budget, suggesting that skill-graph curricula together with selective fine-tuning offer a practical pathway toward evolving, continually learning agents in complex real-time environments.",high,A2,expansion_round_1,"Finds event, phase, or subtask boundaries by modeling temporal changes in observations, dynamics, language, or latent sequence variables.",The mechanism connects temporal structure to data selection or learning efficiency in the Program A loop.,true,,2026,arxiv:2601.17923,,,,,,,,,0.019986449864498643,A2,,,,,,triaged,expansion_round_1,A2/expansion-pool.json | A2/expansion-pool.jsonl,A2/expansion-triage.jsonl,complete,1
APC-RL: Exceeding Data-Driven Behavior Priors with Adaptive Policy Composition,arxiv:2601.19452,"Incorporating demonstration data into reinforcement learning (RL) can greatly accelerate learning, but existing approaches often assume demonstrations are optimal and fully aligned with the target task. In practice, demonstrations are frequently sparse, suboptimal, or misaligned, which can degrade performance when these demonstrations are integrated into RL. We propose Adaptive Policy Composition (APC), a hierarchical model that adaptively composes multiple data-driven Normalizing Flow (NF) priors. Instead of enforcing strict adherence to the priors, APC estimates each prior's applicability to the target task while leveraging them for exploration. Moreover, APC either refines useful priors, or sidesteps misaligned ones when necessary to optimize downstream reward. Across diverse benchmarks, APC accelerates learning when demonstrations are aligned, remains robust under severe misalignment, and leverages suboptimal demonstrations to bootstrap exploration while avoiding performance degradation caused by overly strict adherence to suboptimal demonstrations.",high,A2,expansion_round_1,Discovers reusable temporal structure in sequential experience for downstream decision making or policy learning.,"The mechanism can turn long robot experience into reusable training units, skill memories, or better-conditioned policy targets.",true,,2026,arxiv:2601.19452,arxiv:2601.19452,6723986118301446421,,q03-synonyms,firecrawl research search-papers,,,,0.019759236197592362,A3,,,,,,triaged,expansion_round_1,A2/expansion-pool.json | A2/expansion-pool.jsonl | A3/paper-registry.json | A3/raw/q03-synonyms.txt | A6/expansion/canonical-pool.jsonl | A6/raw-retrieval/q12-mech-offline-failures.json | A6/work/canonical-pool.jsonl,A2/expansion-triage.jsonl,complete,1
Unsupervised Hierarchical Skill Discovery,arxiv:2601.23156,"We consider the problem of unsupervised skill segmentation and hierarchical structure discovery in reinforcement learning. While recent approaches have sought to segment trajectories into reusable skills or options, most rely on action labels, rewards, or handcrafted annotations, limiting their applicability. We propose a method that segments unlabelled trajectories into skills and induces a hierarchical structure over them using a grammar-based approach. The resulting hierarchy captures both low-level behaviours and their composition into higher-level skills. We evaluate our approach in high-dimensional, pixel-based environments, including Craftax and the full, unmodified version of Minecraft. Using metrics for skill segmentation, reuse, and hierarchy quality, we find that our method consistently produces more structured and semantically meaningful hierarchies than existing baselines. Furthermore, as a proof of concept, we demonstrate that these discovered hierarchies accelerate and stabilise learning on downstream reinforcement learning tasks.",high,A2,expansion_round_1,"Finds event, phase, or subtask boundaries by modeling temporal changes in observations, dynamics, language, or latent sequence variables.","The mechanism can turn long robot experience into reusable training units, skill memories, or better-conditioned policy targets.",true,,2026,arxiv:2601.23156,arxiv:2601.23156,4528112332584191501,,episode parsing behavior segmentation offline reinforcement learning | event boundary errors skill segmentation downstream policy performance | 2025 2026 embodied learning trajectory compression skill segmentation,search-papers,false,,,0.9013664124589823,A2,,,,,,triaged,expansion_round_1,A2/canonical-pool.json | A2/canonical-pool.jsonl | A2/expansion-pool.json | A2/expansion-pool.jsonl | A2/raw/q07-synonyms.json | A2/raw/q22-boundary-errors.json | A2/raw/q44-2025-2026-compression.json,A2/expansion-triage.jsonl,complete,1
ZEST: Zero-shot Embodied Skill Transfer for Athletic Robot Control,arxiv:2602.00401,"Achieving robust, human-like whole-body control on humanoid robots for agile, contact-rich behaviors remains a central challenge, demanding heavy per-skill engineering and a brittle process of tuning controllers. We introduce ZEST (Zero-shot Embodied Skill Transfer), a streamlined motion-imitation framework that trains policies via reinforcement learning from diverse sources -- high-fidelity motion capture, noisy monocular video, and non-physics-constrained animation -- and deploys them to hardware zero-shot. ZEST generalizes across behaviors and platforms while avoiding contact labels, reference or observation windows, state estimators, and extensive reward shaping. Its training pipeline combines adaptive sampling, which focuses training on difficult motion segments, and an automatic curriculum using a model-based assistive wrench, together enabling dynamic, long-horizon maneuvers. We further provide a procedure for selecting joint-level gains from approximate analytical armature values for closed-chain actuators, along with a refined model of actuators. Trained entirely in simulation with moderate domain randomization, ZEST demonstrates remarkable generality. On Boston Dynamics' Atlas humanoid, ZEST learns dynamic, multi-contact skills (e.g., army crawl, breakdancing) from motion capture. It transfers expressive dance and scene-interaction skills, such as box-climbing, directly from videos to Atlas and the Unitree G1. Furthermore, it extends across morphologies to the Spot quadruped, enabling acrobatics, such as a continuous backflip, through animation. Together, these results demonstrate robust zero-shot deployment across heterogeneous data sources and embodiments, establishing ZEST as a scalable interface between biological movements and their robotic counterparts.",high,A2,primary_assignment,Detects or learns semantically meaningful trajectory segments and uses them as variable-horizon action chunks or keypose-to-keypose control targets.,"Boundary and horizon choices determine the training unit, feedback latency, credit assignment, and compounding-error exposure in long-horizon robot learning.",true,"Jean Pierre Sleiman, He Li, Alphonsus Adu-Bredu, Robin Deits, Arun Kumar, Kevin Bergamin, Mohak Bhardwaj, Scott Biddlestone, Nicola Burger, Matthew A. Estrada, Francesco Iacobelli, Twan Koolen, Alexander Lambert, Erica Lin, M. Eva Mungai, Zach Nobles, Shane Rozen-Levy, Yuyao Shi, Jiashun Wang, Jakob Welner, Fangzhou Yu, Mike Zhang, Alfred Rizzi, Jessica Hodgins, Sylvain Bertrand, Yeuhi Abe, Scott Kuindersma, Farbod Farshidian",2026,arxiv:2602.00401,arxiv:2602.00401,4458421285252954194,cs.RO | cs.AI,2025 2026 embodied learning trajectory compression skill segmentation,search-papers,false,64,30.698,0.7298279809271193,A2,metadata-inspected,pending,,,pending,triaged,primary_assignment,A2/assigned-papers.json | A2/assigned-registry-inspected.json | A2/assigned-registry-inspected.jsonl | A2/canonical-pool.json | A2/canonical-pool.jsonl | A2/raw/q44-2025-2026-compression.json,A2/assigned-abstracts.jsonl | A2/triage.jsonl,complete,2
Chain-of-Goals Hierarchical Policy for Long-Horizon Offline Goal-Conditioned RL,arxiv:2602.03389,"Offline goal-conditioned reinforcement learning remains challenging for long-horizon tasks. While hierarchical approaches mitigate this issue by decomposing tasks, most existing methods rely on separate high- and low-level networks and generate only a single intermediate subgoal, leaving several structural limitations in long-horizon decision-making. To address this limitation, we draw inspiration from chain-of-thought reasoning and propose the Chain-of-Goals Hierarchical Policy (CoGHP), a novel framework that reformulates hierarchical decision-making as autoregressive sequence modeling within a unified architecture. Given a state and a final goal, CoGHP autoregressively generates a sequence of latent subgoals followed by the primitive action, where each latent subgoal acts as a reasoning step that conditions subsequent predictions. To implement this efficiently, we introduce an MLP-Mixer backbone, which supports cross-token communication and captures structural relationships among state, goal, latent subgoals, and action. Across challenging navigation and manipulation benchmarks, CoGHP consistently outperforms strong offline baselines, demonstrating improved performance on long-horizon tasks. Project page: https://wlsdn9350.github.io/projects/coghp/",high,A2,expansion_round_1,"Encodes or selects compact trajectory segments or latent plans so sequential experience can be retrieved, recombined, or reused.","The mechanism can turn long robot experience into reusable training units, skill memories, or better-conditioned policy targets.",true,,2026,arxiv:2602.03389,,,,,,,,,0.021364634352305352,A2,,,,,,triaged,expansion_round_1,A2/expansion-pool.json | A2/expansion-pool.jsonl,A2/expansion-triage.jsonl,complete,1
"Mimic Intent, Not Just Trajectories",arxiv:2602.08602,"While imitation learning (IL) has achieved impressive success in dexterous manipulation through generative modeling and pretraining, state-of-the-art approaches like Vision-Language-Action (VLA) models still struggle with adaptation to environmental changes and skill transfer. We argue this stems from mimicking raw trajectories without understanding the underlying intent. To address this, we propose explicitly disentangling behavior intent from execution details in end-2-end IL: Mimic Intent, Not just Trajectories(MINT). We achieve this via multi-scale frequency-space tokenization, which enforces a spectral decomposition of action chunk representation. We learn action tokens with a multi-scale coarse-to-fine structure, and force the coarsest token to capture low-frequency global structure and finer tokens to encode high-frequency details. This yields an abstract Intent token that facilitates planning and transfer, and multi-scale Execution tokens that enable precise adaptation to environmental dynamics. Building on this hierarchy, our policy generates trajectories through next-scale autoregression, performing progressive intent-to-execution reasoning, thus boosting learning efficiency and generalization. Crucially, this disentanglement enables one-shot transfer of skills, by simply injecting the Intent token from a demonstration into the autoregressive generation process. Experiments on several manipulation benchmarks and on a real robot demonstrate state-of-the-art success rates, superior inference efficiency, robust generalization against disturbances, and effective one-shot transfer.",high,A2,primary_assignment,Predicts or executes temporally extended action sequences or keypose-conditioned chunks to trade feedback frequency against longer-horizon control.,"Boundary and horizon choices determine the training unit, feedback latency, credit assignment, and compounding-error exposure in long-horizon robot learning.",true,"Renming Huang, Chendong Zeng, Wenjing Tang, Jintian Cai, Cewu Lu, Panpan Cai",2026,arxiv:2602.08602,arxiv:2602.08602,4779211215264620461,cs.RO,behavioral cloning action chunking robot imitation learning foundational | 2025 2026 embodied learning trajectory compression skill segmentation,search-papers,true,54,30.949,0.9149009549929797,A2,metadata-inspected,pending,false,,pending,triaged,primary_assignment,A2/assigned-papers.json | A2/assigned-registry-inspected.json | A2/assigned-registry-inspected.jsonl | A2/canonical-pool.json | A2/canonical-pool.jsonl | A2/raw/q36-bc-chunking.json | A2/raw/q44-2025-2026-compression.json | A7/raw/q33-recent-longtail.json | A7/work/paper-registry.json | A7/work/paper-registry.jsonl | A7/work/verified-paper-registry.json | A7/work/verified-paper-registry.jsonl,A2/assigned-abstracts.jsonl | A2/triage.jsonl,complete,2
RoboSubtaskNet: Temporal Sub-task Segmentation for Human-to-Robot Skill Transfer in Real-World Environments,arxiv:2602.10015,"Temporally locating and classifying fine-grained sub-task segments in long, untrimmed videos is crucial to safe human-robot collaboration. Unlike generic activity recognition, collaborative manipulation requires sub-task labels that are directly robot-executable. We present RoboSubtaskNet, a multi-stage human-to-robot sub-task segmentation framework that couples attention-enhanced I3D features (RGB plus optical flow) with a modified MS-TCN employing a Fibonacci dilation schedule to capture better short-horizon transitions such as reach-pick-place. The network is trained with a composite objective comprising cross-entropy and temporal regularizers (truncated MSE and a transition-aware term) to reduce over-segmentation and to encourage valid sub-task progressions. To close the gap between vision benchmarks and control, we introduce RoboSubtask, a dataset of healthcare and industrial demonstrations annotated at the sub-task level and designed for deterministic mapping to manipulator primitives. Empirically, RoboSubtaskNet outperforms MS-TCN and MS-TCN++ on GTEA and our RoboSubtask benchmark (boundary-sensitive and sequence metrics), while remaining competitive on the long-horizon Breakfast benchmark. Specifically, RoboSubtaskNet attains F1 @ 50 = 79.5%, Edit = 88.6%, Acc = 78.9% on GTEA; F1 @ 50 = 30.4%, Edit = 52.0%, Acc = 53.5% on Breakfast; and F1 @ 50 = 94.2%, Edit = 95.6%, Acc = 92.2% on RoboSubtask. We further validate the full perception-to-execution pipeline on a 7-DoF Kinova Gen3 manipulator, achieving reliable end-to-end behavior in physical trials (overall task success approx 91.25%). These results demonstrate a practical path from sub-task level video understanding to deployed robotic manipulation in real-world settings.",high,A2,primary_assignment,Detects or learns semantically meaningful trajectory segments and uses them as variable-horizon action chunks or keypose-to-keypose control targets.,"Boundary and horizon choices determine the training unit, feedback latency, credit assignment, and compounding-error exposure in long-horizon robot learning.",true,"Dharmendra Sharma, Archit Sharma, John Rebeiro, Vaibhav Kesharwani, Peeyush Thakur, Narendra Kumar Dhar, Laxmidhar Behera",2026,arxiv:2602.10015,arxiv:2602.10015,1127395604226589344,cs.RO | cs.AI,robot manipulation demonstration segmentation subtask boundaries temporally extended actions | skill segmentation motion primitives robot demonstrations change point detection | contrastive temporal distance skill boundary detection robotics | event boundary errors skill segmentation downstream policy performance | 2026 robot learning event boundaries temporal segmentation action chunk,search-papers,false,7,34.285,0.9684767772459986,A2,metadata-inspected,pending,,,pending,triaged,primary_assignment,A2/assigned-papers.json | A2/assigned-registry-inspected.json | A2/assigned-registry-inspected.jsonl | A2/canonical-pool.json | A2/canonical-pool.jsonl | A2/raw/q02-direct.json | A2/raw/q05-synonyms.json | A2/raw/q14-contrastive.json | A2/raw/q22-boundary-errors.json | A2/raw/q45-2026-boundaries.json,A2/assigned-abstracts.jsonl | A2/triage.jsonl,complete,2
Enabling Option Learning in Sparse Rewards with Hindsight Experience Replay,arxiv:2602.13865,"Hierarchical Reinforcement Learning (HRL) frameworks like Option-Critic (OC) and Multi-updates Option Critic (MOC) have introduced significant advancements in learning reusable options. However, these methods underperform in multi-goal environments with sparse rewards, where actions must be linked to temporally distant outcomes. To address this limitation, we first propose MOC-HER, which integrates the Hindsight Experience Replay (HER) mechanism into the MOC framework. By relabeling goals from achieved outcomes, MOC-HER can solve sparse reward environments that are intractable for the original MOC. However, this approach is insufficient for object manipulation tasks, where the reward depends on the object reaching the goal rather than on the agent's direct interaction. This makes it extremely difficult for HRL agents to discover how to interact with these objects. To overcome this issue, we introduce Dual Objectives Hindsight Experience Replay (2HER), a novel extension that creates two sets of virtual goals. In addition to relabeling goals based on the object's final state (standard HER), 2HER also generates goals from the agent's effector positions, rewarding the agent for both interacting with the object and completing the task. Experimental results in robotic manipulation environments show that MOC-2HER achieves success rates of up to 90%, compared to less than 11% for both MOC and MOC-HER. These results highlight the effectiveness of our dual objective relabeling strategy in sparse reward, multi-goal tasks.",high,A2,expansion_round_1,Discovers reusable temporal structure in sequential experience for downstream decision making or policy learning.,"The mechanism can turn long robot experience into reusable training units, skill memories, or better-conditioned policy targets.",true,,2026,arxiv:2602.13865,arxiv:2602.13865,paper:3050276477997493044,,49,search-papers,foundational,,,0.022043160137075114,A2,,not-inspected,,unverified-abstract-only,not-inspected,triaged,expansion_round_1,A2/expansion-pool.json | A2/expansion-pool.jsonl | A5/canonical-pool.jsonl | A5/paper-registry.json | A6/raw-retrieval/q10-mech-hindsight.json | A6/raw-retrieval/q28-found-her.json | A6/work/canonical-pool.jsonl,A2/expansion-triage.jsonl,complete,1
SparTa: Sparse Graphical Task Models from a Handful of Demonstrations,arxiv:2602.16911,"Learning long-horizon manipulation tasks efficiently is a central challenge in robot learning from demonstration. Unlike recent endeavors that focus on directly learning the task in the action domain, we focus on inferring what the robot should achieve in the task, rather than how to do so. To this end, we represent evolving scene states using a series of graphical object relationships. We propose a demonstration segmentation and pooling approach that extracts a series of manipulation graphs and estimates distributions over object states across task phases. In contrast to prior graph-based methods that capture only partial interactions or short temporal windows, our approach captures complete object interactions spanning from the onset of control to the end of the manipulation. To improve robustness when learning from multiple demonstrations, we additionally perform object matching using pre-trained visual features. In extensive experiments, we evaluate our method's demonstration segmentation accuracy and the utility of learning from multiple demonstrations for finding a desired minimal task model. Finally, we deploy the fitted models both in simulation and on a real robot, demonstrating that the resulting task representations support reliable execution across environments.",high,A2,primary_assignment,Detects or learns semantically meaningful trajectory segments and uses them as variable-horizon action chunks or keypose-to-keypose control targets.,"Boundary and horizon choices determine the training unit, feedback latency, credit assignment, and compounding-error exposure in long-horizon robot learning.",true,"Adrian Röfer, Nick Heppert, Abhinav Valada",2026,arxiv:2602.16911,arxiv:2602.16911,6750532058461697117,cs.RO,robot learning trajectory segmentation event boundaries action sequences | robot manipulation demonstration segmentation subtask boundaries temporally extended actions | learning to segment demonstrations programming by demonstration | 2026 robot learning event boundaries temporal segmentation action chunk,search-papers,false,79,25.008,0.9608342772032357,A2,metadata-inspected,pending,,,pending,triaged,primary_assignment,A2/assigned-papers.json | A2/assigned-registry-inspected.json | A2/assigned-registry-inspected.jsonl | A2/canonical-pool.json | A2/canonical-pool.jsonl | A2/raw/q01-direct.json | A2/raw/q02-direct.json | A2/raw/q29-programming-by-demo.json | A2/raw/q45-2026-boundaries.json | A4/expansion/round3/registry.jsonl | A8/raw/q27-recent.json | A8/work/canonical-pool.jsonl,A2/assigned-abstracts.jsonl | A2/triage.jsonl,complete,2
In-Context Planning with Latent Temporal Abstractions,arxiv:2602.18694,"Planning-based reinforcement learning for continuous control is bottlenecked by two practical issues: planning at primitive time scales leads to prohibitive branching and long horizons, while real environments are frequently partially observable and exhibit regime shifts that invalidate stationary, fully observed dynamics assumptions. We introduce I-TAP (In-Context Latent Temporal-Abstraction Planner), an offline RL framework that unifies in-context adaptation with online planning in a learned discrete temporal-abstraction space. From offline trajectories, I-TAP learns an observation-conditioned residual-quantization VAE that compresses each observation-macro-action segment into a coarse-to-fine stack of discrete residual tokens, and a temporal Transformer that autoregressively predicts these token stacks from a short recent history. The resulting sequence model acts simultaneously as a context-conditioned prior over abstract actions and a latent dynamics model. At test time, I-TAP performs Monte Carlo Tree Search directly in token space, using short histories for implicit adaptation without gradient update, and decodes selected token stacks into executable actions. Across deterministic MuJoCo, stochastic MuJoCo with per-episode latent dynamics regimes, and high-dimensional Adroit manipulation, including partially observable variants, I-TAP consistently matches or outperforms strong model-free and model-based offline baselines, demonstrating efficient and robust in-context planning under stochastic dynamics and partial observability.",high,A2,primary_assignment,Detects or learns semantically meaningful trajectory segments and uses them as variable-horizon action chunks or keypose-to-keypose control targets.,"Boundary and horizon choices determine the training unit, feedback latency, credit assignment, and compounding-error exposure in long-horizon robot learning.",true,"Baiting Luo, Yunuo Zhang, Nathaniel S. Keplinger, Samir Gupta, Abhishek Dubey, Ayan Mukhopadhyay",2026,arxiv:2602.18694,arxiv:2602.18694,6920404906628831865,cs.LG | cs.AI,macro-actions options skills temporal abstraction sequential robot control,search-papers,false,45,31.633,0.9433475746920261,A2,metadata-inspected,pending,,,pending,triaged,primary_assignment,A2/assigned-papers.json | A2/assigned-registry-inspected.json | A2/assigned-registry-inspected.jsonl | A2/canonical-pool.json | A2/canonical-pool.jsonl | A2/raw/q08-synonyms.json,A2/assigned-abstracts.jsonl | A2/triage.jsonl,complete,2
Compositional Planning with Jumpy World Models,arxiv:2602.19634,"The ability to plan with temporal abstractions is central to intelligent decision-making. Rather than reasoning over primitive actions, we study agents that compose pre-trained policies as temporally extended actions, enabling solutions to complex tasks that no constituent alone can solve. Such compositional planning remains elusive as compounding errors in long-horizon predictions make it challenging to estimate the visitation distribution induced by sequencing policies. Motivated by the geometric policy composition framework introduced in arXiv:2206.08736, we address these challenges by learning predictive models of multi-step dynamics -- so-called jumpy world models -- that capture state occupancies induced by pre-trained policies across multiple timescales in an off-policy manner. Building on Temporal Difference Flows (arXiv:2503.09817), we enhance these models with a novel consistency objective that aligns predictions across timescales, improving long-horizon predictive accuracy. We further demonstrate how to combine these generative predictions to estimate the value of executing arbitrary sequences of policies over varying timescales. Empirically, we find that compositional planning with jumpy world models significantly improves zero-shot performance across a wide range of base policies on challenging manipulation and navigation tasks, yielding, on average, a 200% relative improvement over planning with primitive actions on long-horizon tasks.",high,A2,expansion_round_1,"Uses temporally extended actions, keyposes, or learned macro-actions to expose multi-step structure while retaining feedback or planning control.","The mechanism can turn long robot experience into reusable training units, skill memories, or better-conditioned policy targets.",true,,2026,arxiv:2602.19634,,,,,,,,,0.021418568251091525,A2,,,,,,triaged,expansion_round_1,A2/expansion-pool.json | A2/expansion-pool.jsonl,A2/expansion-triage.jsonl,complete,1
FODMP: Fast One-Step Diffusion of Movement Primitives Generation for Time-Dependent Robot Actions,arxiv:2603.24806,"Diffusion models are increasingly used for robot learning, but current designs face a clear trade-off. Action-chunking diffusion policies like ManiCM are fast to run, yet they only predict short segments of motion. This makes them reactive, but unable to capture time-dependent motion primitives, such as following a spring-damper-like behavior with built-in dynamic profiles of acceleration and deceleration. Recently, Movement Primitive Diffusion (MPD) partially addresses this limitation by parameterizing full trajectories using Probabilistic Dynamic Movement Primitives (ProDMPs), thereby enabling the generation of temporally structured motions. Nevertheless, MPD integrates the motion decoder directly into a multi-step diffusion process, resulting in prohibitively high inference latency that limits its applicability in real-time control settings. We propose FODMP (Fast One-step Diffusion of Movement Primitives), a new framework that distills diffusion models into the ProDMPs trajectory parameter space and generates motion using a single-step decoder. FODMP retains the temporal structure of movement primitives while eliminating the inference bottleneck through single-step consistency distillation. This enables robots to execute time-dependent primitives at high inference speed, suitable for closed-loop vision-based control. On standard manipulation benchmarks (MetaWorld, ManiSkill), FODMP runs up to 10 times faster than MPD and 7 times faster than action-chunking diffusion policies, while matching or exceeding their success rates. Beyond speed, by generating fast acceleration-deceleration motion primitives, FODMP allows the robot to intercept and securely catch a fast-flying ball, whereas action-chunking diffusion policy and MPD respond too slowly for real-time interception.",high,A2,primary_assignment,Detects or learns semantically meaningful trajectory segments and uses them as variable-horizon action chunks or keypose-to-keypose control targets.,"Boundary and horizon choices determine the training unit, feedback latency, credit assignment, and compounding-error exposure in long-horizon robot learning.",true,"Xirui Shi, Arya Ebrahimi, Yi Hu, Jun Jin",2026,arxiv:2603.24806,arxiv:2603.24806,4886484691839909170,cs.RO | cs.AI,temporally abstract actions robot learning action chunks | dynamic movement primitives robot trajectories skill representation | probabilistic movement primitives robot trajectory representation | 2024 robot learning action chunking temporal abstraction trajectory | 2024 2025 diffusion policy action chunking trajectory representation,search-papers,true,51,31.291,0.9490685297470565,A2,metadata-inspected,pending,,,pending,triaged,primary_assignment,A2/assigned-papers.json | A2/assigned-registry-inspected.json | A2/assigned-registry-inspected.jsonl | A2/canonical-pool.json | A2/canonical-pool.jsonl | A2/raw/q04-direct.json | A2/raw/q33-dmp.json | A2/raw/q34-promp.json | A2/raw/q38-2024-action-chunking.json | A2/raw/q41-2024-2025-diffusion.json,A2/assigned-abstracts.jsonl | A2/triage.jsonl,complete,2
Hierarchical Planning with Latent World Models,arxiv:2604.03208,"World models are a promising path to zero-shot embodied control through planning. However, existing world model planners struggle on long-horizon, multi-stage tasks: prediction errors compound and naive search is exponential in the planning horizon. Hierarchy mitigates both by decomposing tasks into shorter, tractable subproblems; yet prior hierarchical approaches either amortize control into task-specific policies (hierarchical RL) or assume low-dimensional states and known dynamics (classical hierarchical MPC). We present Hierarchical Planning with Latent World Models (HWM), an architecture and planning paradigm for hierarchical model predictive control (MPC) directly on visual world models trained solely via next-latent prediction. HWM learns world models at multiple temporal scales within a shared latent space, so predictions from the long-horizon model serve as subgoals for the short-horizon model via latent matching, without task-specific rewards, skill learning, or hierarchical policies. To keep long-horizon search tractable, HWM learns an action encoder that compresses primitive action chunks into latent macro-actions. On real-world Franka manipulation, HWM solves pick-and-place from a single goal image at 70% success vs. 0% for single-level planning. Across simulated push manipulation and maze navigation, HWM consistently improves performance on long-horizon tasks while requiring up to 3x less planning compute.",high,A2,primary_assignment,Predicts or executes temporally extended action sequences or keypose-conditioned chunks to trade feedback frequency against longer-horizon control.,"Boundary and horizon choices determine the training unit, feedback latency, credit assignment, and compounding-error exposure in long-horizon robot learning.",true,"Wancong Zhang, Basile Terver, Artem Zholus, Soham Chitnis, Harsh Sutaria, Mido Assran, Randall Balestriero, Amir Bar, Adrien Bardes, Yann LeCun, Nicolas Ballas",2026,arxiv:2604.03208,arxiv:2604.03208,2141593291315246026,cs.LG,2025 2026 long horizon robot manipulation temporal abstraction action chunks,search-papers,false,70,30.109,0.9508509592212774,A2,metadata-inspected,pending,,,pending,triaged,primary_assignment,A2/assigned-papers.json | A2/assigned-registry-inspected.json | A2/assigned-registry-inspected.jsonl | A2/canonical-pool.json | A2/canonical-pool.jsonl | A2/raw/q43-2025-2026-long-horizon.json,A2/assigned-abstracts.jsonl | A2/triage.jsonl,complete,2
Build on Priors: Vision--Language--Guided Neuro-Symbolic Imitation Learning for Data-Efficient Real-World Robot Manipulation,arxiv:2604.03759,"Enabling robots to learn long-horizon manipulation tasks from a handful of demonstrations remains a central challenge in robotics. Existing neuro-symbolic approaches often rely on hand-crafted symbolic abstractions, semantically labeled trajectories or large demonstration datasets, limiting their scalability and real-world applicability. We present a scalable neuro-symbolic framework that autonomously constructs symbolic planning domains and data-efficient control policies from as few as one to thirty unannotated skill demonstrations, without requiring manual domain engineering. Our method segments demonstrations into skills and employs a Vision-Language Model (VLM) to classify skills and identify equivalent high-level states, enabling automatic construction of a state-transition graph. This graph is processed by an Answer Set Programming solver to synthesize a PDDL planning domain, which an oracle function exploits to isolate the minimal, task-relevant and target relative observation and action spaces for each skill policy. Policies are learned at the control reference level rather than at the raw actuator signal level, yielding a smoother and less noisy learning target. Known controllers can be leveraged for real-world data augmentation by projecting a single demonstration onto other objects in the scene, simultaneously enriching the graph construction process and the dataset for imitation learning. We validate our framework primarily on a real industrial forklift across statistically rigorous manipulation trials, and demonstrate cross-platform generality on a Kinova Gen3 robotic arm across two standard benchmarks. Our results show that grounding control learning, VLM-driven abstraction, and automated planning synthesis into a unified pipeline constitutes a practical path toward scalable, data-efficient, expert-free and interpretable neuro-symbolic robotics.",high,A2,primary_assignment,Detects or learns semantically meaningful trajectory segments and uses them as variable-horizon action chunks or keypose-to-keypose control targets.,"Boundary and horizon choices determine the training unit, feedback latency, credit assignment, and compounding-error exposure in long-horizon robot learning.",true,"Pierrick Lorang, Johannes Huemer, Timothy Duggan, Kai Goebel, Patrik Zips, Matthias Scheutz",2026,arxiv:2604.03759,arxiv:2604.03759,210817887333303671,cs.RO | cs.AI,latent plan discovery trajectory chunks transformer robot learning | subgoal discovery temporal abstraction demonstrations inverse dynamics robotics | learning to segment demonstrations programming by demonstration | 2024 2025 robot data subsequence selection useful trajectories,search-papers,false,67,30.509,0.9109264722644368,A2,metadata-inspected,pending,false,,pending,triaged,primary_assignment,A2/assigned-papers.json | A2/assigned-registry-inspected.json | A2/assigned-registry-inspected.jsonl | A2/canonical-pool.json | A2/canonical-pool.jsonl | A2/raw/q15-latent-plan.json | A2/raw/q16-subgoal.json | A2/raw/q29-programming-by-demo.json | A2/raw/q42-2024-2025-subsequence.json | A6/raw-retrieval/q09-mech-segmentation.json | A6/work/canonical-pool.jsonl | A7/raw/q33-recent-longtail.json | A7/work/paper-registry.json | A7/work/paper-registry.jsonl | A7/work/verified-paper-registry.json | A7/work/verified-paper-registry.jsonl | A8/raw/q05-synonyms.json | A8/work/canonical-pool.jsonl,A2/assigned-abstracts.jsonl | A2/triage.jsonl,complete,2
HiPolicy: Hierarchical Multi-Frequency Action Chunking for Policy Learning,arxiv:2604.06067,"Robotic imitation learning faces a fundamental trade-off between modeling long-horizon dependencies and enabling fine-grained closed-loop control. Existing fixed-frequency action chunking approaches struggle to achieve both. Building on this insight, we propose HiPolicy, a hierarchical multi-frequency action chunking framework that jointly predicts action sequences at different frequencies to capture both coarse high-level plans and precise reactive motions. We extract and fuse hierarchical features from history observations aligned to each frequency for multi-frequency chunk generation, and introduce an entropy-guided execution mechanism that adaptively balances long-horizon planning with fine-grained control based on action uncertainty. Experiments on diverse simulated benchmarks and real-world manipulation tasks show that HiPolicy can be seamlessly integrated into existing 2D and 3D generative policies, delivering consistent improvements in performance while significantly enhancing execution efficiency.",high,A2,primary_assignment,Predicts or executes temporally extended action sequences or keypose-conditioned chunks to trade feedback frequency against longer-horizon control.,"Boundary and horizon choices determine the training unit, feedback latency, credit assignment, and compounding-error exposure in long-horizon robot learning.",true,"Jiyao Zhang, Zimu Han, Junhan Wang, Xionghao Wu, Shihong Lin, Jinzhou Li, Hongwei Fan, Ruihai Wu, Dongjiang Li, Hao Dong",2026,arxiv:2604.06067,arxiv:2604.06067,95093076394801350,cs.RO,temporally abstract actions robot learning action chunks | hierarchical policy action chunking chunk length prediction robot imitation learning | action chunking compounding error temporal horizon imitation learning | behavioral cloning action chunking robot imitation learning foundational | 2025 2026 long horizon robot manipulation temporal abstraction action chunks,search-papers,true,53,31.077,0.9677045353015494,A2,metadata-inspected,pending,,unverified-abstract-only,pending,triaged,primary_assignment,A2/assigned-papers.json | A2/assigned-registry-inspected.json | A2/assigned-registry-inspected.jsonl | A2/canonical-pool.json | A2/canonical-pool.jsonl | A2/raw/q04-direct.json | A2/raw/q11-action-chunking.json | A2/raw/q18-compounding.json | A2/raw/q36-bc-chunking.json | A2/raw/q43-2025-2026-long-horizon.json | A5/canonical-pool.jsonl | A5/paper-registry.json,A2/assigned-abstracts.jsonl | A2/triage.jsonl,complete,2
Long-Horizon Manipulation via Trace-Conditioned VLA Planning,arxiv:2604.21924,"Long-horizon manipulation remains challenging for vision-language-action (VLA) policies: real tasks are multi-step, progress-dependent, and brittle to compounding execution errors. We present LoHo-Manip, a modular framework that scales short-horizon VLA execution to long-horizon instruction following via a dedicated task-management VLM. The manager is decoupled from the executor and is invoked in a receding-horizon manner: given the current observation, it predicts a progress-aware remaining plan that combines (i) a subtask sequence with an explicit done + remaining split as lightweight language memory, and (ii) a visual trace -- a compact 2D keypoint trajectory prompt specifying where to go and what to approach next. The executor VLA is adapted to condition on the rendered trace, thereby turning long-horizon decision-making into repeated local control by following the trace. Crucially, predicting the remaining plan at each step yields an implicit closed loop: failed steps persist in subsequent outputs, and traces update accordingly, enabling automatic continuation and replanning without hand-crafted recovery logic or brittle visual-history buffers. Extensive experiments spanning embodied planning, long-horizon reasoning, trajectory prediction, and end-to-end manipulation in simulation and on a real Franka robot demonstrate strong gains in long-horizon success, robustness, and out-of-distribution generalization. Project page: https://www.liuisabella.com/LoHoManip",high,A2,primary_assignment,Detects or learns semantically meaningful trajectory segments and uses them as variable-horizon action chunks or keypose-to-keypose control targets.,"Boundary and horizon choices determine the training unit, feedback latency, credit assignment, and compounding-error exposure in long-horizon robot learning.",true,"Isabella Liu, An-Chieh Cheng, Rui Yan, Geng Chen, Ri-Zhao Qiu, Xueyan Zou, Sha Yi, Hongxu Yin, Xiaolong Wang, Sifei Liu",2026,arxiv:2604.21924,arxiv:2604.21924,1353556194998635161,cs.RO,2025 2026 long horizon robot manipulation temporal abstraction action chunks,search-papers,false,30,32.792,0.9392035026199311,A2,metadata-inspected,pending,,,pending,triaged,primary_assignment,A2/assigned-papers.json | A2/assigned-registry-inspected.json | A2/assigned-registry-inspected.jsonl | A2/canonical-pool.json | A2/canonical-pool.jsonl | A2/raw/q43-2025-2026-long-horizon.json,A2/assigned-abstracts.jsonl | A2/triage.jsonl,complete,2
Learning from the Best: Smoothness-Driven Metrics for Data Quality in Imitation Learning,arxiv:2604.23000,"In behavioral cloning (BC), policy performance is fundamentally limited by demonstration data quality. Real-world datasets contain trajectories of varying quality due to operator skill differences, teleoperation artifacts, and procedural inconsistencies, yet standard BC treats all demonstrations equally. Existing curation methods require costly policy training in the loop or manual annotation, limiting scalability. We propose RINSE (Ranking and INdexing Smooth Examples), a lightweight framework for scoring demonstrations based on trajectory smoothness that is policy-architecture-agnostic and operates on trajectory data alone, with TED additionally using a phase-boundary/contact signal. Grounded in motor control theory, which establishes smoothness as a hallmark of skilled movement, RINSE uses two complementary metrics: Spectral Arc Length (SAL), a spectral measure of frequency-domain regularity, and Trajectory-Envelope Distance (TED), a spatial measure of contact-aware geometric deviation. We show that smoothness filtering can reduce the conditional action variance of the retained data distribution, with downstream effects that can be amplified by action chunking and compounding error. On RoboMimic benchmarks, SAL filtering achieves 16% higher success using one-sixth of the data. On real-world manipulation, TED filtering achieves 20% improvement with half the data. As a retrieval-stage filter within STRAP on LIBERO-10, RINSE re-ranking improves mean success by 5.6%. As soft weights in Re-Mix domain reweighting, RINSE scores produce domain allocations highly correlated with the learned Re-Mix allocations (Spearman ρ ≥ 0.89). These results support smoothness as a useful quality signal across filtering, retrieval, and reweighting settings, especially in noisy or heterogeneous data regimes.",high,A2,primary_assignment,Detects or learns semantically meaningful trajectory segments and uses them as variable-horizon action chunks or keypose-to-keypose control targets.,"Boundary and horizon choices determine the training unit, feedback latency, credit assignment, and compounding-error exposure in long-horizon robot learning.",true,"Soham Kulkarni, Raayan Dhar, Yuchen Cui",2026,arxiv:2604.23000,arxiv:2604.23000,2575268719407960742,cs.RO,robot demonstration segmentation failure recovery boundary detection | bad trajectory segments removal segmentation data quality robot imitation | event boundary errors skill segmentation downstream policy performance,search-papers,false,18,33.148,0.9347772541971058,A2,metadata-inspected,pending,body-passages-returned,abstract-only-unverified-before-inspection,pending,triaged,primary_assignment,A2/assigned-papers.json | A2/assigned-registry-inspected.json | A2/assigned-registry-inspected.jsonl | A2/canonical-pool.json | A2/canonical-pool.jsonl | A2/raw/q17-failure-boundaries.json | A2/raw/q21-bad-segments.json | A2/raw/q22-boundary-errors.json | A3/assigned-papers.json | A3/evidence-index.json | A3/paper-registry.json | A3/raw/q01-direct.txt | A3/raw/q04-mislabeled.txt | A3/raw/q05-quality-scoring.txt | A3/raw/q06-trajectory-quality.txt | A3/raw/q24-recent-quality.txt | A4/canonical-registry.jsonl | A4/raw/q01-direct.json | A4/raw/q11-help-harm.json | A4/raw/q31-trajectory-rank.json | A5/assigned-papers.json | A5/canonical-pool.jsonl | A5/evidence-ledger.jsonl | A5/inspection-manifest.json | A5/paper-registry.json | A5/raw/q06-syn-bc.json | A5/read-manifest.json | A6/raw-retrieval/q11-mech-quality-weighted.json | A6/raw-retrieval/q18-failure-conditioned-bc.json | A6/raw-retrieval/q31-recent-mixed-quality.json | A6/work/canonical-pool.jsonl,A2/assigned-abstracts.jsonl | A2/triage.jsonl,complete,2
Learning Human-Intention Priors from Large-Scale Human Demonstrations for Robotic Manipulation,arxiv:2604.24681,"Human videos contain rich manipulation priors, but using them for robot learning remains difficult because raw observations entangle scene understanding, human motion, and embodiment-specific action. We introduce MoT-HRA, a hierarchical vision-language-action framework that learns human-intention priors from large-scale human demonstrations. We first curate HA-2.2M, a 2.2M-episode action-language dataset reconstructed from heterogeneous human videos through hand-centric filtering, spatial reconstruction, temporal segmentation, and language alignment. On top of this dataset, MoT-HRA factorizes manipulation into three coupled experts: a vision-language expert predicts an embodiment-agnostic 3D trajectory, an intention expert models MANO-style hand motion as a latent human-motion prior, and a fine expert maps the intention-aware representation to robot action chunks. A shared-attention trunk and read-only key-value transfer allow downstream control to use human priors while limiting interference with upstream representations. Experiments on hand motion generation, simulated manipulation, and real-world robot tasks show that MoT-HRA improves motion plausibility and robust control under distribution shift.",high,A2,primary_assignment,Detects or learns semantically meaningful trajectory segments and uses them as variable-horizon action chunks or keypose-to-keypose control targets.,"Boundary and horizon choices determine the training unit, feedback latency, credit assignment, and compounding-error exposure in long-horizon robot learning.",true,"Yifan Xie, YuAn Wang, Guangyu Chen, Jinkun Liu, Yu Sun, Wenbo Ding",2026,arxiv:2604.24681,arxiv:2604.24681,1609432237952857484,cs.RO,robot learning trajectory segmentation event boundaries action sequences | latent plan discovery trajectory chunks transformer robot learning | 2026 robot learning event boundaries temporal segmentation action chunk,search-papers,false,12,33.492,0.9292351881438593,A2,metadata-inspected,pending,false,unverified-abstract-only,pending,triaged,primary_assignment,A1/paper-registry-complete.json | A1/paper-registry.json | A1/raw/q01-direct.json | A1/raw/q11-human-robot.json | A1/raw/q12-segmentation.json | A1/raw/q15-recent-vla.json | A2/assigned-papers.json | A2/assigned-registry-inspected.json | A2/assigned-registry-inspected.jsonl | A2/canonical-pool.json | A2/canonical-pool.jsonl | A2/raw/q01-direct.json | A2/raw/q15-latent-plan.json | A2/raw/q45-2026-boundaries.json | A4/canonical-registry.jsonl | A4/raw/q30-vla-data.json | A5/canonical-pool.jsonl | A5/paper-registry.json | A7/raw/q07-multitask.json | A7/raw/q12-vla-composition.json | A7/work/paper-registry.json | A7/work/paper-registry.jsonl | A7/work/verified-paper-registry.json | A7/work/verified-paper-registry.jsonl,A2/assigned-abstracts.jsonl | A2/triage.jsonl,complete,2
ATLAS: An Annotation Tool for Long-horizon Robotic Action Segmentation,arxiv:2604.26637,"Annotating long-horizon robotic demonstrations with precise temporal action boundaries is crucial for training and evaluating action segmentation and manipulation policy learning methods. Existing annotation tools, however, are often limited: they are designed primarily for vision-only data, do not natively support synchronized visualization of robot-specific time-series signals (e.g., gripper state or force/torque), or require substantial effort to adapt to different dataset formats. In this paper, we introduce ATLAS, an annotation tool tailored for long-horizon robotic action segmentation. ATLAS provides time-synchronized visualization of multi-modal robotic data, including multi-view video and proprioceptive signals, and supports annotation of action boundaries, action labels, and task outcomes. The tool natively handles widely used robotics dataset formats such as ROS bags and the Reinforcement Learning Dataset (RLDS) format, and provides direct support for specific datasets such as REASSEMBLE. ATLAS can be easily extended to new formats via a modular dataset abstraction layer. Its keyboard-centric interface minimizes annotation effort and improves efficiency. In experiments on a contact-rich assembly task, ATLAS reduced the average per-action annotation time by at least 6% compared to ELAN, while the inclusion of time-series data improved temporal alignment with expert annotations by more than 2.8% and decreased boundary error fivefold compared to vision-only annotation tools.",high,A2,primary_assignment,Detects or learns semantically meaningful trajectory segments and uses them as variable-horizon action chunks or keypose-to-keypose control targets.,"Boundary and horizon choices determine the training unit, feedback latency, credit assignment, and compounding-error exposure in long-horizon robot learning.",true,"Sergej Stanovcic, Daniel Sliwowski, Dongheui Lee",2026,arxiv:2604.26637,arxiv:2604.26637,5609083971534780311,cs.RO | cs.AI,robot learning trajectory segmentation event boundaries action sequences | robot manipulation demonstration segmentation subtask boundaries temporally extended actions | 2026 robot learning event boundaries temporal segmentation action chunk,search-papers,false,21,33.061,0.9661048358408219,A2,metadata-inspected,pending,,,pending,triaged,primary_assignment,A1/paper-registry-complete.json | A1/paper-registry.json | A1/raw/q12-segmentation.json | A2/assigned-papers.json | A2/assigned-registry-inspected.json | A2/assigned-registry-inspected.jsonl | A2/canonical-pool.json | A2/canonical-pool.jsonl | A2/raw/q01-direct.json | A2/raw/q01-direct.txt | A2/raw/q02-direct.json | A2/raw/q45-2026-boundaries.json,A2/assigned-abstracts.jsonl | A2/triage.jsonl,complete,2
ProcVLM: Learning Procedure-Grounded Progress Rewards for Robotic Manipulation,arxiv:2605.08774,"Long-horizon robotic manipulation requires dense feedback that reflects how a task advances through its procedural stages, not merely whether the final outcome is successful. Existing reward models often rely on trajectory-level success labels or time-based interpolation, which can conflate elapsed time with true task progress and therefore fail to capture unfinished steps, stagnation, and failure states. We present ProcVLM, a progress-aware vision-language model that learns procedure-grounded progress as a dense reward signal for manipulation. Rather than deriving progress from terminal outcomes or temporal proxies, ProcVLM grounds progress estimation in procedural structure and intra-stage visual change, and further adopts a reasoning-before-estimation paradigm that infers the remaining atomic actions before estimating task progress. Specifically, we construct this supervision by synthesizing frame-level subtask-semantic annotations, assigning progress budgets according to subtask structure, and distributing each budget based on intra-subtask visual change. To train ProcVLM at scale, we build a standardized procedural supervision synthesis pipeline and construct ProcCorpus-60M from 30 embodied datasets with 60M annotated frames, from which we derive ProcVQA for procedure-aware pretraining, with progress estimation as the central task alongside action segmentation and future planning. Experiments on ProcVQA and reward-model benchmarks show that ProcVLM improves embodied procedural reasoning and yields more discriminative trajectory-internal progress estimates than representative baselines, supporting its use as a dense reward model for downstream reward-guided policy optimization. Project page: https://procvlm.github.io/",high,A2,primary_assignment,Detects or learns semantically meaningful trajectory segments and uses them as variable-horizon action chunks or keypose-to-keypose control targets.,"Boundary and horizon choices determine the training unit, feedback latency, credit assignment, and compounding-error exposure in long-horizon robot learning.",true,"Youhe Feng, Hansen Shi, Haoyang Li, Xinlei Guo, Yang Wang, Chengyang Zhang, Jinkai Zhang, Xiaohan Zhang, Jie Tang, Jing Zhang",2026,arxiv:2605.08774,arxiv:2605.08774,2680903962669207350,cs.RO | cs.LG,robot manipulation demonstration segmentation subtask boundaries temporally extended actions,search-papers,false,24,32.909,0.9109264722644368,A2,metadata-inspected,pending,,,pending,triaged,primary_assignment,A2/assigned-papers.json | A2/assigned-registry-inspected.json | A2/assigned-registry-inspected.jsonl | A2/canonical-pool.json | A2/canonical-pool.jsonl | A2/raw/q02-direct.json,A2/assigned-abstracts.jsonl | A2/triage.jsonl,complete,2
ACSAC: Adaptive Chunk Size Actor-Critic with Causal Transformer Q-Network,arxiv:2605.11009,"Long-horizon, sparse-reward tasks pose a fundamental challenge for reinforcement learning, since single-step TD learning suffers from bootstrapping error accumulation across successive Bellman updates. Actor-critic methods with action chunking address this by operating over temporally extended actions, which reduce the effective horizon, enable fast value backups, and support temporally consistent exploration. However, existing methods rely on a fixed chunk size and therefore cannot adaptively balance reactivity against temporal consistency. A large fixed chunk size reduces responsiveness to new observations, while a small one produces incoherent motions, forcing task-specific tuning of the chunk size. To address this limitation, we propose Adaptive Chunk Size Actor-Critic (ACSAC). ACSAC leverages a causal Transformer critic to evaluate expected returns for action chunks of different sizes. At each chunk boundary, it adaptively selects the chunk size that maximizes the expected return, supporting flexible, state-dependent chunk sizes without task-specific tuning. We prove that the ACSAC Bellman operator is a contraction whose unique fixed point is the action-value function of the adaptive policy. Experiments on OGBench demonstrate that ACSAC achieves state-of-the-art performance on long-horizon, sparse-reward manipulation tasks across both offline RL and offline-to-online RL settings.",high,A2,primary_assignment,Detects or learns semantically meaningful trajectory segments and uses them as variable-horizon action chunks or keypose-to-keypose control targets.,"Boundary and horizon choices determine the training unit, feedback latency, credit assignment, and compounding-error exposure in long-horizon robot learning.",true,"Qian Chen, Junqiao Zhao, Hongtu Zhou, Hang Yu, Yanping Zhao, Chen Ye, Guang Chen",2026,arxiv:2605.11009,arxiv:2605.11009,9140625419916350917,cs.LG | cs.RO,temporally abstract actions robot learning action chunks | 2026 robot learning event boundaries temporal segmentation action chunk,search-papers,false,56,30.909,0.9508509592212774,A2,metadata-inspected,pending,,,pending,triaged,primary_assignment,A2/assigned-papers.json | A2/assigned-registry-inspected.json | A2/assigned-registry-inspected.jsonl | A2/canonical-pool.json | A2/canonical-pool.jsonl | A2/raw/q04-direct.json | A2/raw/q45-2026-boundaries.json,A2/assigned-abstracts.jsonl | A2/triage.jsonl,complete,2
SkiP: When to Skip and When to Refine for Efficient Robot Manipulation,arxiv:2605.15536,"Previous imitation learning policies predict future actions at every control step, whether in smooth motion phases or precise, contact-rich operation phases. This uniform treatment is wasteful: most steps in a manipulation trajectory traverse free space and carry little task-relevant information, while a small fraction of key steps around contacts, grasps, and alignment demand dense, high-resolution prediction. We propose a novel action relabeling mechanism: at each timestep in a skip segment, we replace the behavior cloning target with the action at the entrance of the next key segment, enabling the policy to leap over redundant steps in a single decision. The resulting Skip Policy (SkiP) dynamically leaps over skip segments and intensively refines actions in key segments, within a single unified network requiring no learned skip planner or hierarchical structure. To automatically partition demonstrations into key and skip segments without manual annotation, we introduce Motion Spectrum Keying (MSK), a fast, task-agnostic procedure that detects local motion complexity from action signals. Extensive experiments across 72 simulated manipulation tasks and three real-robot tasks show that SkiP reduces executed steps by 15--40% while matching or improving success rates across various policy backbones. Project page: https://pgq18.github.io/SkiP-page/.",high,A2,primary_assignment,"Localizes event, phase, or subtask boundaries by modeling changes in multimodal observations, dynamics, language, or latent sequence structure.","Boundary and horizon choices determine the training unit, feedback latency, credit assignment, and compounding-error exposure in long-horizon robot learning.",true,"Mingtong Dai, Guanqi Peng, Yongjie Bai, Feng Yan, Chunjie Chen, Lingbo Liu, Liang Lin, Xinyu Wu",2026,arxiv:2605.15536,arxiv:2605.15536,1506467839641839636,cs.RO | cs.AI | cs.CV,robot learning trajectory segmentation event boundaries action sequences | hierarchical policy action chunking chunk length prediction robot imitation learning | bad trajectory segments removal segmentation data quality robot imitation | behavioral cloning action chunking robot imitation learning foundational,search-papers,true,57,30.847,0.9446689335413089,A2,metadata-inspected,pending,,unverified-abstract-only,pending,triaged,primary_assignment,A2/assigned-papers.json | A2/assigned-registry-inspected.json | A2/assigned-registry-inspected.jsonl | A2/canonical-pool.json | A2/canonical-pool.jsonl | A2/raw/q01-direct.json | A2/raw/q11-action-chunking.json | A2/raw/q21-bad-segments.json | A2/raw/q36-bc-chunking.json | A5/canonical-pool.jsonl | A5/paper-registry.json | A6/raw-retrieval/q07-syn-subsequences.json | A6/raw-retrieval/q09-mech-segmentation.json | A6/work/canonical-pool.jsonl,A2/assigned-abstracts.jsonl | A2/triage.jsonl,complete,2
HiMem-WAM: Hierarchical Memory-Gated World Action Models for Robotic Manipulation,arxiv:2606.10363,"World Action Models (WAMs) have emerged as a new powerful paradigm for embodied intelligence, learning action-relevant visual dynamics that significantly enhance generalization and robustness. However, existing WAMs still struggle with task-relevant memory in long-horizon robotic manipulation. To address this, we present HiMem-WAM, a Hierarchical Memory-Gated WAM that integrates motion-centric latent actions, high-level skill latents, and boundary-triggered memory updates. Specifically, we develop a hierarchical latent action framework that jointly learns low-level motion and high-level skill latents, providing structured temporal abstraction. Meanwhile, a boundary-aware memory gate writes compact task states at predicted skill transitions, enabling causal inference without test-time generation of future video or optical flow estimation. Evaluated on LIBERO, LIBERO-PLUS, RMBench and real-world tasks, HiMem-WAM shows that hierarchical latents improve robustness under deployment perturbations, and the memory module substantially benefits memory-dependent long-horizon manipulation.",high,A2,primary_assignment,Detects or learns semantically meaningful trajectory segments and uses them as variable-horizon action chunks or keypose-to-keypose control targets.,"Boundary and horizon choices determine the training unit, feedback latency, credit assignment, and compounding-error exposure in long-horizon robot learning.",true,"Xiaoquan Sun, Ruijian Zhang, Chen Cao, Yihan Sun, Jiahui Chen, Zetian Xu, Bo Chen, Haijier Chen, Zhen Yang, Jiarun Zhu, Yijun Hong, JingZhe Xu, Jingrui Pang, Mingqi Yuan, Jiayu Chen",2026,arxiv:2606.10363,arxiv:2606.10363,2169497373470567944,cs.RO,2025 2026 long horizon robot manipulation temporal abstraction action chunks,search-papers,false,42,31.836,0.9635611345791598,A2,metadata-inspected,pending,,,pending,triaged,primary_assignment,A2/assigned-papers.json | A2/assigned-registry-inspected.json | A2/assigned-registry-inspected.jsonl | A2/canonical-pool.json | A2/canonical-pool.jsonl | A2/raw/q43-2025-2026-long-horizon.json,A2/assigned-abstracts.jsonl | A2/triage.jsonl,complete,2
Perfect Demo Makes Poor Teacher: Learning Robust Alignment from Critical Motion Segments,arxiv:2606.15587,"Expert demonstrations are widely assumed to be the gold standard for robot imitation learning. Yet for fine-grained manipulation such as insertion, stacking, and alignment, we uncover a counterintuitive failure mode: fluent demonstrations can be poor teachers. A skilled teleoperator compresses the decisive moments of alignment and recovery into a brief temporal window, leaving the policy flooded with redundant free-space motion and starved of supervision exactly where precision determines success. We address this bottleneck at two levels. At the data level, slowing down near alignment and resampling critical segments both help, yet the gain comes mainly from broadening the coverage of recovery states the policy must learn, not from reweighting frames it already has. Such data-side fixes, however, leave the policy's per-frame view untouched: a single image still maps directly to an action, and the local motion that governs correction stays implicit. We therefore turn to the representation level and introduce STAIR (Spatio-Temporal feature As an Interface for Robot learning), a compact dynamic feature that bridges the vision-language model and the action expert, distilling the short-horizon motion already recorded in each trajectory into dense, motion-aware supervision. Trained on fluent data alone, STAIR recovers most of the deliberate-demonstration gain (50.0 to 62.2% overall, approaching the 64.4% of deliberate demonstrations). These results call for a more pedagogical view of robot data, optimized for machine learnability rather than human efficiency alone.",high,A2,primary_assignment,Detects or learns semantically meaningful trajectory segments and uses them as variable-horizon action chunks or keypose-to-keypose control targets.,"Boundary and horizon choices determine the training unit, feedback latency, credit assignment, and compounding-error exposure in long-horizon robot learning.",true,"Mingyu Liu, Zeju Li, Jiuhe Shu, Hanqing Wang, Yuhao Chao, Hao Chen, Chunhua Shen",2026,arxiv:2606.15587,arxiv:2606.15587,1954043850659227405,cs.RO,trajectory compression distillation subsequence selection robot learning demonstrations | robot demonstration segmentation failure recovery boundary detection | bad trajectory segments removal segmentation data quality robot imitation | 2024 2025 robot data subsequence selection useful trajectories,search-papers,false,61,30.757,0.8956687768809987,A2,metadata-inspected,pending,false,,pending,triaged,primary_assignment,A1/paper-registry-complete.json | A1/paper-registry.json | A1/raw/q05-failure.json | A1/raw/q09-foundational-robot.json | A1/raw/q13-resampling.json | A1/raw/q14-recent-sync.json | A2/assigned-papers.json | A2/assigned-registry-inspected.json | A2/assigned-registry-inspected.jsonl | A2/canonical-pool.json | A2/canonical-pool.jsonl | A2/raw/q12-compression.json | A2/raw/q17-failure-boundaries.json | A2/raw/q21-bad-segments.json | A2/raw/q42-2024-2025-subsequence.json | A6/raw-retrieval/q01-direct-failed-recovery.json | A6/raw-retrieval/q03-direct-partial-success.json | A6/raw-retrieval/q08-syn-negative-demo.json | A6/raw-retrieval/q25-found-failures.json | A6/raw-retrieval/q30-recent-fail-recovery.json | A6/work/canonical-pool.jsonl | A7/raw/q14-space-coverage.json | A7/raw/q15-long-tail-failure.json | A7/work/paper-registry.json | A7/work/paper-registry.jsonl | A7/work/verified-paper-registry.json | A7/work/verified-paper-registry.jsonl,A2/assigned-abstracts.jsonl | A2/triage.jsonl,complete,2
Keypose Exploration: Efficient Automatic Trajectory Labelling and Cross-Embodiment Policy Transfer,arxiv:2606.29028,"Keypose-based manipulation decomposes tasks into critical waypoints to simplify policy learning for long-horizon tasks, but existing approaches rely on task-specific heuristics or manual annotation to extract keyposes from demonstrations. We present an automatic trajectory labelling pipeline for grasp-related tasks. This pipeline combines vision-language models (VLMs) for semantic event detection with classical trajectory analysis for precise temporal alignment, requiring VLM inference only on one single demo among repeating ones per task. Using the labelled data, we train a keypose-guided Diffusion Policy (DP) that exploits keypose conditioning to intervene demonstration distributions. We explore the possibility to apply this property for cross-embodiment transfer: candidate keyposes are sampled and filtered via a reachability map, steering the policy toward kinematically feasible keyposes for the target robot. As a preliminary feasibility study, experiments on two robomimic tasks show that the labelled data produces policies matching a standard DP baseline, and that reachability-filtered keypose conditioning may benefit zero-shot transfer on the multimodal insertion task when feasible candidates are available.",high,A2,primary_assignment,Detects or learns semantically meaningful trajectory segments and uses them as variable-horizon action chunks or keypose-to-keypose control targets.,"Boundary and horizon choices determine the training unit, feedback latency, credit assignment, and compounding-error exposure in long-horizon robot learning.",true,"Yupu Lu, Hang Xu, Yizhou Chen, Jia Pan",2026,arxiv:2606.29028,arxiv:2606.29028,7288047849401208828,cs.RO,robot learning trajectory segmentation event boundaries action sequences | trajectory segmentation imitation learning demonstrations event detection,search-papers,false,35,32.709,0.8909031788043871,A2,metadata-inspected,pending,false,,pending,triaged,primary_assignment,A1/paper-registry-complete.json | A1/paper-registry.json | A1/raw/q01-direct.json | A1/raw/q11-human-robot.json | A2/assigned-papers.json | A2/assigned-registry-inspected.json | A2/assigned-registry-inspected.jsonl | A2/canonical-pool.json | A2/canonical-pool.jsonl | A2/raw/q01-direct.json | A2/raw/q01-direct.txt | A2/raw/q03-direct.json | A7/raw/q03-heterogeneous.json | A7/work/paper-registry.json | A7/work/paper-registry.jsonl | A7/work/verified-paper-registry.json | A7/work/verified-paper-registry.jsonl,A2/assigned-abstracts.jsonl | A2/triage.jsonl,complete,2
VLA-Corrector: Lightweight Detect-and-Correct Inference for Adaptive Action Horizon,arxiv:2607.01804,"Vision-Language-Action (VLA) foundation models have recently achieved strong progress in embodied intelligence. To reduce policy-call frequency while preserving temporal coherence, most generative policies adopt an action chunk mechanism, executing multiple future actions in an open-loop manner under a fixed action horizon. However, this ""predict-then-blindly-execute"" paradigm sacrifices closed-loop reactivity: in contact-rich physical interactions, even small local perturbations can rapidly amplify within the open-loop blind spot, leading to compounding errors and ultimately task failure. To address this limitation, we propose VLA-Corrector, a lightweight corrective inference framework for action-chunked VLA policies. Without modifying the backbone policy weights, VLA-Corrector introduces a lightweight Latent-space Vision Monitor (LVM) that continuously compares predicted and actual visual feature evolution, enabling online detection of visual dynamics deviations. Once persistent deviation is detected, the system triggers a truncation event, discards the remaining stale actions, and invokes corrective replanning via Online Gradient Guidance (OGG). The detect-and-correct mechanism of VLA-Corrector naturally induces an event-triggered adaptive action horizon: it preserves long-horizon execution when the current chunk remains reliable, and invokes short-horizon corrective replanning when execution begins to drift. In doing so, VLA-Corrector mitigates the trade-off imposed by static horizons between execution robustness and policy-call frequency. It can be integrated into different VLA models without further retraining the VLA backbone, interrupting compounding errors while preserving much of the efficiency benefit of action chunking and substantially improving robustness in long-horizon, contact-rich robotic manipulation tasks.",high,A2,primary_assignment,Predicts or executes temporally extended action sequences or keypose-conditioned chunks to trade feedback frequency against longer-horizon control.,"Boundary and horizon choices determine the training unit, feedback latency, credit assignment, and compounding-error exposure in long-horizon robot learning.",true,"Yi Pan, Miao Pan, Qi Lu, Jiaming Huang, Man Zhang, Siteng Huang, Xin Li, Jie Zhang, Yongliang Shen, Xuhong Zhang, Wenqi Zhang",2026,arxiv:2607.01804,arxiv:2607.01804,6171449691587333019,cs.RO,action chunking compounding error temporal horizon imitation learning | 2024 2025 vision language action chunk prediction temporal horizon,search-papers,false,63,30.709,0.9308615796566533,A2,metadata-inspected,pending,,,pending,triaged,primary_assignment,A2/assigned-papers.json | A2/assigned-registry-inspected.json | A2/assigned-registry-inspected.jsonl | A2/canonical-pool.json | A2/canonical-pool.jsonl | A2/raw/q18-compounding.json | A2/raw/q40-2024-2025-vla.json,A2/assigned-abstracts.jsonl | A2/triage.jsonl,complete,2
Embodied Operators and Benchmarking: Toward Reusable and Deployable Embodied Intelligence Systems,arxiv:2607.03283,"Embodied intelligence systems require not only end-to-end policy models, but also reusable functional modules that transform multimodal observations, robot states, human demonstrations, and task contexts into structured representations, decisions, trajectories, control references, and system services. This work defines these modules as embodied operators and studies them as independent yet composable units in embodied intelligence pipelines. We clarify their definition boundary, emphasizing task semantics, standardized input-output contracts, deployability, reusability, and multi-layer optimizability. We further construct a taxonomy covering five categories: detection and segmentation, spatial localization and 3D understanding, hand motion recovery, embodied foundation models and task-decision operators, and planning, control, and system support operators. For each category, we summarize representative functions, technical paradigms, application roles, and practical limitations. Beyond taxonomy, we propose a multi-dimensional benchmark framework that evaluates embodied operators in terms of correctness, end-to-end efficiency, resource usage, temporal stability, portability, interface compatibility, deployment reliability, and downstream task utility. We also discuss workflow-level operator acceleration and open challenges in operator composition, data standardization, world models, VLA safety, edge deployment, and real-world application value. Overall, this work argues that embodied operators should be optimized and evaluated as holistic deployable components, providing a foundation for reusable, scalable, and verifiable embodied intelligence systems.",high,A2,primary_assignment,"Localizes event, phase, or subtask boundaries by modeling changes in multimodal observations, dynamics, language, or latent sequence structure.","Boundary and horizon choices determine the training unit, feedback latency, credit assignment, and compounding-error exposure in long-horizon robot learning.",true,"Junwu Xiong, Jiaxuan Gao, Wei Chai, Renxing Chen, Yuzhen Li, Yu Guo, Yucheng Guo, Mingxi Luo, Wenyang Ma, Yiyun Mou, Yifei Zhang, Chen Zhou, Yongjian Guo",2026,arxiv:2607.03283,arxiv:2607.03283,2185762845452832338,cs.AI,2025 2026 embodied learning trajectory compression skill segmentation,search-papers,false,59,30.832,0.7431680086124811,A2,metadata-inspected,pending,false,,pending,triaged,primary_assignment,A2/assigned-papers.json | A2/assigned-registry-inspected.json | A2/assigned-registry-inspected.jsonl | A2/canonical-pool.json | A2/canonical-pool.jsonl | A2/raw/q44-2025-2026-compression.json | A7/raw/q35-recent-coverage.json | A7/work/paper-registry.json | A7/work/paper-registry.jsonl | A7/work/verified-paper-registry.json | A7/work/verified-paper-registry.jsonl,A2/assigned-abstracts.jsonl | A2/triage.jsonl,complete,2
Cortex: A Bidirectionally Aligned Embodied Agent Framework for Long-horizon Manipulation,arxiv:2607.05377,"While recent Vision-Language-Action (VLA) models show promise toward generalist manipulation policies, they struggle with long-horizon tasks due to their Markovian nature-relying solely on current observations. Hierarchical dual-system methods address this but suffer from a gap between high-level planning semantics and low-level execution kinematics. We introduce Cortex, a bidirectionally aligned embodied agent framework with a customized planning interface that conveys executable and tractable subtask plans from high-level VLM to low-level VLA. Specifically, we standardize manipulation subtasks into 32 canonical skill primitives and inject tractability principles, such as representative object attributes and improved trajectory reachability, into the data generation pipeline. This enables automatic annotation of over 4k hours of open-source video data and generation of 30 hours of simulation data. We further devise an event-balanced sampling strategy to construct training data for fine-tuning the framework to better handle planning ambiguity during subtask transitions, enhanced by carefully designed harness engineering from task contexts to skill constraints during inference. Both open-loop VLM and closed-loop system evaluations demonstrate Cortex's efficacy, e.g., it outperforms monolithic baselines by 3.1% on Libero-long and 4.1% on RoboTwin. Notably, Cortex's generalist VLM enables zero-shot completion of unseen real-world long-horizon tasks, such as multi-stage chemistry experiments, by simply combining with a fine-tuned VLA-a capability infeasible through VLA fine-tuning alone.",high,A2,primary_assignment,Detects or learns semantically meaningful trajectory segments and uses them as variable-horizon action chunks or keypose-to-keypose control targets.,"Boundary and horizon choices determine the training unit, feedback latency, credit assignment, and compounding-error exposure in long-horizon robot learning.",true,"Jiaqi Peng, Xiqian Yu, Delin Feng, Yuqiang Yang, Wenzhe Cai, Jing Xiong, Ganlin Yang, Jinliang Zheng, Jiafei Cao, Xueyuan Wei, Jiangmiao Pang, Yuan Shen, Tai Wang",2026,arxiv:2607.05377,arxiv:2607.05377,2474849675059827596,cs.RO | cs.AI | cs.CV,2025 2026 embodied learning trajectory compression skill segmentation,search-papers,false,5,36.848,0.784781239226995,A2,metadata-inspected,pending,false,,pending,triaged,primary_assignment,A2/assigned-papers.json | A2/assigned-registry-inspected.json | A2/assigned-registry-inspected.jsonl | A2/canonical-pool.json | A2/canonical-pool.jsonl | A2/raw/q44-2025-2026-compression.json | A7/raw/q40-longtail-collection.json | A7/work/paper-registry.json | A7/work/paper-registry.jsonl | A7/work/verified-paper-registry.json | A7/work/verified-paper-registry.jsonl | A8/raw/q26-recent.json | A8/work/canonical-pool.jsonl,A2/assigned-abstracts.jsonl | A2/triage.jsonl,complete,2
SPECTRA: Context-Conditioned Spectral Movement Primitives for Robot Skill Generalization,arxiv:2607.06978,"Robot imitation learning for manipulation should preserve demonstrated task geometry while producing dynamically admissible robot motions. Existing pipelines often learn task-dependent trajectories and impose execution limits afterward through filtering, smoothing, clipping, or time scaling, which may distort task-critical end-effector paths. We propose the Spectral Movement Primitive (SMP), a frequency-domain imitation learning framework that couples task-space skill generation with joint-space execution regulation. Demonstrations are represented by truncated finite-horizon Fourier coefficients. An empirically selected low-frequency task band captures the dominant motion geometry, while higher harmonics contribute disproportionately to derivative growth. A frame-aware context-conditioned GMM/GMR prior predicts the task-band coefficients in a canonical task frame, and the resulting Cartesian trajectory is mapped to joint space through sequential inverse kinematics. A phase-coupled regulator then limits the requested phase progression without modifying the spectral coefficients, thereby enforcing joint velocity and acceleration limits while preserving the represented path. Experiments evaluate task-band reconstruction, robustness to composite demonstration corruption, out-of-distribution cross-board generalization, joint-space dynamic admissibility, end-effector path preservation, and deployment on a Franka Panda robot. Results show compact geometric reconstruction, consistent transfer across unseen task frames, substantial reductions in dynamic violations and jerk, and preservation of the intended end-effector path during phase regulation.",high,A2,primary_assignment,Detects or learns semantically meaningful trajectory segments and uses them as variable-horizon action chunks or keypose-to-keypose control targets.,"Boundary and horizon choices determine the training unit, feedback latency, credit assignment, and compounding-error exposure in long-horizon robot learning.",true,"Boxuan Zhang, Sheng Liu, Chenlin Ming, Ahmed Abdelrahman",2026,arxiv:2607.06978,arxiv:2607.06978,5998492958162904716,cs.RO,dynamic movement primitives robot trajectories skill representation,search-papers,true,31,32.792,0.9392035026199311,A2,metadata-inspected,pending,,,pending,triaged,primary_assignment,A1/paper-registry-complete.json | A1/paper-registry.json | A1/raw/q13-resampling.json | A2/assigned-papers.json | A2/assigned-registry-inspected.json | A2/assigned-registry-inspected.jsonl | A2/canonical-pool.json | A2/canonical-pool.jsonl | A2/raw/q33-dmp.json | A8/raw/q02-direct.json | A8/work/canonical-pool.jsonl,A2/assigned-abstracts.jsonl | A2/triage.jsonl,complete,2
One-Shot Multimodal Learning from Demonstration with Force-Constrained Elastic Maps,arxiv:2607.09515,"Robotic manipulation tasks often require simultaneous reasoning over motion and contact forces, yet most Learning from Demonstration (LfD) methods model only spatial trajectories and neglect force interactions with the environment. This limitation reduces robustness and can lead to unsafe or inconsistent task reproduction in force-constrained settings. We propose a novel one-shot multimodal LfD framework for the segmentation, encoding, and reproduction of force-inclusive demonstrations. First, we introduce a multimodal probabilistic segmentation method that adaptively weighs spatial and force modalities over time, enabling the automatic extraction of force-aware motion primitives. Second, we extend the elastic maps representation to incorporate external force constraints during skill encoding and formulate a convex optimization procedure for learning force-consistent trajectory models. The resulting skills reproduce both motion and contact characteristics from a single demonstration while promoting safer execution by accounting for demonstrated force profiles. We validate our approach on five real-world manipulation tasks across two distinct force-sensing configurations: wrist force sensing on a UR5e with a Robotiq 2f-85 gripper and finger force sensing on a Kinova Gen3 with an Openhand Model O gripper. Experimental results demonstrate robust multimodal segmentation, accurate force-aware reproduction, and cross-platform generality.",high,A2,primary_assignment,"Localizes event, phase, or subtask boundaries by modeling changes in multimodal observations, dynamics, language, or latent sequence structure.","Boundary and horizon choices determine the training unit, feedback latency, credit assignment, and compounding-error exposure in long-horizon robot learning.",true,"Brendan Hertel, Jonathan Spanos, Navya Garg, Reza Azadeh",2026,arxiv:2607.09515,arxiv:2607.09515,3477274274502234626,cs.RO,skill segmentation motion primitives robot demonstrations change point detection | 2025 2026 embodied learning trajectory compression skill segmentation,search-papers,false,16,33.247,0.9046505351008906,A2,metadata-inspected,pending,,,pending,triaged,primary_assignment,A2/assigned-papers.json | A2/assigned-registry-inspected.json | A2/assigned-registry-inspected.jsonl | A2/canonical-pool.json | A2/canonical-pool.jsonl | A2/raw/q05-synonyms.json | A2/raw/q44-2025-2026-compression.json,A2/assigned-abstracts.jsonl | A2/triage.jsonl,complete,2
SegDiff: Segmented Trajectory Diffusion for Consistent and Adaptive Robot Manipulation,arxiv:2607.11027,"Imitation learning enables robots to acquire manipulation skills from demonstrations by mapping observations to actions. Existing approaches predict either short-horizon continuous action sequences or discrete keyposes. However, continuous prediction methods suffer from compounding errors due to short prediction horizons and struggle with multi-modal action distributions, whereas keypose-based methods necessitate an external planner, constraining real-time applicability. To address these challenges, we introduce SegDiff, a closed-loop visuomotor policy that integrates the strengths of both paradigms. SegDiff decomposes demonstrations into motion segments between keyposes and learns to predict the continuous trajectory from the current state to the next keypose, enabling long-horizon prediction with real-time refinement. Furthermore, we leverage the capability of diffusion models and DDIM inversion to propose a Dynamic Temporal Ensembling mechanism, which allows the policy to efficiently respond to dynamic environments and mitigate discontinuities caused by inconsistent multi-modal sampling. SegDiff demonstrates significant performance gains over existing approaches across various simulated and real-world scenarios, indicating its strong ability to reason over extended temporal dependencies while maintaining real-time adaptability and control stability.",high,A2,primary_assignment,Detects or learns semantically meaningful trajectory segments and uses them as variable-horizon action chunks or keypose-to-keypose control targets.,"Boundary and horizon choices determine the training unit, feedback latency, credit assignment, and compounding-error exposure in long-horizon robot learning.",true,"Haidong Cao, Wenjun Cao, Quanhao Li, Sicheng Xie, Zhiying Du, Jiaqi Leng, Zuxuan Wu, Yu-Gang Jiang",2026,arxiv:2607.11027,arxiv:2607.11027,5884114426792157395,cs.RO,robot manipulation demonstration segmentation subtask boundaries temporally extended actions | trajectory segmentation imitation learning demonstrations event detection | sub-trajectory discovery useful subsequences sequential decision making robotics | dynamic time warping temporal alignment segmentation robot manipulation trajectories | action chunking compounding error temporal horizon imitation learning | event boundary errors skill segmentation downstream policy performance | 2024 2025 robot manipulation trajectory segmentation skill discovery,search-papers,false,6,35.697,0.9496693674025232,A2,metadata-inspected,pending,,,pending,triaged,primary_assignment,A1/paper-registry-complete.json | A1/paper-registry.json | A1/raw/q01-direct.json | A1/raw/q18-phase.json | A2/assigned-papers.json | A2/assigned-registry-inspected.json | A2/assigned-registry-inspected.jsonl | A2/canonical-pool.json | A2/canonical-pool.jsonl | A2/raw/q02-direct.json | A2/raw/q03-direct.json | A2/raw/q06-synonyms.json | A2/raw/q13-dtw.json | A2/raw/q18-compounding.json | A2/raw/q22-boundary-errors.json | A2/raw/q39-2024-2025-segmentation.json | A6/raw-retrieval/q09-mech-segmentation.json | A6/work/canonical-pool.jsonl,A2/assigned-abstracts.jsonl | A2/triage.jsonl,complete,2
RoboInter1.5: A Holistic Intermediate Representation Suite for Embodied World Modeling and Robotic Manipulation,arxiv:2607.18709,"Existing robot datasets remain expensive to curate, embodiment-specific, and insufficiently annotated with the fine-grained structure required for generalizable reasoning, execution, or long-horizon environment dynamics simulation. Building on our prior work, RoboInter1.0, we present RoboInter1.5, an extended and holistic suite of intermediate representations for both robotic manipulation and embodied world modeling. RoboInter1.5 provides a unified resource of data, benchmarks, and models centered on dense manipulation-oriented intermediate representations. Specifically, RoboInter-Data contains over 230k manipulation episodes across 571 scenes with dense per-frame annotations covering more than ten types of intermediate representations, including subtasks, primitive skills, object and gripper grounding, segmentation, affordance, grasp poses, contact points, motion traces, etc. Built upon these annotations, RoboInter-VQA introduces spatial and temporal embodied VQA tasks to benchmark and improve the intermediate-representation reasoning capabilities of our RoboInter-VLM. RoboInter-VLA further studies how such representations benefit action execution through implicit, explicit, and modular plan-then-execute paradigms. To better model the physical world, we further introduce RoboInter-World, which leverages intermediate representations as structured conditioning signals for controllable prediction of future world states. Extensive evaluations demonstrate that RoboInter1.5 provides a unified spatiotemporal scaffolding for intermediate representations. Rather than treating intermediate representations merely as interpretable signals, RoboInter1.5 conceptualizes them as a bidirectional interface that both regularizes low-level action spaces and constrains the latent rollouts of open-world physical simulators.",high,A2,primary_assignment,Detects or learns semantically meaningful trajectory segments and uses them as variable-horizon action chunks or keypose-to-keypose control targets.,"Boundary and horizon choices determine the training unit, feedback latency, credit assignment, and compounding-error exposure in long-horizon robot learning.",true,"Ziqin Wang, Hao Li, Weijun Wang, Junhao Cai, Jia Zeng, Yilun Chen, Jiangmiao Pang, Si Liu",2026,arxiv:2607.18709,arxiv:2607.18709,8859930875088945439,cs.RO,2025 2026 embodied learning trajectory compression skill segmentation,search-papers,false,3,37.773,0.7173288145668759,A2,metadata-inspected,pending,,,pending,triaged,primary_assignment,A2/assigned-papers.json | A2/assigned-registry-inspected.json | A2/assigned-registry-inspected.jsonl | A2/canonical-pool.json | A2/canonical-pool.jsonl | A2/raw/q44-2025-2026-compression.json,A2/assigned-abstracts.jsonl | A2/triage.jsonl,complete,2
WorldScape Policy 2.0: Empowering Steerable World Action Modeling with Reasoning-Augmented Memory,arxiv:2607.18840,"World Action Models (WAMs) offer a promising paradigm for robotic manipulation by jointly modeling visual state transitions and robot actions. However, existing WAMs are constrained by limited temporal context, coarse episode-level language supervision, and predominantly text-only conditioning, which hinder task-progress tracking and fine-grained language-video-action grounding while limiting visual-context reasoning and cross-embodiment transfer. In this paper, we introduce WorldScape Policy 2.0, a controllable WAM with reasoning-augmented long short-term memory. Its causal short-term visual memory supplies recent observations as DiT prefill to preserve local interaction dynamics, while its long short-term event memory organizes historical VLM outputs into global-history, local-active, and event-boundary representations for progress-aware retrieval. The retrieved history augments perception and autoregressively generated planning tokens, yielding an implicit subgoal condition for autonomous planning; semantic forcing further transfers event-level instruction semantics into this latent planning pathway. To establish fine-grained multimodal controllability, we construct ManipEvent-5M, an event-grounded embodied pretraining dataset containing nearly 5 million event segments with aligned action trajectories, episode-level task instructions, segment-level subtask captions, goal images, and video demonstrations. These designs provide a unified interface for autonomous planning from high-level instructions and controllable execution from fine-grained text, goal-image, or video-context prompts. Experiments in both simulation and real-world platforms demonstrate superior capabilities in long-horizon autonomous planning, fine-grained instruction following and in-context adaptation.",high,A2,primary_assignment,Detects or learns semantically meaningful trajectory segments and uses them as variable-horizon action chunks or keypose-to-keypose control targets.,"Boundary and horizon choices determine the training unit, feedback latency, credit assignment, and compounding-error exposure in long-horizon robot learning.",true,"Haisheng Su, Zongdai Liu, Xin Jin, Haoxuan Dou, Chengming Hu, Baorun Li, Zhanwang Liu, Ruiyan Xu, Jianjie Fang, Xin Zhang, Zhenjie Yang, Xue Yang, Chen Gao, Junchi Yan, Yong Li, Wei Wu",2026,arxiv:2607.18840,arxiv:2607.18840,3154446290545260101,cs.RO,2026 robot learning event boundaries temporal segmentation action chunk,search-papers,false,4,37.022,0.84224131298103,A2,metadata-inspected,pending,,,pending,triaged,primary_assignment,A2/assigned-papers.json | A2/assigned-registry-inspected.json | A2/assigned-registry-inspected.jsonl | A2/canonical-pool.json | A2/canonical-pool.jsonl | A2/raw/q45-2026-boundaries.json,A2/assigned-abstracts.jsonl | A2/triage.jsonl,complete,2
RLMM-Flow: A Flow-based Mobile Manipulation Framework with Latent-Space Reinforcement Learning,arxiv:2607.26460,"Mobile manipulation requires generating whole-body action chunks that jointly satisfy goal reaching, collision avoidance, base kinematic constraints, manipulator joint limits, and trajectory smoothness. Flow-based generative policies provide an efficient paradigm for learning multimodal and temporally consistent motion priors from expert demonstrations, but imitation-only training cannot improve policy quality beyond the demonstration distribution. We propose RLMM-Flow, a flow-based mobile manipulation framework that combines expert flow-policy pretraining with latent-space reinforcement learning post-training. The framework first learns a flow policy that captures a multimodal whole-body motion prior from expert demonstrations. The pretrained flow policy is then frozen, while a latent steering network steers its initial noise toward higher-value action chunks. To stabilize high-dimensional latent optimization, we warm up an action-space critic before jointly training the latent critic and latent actor, and introduce coarse-to-fine latent steering that progressively expands control from a horizon-shared latent representation to a full-dimensional residual representation. Experiments on mobile manipulation motion-planning benchmarks show that RLMM-Flow substantially improves task success, collision avoidance, and trajectory quality over imitation-only flow policies and existing reinforcement learning post-training baselines, while preserving fast flow-based inference.",high,A2,primary_assignment,Predicts or executes temporally extended action sequences or keypose-conditioned chunks to trade feedback frequency against longer-horizon control.,"Boundary and horizon choices determine the training unit, feedback latency, credit assignment, and compounding-error exposure in long-horizon robot learning.",true,"Shuhang Wang, Ziming Li, Hui Cheng",2026,arxiv:2607.26460,arxiv:2607.26460,426729849443720012,cs.RO,latent plan discovery trajectory chunks transformer robot learning,search-papers,false,41,31.92,0.8519528019683106,A2,metadata-inspected,pending,,,pending,triaged,primary_assignment,A2/assigned-papers.json | A2/assigned-registry-inspected.json | A2/assigned-registry-inspected.jsonl | A2/canonical-pool.json | A2/canonical-pool.jsonl | A2/raw/q15-latent-plan.json,A2/assigned-abstracts.jsonl | A2/triage.jsonl,complete,2
TRACT: Temporally Routed Action Chunks with Chronological Phase Authority for Contact-Rich Manipulation,arxiv:2607.29285,"Action chunking shortens the effective decision horizon of robot imitation learning by predicting multiple future actions, while conventional phase conditioning describes the current control instant. When a predicted horizon crosses a procedural boundary, assigning the current phase to the entire chunk creates a structural temporal mismatch. We present TRACT, which factorizes phase-structured action chunking into an accepted current phase and a single CURRENT-to-NEXT boundary inside the future horizon. A task-local graph constrains chronological phase authority, and a cumulative boundary distribution monotonically routes future queries through phase-specific query and action paths. For contact execution, a causal response-deficit integrator compares policy intent with ACK-eligible subsequent motion, accumulates arm compensation when directional response is suppressed, and decays after confirmed recovery. Across six real-robot variants with ten trials each, full TRACT achieves 10/10 full-sequence success, 99.00 [88.75, 100.00]% median [min, max] wipe completion, zero observed phase ambiguity, and zero stalls. Under the current complete method package and evaluation setting, the routed representation obtains better observed task results than the flat package (6/10 vs. 3/10 success; 77.08% vs. 8.03% median wipe completion). Chronological authority reduces observed phase ambiguity from 8/10 to 0/10, and response integration reduces stalls from 4/10 to 0/10. The package comparison does not isolate routing from other generator-package differences.",high,A2,primary_assignment,Detects or learns semantically meaningful trajectory segments and uses them as variable-horizon action chunks or keypose-to-keypose control targets.,"Boundary and horizon choices determine the training unit, feedback latency, credit assignment, and compounding-error exposure in long-horizon robot learning.",true,"Jiahao Liu, Kento Kawaharazuka, Tasuku Makabe, Kei Okada",2026,arxiv:2607.29285,arxiv:2607.29285,5089864852119497084,cs.RO,temporally abstract actions robot learning action chunks | hierarchical policy action chunking chunk length prediction robot imitation learning | action chunking compounding error temporal horizon imitation learning | behavioral cloning action chunking robot imitation learning foundational | 2025 2026 long horizon robot manipulation temporal abstraction action chunks,search-papers,true,22,33.044,0.9644288107273639,A2,metadata-inspected,pending,,true,pending,triaged,primary_assignment,A1/assigned-papers.json | A1/inspection-manifest.json | A1/paper-registry-complete.json | A1/paper-registry.json | A1/raw/q05-failure.json | A1/raw/q18-phase.json | A2/assigned-papers.json | A2/assigned-registry-inspected.json | A2/assigned-registry-inspected.jsonl | A2/canonical-pool.json | A2/canonical-pool.jsonl | A2/raw/q04-direct.json | A2/raw/q11-action-chunking.json | A2/raw/q18-compounding.json | A2/raw/q36-bc-chunking.json | A2/raw/q43-2025-2026-long-horizon.json,A2/assigned-abstracts.jsonl | A2/triage.jsonl,complete,2
Hermite Curves as Trajectory Priors for Vision-Language-Action Models,arxiv:2608.01265,"Despite recent progress in Vision-Language-Action (VLA) models for robotic manipulation, the action chunk remains a weakly structured interface. Existing work typically flatten each chunk into per-timestep controls, relying on implicit data learning that manifests as jagged motion and boundary discontinuities during physical execution. To address these limitations, we introduce Hermite trajectory priors, parameterizing the chunk trajectory as a piecewise cubic Hermite curve defined by endpoint positions and velocities to explicitly enforce smoothness and continuity. We instantiate this fixed operator across discrete autoregressive and continuous generative paradigms via three variants: (1) Hermite Tokens, which predict quantized boundary variables autoregressively; (2) Hermite Scaffold, which decomposes clean actions into a base scaffold and residuals; and (3) Hermite Regularization, which applies the prior strictly as an auxiliary training objective. Across simulation benchmarks and real-robot platforms, Hermite Regularization achieves superior performance among these three variants, improving π0.5 baseline success rates from 95.9% to 98.7% on LIBERO, 85.7% to 90.9% on LIBERO-plus, and 63.4% to 90.0% across four real-robot tasks without additional inference overhead. Trajectory analyses reveal that explicitly structuring trajectory priors serves most effectively as a learning inductive bias rather than a runtime constraint.",high,A2,primary_assignment,Detects or learns semantically meaningful trajectory segments and uses them as variable-horizon action chunks or keypose-to-keypose control targets.,"Boundary and horizon choices determine the training unit, feedback latency, credit assignment, and compounding-error exposure in long-horizon robot learning.",true,"Qi Lv, Jianming Xing, Zhao Yang, Mingyuan Yao, Yinan Shi, Yawei Jueluo, Mike Zheng Shou, Xiang Deng",2026,arxiv:2608.01265,arxiv:2608.01265,7410104781784943033,cs.RO | cs.CV,robot learning trajectory segmentation event boundaries action sequences | 2026 robot learning event boundaries temporal segmentation action chunk,search-papers,false,68,30.402,0.9002495108803148,A2,metadata-inspected,pending,,,pending,triaged,primary_assignment,A2/assigned-papers.json | A2/assigned-registry-inspected.json | A2/assigned-registry-inspected.jsonl | A2/canonical-pool.json | A2/canonical-pool.jsonl | A2/raw/q01-direct.json | A2/raw/q45-2026-boundaries.json,A2/assigned-abstracts.jsonl | A2/triage.jsonl,complete,2
A Hierarchical Approach to Imitation Learning for Manipulation Tasks Requiring Time Varying Forces,arxiv:2608.03103,"Diffusion policies have shown strong performance in learning complex, multi-modal behaviors for robotic manipulation. However, their application to contact-rich disassembly tasks remains limited by a key trade-off: the iterative denoising process introduces inference latencies that makes high frequency control difficult, which is essential for realizing dynamic interactions such as chiseling and prying. Recent action-chunking techniques mitigate latency but use an open-loop execution window, rendering the system blind to rapid force transients caused by fracture events. To bridge this gap, we introduce the Diffusion Policy Augmented by Fast Trajectory Generation (DPA-FTG). Compared to recent visual-tactile approaches that focus on positional correction, DPA-FTG decouples low-frequency planning from high-frequency force regulation. At the high level (5 Hz), a conditional diffusion model predicts a sequence of latent parameters for selecting a strategy from a learned vocabulary of task primitives. At the low level (60 Hz), a lightweight, force-conditioned policy acts as a neural impedance controller, modulating execution in real-time to maintain contact stability. We validate our approach on a bimanual battery disassembly task involving the separation of a compliant sheet. Experimental evaluation demonstrates that DPA-FTG outperforms state-of-the-art baselines, including Reactive Diffusion Policy (RDP).",high,A2,primary_assignment,Predicts or executes temporally extended action sequences or keypose-conditioned chunks to trade feedback frequency against longer-horizon control.,"Boundary and horizon choices determine the training unit, feedback latency, credit assignment, and compounding-error exposure in long-horizon robot learning.",true,"Rishabh Shukla, Adithya Santhosh, Shaili Gandhi, Samrudh Moode, Satyandra K. Gupta",2026,arxiv:2608.03103 | doi:10.1016/j.rcim.2026.103309,arxiv:2608.03103,7728885022417538582,cs.RO | cs.AI,hierarchical policy action chunking chunk length prediction robot imitation learning | 2024 2025 diffusion policy action chunking trajectory representation,search-papers,false,20,33.084,0.9284088005554476,A2,metadata-inspected,pending,,,pending,triaged,primary_assignment,A2/assigned-papers.json | A2/assigned-registry-inspected.json | A2/assigned-registry-inspected.jsonl | A2/canonical-pool.json | A2/canonical-pool.jsonl | A2/raw/q11-action-chunking.json | A2/raw/q41-2024-2025-diffusion.json,A2/assigned-abstracts.jsonl | A2/triage.jsonl,complete,2
SSC: A Verifiable Structured Representation for Bimanual Manipulation Labelling,arxiv:2608.04425,"Subtask labels decompose a long-horizon manipulation demonstration into shorter semantic segments for policy training and evaluation. Natural language descriptions are easy to read, but their linguistic variability makes automatic verification difficult. Rigid template formats, such as BEHAVIOR-1K's skillannotation, are linguistically over-segmented, hindering both readability and annotation consistency. We propose the Structured Subtask Chain (SSC), a state-transition representation that bridges these extremes. A demonstration is a sequence of Structured Subtask Template (SST) entries. Each SST stores core action components (subject, predicate, object), flexible conditions (adverbial modifiers such as spatial or instrumental phrases), a base-motion field separate from arm actions, and an after-state scene graph. Built on this format, SSC supports three vision-language assisted functions: rendering SSTs as natural language, checking the assembled chain against four state-transition rules, and completing underspecified fields through a query resolution cascade. We instantiate the pipeline on BEHAVIOR-1K (50 tasks, 3 episodes per task, 2,357 annotated action cells) for logic verification and content completion, evaluating 13 selected state-of-the-art VL models as candidate verifiers and reporting labelling anomalies.",high,A2,primary_assignment,Detects or learns semantically meaningful trajectory segments and uses them as variable-horizon action chunks or keypose-to-keypose control targets.,"Boundary and horizon choices determine the training unit, feedback latency, credit assignment, and compounding-error exposure in long-horizon robot learning.",true,"Yupu Lu, Shuang Wu, Sihan Chen, Ruihua Han, Yichen Zhang, Marcus Kalander, Jia Pan",2026,arxiv:2608.04425,arxiv:2608.04425,8521346178484047786,cs.RO,robot manipulation demonstration segmentation subtask boundaries temporally extended actions,search-papers,false,9,33.726,0.9525741268224334,A2,metadata-inspected,pending,,,pending,triaged,primary_assignment,A2/assigned-papers.json | A2/assigned-registry-inspected.json | A2/assigned-registry-inspected.jsonl | A2/canonical-pool.json | A2/canonical-pool.jsonl | A2/raw/q02-direct.json,A2/assigned-abstracts.jsonl | A2/triage.jsonl,complete,2
SkillMemo: Expert-guided Skill Memory Framework for Compositional Embodied Manipulation,arxiv:2608.05970,"Embodied visuomotor models, including Diffusion Policy (DP) and Vision-Language-Action (VLA) models, have demonstrated promising performance on robotic manipulation benchmarks. However, their potential remains fundamentally constrained by the scarcity of large-scale embodied trajectory datasets, leading to insufficient compositional generalization in out-of-distribution (OOD) scenarios with limited capability to capture reusable skill structures. To address this limitation, we propose Skill-Based Memory (SkillMemo) framework that implicitly decomposes long-horizon demonstrations into latent atomic skills and integrates skill-level features into a dynamic episodic memory bank for solving compositional tasks. Specifically, we first introduce an expert-guided trajectory segmentation module built upon a Mixture-of-Experts (MoE) architecture, which implicitly partitions trajectories into distinct skill primitives represented by learned gating coefficients. We further design a skill-level episodic memory architecture that stores compact skill representations as retrievable key-value pairs. During inference, the memory bank retrieves the most relevant skill primitives which are subsequently fused with the model's current gating distribution, providing a robust contextual prior to refine action predictions. Extensive experiments on the simulation benchmark and real-world manipulation tasks demonstrate that SkillMemo consistently enhances both DP and VLA backbones, achieving state-of-the-art performance and outperforming π0.5, while exhibiting strong compositional generalization to unseen task configurations.",high,A2,primary_assignment,Detects or learns semantically meaningful trajectory segments and uses them as variable-horizon action chunks or keypose-to-keypose control targets.,"Boundary and horizon choices determine the training unit, feedback latency, credit assignment, and compounding-error exposure in long-horizon robot learning.",true,"Changyuan Wang, Chubin Zhang, Zhenyu Wu, Runhao Li, Angyuan Ma, Ke Chao, Yinan Liang, Xiuwei Xu, Ziwei Wang, Yansong Tang, Jiwen Lu",2026,arxiv:2608.05970,arxiv:2608.05970,8869541691629588798,cs.RO | cs.AI,skill segmentation motion primitives robot demonstrations change point detection | 2024 2025 robot manipulation trajectory segmentation skill discovery | 2025 2026 embodied learning trajectory compression skill segmentation,search-papers,false,1,39.824,0.9223705374435115,A2,metadata-inspected,pending,,,pending,triaged,primary_assignment,A2/assigned-papers.json | A2/assigned-registry-inspected.json | A2/assigned-registry-inspected.jsonl | A2/canonical-pool.json | A2/canonical-pool.jsonl | A2/raw/q05-synonyms.json | A2/raw/q39-2024-2025-segmentation.json | A2/raw/q44-2025-2026-compression.json,A2/assigned-abstracts.jsonl | A2/triage.jsonl,complete,2
Robot Learning from Human Demonstrations: Handwritten Alphabet Trajectories and Human-Likeness Evaluation,arxiv:2608.06221,"Learning from demonstration (LfD) provides a developmental framework through which robots can develop motor skills by observing and imitating human dynamics, reducing reliance on explicit programming to teach a skill to a robot. The resulting human-like robot motion is recognised as a key factor in building trust and enabling natural collaboration in human-robot interaction. This paper presents a framework for learning human-like robot motion from demonstration, including data collection, probabilistic trajectory learning, and perceptual user evaluation. A dataset of 3,142 handwriting demonstrations was collected from 22 participants across all 52 Latin alphabet character-case combinations via a touchscreen teleoperation interface, capturing planar position, contact force, and timing. Building on the widely used Gaussian Mixture Model and Gaussian Mixture Regression approach for learning from demonstration, the framework is extended in this work by incorporating force and normalised time dimensions to enable richer representation of human dynamics, and adapting it to handle non-continuous, multi-segment trajectories, enabling generalisation across demonstrations. A user study with 21 participants evaluated the perceived human-likeness of the generated trajectories using a continuous scale anchored between robotic and human-like motion, normalised to 0-100 where 50 represents the neutral midpoint. The generated trajectories achieved an overall human-likeness score of 71.50 (SD=22.56), indicating that the majority of trajectories were perceived as more human-like. Participants identified geometric positioning and trajectory sequence as the most influential perceptual factors, and reported positive attitudes toward human-like robot behaviour. The datasets are released as open-source, providing a reproducible benchmark for developing and evaluating human-like robot motion methods.",high,A2,primary_assignment,"Localizes event, phase, or subtask boundaries by modeling changes in multimodal observations, dynamics, language, or latent sequence structure.","Boundary and horizon choices determine the training unit, feedback latency, credit assignment, and compounding-error exposure in long-horizon robot learning.",true,"Alperen Kenan, Paul Bremner, Manuel Giuliani",2026,arxiv:2608.06221,arxiv:2608.06221,8183393621315413490,cs.RO | cs.HC | cs.LG,learning to segment demonstrations programming by demonstration,search-papers,false,74,27.322,0.8021838885585817,A2,metadata-inspected,pending,,unverified-abstract-only,pending,triaged,primary_assignment,A1/paper-registry-complete.json | A1/paper-registry.json | A1/raw/q09-foundational-robot.json | A2/assigned-papers.json | A2/assigned-registry-inspected.json | A2/assigned-registry-inspected.jsonl | A2/canonical-pool.json | A2/canonical-pool.jsonl | A2/raw/q29-programming-by-demo.json | A5/canonical-pool.jsonl | A5/paper-registry.json | A5/raw/q02-direct-curriculum.json | A8/raw/q02-direct.json | A8/work/canonical-pool.jsonl,A2/assigned-abstracts.jsonl | A2/triage.jsonl,complete,2
Hierarchical Reinforcement Learning with the MAXQ Value Function Decomposition,arxiv:cs/9905014,"This paper presents the MAXQ approach to hierarchical reinforcement learning based on decomposing the target Markov decision process (MDP) into a hierarchy of smaller MDPs and decomposing the value function of the target MDP into an additive combination of the value functions of the smaller MDPs. The paper defines the MAXQ hierarchy, proves formal results on its representational power, and establishes five conditions for the safe use of state abstractions. The paper presents an online model-free learning algorithm, MAXQ-Q, and proves that it converges wih probability 1 to a kind of locally-optimal policy known as a recursively optimal policy, even in the presence of the five kinds of state abstraction. The paper evaluates the MAXQ representation and MAXQ-Q through a series of experiments in three domains and shows experimentally that MAXQ-Q (with state abstractions) converges to a recursively optimal policy much faster than flat Q learning. The fact that MAXQ learns a representation of the value function has an important benefit: it makes it possible to compute and execute an improved, non-hierarchical policy via a procedure similar to the policy improvement step of policy iteration. The paper demonstrates the effectiveness of this non-hierarchical execution experimentally. Finally, the paper concludes with a comparison to related work and a discussion of the design tradeoffs in hierarchical reinforcement learning.",high,A2,expansion_round_1,"Encodes or selects compact trajectory segments or latent plans so sequential experience can be retrieved, recombined, or reused.","The mechanism can turn long robot experience into reusable training units, skill memories, or better-conditioned policy targets.",true,,,arxiv:cs/9905014,,,,,,,,,0.021033868092691622,A2,,,,,,triaged,expansion_round_1,A2/expansion-pool.json | A2/expansion-pool.jsonl,A2/expansion-triage.jsonl,complete,1
Robot complex motion learning based on unsupervised trajectory segmentation and movement primitives.,pmid:31395285,This paper presents a robot skill acquisition framework for learning and reproducing humanoid trajectories with complex forms. A new unsupervised segmentation method is proposed to detect motion units in the demonstrated kinematic data using the concept of key points. To find…,high,A2,primary_assignment,"Localizes event, phase, or subtask boundaries by modeling changes in multimodal observations, dynamics, language, or latent sequence structure.","Boundary and horizon choices determine the training unit, feedback latency, credit assignment, and compounding-error exposure in long-horizon robot learning.",true,"Caiwei Song, Gangfeng Liu, Xuehe Zhang, Xizhe Zang, Congcong Xu, Jie Zhao",2020,doi:10.1016/j.isatra.2019.08.007 | pmid:31395285,pmid:31395285,4764149497769270447,,robot learning trajectory segmentation event boundaries action sequences | trajectory segmentation imitation learning demonstrations event detection | skill segmentation motion primitives robot demonstrations change point detection | trajectory compression distillation subsequence selection robot learning demonstrations | robot demonstration segmentation failure recovery boundary detection | bad trajectory segments removal segmentation data quality robot imitation | learning to segment demonstrations programming by demonstration | probabilistic movement primitives robot trajectory representation | 2024 2025 robot manipulation trajectory segmentation skill discovery | 2025 2026 embodied learning trajectory compression skill segmentation,search-papers,true,76,27.078,0.9478464369215823,A2,metadata-inspected,pending,,,pending,triaged,primary_assignment,A1/raw/q09-foundational-robot.json | A1/raw/q13-resampling.json | A2/assigned-papers.json | A2/assigned-registry-inspected.json | A2/assigned-registry-inspected.jsonl | A2/canonical-pool.json | A2/canonical-pool.jsonl | A2/raw/q01-direct.json | A2/raw/q01-direct.txt | A2/raw/q03-direct.json | A2/raw/q05-synonyms.json | A2/raw/q12-compression.json | A2/raw/q17-failure-boundaries.json | A2/raw/q21-bad-segments.json | A2/raw/q29-programming-by-demo.json | A2/raw/q34-promp.json | A2/raw/q39-2024-2025-segmentation.json | A2/raw/q44-2025-2026-compression.json | A6/raw-retrieval/q09-mech-segmentation.json | A8/raw/q02-direct.json,A2/assigned-abstracts.jsonl | A2/triage.jsonl,complete,2
Action chunking as conditional policy compression.,pmid:40602234,"Many skills in our everyday lives are learned by sequencing actions towards a desired goal. The action sequence can become a ""chunk"" when individual actions are grouped together and executed as one unit, making them more efficient to store and execute. While chunking has been…",high,A2,expansion_round_1,"Uses temporally extended actions, keyposes, or learned macro-actions to expose multi-step structure while retaining feedback or planning control.",The mechanism connects temporal structure to data selection or learning efficiency in the Program A loop.,true,,,doi:10.1016/j.cognition.2025.106201 | pmid:40602234,,,,,,,,,0.02198003480172177,A2,,,,,,triaged,expansion_round_1,A2/expansion-pool.json | A2/expansion-pool.jsonl,A2/expansion-triage.jsonl,complete,1
A Spectral Algorithm for Learning Hidden Markov Models,arxiv:0811.4413,"Hidden Markov Models (HMMs) are one of the most fundamental and widely used statistical tools for modeling discrete time series. In general, learning HMMs from data is computationally hard (under cryptographic assumptions), and practitioners typically resort to search heuristics which suffer from the usual local optima issues. We prove that under a natural separation condition (bounds on the smallest singular value of the HMM parameters), there is an efficient and provably correct algorithm for learning HMMs. The sample complexity of the algorithm does not explicitly depend on the number of distinct (discrete) observations---it implicitly depends on this quantity through spectral properties of the underlying HMM. This makes the algorithm particularly applicable to settings with a large number of observations, such as those in natural language processing where the space of observation is sometimes the words in a language. The algorithm is also simple, employing only a singular value decomposition and matrix multiplications.",medium,A2,expansion_round_1,Discovers reusable temporal structure in sequential experience for downstream decision making or policy learning.,The adjacent sequence mechanism offers a transferable way to localize or compress useful intervals when robot labels are scarce.,true,,2008,arxiv:0811.4413,,,,,,,,,0.025213675213675214,A2,,,,,,triaged,expansion_round_1,A2/expansion-pool.json | A2/expansion-pool.jsonl,A2/expansion-triage.jsonl,complete,1
A Reduction of Imitation Learning and Structured Prediction to No-Regret Online Learning,arxiv:1011.0686,"Sequential prediction problems such as imitation learning, where future observations depend on previous predictions (actions), violate the common i.i.d. assumptions made in statistical learning. This leads to poor performance in theory and often in practice. Some recent approaches provide stronger guarantees in this setting, but remain somewhat unsatisfactory as they train either non-stationary or stochastic policies and require a large number of iterations. In this paper, we propose a new iterative algorithm, which trains a stationary deterministic policy, that can be seen as a no regret algorithm in an online learning setting. We show that any such no regret algorithm, combined with additional reduction assumptions, must find a policy with good performance under the distribution of observations it induces in such sequential settings. We demonstrate that this new approach outperforms previous approaches on two challenging imitation learning problems and a benchmark sequence labeling problem.",medium,A2,expansion_round_1,Discovers reusable temporal structure in sequential experience for downstream decision making or policy learning.,"The mechanism can turn long robot experience into reusable training units, skill memories, or better-conditioned policy targets.",true,"Stephane Ross, Geoffrey J. Gordon, J. Andrew Bagnell",2010,arxiv:1011.0686,arxiv:1011.0686,3771774981108717184,cs.LG | cs.AI | stat.ML,q34-found-original-dagger,related-references,,,,0.021684587813620072,A1,true,true,C:\Users\moham\Documents\Codex\2026-08-29\organize-x20\work\reflex-research\program-a\A6\evidence\arxiv_1011.0686.json,true,complete,triaged,expansion_round_1,A1/expansion-registry.json | A1/expansion-round2-registry.json | A1/expansion-round3-registry.json | A1/paper-registry-complete.json | A2/expansion-pool.json | A2/expansion-pool.jsonl | A3/paper-registry.json | A3/round2-registry.json | A4/expansion/expansion-registry.jsonl | A4/expansion/round2/registry.jsonl | A4/expansion/round3/registry.jsonl | A4/expansion/round4/registry.jsonl | A4/expansion/round5/registry.jsonl | A5/expansion/raw/round1-references.json | A5/expansion/raw/round1-similar.json | A5/expansion/raw/round2-references.json | A5/expansion/raw/round2-similar.json | A5/expansion/raw/round3-references.json | A5/expansion/raw/round3-similar.json | A6/expansion/canonical-pool.jsonl | A6/raw-retrieval/q34-found-original-dagger.json | A6/registry-assignment.jsonl | A6/work/assigned-registry-inspected.jsonl | A6/work/assigned-registry-preinspect.jsonl | A6/work/canonical-pool.jsonl | A6/work/evidence-index.jsonl | A8/work/expansion-round2-novel.jsonl,A2/expansion-triage.jsonl,complete,1
Compositional Planning Using Optimal Option Models,arxiv:1206.6473,"In this paper we introduce a framework for option model composition. Option models are temporal abstractions that, like macro-operators in classical planning, jump directly from a start state to an end state. Prior work has focused on constructing option models from primitive actions, by intra-option model learning; or on using option models to construct a value function, by inter-option planning. We present a unified view of intra- and inter-option model learning, based on a major generalisation of the Bellman equation. Our fundamental operation is the recursive composition of option models into other option models. This key idea enables compositional planning over many levels of abstraction. We illustrate our framework using a dynamic programming algorithm that simultaneously constructs optimal option models for multiple subgoals, and also searches over those option models to provide rapid progress towards other subgoals.",medium,A2,expansion_round_1,"Uses temporally extended actions, keyposes, or learned macro-actions to expose multi-step structure while retaining feedback or planning control.",The adjacent sequence mechanism offers a transferable way to localize or compress useful intervals when robot labels are scarce.,true,,2012,arxiv:1206.6473,arxiv:1206.6473,6076274618132929846,,macro-actions options skills temporal abstraction sequential robot control,search-papers,true,,,0.9347772541971058,A2,,,,,,triaged,expansion_round_1,A2/canonical-pool.json | A2/canonical-pool.jsonl | A2/expansion-pool.json | A2/expansion-pool.jsonl | A2/raw/q08-synonyms.json,A2/expansion-triage.jsonl,complete,1
Hierarchical Solution of Markov Decision Processes using Macro-actions,arxiv:1301.7381,"We investigate the use of temporally abstract actions, or macro-actions, in the solution of Markov decision processes. Unlike current models that combine both primitive actions and macro-actions and leave the state space unchanged, we propose a hierarchical model (using an abstract MDP) that works with macro-actions only, and that significantly reduces the size of the state space. This is achieved by treating macroactions as local policies that act in certain regions of state space, and by restricting states in the abstract MDP to those at the boundaries of regions. The abstract MDP approximates the original and can be solved more efficiently. We discuss several ways in which macro-actions can be generated to ensure good solution quality. Finally, we consider ways in which macro-actions can be reused to solve multiple, related MDPs; and we show that this can justify the computational overhead of macro-action generation.",medium,A2,expansion_round_1,"Uses temporally extended actions, keyposes, or learned macro-actions to expose multi-step structure while retaining feedback or planning control.",The adjacent sequence mechanism offers a transferable way to localize or compress useful intervals when robot labels are scarce.,true,,2013,arxiv:1301.7381,arxiv:1301.7381,5014775481540412749,,macro-actions options skills temporal abstraction sequential robot control,search-papers,true,,,0.9275735146384823,A2,,,,,,triaged,expansion_round_1,A2/canonical-pool.json | A2/canonical-pool.jsonl | A2/expansion-pool.json | A2/expansion-pool.jsonl | A2/raw/q08-synonyms.json,A2/expansion-triage.jsonl,complete,1
Statistical guarantees for the EM algorithm: From population to sample-based analysis,arxiv:1408.2156,"We develop a general framework for proving rigorous guarantees on the performance of the EM algorithm and a variant known as gradient EM. Our analysis is divided into two parts: a treatment of these algorithms at the population level (in the limit of infinite data), followed by results that apply to updates based on a finite set of samples. First, we characterize the domain of attraction of any global maximizer of the population likelihood. This characterization is based on a novel view of the EM updates as a perturbed form of likelihood ascent, or in parallel, of the gradient EM updates as a perturbed form of standard gradient ascent. Leveraging this characterization, we then provide non-asymptotic guarantees on the EM and gradient EM algorithms when applied to a finite set of samples. We develop consequences of our general theory for three canonical examples of incomplete-data problems: mixture of Gaussians, mixture of regressions, and linear regression with covariates missing completely at random. In each case, our theory guarantees that with a suitable initialization, a relatively small number of EM (or gradient EM) steps will yield (with high probability) an estimate that is within statistical error of the MLE. We provide simulations to confirm this theoretically predicted behavior.",medium,A2,expansion_round_1,Discovers reusable temporal structure in sequential experience for downstream decision making or policy learning.,The adjacent sequence mechanism offers a transferable way to localize or compress useful intervals when robot labels are scarce.,true,,2014,arxiv:1408.2156,,,,,,,,,0.024393743722198307,A2,,,,,,triaged,expansion_round_1,A2/expansion-pool.json | A2/expansion-pool.jsonl,A2/expansion-triage.jsonl,complete,1
Deep Convolutional Inverse Graphics Network,arxiv:1503.03167,"This paper presents the Deep Convolution Inverse Graphics Network (DC-IGN), a model that learns an interpretable representation of images. This representation is disentangled with respect to transformations such as out-of-plane rotations and lighting variations. The DC-IGN model is composed of multiple layers of convolution and de-convolution operators and is trained using the Stochastic Gradient Variational Bayes (SGVB) algorithm. We propose a training procedure to encourage neurons in the graphics code layer to represent a specific transformation (e.g. pose or light). Given a single input image, our model can generate new images of the same object with variations in pose and lighting. We present qualitative and quantitative results of the model's efficacy at learning a 3D rendering engine.",medium,A2,expansion_round_1,"Encodes or selects compact trajectory segments or latent plans so sequential experience can be retrieved, recombined, or reused.",The adjacent sequence mechanism offers a transferable way to localize or compress useful intervals when robot labels are scarce.,true,,2015,arxiv:1503.03167,,,,,,,,,0.02080634715025907,A2,,,,,,triaged,expansion_round_1,A2/expansion-pool.json | A2/expansion-pool.jsonl,A2/expansion-triage.jsonl,complete,1
Composing graphical models with neural networks for structured representations and fast inference,arxiv:1603.06277,"We propose a general modeling and inference framework that composes probabilistic graphical models with deep learning methods and combines their respective strengths. Our model family augments graphical structure in latent variables with neural network observation models. For inference, we extend variational autoencoders to use graphical model approximating distributions with recognition networks that output conjugate potentials. All components of these models are learned simultaneously with a single objective, giving a scalable algorithm that leverages stochastic variational inference, natural gradients, graphical model message passing, and the reparameterization trick. We illustrate this framework with several example models and an application to mouse behavioral phenotyping.",medium,A2,expansion_round_1,"Encodes or selects compact trajectory segments or latent plans so sequential experience can be retrieved, recombined, or reused.",The adjacent sequence mechanism offers a transferable way to localize or compress useful intervals when robot labels are scarce.,true,,2016,arxiv:1603.06277,,,,,,,,,0.026190476190476188,A2,,,,,,triaged,expansion_round_1,A2/expansion-pool.json | A2/expansion-pool.jsonl,A2/expansion-triage.jsonl,complete,1
Learning Purposeful Behaviour in the Absence of Rewards,arxiv:1605.07700,"Artificial intelligence is commonly defined as the ability to achieve goals in the world. In the reinforcement learning framework, goals are encoded as reward functions that guide agent behaviour, and the sum of observed rewards provide a notion of progress. However, some domains have no such reward signal, or have a reward signal so sparse as to appear absent. Without reward feedback, agent behaviour is typically random, often dithering aimlessly and lacking intentionality. In this paper we present an algorithm capable of learning purposeful behaviour in the absence of rewards. The algorithm proceeds by constructing temporally extended actions (options), through the identification of purposes that are ""just out of reach"" of the agent's current behaviour. These purposes establish intrinsic goals for the agent to learn, ultimately resulting in a suite of behaviours that encourage the agent to visit different parts of the state space. Moreover, the approach is particularly suited for settings where rewards are very sparse, and such behaviours can help in the exploration of the environment until reward is observed.",medium,A2,expansion_round_1,Discovers reusable temporal structure in sequential experience for downstream decision making or policy learning.,The adjacent sequence mechanism offers a transferable way to localize or compress useful intervals when robot labels are scarce.,true,,2016,arxiv:1605.07700,,,,,,,,,0.023676099747828524,A2,,,,,,triaged,expansion_round_1,A2/expansion-pool.json | A2/expansion-pool.jsonl,A2/expansion-triage.jsonl,complete,1
Curiosity-driven Exploration by Self-supervised Prediction,arxiv:1705.05363,"In many real-world scenarios, rewards extrinsic to the agent are extremely sparse, or absent altogether. In such cases, curiosity can serve as an intrinsic reward signal to enable the agent to explore its environment and learn skills that might be useful later in its life. We formulate curiosity as the error in an agent's ability to predict the consequence of its own actions in a visual feature space learned by a self-supervised inverse dynamics model. Our formulation scales to high-dimensional continuous state spaces like images, bypasses the difficulties of directly predicting pixels, and, critically, ignores the aspects of the environment that cannot affect the agent. The proposed approach is evaluated in two environments: VizDoom and Super Mario Bros. Three broad settings are investigated: 1) sparse extrinsic reward, where curiosity allows for far fewer interactions with the environment to reach the goal; 2) exploration with no extrinsic reward, where curiosity pushes the agent to explore more efficiently; and 3) generalization to unseen scenarios (e.g. new levels of the same game) where the knowledge gained from earlier experience helps the agent explore new places much faster than starting from scratch. Demo video and code available at https://pathak22.github.io/noreward-rl/",medium,A2,expansion_round_1,Discovers reusable temporal structure in sequential experience for downstream decision making or policy learning.,The adjacent sequence mechanism offers a transferable way to localize or compress useful intervals when robot labels are scarce.,true,,2017,arxiv:1705.05363,arxiv:1705.05363,5100390407307908367,,q22-foundational | A8,search-papers,foundational,,,0.020933822110746673,A2,,,,,,triaged,expansion_round_1,A2/expansion-pool.json | A2/expansion-pool.jsonl | A8/raw/q22-foundational.json | A8/work/canonical-pool.jsonl | A8/work/expansion-pool.jsonl,A2/expansion-triage.jsonl,complete,1
When Waiting is not an Option : Learning Options with a Deliberation Cost,arxiv:1709.04571,"Recent work has shown that temporally extended actions (options) can be learned fully end-to-end as opposed to being specified in advance. While the problem of ""how"" to learn options is increasingly well understood, the question of ""what"" good options should be has remained elusive. We formulate our answer to what ""good"" options should be in the bounded rationality framework (Simon, 1957) through the notion of deliberation cost. We then derive practical gradient-based learning algorithms to implement this objective. Our results in the Arcade Learning Environment (ALE) show increased performance and interpretability.",medium,A2,expansion_round_1,Discovers reusable temporal structure in sequential experience for downstream decision making or policy learning.,The adjacent sequence mechanism offers a transferable way to localize or compress useful intervals when robot labels are scarce.,true,,2017,arxiv:1709.04571,,,,,,,,,0.02144082332761578,A2,,,,,,triaged,expansion_round_1,A2/expansion-pool.json | A2/expansion-pool.jsonl,A2/expansion-triage.jsonl,complete,1
Temporal Difference Variational Auto-Encoder,arxiv:1806.03107,"To act and plan in complex environments, we posit that agents should have a mental simulator of the world with three characteristics: (a) it should build an abstract state representing the condition of the world; (b) it should form a belief which represents uncertainty on the world; (c) it should go beyond simple step-by-step simulation, and exhibit temporal abstraction. Motivated by the absence of a model satisfying all these requirements, we propose TD-VAE, a generative sequence model that learns representations containing explicit beliefs about states several steps into the future, and that can be rolled out directly without single-step transitions. TD-VAE is trained on pairs of temporally separated time points, using an analogue of temporal difference learning used in reinforcement learning.",medium,A2,expansion_round_1,"Uses temporally extended actions, keyposes, or learned macro-actions to expose multi-step structure while retaining feedback or planning control.",The adjacent sequence mechanism offers a transferable way to localize or compress useful intervals when robot labels are scarce.,true,,2018,arxiv:1806.03107,arxiv:1806.03107,238552655190381177,,sequence-to-sequence temporal abstraction plan recognition robotics,search-papers,true,,,0.015384615,A2,,,,,,triaged,expansion_round_1,A2/canonical-pool.json | A2/canonical-pool.jsonl | A2/expansion-pool.json | A2/expansion-pool.jsonl | A2/raw/q37-seq2seq.json,A2/expansion-triage.jsonl,complete,1
Avoiding Latent Variable Collapse With Generative Skip Models,arxiv:1807.04863,"Variational autoencoders learn distributions of high-dimensional data. They model data with a deep latent-variable model and then fit the model by maximizing a lower bound of the log marginal likelihood. VAEs can capture complex distributions, but they can also suffer from an issue known as ""latent variable collapse,"" especially if the likelihood model is powerful. Specifically, the lower bound involves an approximate posterior of the latent variables; this posterior ""collapses"" when it is set equal to the prior, i.e., when the approximate posterior is independent of the data. While VAEs learn good generative models, latent variable collapse prevents them from learning useful representations. In this paper, we propose a simple new way to avoid latent variable collapse by including skip connections in our generative model; these connections enforce strong links between the latent variables and the likelihood function. We study generative skip models both theoretically and empirically. Theoretically, we prove that skip models increase the mutual information between the observations and the inferred latent variables. Empirically, we study images (MNIST and Omniglot) and text (Yahoo). Compared to existing VAE architectures, we show that generative skip models maintain similar predictive performance but lead to less collapse and provide more meaningful representations of the data.",medium,A2,expansion_round_1,"Encodes or selects compact trajectory segments or latent plans so sequential experience can be retrieved, recombined, or reused.",The adjacent sequence mechanism offers a transferable way to localize or compress useful intervals when robot labels are scarce.,true,,2018,arxiv:1807.04863,,,,,,,,,0.020075757575757577,A2,,,,,,triaged,expansion_round_1,A2/expansion-pool.json | A2/expansion-pool.jsonl,A2/expansion-triage.jsonl,complete,1
Keyframing the Future: Keyframe Discovery for Visual Prediction and Planning,arxiv:1904.05869,"Temporal observations such as videos contain essential information about the dynamics of the underlying scene, but they are often interleaved with inessential, predictable details. One way of dealing with this problem is by focusing on the most informative moments in a sequence. We propose a model that learns to discover these important events and the times when they occur and uses them to represent the full sequence. We do so using a hierarchical Keyframe-Inpainter (KeyIn) model that first generates a video's keyframes and then inpaints the rest by generating the frames at the intervening times. We propose a fully differentiable formulation to efficiently learn this procedure. We show that KeyIn finds informative keyframes in several datasets with different dynamics and visual properties. KeyIn outperforms other recent hierarchical predictive models for planning. For more details, please see the project website at https://sites.google.com/view/keyin.",medium,A2,expansion_round_1,Discovers reusable temporal structure in sequential experience for downstream decision making or policy learning.,The adjacent sequence mechanism offers a transferable way to localize or compress useful intervals when robot labels are scarce.,false,,2019,arxiv:1904.05869,,,,,,,,,0.019521316379955123,A2,,,,,,triaged,expansion_round_1,A2/expansion-pool.json | A2/expansion-pool.jsonl,A2/expansion-triage.jsonl,complete,1
Learning Options via Compression,arxiv:2212.04590,"Identifying statistical regularities in solutions to some tasks in multi-task reinforcement learning can accelerate the learning of new tasks. Skill learning offers one way of identifying these regularities by decomposing pre-collected experiences into a sequence of skills. A popular approach to skill learning is maximizing the likelihood of the pre-collected experience with latent variable models, where the latent variables represent the skills. However, there are often many solutions that maximize the likelihood equally well, including degenerate solutions. To address this underspecification, we propose a new objective that combines the maximum likelihood objective with a penalty on the description length of the skills. This penalty incentivizes the skills to maximally extract common structures from the experiences. Empirically, our objective learns skills that solve downstream tasks in fewer samples compared to skills learned from only maximizing likelihood. Further, while most prior works in the offline multi-task setting focus on tasks with low-dimensional observations, our objective can scale to challenging tasks with high-dimensional image observations.",medium,A2,expansion_round_1,"Encodes or selects compact trajectory segments or latent plans so sequential experience can be retrieved, recombined, or reused.",The adjacent sequence mechanism offers a transferable way to localize or compress useful intervals when robot labels are scarce.,false,,2022,arxiv:2212.04590,,,,,,,,,0.019913419913419914,A2,,,,,,triaged,expansion_round_1,A2/expansion-pool.json | A2/expansion-pool.jsonl,A2/expansion-triage.jsonl,complete,1
Reinforcement Learning from Bagged Reward,arxiv:2402.03771,"In Reinforcement Learning (RL), it is commonly assumed that an immediate reward signal is generated for each action taken by the agent, helping the agent maximize cumulative rewards to obtain the optimal policy. However, in many real-world scenarios, designing immediate reward signals is difficult; instead, agents receive a single reward that is contingent upon a partial sequence or a complete trajectory. In this work, we define this challenging problem as RL from Bagged Reward (RLBR), where sequences of data are treated as bags with non-Markovian bagged rewards, leading to the formulation of Bagged Reward Markov Decision Processes (BRMDPs). Theoretically, we demonstrate that RLBR can be addressed by solving a standard MDP with properly redistributed bagged rewards allocated to each instance within a bag. Empirically, we find that reward redistribution becomes more challenging as the bag length increases, due to reduced informational granularity. Existing reward redistribution methods are insufficient to address these challenges. Therefore, we propose a novel reward redistribution method equipped with a bidirectional attention mechanism, enabling the accurate interpretation of contextual nuances and temporal dependencies within each bag. We experimentally demonstrate that our proposed method consistently outperforms existing approaches.",medium,A2,expansion_round_1,Discovers reusable temporal structure in sequential experience for downstream decision making or policy learning.,"The mechanism can turn long robot experience into reusable training units, skill memories, or better-conditioned policy targets.",true,,2024,arxiv:2402.03771,,,,,,,,,0.030309988518943745,A2,,,,,,triaged,expansion_round_1,A2/expansion-pool.json | A2/expansion-pool.jsonl,A2/expansion-triage.jsonl,complete,1
AllReduce Scheduling with Hierarchical Deep Reinforcement Learning,arxiv:2503.21013,"AllReduce is a technique in distributed computing which saw use in many critical applications of deep learning. Existing methods of AllReduce scheduling oftentimes lack flexibility due to being topology-specific or relying on extensive handcrafted designs that require domain-specific knowledge. In this work, we aim to alleviate this inflexibility by proposing a deep-reinforcement-learning (DRL)-based pipeline that can generate AllReduce scheduling for various network topologies without topology-specific design features. The flow scheduling module of this pipeline consists of two hierarchically-structured DRL policies that work cooperatively to find optimal scheduling. We showcase the performance of our method compared to the baseline methods on three topologies: BCube, DCell, and Jellyfish. Finally, we contributed a Python-based simulation environment simulating AllReduce scheduling on these network topologies.",medium,A2,expansion_round_1,Discovers reusable temporal structure in sequential experience for downstream decision making or policy learning.,The adjacent sequence mechanism offers a transferable way to localize or compress useful intervals when robot labels are scarce.,true,,2025,arxiv:2503.21013,,,,,,,,,0.023458810692853244,A2,,,,,,triaged,expansion_round_1,A2/expansion-pool.json | A2/expansion-pool.jsonl,A2/expansion-triage.jsonl,complete,1
What constitutes an episode in episodic memory?,pmcid:pmc4451827,The idea of episodic memory implies the existence of a process that segments experience into episodes so that they can be stored in memory. It is therefore surprising that the link between event segmentation and the organization of experiences into episodes in memory has not…,medium,A2,expansion_round_1,"Finds event, phase, or subtask boundaries by modeling temporal changes in observations, dynamics, language, or latent sequence variables.",The adjacent sequence mechanism offers a transferable way to localize or compress useful intervals when robot labels are scarce.,true,,,doi:10.1177/0956797610393742 | pmcid:PMC4451827 | pmid:21178116,,,,,,,,,0.026375404530744335,A2,,,,,,triaged,expansion_round_1,A2/expansion-pool.json | A2/expansion-pool.jsonl,A2/expansion-triage.jsonl,complete,1
Optimal control as a graphical model inference problem,arxiv:0901.0633,"We reformulate a class of non-linear stochastic optimal control problems introduced by Todorov (2007) as a Kullback-Leibler (KL) minimization problem. As a result, the optimal control computation reduces to an inference computation and approximate inference methods can be applied to efficiently compute approximate optimal controls. We show how this KL control theory contains the path integral control method as a special case. We provide an example of a block stacking task and a multi-agent cooperative game where we demonstrate how approximate inference can be successfully applied to instances that are too complex for exact computation. We discuss the relation of the KL control approach to other inference approaches to control.",low,A2,expansion_round_1,Discovers reusable temporal structure in sequential experience for downstream decision making or policy learning.,"The mechanism can turn long robot experience into reusable training units, skill memories, or better-conditioned policy targets.",false,,2009,arxiv:0901.0633,,,,,,,,,0.02459016393442623,A2,,,,,,triaged,expansion_round_1,A2/expansion-pool.json | A2/expansion-pool.jsonl,A2/expansion-triage.jsonl,complete,1
Thermodynamics as a theory of decision-making with information processing costs,arxiv:1204.6481,"Perfectly rational decision-makers maximize expected utility, but crucially ignore the resource costs incurred when determining optimal actions. Here we propose an information-theoretic formalization of bounded rational decision-making where decision-makers trade off expected utility and information processing costs. Such bounded rational decision-makers can be thought of as thermodynamic machines that undergo physical state changes when they compute. Their behavior is governed by a free energy functional that trades off changes in internal energy-as a proxy for utility-and entropic changes representing computational costs induced by changing states. As a result, the bounded rational decision-making problem can be rephrased in terms of well-known concepts from statistical physics. In the limit when computational costs are ignored, the maximum expected utility principle is recovered. We discuss the relation to satisficing decision-making procedures as well as links to existing theoretical frameworks and human decision-making experiments that describe deviations from expected utility theory. Since most of the mathematical machinery can be borrowed from statistical physics, the main contribution is to axiomatically derive and interpret the thermodynamic free energy as a model of bounded rational decision-making.",low,A2,expansion_round_1,Discovers reusable temporal structure in sequential experience for downstream decision making or policy learning.,The mechanism connects temporal structure to data selection or learning efficiency in the Program A loop.,false,,2012,arxiv:1204.6481,,,,,,,,,0.027500922849760058,A2,,,,,,triaged,expansion_round_1,A2/expansion-pool.json | A2/expansion-pool.jsonl,A2/expansion-triage.jsonl,complete,1
The Arcade Learning Environment: An Evaluation Platform for General Agents,arxiv:1207.4708,"In this article we introduce the Arcade Learning Environment (ALE): both a challenge problem and a platform and methodology for evaluating the development of general, domain-independent AI technology. ALE provides an interface to hundreds of Atari 2600 game environments, each one different, interesting, and designed to be a challenge for human players. ALE presents significant research challenges for reinforcement learning, model learning, model-based planning, imitation learning, transfer learning, and intrinsic motivation. Most importantly, it provides a rigorous testbed for evaluating and comparing approaches to these problems. We illustrate the promise of ALE by developing and benchmarking domain-independent agents designed using well-established AI techniques for both reinforcement learning and planning. In doing so, we also propose an evaluation methodology made possible by ALE, reporting empirical results on over 55 different games. All of the software, including the benchmark agents, is publicly available.",low,A2,expansion_round_1,Discovers reusable temporal structure in sequential experience for downstream decision making or policy learning.,"The mechanism can turn long robot experience into reusable training units, skill memories, or better-conditioned policy targets.",false,,2012,arxiv:1207.4708,arxiv:1207.4708,3090577804309435886,,,,,,,0.02276286937454318,A2,,,,,,triaged,expansion_round_1,A2/expansion-pool.json | A2/expansion-pool.jsonl | A5/expansion/raw/round1-references.json | A5/expansion/raw/round1-similar.json | A8/work/expansion-round2-novel.jsonl,A2/expansion-triage.jsonl,complete,1
Tensor decompositions for learning latent variable models,arxiv:1210.7559,"This work considers a computationally and statistically efficient parameter estimation method for a wide class of latent variable models---including Gaussian mixture models, hidden Markov models, and latent Dirichlet allocation---which exploits a certain tensor structure in their low-order observable moments (typically, of second- and third-order). Specifically, parameter estimation is reduced to the problem of extracting a certain (orthogonal) decomposition of a symmetric tensor derived from the moments; this decomposition can be viewed as a natural generalization of the singular value decomposition for matrices. Although tensor decompositions are generally intractable to compute, the decomposition of these specially structured tensors can be efficiently obtained by a variety of approaches, including power iterations and maximization approaches (similar to the case of matrices). A detailed analysis of a robust tensor power method is provided, establishing an analogue of Wedin's perturbation theorem for the singular vectors of matrices. This implies a robust and computationally tractable estimation approach for several popular latent variable models.",low,A2,expansion_round_1,"Encodes or selects compact trajectory segments or latent plans so sequential experience can be retrieved, recombined, or reused.",The mechanism connects temporal structure to data selection or learning efficiency in the Program A loop.,false,,2012,arxiv:1210.7559,,,,,,,,,0.0223457597558317,A2,,,,,,triaged,expansion_round_1,A2/expansion-pool.json | A2/expansion-pool.jsonl,A2/expansion-triage.jsonl,complete,1
Playing Atari with Deep Reinforcement Learning,arxiv:1312.5602,"We present the first deep learning model to successfully learn control policies directly from high-dimensional sensory input using reinforcement learning. The model is a convolutional neural network, trained with a variant of Q-learning, whose input is raw pixels and whose output is a value function estimating future rewards. We apply our method to seven Atari 2600 games from the Arcade Learning Environment, with no adjustment of the architecture or learning algorithm. We find that it outperforms all previous approaches on six of the games and surpasses a human expert on three of them.",low,A2,expansion_round_1,Discovers reusable temporal structure in sequential experience for downstream decision making or policy learning.,The mechanism connects temporal structure to data selection or learning efficiency in the Program A loop.,false,,2013,arxiv:1312.5602,,,,,,,,,0.02379619260918253,A2,,,,,,triaged,expansion_round_1,A2/expansion-pool.json | A2/expansion-pool.jsonl | A8/work/expansion-round2-novel.jsonl,A2/expansion-triage.jsonl,complete,1
Auto-Encoding Variational Bayes,arxiv:1312.6114,"How can we perform efficient inference and learning in directed probabilistic models, in the presence of continuous latent variables with intractable posterior distributions, and large datasets? We introduce a stochastic variational inference and learning algorithm that scales to large datasets and, under some mild differentiability conditions, even works in the intractable case. Our contributions are two-fold. First, we show that a reparameterization of the variational lower bound yields a lower bound estimator that can be straightforwardly optimized using standard stochastic gradient methods. Second, we show that for i.i.d. datasets with continuous latent variables per datapoint, posterior inference can be made especially efficient by fitting an approximate inference model (also called a recognition model) to the intractable posterior using the proposed lower bound estimator. Theoretical advantages are reflected in experimental results.",low,A2,expansion_round_1,"Encodes or selects compact trajectory segments or latent plans so sequential experience can be retrieved, recombined, or reused.",The mechanism connects temporal structure to data selection or learning efficiency in the Program A loop.,false,,2013,arxiv:1312.6114,,,,,,,,,0.02067249957110997,A2,,,,,,triaged,expansion_round_1,A2/expansion-pool.json | A2/expansion-pool.jsonl | A8/work/expansion-round3-novel.jsonl,A2/expansion-triage.jsonl,complete,1
Show and Tell: A Neural Image Caption Generator,arxiv:1411.4555,"Automatically describing the content of an image is a fundamental problem in artificial intelligence that connects computer vision and natural language processing. In this paper, we present a generative model based on a deep recurrent architecture that combines recent advances in computer vision and machine translation and that can be used to generate natural sentences describing an image. The model is trained to maximize the likelihood of the target description sentence given the training image. Experiments on several datasets show the accuracy of the model and the fluency of the language it learns solely from image descriptions. Our model is often quite accurate, which we verify both qualitatively and quantitatively. For instance, while the current state-of-the-art BLEU-1 score (the higher the better) on the Pascal dataset is 25, our approach yields 59, to be compared to human performance around 69. We also show BLEU-1 score improvements on Flickr30k, from 56 to 66, and on SBU, from 19 to 28. Lastly, on the newly released COCO dataset, we achieve a BLEU-4 of 27.7, which is the current state-of-the-art.",low,A2,expansion_round_1,Discovers reusable temporal structure in sequential experience for downstream decision making or policy learning.,The mechanism connects temporal structure to data selection or learning efficiency in the Program A loop.,false,,2014,arxiv:1411.4555,,,,,,,,,0.01970108695652174,A2,,,,,,triaged,expansion_round_1,A2/expansion-pool.json | A2/expansion-pool.jsonl,A2/expansion-triage.jsonl,complete,1
In Search of the Real Inductive Bias: On the Role of Implicit Regularization in Deep Learning,arxiv:1412.6614,"We present experiments demonstrating that some other form of capacity control, different from network size, plays a central role in learning multilayer feed-forward networks. We argue, partially through analogy to matrix factorization, that this is an inductive bias that can help shed light on deep learning.",low,A2,expansion_round_1,Discovers reusable temporal structure in sequential experience for downstream decision making or policy learning.,"The mechanism can turn long robot experience into reusable training units, skill memories, or better-conditioned policy targets.",false,,2014,arxiv:1412.6614,,,,,,,,,0.020795916438226675,A2,,,,,,triaged,expansion_round_1,A2/expansion-pool.json | A2/expansion-pool.jsonl,A2/expansion-triage.jsonl,complete,1
Adam: A Method for Stochastic Optimization,arxiv:1412.6980,"We introduce Adam, an algorithm for first-order gradient-based optimization of stochastic objective functions, based on adaptive estimates of lower-order moments. The method is straightforward to implement, is computationally efficient, has little memory requirements, is invariant to diagonal rescaling of the gradients, and is well suited for problems that are large in terms of data and/or parameters. The method is also appropriate for non-stationary objectives and problems with very noisy and/or sparse gradients. The hyper-parameters have intuitive interpretations and typically require little tuning. Some connections to related algorithms, on which Adam was inspired, are discussed. We also analyze the theoretical convergence properties of the algorithm and provide a regret bound on the convergence rate that is comparable to the best known results under the online convex optimization framework. Empirical results demonstrate that Adam works well in practice and compares favorably to other stochastic optimization methods. Finally, we discuss AdaMax, a variant of Adam based on the infinity norm.",low,A2,expansion_round_1,"Encodes or selects compact trajectory segments or latent plans so sequential experience can be retrieved, recombined, or reused.","The mechanism can turn long robot experience into reusable training units, skill memories, or better-conditioned policy targets.",false,,2014,arxiv:1412.6980,arxiv:1412.6980,6283066965918169306,,,related-references | related-similar,,,,0.021135265700483092,A1,,,,,,triaged,expansion_round_1,A1/expansion-registry.json | A1/expansion-round2-registry.json | A1/expansion-round3-registry.json | A1/paper-registry-complete.json | A2/expansion-pool.json | A2/expansion-pool.jsonl | A4/expansion/expansion-registry.jsonl | A4/expansion/round3/registry.jsonl | A4/expansion/round4/registry.jsonl | A5/expansion/raw/round1-references.json | A5/expansion/raw/round1-similar.json | A5/expansion/raw/round2-similar.json | A5/expansion/raw/round3-references.json | A5/expansion/raw/round3-similar.json | A8/work/expansion-round2-novel.jsonl,A2/expansion-triage.jsonl,complete,1
DRAW: A Recurrent Neural Network For Image Generation,arxiv:1502.04623,"This paper introduces the Deep Recurrent Attentive Writer (DRAW) neural network architecture for image generation. DRAW networks combine a novel spatial attention mechanism that mimics the foveation of the human eye, with a sequential variational auto-encoding framework that allows for the iterative construction of complex images. The system substantially improves on the state of the art for generative models on MNIST, and, when trained on the Street View House Numbers dataset, it generates images that cannot be distinguished from real data with the naked eye.",low,A2,expansion_round_1,Discovers reusable temporal structure in sequential experience for downstream decision making or policy learning.,The mechanism connects temporal structure to data selection or learning efficiency in the Program A loop.,false,,2015,arxiv:1502.04623,,,,,,,,,0.020873015873015873,A2,,,,,,triaged,expansion_round_1,A2/expansion-pool.json | A2/expansion-pool.jsonl,A2/expansion-triage.jsonl,complete,1
Trust Region Policy Optimization,arxiv:1502.05477,"We describe an iterative procedure for optimizing policies, with guaranteed monotonic improvement. By making several approximations to the theoretically-justified procedure, we develop a practical algorithm, called Trust Region Policy Optimization (TRPO). This algorithm is similar to natural policy gradient methods and is effective for optimizing large nonlinear policies such as neural networks. Our experiments demonstrate its robust performance on a wide variety of tasks: learning simulated robotic swimming, hopping, and walking gaits; and playing Atari games using images of the screen as input. Despite its approximations that deviate from the theory, TRPO tends to give monotonic improvement, with little tuning of hyperparameters.",low,A2,expansion_round_1,Discovers reusable temporal structure in sequential experience for downstream decision making or policy learning.,"The mechanism can turn long robot experience into reusable training units, skill memories, or better-conditioned policy targets.",false,,2015,arxiv:1502.05477,arxiv:1502.05477,3479099629109485104,,,,,,,0.020555767034640276,A2,,,,,,triaged,expansion_round_1,A2/expansion-pool.json | A2/expansion-pool.jsonl | A5/expansion/raw/round2-references.json | A5/expansion/raw/round2-similar.json | A8/work/expansion-round2-novel.jsonl,A2/expansion-triage.jsonl,complete,1
An Emphatic Approach to the Problem of Off-policy Temporal-Difference Learning,arxiv:1503.04269,"In this paper we introduce the idea of improving the performance of parametric temporal-difference (TD) learning algorithms by selectively emphasizing or de-emphasizing their updates on different time steps. In particular, we show that varying the emphasis of linear TD(λ)'s updates in a particular way causes its expected update to become stable under off-policy training. The only prior model-free TD methods to achieve this with per-step computation linear in the number of function approximation parameters are the gradient-TD family of methods including TDC, GTD(λ), and GQ(λ). Compared to these methods, our emphatic TD(λ) is simpler and easier to use; it has only one learned parameter vector and one step-size parameter. Our treatment includes general state-dependent discounting and bootstrapping functions, and a way of specifying varying degrees of interest in accurately valuing different states.",low,A2,expansion_round_1,Discovers reusable temporal structure in sequential experience for downstream decision making or policy learning.,The mechanism connects temporal structure to data selection or learning efficiency in the Program A loop.,false,,2015,arxiv:1503.04269,,,,,,,,,0.022342342342342343,A2,,,,,,triaged,expansion_round_1,A2/expansion-pool.json | A2/expansion-pool.jsonl,A2/expansion-triage.jsonl,complete,1
Incentivizing Exploration In Reinforcement Learning With Deep Predictive Models,arxiv:1507.00814,"Achieving efficient and scalable exploration in complex domains poses a major challenge in reinforcement learning. While Bayesian and PAC-MDP approaches to the exploration problem offer strong formal guarantees, they are often impractical in higher dimensions due to their reliance on enumerating the state-action space. Hence, exploration in complex domains is often performed with simple epsilon-greedy methods. In this paper, we consider the challenging Atari games domain, which requires processing raw pixel inputs and delayed rewards. We evaluate several more sophisticated exploration strategies, including Thompson sampling and Boltzman exploration, and propose a new exploration method based on assigning exploration bonuses from a concurrently learned model of the system dynamics. By parameterizing our learned model with a neural network, we are able to develop a scalable and efficient approach to exploration bonuses that can be applied to tasks with complex, high-dimensional state spaces. In the Atari domain, our method provides the most consistent improvement across a range of games that pose a major challenge for prior methods. In addition to raw game-scores, we also develop an AUC-100 metric for the Atari Learning domain to evaluate the impact of exploration on this benchmark.",low,A2,expansion_round_1,Discovers reusable temporal structure in sequential experience for downstream decision making or policy learning.,The mechanism connects temporal structure to data selection or learning efficiency in the Program A loop.,false,,2015,arxiv:1507.00814,,,,,,,,,0.021033868092691622,A2,,,,,,triaged,expansion_round_1,A2/expansion-pool.json | A2/expansion-pool.jsonl | A8/work/expansion-round2-novel.jsonl,A2/expansion-triage.jsonl,complete,1
Massively Parallel Methods for Deep Reinforcement Learning,arxiv:1507.04296,"We present the first massively distributed architecture for deep reinforcement learning. This architecture uses four main components: parallel actors that generate new behaviour; parallel learners that are trained from stored experience; a distributed neural network to represent the value function or behaviour policy; and a distributed store of experience. We used our architecture to implement the Deep Q-Network algorithm (DQN). Our distributed algorithm was applied to 49 games from Atari 2600 games from the Arcade Learning Environment, using identical hyperparameters. Our performance surpassed non-distributed DQN in 41 of the 49 games and also reduced the wall-time required to achieve these results by an order of magnitude on most games.",low,A2,expansion_round_1,Discovers reusable temporal structure in sequential experience for downstream decision making or policy learning.,The mechanism connects temporal structure to data selection or learning efficiency in the Program A loop.,false,,2015,arxiv:1507.04296,,,,,,,,,0.020160975228569196,A2,,,,,,triaged,expansion_round_1,A2/expansion-pool.json | A2/expansion-pool.jsonl,A2/expansion-triage.jsonl,complete,1
Deep Recurrent Q-Learning for Partially Observable MDPs,arxiv:1507.06527,"Deep Reinforcement Learning has yielded proficient controllers for complex tasks. However, these controllers have limited memory and rely on being able to perceive the complete game screen at each decision point. To address these shortcomings, this article investigates the effects of adding recurrency to a Deep Q-Network (DQN) by replacing the first post-convolutional fully-connected layer with a recurrent LSTM. The resulting Deep Recurrent Q-Network (DRQN), although capable of seeing only a single frame at each timestep, successfully integrates information through time and replicates DQN's performance on standard Atari games and partially observed equivalents featuring flickering game screens. Additionally, when trained with partial observations and evaluated with incrementally more complete observations, DRQN's performance scales as a function of observability. Conversely, when trained with full observations and evaluated with partial observations, DRQN's performance degrades less than DQN's. Thus, given the same length of history, recurrency is a viable alternative to stacking a history of frames in the DQN's input layer and while recurrency confers no systematic advantage when learning to play the game, the recurrent net can better adapt at evaluation time if the quality of observations changes.",low,A2,expansion_round_1,"Encodes or selects compact trajectory segments or latent plans so sequential experience can be retrieved, recombined, or reused.",The mechanism connects temporal structure to data selection or learning efficiency in the Program A loop.,false,,2015,arxiv:1507.06527,,,,,,,,,0.020053475935828877,A2,,,,,,triaged,expansion_round_1,A2/expansion-pool.json | A2/expansion-pool.jsonl,A2/expansion-triage.jsonl,complete,1
Continuous control with deep reinforcement learning,arxiv:1509.02971,"We adapt the ideas underlying the success of Deep Q-Learning to the continuous action domain. We present an actor-critic, model-free algorithm based on the deterministic policy gradient that can operate over continuous action spaces. Using the same learning algorithm, network architecture and hyper-parameters, our algorithm robustly solves more than 20 simulated physics tasks, including classic problems such as cartpole swing-up, dexterous manipulation, legged locomotion and car driving. Our algorithm is able to find policies whose performance is competitive with those found by a planning algorithm with full access to the dynamics of the domain and its derivatives. We further demonstrate that for many of the tasks the algorithm can learn policies end-to-end: directly from raw pixel inputs.",low,A2,expansion_round_1,Discovers reusable temporal structure in sequential experience for downstream decision making or policy learning.,"The mechanism can turn long robot experience into reusable training units, skill memories, or better-conditioned policy targets.",false,,2015,arxiv:1509.02971,arxiv:1509.02971,6079533621729908911,,,related-papers,,,,0.023910582908885116,A2,,,,,,triaged,expansion_round_1,A2/expansion-pool.json | A2/expansion-pool.jsonl | A5/expansion/raw/round1-references.json | A5/expansion/raw/round2-references.json | A5/expansion/raw/round2-similar.json | A5/expansion/raw/round3-similar.json | A6/expansion/canonical-pool.jsonl | A8/work/expansion-round2-novel.jsonl,A2/expansion-triage.jsonl,complete,1
Deep Reinforcement Learning with Double Q-learning,arxiv:1509.06461,"The popular Q-learning algorithm is known to overestimate action values under certain conditions. It was not previously known whether, in practice, such overestimations are common, whether they harm performance, and whether they can generally be prevented. In this paper, we answer all these questions affirmatively. In particular, we first show that the recent DQN algorithm, which combines Q-learning with a deep neural network, suffers from substantial overestimations in some games in the Atari 2600 domain. We then show that the idea behind the Double Q-learning algorithm, which was introduced in a tabular setting, can be generalized to work with large-scale function approximation. We propose a specific adaptation to the DQN algorithm and show that the resulting algorithm not only reduces the observed overestimations, as hypothesized, but that this also leads to much better performance on several games.",low,A2,expansion_round_1,Discovers reusable temporal structure in sequential experience for downstream decision making or policy learning.,The mechanism connects temporal structure to data selection or learning efficiency in the Program A loop.,false,,2015,arxiv:1509.06461,,,,,,,,,0.022833419823559936,A2,,,,,,triaged,expansion_round_1,A2/expansion-pool.json | A2/expansion-pool.jsonl,A2/expansion-triage.jsonl,complete,1
Variational Information Maximisation for Intrinsically Motivated Reinforcement Learning,arxiv:1509.08731,"The mutual information is a core statistical quantity that has applications in all areas of machine learning, whether this is in training of density models over multiple data modalities, in maximising the efficiency of noisy transmission channels, or when learning behaviour policies for exploration by artificial agents. Most learning algorithms that involve optimisation of the mutual information rely on the Blahut-Arimoto algorithm --- an enumerative algorithm with exponential complexity that is not suitable for modern machine learning applications. This paper provides a new approach for scalable optimisation of the mutual information by merging techniques from variational inference and deep learning. We develop our approach by focusing on the problem of intrinsically-motivated learning, where the mutual information forms the definition of a well-known internal drive known as empowerment. Using a variational lower bound on the mutual information, combined with convolutional networks for handling visual input streams, we develop a stochastic optimisation algorithm that allows for scalable information maximisation and empowerment-based reasoning directly from pixels to actions.",low,A2,expansion_round_1,Discovers reusable temporal structure in sequential experience for downstream decision making or policy learning.,The mechanism connects temporal structure to data selection or learning efficiency in the Program A loop.,false,,2015,arxiv:1509.08731,,,,,,,,,0.021115270179479798,A2,,,,,,triaged,expansion_round_1,A2/expansion-pool.json | A2/expansion-pool.jsonl | A8/work/expansion-round2-novel.jsonl,A2/expansion-triage.jsonl,complete,1
Policy Distillation,arxiv:1511.06295,"Policies for complex visual tasks have been successfully learned with deep reinforcement learning, using an approach called deep Q-networks (DQN), but relatively large (task-specific) networks and extensive training are needed to achieve good performance. In this work, we present a novel method called policy distillation that can be used to extract the policy of a reinforcement learning agent and train a new network that performs at the expert level while being dramatically smaller and more efficient. Furthermore, the same method can be used to consolidate multiple task-specific policies into a single policy. We demonstrate these claims using the Atari domain and show that the multi-task distilled agent outperforms the single-task teachers as well as a jointly-trained DQN agent.",low,A2,expansion_round_1,Discovers reusable temporal structure in sequential experience for downstream decision making or policy learning.,"The mechanism can turn long robot experience into reusable training units, skill memories, or better-conditioned policy targets.",false,,2015,arxiv:1511.06295,,,,,,,,,0.025859192525859193,A2,,,,,,triaged,expansion_round_1,A2/expansion-pool.json | A2/expansion-pool.jsonl,A2/expansion-triage.jsonl,complete,1
Asynchronous Methods for Deep Reinforcement Learning,arxiv:1602.01783,"We propose a conceptually simple and lightweight framework for deep reinforcement learning that uses asynchronous gradient descent for optimization of deep neural network controllers. We present asynchronous variants of four standard reinforcement learning algorithms and show that parallel actor-learners have a stabilizing effect on training allowing all four methods to successfully train neural network controllers. The best performing method, an asynchronous variant of actor-critic, surpasses the current state-of-the-art on the Atari domain while training for half the time on a single multi-core CPU instead of a GPU. Furthermore, we show that asynchronous actor-critic succeeds on a wide variety of continuous motor control problems as well as on a new task of navigating random 3D mazes using a visual input.",low,A2,expansion_round_1,Discovers reusable temporal structure in sequential experience for downstream decision making or policy learning.,The mechanism connects temporal structure to data selection or learning efficiency in the Program A loop.,false,,2016,arxiv:1602.01783,arxiv:1602.01783,5371695728724585615,,,,,,,0.022559217947111167,A2,,,,,,triaged,expansion_round_1,A2/expansion-pool.json | A2/expansion-pool.jsonl | A5/expansion/raw/round2-similar.json | A5/expansion/raw/round3-similar.json,A2/expansion-triage.jsonl,complete,1
Unifying Count-Based Exploration and Intrinsic Motivation,arxiv:1606.01868,"We consider an agent's uncertainty about its environment and the problem of generalizing this uncertainty across observations. Specifically, we focus on the problem of exploration in non-tabular reinforcement learning. Drawing inspiration from the intrinsic motivation literature, we use density models to measure uncertainty, and propose a novel algorithm for deriving a pseudo-count from an arbitrary density model. This technique enables us to generalize count-based exploration algorithms to the non-tabular case. We apply our ideas to Atari 2600 games, providing sensible pseudo-counts from raw pixels. We transform these pseudo-counts into intrinsic rewards and obtain significantly improved exploration in a number of hard games, including the infamously difficult Montezuma's Revenge.",low,A2,expansion_round_1,Discovers reusable temporal structure in sequential experience for downstream decision making or policy learning.,The mechanism connects temporal structure to data selection or learning efficiency in the Program A loop.,false,,2016,arxiv:1606.01868,arxiv:1606.01868,2132316021214391801,,q22-foundational | A8,search-papers,foundational,,,0.02008551257830367,A2,,,,,,triaged,expansion_round_1,A2/expansion-pool.json | A2/expansion-pool.jsonl | A8/raw/q22-foundational.json | A8/work/canonical-pool.jsonl | A8/work/expansion-pool.jsonl,A2/expansion-triage.jsonl,complete,1
Categorical Reparameterization with Gumbel-Softmax,arxiv:1611.01144,"Categorical variables are a natural choice for representing discrete structure in the world. However, stochastic neural networks rarely use categorical latent variables due to the inability to backpropagate through samples. In this work, we present an efficient gradient estimator that replaces the non-differentiable sample from a categorical distribution with a differentiable sample from a novel Gumbel-Softmax distribution. This distribution has the essential property that it can be smoothly annealed into a categorical distribution. We show that our Gumbel-Softmax estimator outperforms state-of-the-art gradient estimators on structured output prediction and unsupervised generative modeling tasks with categorical latent variables, and enables large speedups on semi-supervised classification.",low,A2,expansion_round_1,"Encodes or selects compact trajectory segments or latent plans so sequential experience can be retrieved, recombined, or reused.",The mechanism connects temporal structure to data selection or learning efficiency in the Program A loop.,false,,2016,arxiv:1611.01144,,,,,,,,,0.021910919540229883,A2,,,,,,triaged,expansion_round_1,A2/expansion-pool.json | A2/expansion-pool.jsonl,A2/expansion-triage.jsonl,complete,1
Learning to Multi-Task by Active Sampling,arxiv:1702.06053,"One of the long-standing challenges in Artificial Intelligence for learning goal-directed behavior is to build a single agent which can solve multiple tasks. Recent progress in multi-task learning for goal-directed sequential problems has been in the form of distillation based learning wherein a student network learns from multiple task-specific expert networks by mimicking the task-specific policies of the expert networks. While such approaches offer a promising solution to the multi-task learning problem, they require supervision from large expert networks which require extensive data and computation time for training. In this work, we propose an efficient multi-task learning framework which solves multiple goal-directed tasks in an on-line setup without the need for expert supervision. Our work uses active learning principles to achieve multi-task learning by sampling the harder tasks more than the easier ones. We propose three distinct models under our active sampling framework. An adaptive method with extremely competitive multi-tasking performance. A UCB-based meta-learner which casts the problem of picking the next task to train on as a multi-armed bandit problem. A meta-learning method that casts the next-task picking problem as a full Reinforcement Learning problem and uses actor critic methods for optimizing the multi-tasking performance directly. We demonstrate results in the Atari 2600 domain on seven multi-tasking instances: three 6-task instances, one 8-task instance, two 12-task instances and one 21-task instance.",low,A2,expansion_round_1,Discovers reusable temporal structure in sequential experience for downstream decision making or policy learning.,"The mechanism can turn long robot experience into reusable training units, skill memories, or better-conditioned policy targets.",false,,2017,arxiv:1702.06053,,paper:5259784892719445319,,10 | 19 | 59,,general,,,0.023252688172043012,A2,,not-inspected,,unverified-abstract-only,not-inspected,triaged,expansion_round_1,A2/expansion-pool.json | A2/expansion-pool.jsonl | A5/canonical-pool.jsonl | A5/paper-registry.json,A2/expansion-triage.jsonl,complete,1
Hindsight Experience Replay,arxiv:1707.01495,"Dealing with sparse rewards is one of the biggest challenges in Reinforcement Learning (RL). We present a novel technique called Hindsight Experience Replay which allows sample-efficient learning from rewards which are sparse and binary and therefore avoid the need for complicated reward engineering. It can be combined with an arbitrary off-policy RL algorithm and may be seen as a form of implicit curriculum. We demonstrate our approach on the task of manipulating objects with a robotic arm. In particular, we run experiments on three different tasks: pushing, sliding, and pick-and-place, in each case using only binary rewards indicating whether or not the task is completed. Our ablation studies show that Hindsight Experience Replay is a crucial ingredient which makes training possible in these challenging environments. We show that our policies trained on a physics simulation can be deployed on a physical robot and successfully complete the task.",low,A2,expansion_round_1,Discovers reusable temporal structure in sequential experience for downstream decision making or policy learning.,"The mechanism can turn long robot experience into reusable training units, skill memories, or better-conditioned policy targets.",false,"Marcin Andrychowicz, Filip Wolski, Alex Ray, Jonas Schneider, Rachel Fong, Peter Welinder, Bob McGrew, Josh Tobin, Pieter Abbeel, Wojciech Zaremba",2017,arxiv:1707.01495,arxiv:1707.01495,8747658690710161793,cs.LG | cs.AI | cs.NE | cs.RO,temporal abstraction long horizon manipulation sparse reward credit assignment,search-papers,true,,,0.015384615,A6,true,not-inspected,C:\Users\moham\Documents\Codex\2026-08-29\organize-x20\work\reflex-research\program-a\A6\evidence\arxiv_1707.01495.json,unverified-abstract-only,not-inspected,triaged,expansion_round_1,A2/canonical-pool.json | A2/canonical-pool.jsonl | A2/expansion-pool.json | A2/expansion-pool.jsonl | A2/raw/q20-sparse-reward.json | A5/canonical-pool.jsonl | A5/expansion/raw/round1-references.json | A5/expansion/raw/round1-similar.json | A5/paper-registry.json | A6/expansion/canonical-pool.jsonl | A6/raw-retrieval/q17-failure-negative-visuomotor.json | A6/registry-assignment.jsonl | A6/work/assigned-registry-inspected.jsonl | A6/work/assigned-registry-preinspect.jsonl | A6/work/canonical-pool.jsonl | A6/work/evidence-index.jsonl | A8/work/expansion-round2-novel.jsonl,A2/expansion-triage.jsonl,complete,1
Emergence of Locomotion Behaviours in Rich Environments,arxiv:1707.02286,"The reinforcement learning paradigm allows, in principle, for complex behaviours to be learned directly from simple reward signals. In practice, however, it is common to carefully hand-design the reward function to encourage a particular solution, or to derive it from demonstration data. In this paper explore how a rich environment can help to promote the learning of complex behavior. Specifically, we train agents in diverse environmental contexts, and find that this encourages the emergence of robust behaviours that perform well across a suite of tasks. We demonstrate this principle for locomotion -- behaviours that are known for their sensitivity to the choice of reward. We train several simulated bodies on a diverse set of challenging terrains and obstacles, using a simple reward function based on forward progress. Using a novel scalable variant of policy gradient reinforcement learning, our agents learn to run, jump, crouch and turn as required by the environment without explicit reward-based guidance. A visual depiction of highlights of the learned behavior can be viewed following https://youtu.be/hxbgoTF7bs .",low,A2,expansion_round_1,Discovers reusable temporal structure in sequential experience for downstream decision making or policy learning.,"The mechanism can turn long robot experience into reusable training units, skill memories, or better-conditioned policy targets.",false,,2017,arxiv:1707.02286,,,,,,,,,0.019838212634822806,A2,,,,,,triaged,expansion_round_1,A2/expansion-pool.json | A2/expansion-pool.jsonl,A2/expansion-triage.jsonl,complete,1
Proximal Policy Optimization Algorithms,arxiv:1707.06347,"We propose a new family of policy gradient methods for reinforcement learning, which alternate between sampling data through interaction with the environment, and optimizing a ""surrogate"" objective function using stochastic gradient ascent. Whereas standard policy gradient methods perform one gradient update per data sample, we propose a novel objective function that enables multiple epochs of minibatch updates. The new methods, which we call proximal policy optimization (PPO), have some of the benefits of trust region policy optimization (TRPO), but they are much simpler to implement, more general, and have better sample complexity (empirically). Our experiments test PPO on a collection of benchmark tasks, including simulated robotic locomotion and Atari game playing, and we show that PPO outperforms other online policy gradient methods, and overall strikes a favorable balance between sample complexity, simplicity, and wall-time.",low,A2,expansion_round_1,Discovers reusable temporal structure in sequential experience for downstream decision making or policy learning.,"The mechanism can turn long robot experience into reusable training units, skill memories, or better-conditioned policy targets.",false,,2017,arxiv:1707.06347,arxiv:1707.06347,3153751192064643184,,20,related-references | related-similar,general,,,0.020995190529041807,A1,,not-inspected,,unverified-abstract-only,not-inspected,triaged,expansion_round_1,A1/expansion-registry.json | A1/paper-registry-complete.json | A2/expansion-pool.json | A2/expansion-pool.jsonl | A4/expansion/round4/registry.jsonl | A5/canonical-pool.jsonl | A5/expansion/raw/round3-similar.json | A5/paper-registry.json | A6/expansion/canonical-pool.jsonl | A7/work/expansion-read-manifest.json | A7/work/expansion-registry.json | A7/work/expansion-registry.jsonl | A8/work/expansion-round2-novel.jsonl,A2/expansion-triage.jsonl,complete,1
Soft Actor-Critic: Off-Policy Maximum Entropy Deep Reinforcement Learning with a Stochastic Actor,arxiv:1801.01290,"Model-free deep reinforcement learning (RL) algorithms have been demonstrated on a range of challenging decision making and control tasks. However, these methods typically suffer from two major challenges: very high sample complexity and brittle convergence properties, which necessitate meticulous hyperparameter tuning. Both of these challenges severely limit the applicability of such methods to complex, real-world domains. In this paper, we propose soft actor-critic, an off-policy actor-critic deep RL algorithm based on the maximum entropy reinforcement learning framework. In this framework, the actor aims to maximize expected reward while also maximizing entropy. That is, to succeed at the task while acting as randomly as possible. Prior deep RL methods based on this framework have been formulated as Q-learning methods. By combining off-policy updates with a stable stochastic actor-critic formulation, our method achieves state-of-the-art performance on a range of continuous control benchmark tasks, outperforming prior on-policy and off-policy methods. Furthermore, we demonstrate that, in contrast to other off-policy algorithms, our approach is very stable, achieving very similar performance across different random seeds.",low,A2,expansion_round_1,Discovers reusable temporal structure in sequential experience for downstream decision making or policy learning.,"The mechanism can turn long robot experience into reusable training units, skill memories, or better-conditioned policy targets.",false,,2018,arxiv:1801.01290,,,,,,,,,0.01880096647538508,A2,,,,,,triaged,expansion_round_1,A2/expansion-pool.json | A2/expansion-pool.jsonl | A8/work/expansion-round2-novel.jsonl,A2/expansion-triage.jsonl,complete,1
Learning by Playing - Solving Sparse Reward Tasks from Scratch,arxiv:1802.10567,"We propose Scheduled Auxiliary Control (SAC-X), a new learning paradigm in the context of Reinforcement Learning (RL). SAC-X enables learning of complex behaviors - from scratch - in the presence of multiple sparse reward signals. To this end, the agent is equipped with a set of general auxiliary tasks, that it attempts to learn simultaneously via off-policy RL. The key idea behind our method is that active (learned) scheduling and execution of auxiliary policies allows the agent to efficiently explore its environment - enabling it to excel at sparse reward RL. Our experiments in several challenging robotic manipulation settings demonstrate the power of our approach.",low,A2,expansion_round_1,Discovers reusable temporal structure in sequential experience for downstream decision making or policy learning.,"The mechanism can turn long robot experience into reusable training units, skill memories, or better-conditioned policy targets.",false,,2018,arxiv:1802.10567,arxiv:1802.10567,301213087444764419,,,,,,,0.022113289760348584,A2,,,,,,triaged,expansion_round_1,A2/expansion-pool.json | A2/expansion-pool.jsonl | A5/expansion/raw/round1-references.json,A2/expansion-triage.jsonl,complete,1
Learning from Trajectories via Subgoal Discovery,arxiv:1911.07224,"Learning to solve complex goal-oriented tasks with sparse terminal-only rewards often requires an enormous number of samples. In such cases, using a set of expert trajectories could help to learn faster. However, Imitation Learning (IL) via supervised pre-training with these trajectories may not perform as well and generally requires additional finetuning with expert-in-the-loop. In this paper, we propose an approach which uses the expert trajectories and learns to decompose the complex main task into smaller sub-goals. We learn a function which partitions the state-space into sub-goals, which can then be used to design an extrinsic reward function. We follow a strategy where the agent first learns from the trajectories using IL and then switches to Reinforcement Learning (RL) using the identified sub-goals, to alleviate the errors in the IL step. To deal with states which are under-represented by the trajectory set, we also learn a function to modulate the sub-goal predictions. We show that our method is able to solve complex goal-oriented tasks, which other RL, IL or their combinations in literature are not able to solve.",low,A2,expansion_round_1,Discovers reusable temporal structure in sequential experience for downstream decision making or policy learning.,"The mechanism can turn long robot experience into reusable training units, skill memories, or better-conditioned policy targets.",false,,2019,arxiv:1911.07224,,,,,,,,,0.02,A2,,,,,,triaged,expansion_round_1,A2/expansion-pool.json | A2/expansion-pool.jsonl,A2/expansion-triage.jsonl,complete,1
D4RL: Datasets for Deep Data-Driven Reinforcement Learning,arxiv:2004.07219,"The offline reinforcement learning (RL) setting (also known as full batch RL), where a policy is learned from a static dataset, is compelling as progress enables RL methods to take advantage of large, previously-collected datasets, much like how the rise of large datasets has fueled results in supervised learning. However, existing online RL benchmarks are not tailored towards the offline setting and existing offline RL benchmarks are restricted to data generated by partially-trained agents, making progress in offline RL difficult to measure. In this work, we introduce benchmarks specifically designed for the offline setting, guided by key properties of datasets relevant to real-world applications of offline RL. With a focus on dataset collection, examples of such properties include: datasets generated via hand-designed controllers and human demonstrators, multitask datasets where an agent performs different tasks in the same environment, and datasets collected with mixtures of policies. By moving beyond simple benchmark tasks and data collected by partially-trained RL agents, we reveal important and unappreciated deficiencies of existing algorithms. To facilitate research, we have released our benchmark tasks and datasets with a comprehensive evaluation of existing algorithms, an evaluation protocol, and open-source examples. This serves as a common starting point for the community to identify shortcomings in existing offline RL methods and a collaborative route for progress in this emerging area.",low,A2,expansion_round_1,Discovers reusable temporal structure in sequential experience for downstream decision making or policy learning.,"The mechanism can turn long robot experience into reusable training units, skill memories, or better-conditioned policy targets.",false,,2020,arxiv:2004.07219,arxiv:2004.07219,5216023879850160934,,,related-papers,foundational,,,0.020410039532959456,A2,,false,false,,false,triaged,expansion_round_1,A2/expansion-pool.json | A2/expansion-pool.jsonl | A5/expansion/inspection-manifest.json | A5/expansion/raw/round1-references.json | A5/expansion/read-manifest.json | A6/expansion/canonical-pool.jsonl | A7/raw/q23-offline-support.json | A7/work/expansion-registry.json | A7/work/expansion-registry.jsonl | A7/work/paper-registry.json | A7/work/paper-registry.jsonl | A7/work/verified-paper-registry.json | A7/work/verified-paper-registry.jsonl,A2/expansion-triage.jsonl,complete,1
Offline Meta-Reinforcement Learning with Online Self-Supervision,arxiv:2107.03974,"Meta-reinforcement learning (RL) methods can meta-train policies that adapt to new tasks with orders of magnitude less data than standard RL, but meta-training itself is costly and time-consuming. If we can meta-train on offline data, then we can reuse the same static dataset, labeled once with rewards for different tasks, to meta-train policies that adapt to a variety of new tasks at meta-test time. Although this capability would make meta-RL a practical tool for real-world use, offline meta-RL presents additional challenges beyond online meta-RL or standard offline RL settings. Meta-RL learns an exploration strategy that collects data for adapting, and also meta-trains a policy that quickly adapts to data from a new task. Since this policy was meta-trained on a fixed, offline dataset, it might behave unpredictably when adapting to data collected by the learned exploration strategy, which differs systematically from the offline data and thus induces distributional shift. We propose a hybrid offline meta-RL algorithm, which uses offline data with rewards to meta-train an adaptive policy, and then collects additional unsupervised online data, without any reward labels to bridge this distribution shift. By not requiring reward labels for online collection, this data can be much cheaper to collect. We compare our method to prior work on offline meta-RL on simulated robot locomotion and manipulation tasks and find that using additional unsupervised online data collection leads to a dramatic improvement in the adaptive capabilities of the meta-trained policies, matching the performance of fully online meta-RL on a range of challenging domains that require generalization to new tasks.",low,A2,expansion_round_1,Discovers reusable temporal structure in sequential experience for downstream decision making or policy learning.,"The mechanism can turn long robot experience into reusable training units, skill memories, or better-conditioned policy targets.",false,,2021,arxiv:2107.03974,,,,,,,,,0.020182648401826486,A2,,,,,,triaged,expansion_round_1,A2/expansion-pool.json | A2/expansion-pool.jsonl,A2/expansion-triage.jsonl,complete,1
MineDojo: Building Open-Ended Embodied Agents with Internet-Scale Knowledge,arxiv:2206.08853,"Autonomous agents have made great strides in specialist domains like Atari games and Go. However, they typically learn tabula rasa in isolated environments with limited and manually conceived objectives, thus failing to generalize across a wide spectrum of tasks and capabilities. Inspired by how humans continually learn and adapt in the open world, we advocate a trinity of ingredients for building generalist agents: 1) an environment that supports a multitude of tasks and goals, 2) a large-scale database of multimodal knowledge, and 3) a flexible and scalable agent architecture. We introduce MineDojo, a new framework built on the popular Minecraft game that features a simulation suite with thousands of diverse open-ended tasks and an internet-scale knowledge base with Minecraft videos, tutorials, wiki pages, and forum discussions. Using MineDojo's data, we propose a novel agent learning algorithm that leverages large pre-trained video-language models as a learned reward function. Our agent is able to solve a variety of open-ended tasks specified in free-form language without any manually designed dense shaping reward. We open-source the simulation suite, knowledge bases, algorithm implementation, and pretrained models (https://minedojo.org) to promote research towards the goal of generally capable embodied agents.",low,A2,expansion_round_1,Discovers reusable temporal structure in sequential experience for downstream decision making or policy learning.,The mechanism connects temporal structure to data selection or learning efficiency in the Program A loop.,false,,2022,arxiv:2206.08853,,,,,,,,,0.020821661998132585,A2,,,,,,triaged,expansion_round_1,A2/expansion-pool.json | A2/expansion-pool.jsonl,A2/expansion-triage.jsonl,complete,1
Video PreTraining (VPT): Learning to Act by Watching Unlabeled Online Videos,arxiv:2206.11795,"Pretraining on noisy, internet-scale datasets has been heavily studied as a technique for training models with broad, general capabilities for text, images, and other modalities. However, for many sequential decision domains such as robotics, video games, and computer use, publicly available data does not contain the labels required to train behavioral priors in the same way. We extend the internet-scale pretraining paradigm to sequential decision domains through semi-supervised imitation learning wherein agents learn to act by watching online unlabeled videos. Specifically, we show that with a small amount of labeled data we can train an inverse dynamics model accurate enough to label a huge unlabeled source of online data -- here, online videos of people playing Minecraft -- from which we can then train a general behavioral prior. Despite using the native human interface (mouse and keyboard at 20Hz), we show that this behavioral prior has nontrivial zero-shot capabilities and that it can be fine-tuned, with both imitation learning and reinforcement learning, to hard-exploration tasks that are impossible to learn from scratch via reinforcement learning. For many tasks our models exhibit human-level performance, and we are the first to report computer agents that can craft diamond tools, which can take proficient humans upwards of 20 minutes (24,000 environment actions) of gameplay to accomplish.",low,A2,expansion_round_1,Discovers reusable temporal structure in sequential experience for downstream decision making or policy learning.,"The mechanism can turn long robot experience into reusable training units, skill memories, or better-conditioned policy targets.",false,,2022,arxiv:2206.11795,,,,,,,,,0.02119938884644767,A2,,,,,,triaged,expansion_round_1,A2/expansion-pool.json | A2/expansion-pool.jsonl,A2/expansion-triage.jsonl,complete,1
Collaborating with language models for embodied reasoning,arxiv:2302.00763,"Reasoning in a complex and ambiguous environment is a key goal for Reinforcement Learning (RL) agents. While some sophisticated RL agents can successfully solve difficult tasks, they require a large amount of training data and often struggle to generalize to new unseen environments and new tasks. On the other hand, Large Scale Language Models (LSLMs) have exhibited strong reasoning ability and the ability to to adapt to new tasks through in-context learning. However, LSLMs do not inherently have the ability to interrogate or intervene on the environment. In this work, we investigate how to combine these complementary abilities in a single system consisting of three parts: a Planner, an Actor, and a Reporter. The Planner is a pre-trained language model that can issue commands to a simple embodied agent (the Actor), while the Reporter communicates with the Planner to inform its next command. We present a set of tasks that require reasoning, test this system's ability to generalize zero-shot and investigate failure cases, and demonstrate how components of this system can be trained with reinforcement-learning to improve performance.",low,A2,expansion_round_1,Discovers reusable temporal structure in sequential experience for downstream decision making or policy learning.,"The mechanism can turn long robot experience into reusable training units, skill memories, or better-conditioned policy targets.",false,,2023,arxiv:2302.00763,,,,,,,,,0.02085076708507671,A2,,,,,,triaged,expansion_round_1,A2/expansion-pool.json | A2/expansion-pool.jsonl,A2/expansion-triage.jsonl,complete,1
Modular Deep Learning,arxiv:2302.11529,"Transfer learning has recently become the dominant paradigm of machine learning. Pre-trained models fine-tuned for downstream tasks achieve better performance with fewer labelled examples. Nonetheless, it remains unclear how to develop models that specialise towards multiple tasks without incurring negative interference and that generalise systematically to non-identically distributed tasks. Modular deep learning has emerged as a promising solution to these challenges. In this framework, units of computation are often implemented as autonomous parameter-efficient modules. Information is conditionally routed to a subset of modules and subsequently aggregated. These properties enable positive transfer and systematic generalisation by separating computation from routing and updating modules locally. We offer a survey of modular architectures, providing a unified view over several threads of research that evolved independently in the scientific literature. Moreover, we explore various additional purposes of modularity, including scaling language models, causal inference, programme induction, and planning in reinforcement learning. Finally, we report various concrete applications where modularity has been successfully deployed such as cross-lingual and cross-modal knowledge transfer. Related talks and projects to this survey, are available at https://www.modulardeeplearning.com/.",low,A2,expansion_round_1,Discovers reusable temporal structure in sequential experience for downstream decision making or policy learning.,The mechanism connects temporal structure to data selection or learning efficiency in the Program A loop.,false,,2023,arxiv:2302.11529,,,,,,,,,0.020612851905651243,A2,,,,,,triaged,expansion_round_1,A2/expansion-pool.json | A2/expansion-pool.jsonl,A2/expansion-triage.jsonl,complete,1
NovelGym: A Flexible Ecosystem for Hybrid Planning and Learning Agents Designed for Open Worlds,arxiv:2401.03546,"As AI agents leave the lab and venture into the real world as autonomous vehicles, delivery robots, and cooking robots, it is increasingly necessary to design and comprehensively evaluate algorithms that tackle the ``open-world''. To this end, we introduce NovelGym, a flexible and adaptable ecosystem designed to simulate gridworld environments, serving as a robust platform for benchmarking reinforcement learning (RL) and hybrid planning and learning agents in open-world contexts. The modular architecture of NovelGym facilitates rapid creation and modification of task environments, including multi-agent scenarios, with multiple environment transformations, thus providing a dynamic testbed for researchers to develop open-world AI agents.",low,A2,expansion_round_1,Discovers reusable temporal structure in sequential experience for downstream decision making or policy learning.,"The mechanism can turn long robot experience into reusable training units, skill memories, or better-conditioned policy targets.",false,,2024,arxiv:2401.03546,,,,,,,,,0.021231073074391045,A2,,,,,,triaged,expansion_round_1,A2/expansion-pool.json | A2/expansion-pool.jsonl,A2/expansion-triage.jsonl,complete,1
Informativeness of Reward Functions in Reinforcement Learning,arxiv:2402.07019,"Reward functions are central in specifying the task we want a reinforcement learning agent to perform. Given a task and desired optimal behavior, we study the problem of designing informative reward functions so that the designed rewards speed up the agent's convergence. In particular, we consider expert-driven reward design settings where an expert or teacher seeks to provide informative and interpretable rewards to a learning agent. Existing works have considered several different reward design formulations; however, the key challenge is formulating a reward informativeness criterion that adapts w.r.t. the agent's current policy and can be optimized under specified structural constraints to obtain interpretable rewards. In this paper, we propose a novel reward informativeness criterion, a quantitative measure that captures how the agent's current policy will improve if it receives rewards from a specific reward function. We theoretically showcase the utility of the proposed informativeness criterion for adaptively designing rewards for an agent. Experimental results on two navigation tasks demonstrate the effectiveness of our adaptive reward informativeness criterion.",low,A2,expansion_round_1,Discovers reusable temporal structure in sequential experience for downstream decision making or policy learning.,"The mechanism can turn long robot experience into reusable training units, skill memories, or better-conditioned policy targets.",false,,2024,arxiv:2402.07019,,,,,,,,,0.021022934109938114,A2,,,,,,triaged,expansion_round_1,A2/expansion-pool.json | A2/expansion-pool.jsonl,A2/expansion-triage.jsonl,complete,1
"Composing Reinforcement Learning Policies, with Formal Guarantees",arxiv:2402.13785,"We propose a novel framework to controller design in environments with a two-level structure: a known high-level graph (""map"") in which each vertex is populated by a Markov decision process, called a ""room"". The framework ""separates concerns"" by using different design techniques for low- and high-level tasks. We apply reactive synthesis for high-level tasks: given a specification as a logical formula over the high-level graph and a collection of low-level policies obtained together with ""concise"" latent structures, we construct a ""planner"" that selects which low-level policy to apply in each room. We develop a reinforcement learning procedure to train low-level policies on latent structures, which unlike previous approaches, circumvents a model distillation step. We pair the policy with probably approximately correct guarantees on its performance and on the abstraction quality, and lift these guarantees to the high-level task. These formal guarantees are the main advantage of the framework. Other advantages include scalability (rooms are large and their dynamics are unknown) and reusability of low-level policies. We demonstrate feasibility in challenging case studies where an agent navigates environments with moving obstacles and visual inputs.",low,A2,expansion_round_1,"Encodes or selects compact trajectory segments or latent plans so sequential experience can be retrieved, recombined, or reused.","The mechanism can turn long robot experience into reusable training units, skill memories, or better-conditioned policy targets.",false,,2024,arxiv:2402.13785,,,,,,,,,0.019932460258627792,A2,,,,,,triaged,expansion_round_1,A2/expansion-pool.json | A2/expansion-pool.jsonl,A2/expansion-triage.jsonl,complete,1
Automated Design and Optimization of Distributed Filtering Circuits via Reinforcement Learning,arxiv:2402.14236,"Designing distributed filter circuits (DFCs) is complex and time-consuming, involving setting and optimizing multiple hyperparameters. Traditional optimization methods, such as using the commercial finite element solver HFSS (High-Frequency Structure Simulator) to enumerate all parameter combinations with fixed steps and then simulate each combination, are not only time-consuming and labor-intensive but also rely heavily on the expertise and experience of electronics engineers, making it difficult to adapt to rapidly changing design requirements. Additionally, these commercial tools struggle with precise adjustments when parameters are sensitive to numerical changes, resulting in limited optimization effectiveness. This study proposes a novel end-to-end automated method for DFC design. The proposed method harnesses reinforcement learning (RL) algorithms, eliminating the dependence on the design experience of engineers. Thus, it significantly reduces the subjectivity and constraints associated with circuit design. The experimental findings demonstrate clear improvements in design efficiency and quality when comparing the proposed method with traditional engineer-driven methods. Furthermore, the proposed method achieves superior performance when designing complex or rapidly evolving DFCs, highlighting the substantial potential of RL in circuit design automation. In particular, compared to the existing DFC automation design method CircuitGNN, our method achieves an average performance improvement of 8.72%. Additionally, the execution efficiency of our method is 2000 times higher than CircuitGNN on the CPU and 241 times higher on the GPU.",low,A2,expansion_round_1,Discovers reusable temporal structure in sequential experience for downstream decision making or policy learning.,"The mechanism can turn long robot experience into reusable training units, skill memories, or better-conditioned policy targets.",false,,2024,arxiv:2402.14236,,,,,,,,,0.02158119658119658,A2,,,,,,triaged,expansion_round_1,A2/expansion-pool.json | A2/expansion-pool.jsonl,A2/expansion-triage.jsonl,complete,1
Spatio-temporal Value Semantics-based Abstraction for Dense Deep Reinforcement Learning,arxiv:2405.15829,"Intelligent Cyber-Physical Systems (ICPS) represent a specialized form of Cyber-Physical System (CPS) that incorporates intelligent components, notably Convolutional Neural Networks (CNNs) and Deep Reinforcement Learning (DRL), to undertake multifaceted tasks encompassing perception, decision-making, and control. The utilization of DRL for decision-making facilitates dynamic interaction with the environment, generating control actions aimed at maximizing cumulative rewards. Nevertheless, the inherent uncertainty of the operational environment and the intricate nature of ICPS necessitate exploration within complex and dynamic state spaces during the learning phase. DRL confronts challenges in terms of efficiency, generalization capabilities, and data scarcity during decision-making process. In response to these challenges, we propose an innovative abstract modeling approach grounded in spatial-temporal value semantics, capturing the evolution in the distribution of semantic value across time and space. A semantics-based abstraction is introduced to construct an abstract Markov Decision Process (MDP) for the DRL learning process. Furthermore, optimization techniques for abstraction are delineated, aiming to refine the abstract model and mitigate semantic gaps between abstract and concrete states. The efficacy of the abstract modeling is assessed through the evaluation and analysis of the abstract MDP model using PRISM. A series of experiments are conducted, involving diverse scenarios such as lane-keeping, adaptive cruise control, and intersection crossroad assistance, to demonstrate the effectiveness of our abstracting approach.",low,A2,expansion_round_1,"Finds event, phase, or subtask boundaries by modeling temporal changes in observations, dynamics, language, or latent sequence variables.","The mechanism can turn long robot experience into reusable training units, skill memories, or better-conditioned policy targets.",false,,2024,arxiv:2405.15829,,,,,,,,,0.026120660599932594,A2,,,,,,triaged,expansion_round_1,A2/expansion-pool.json | A2/expansion-pool.jsonl,A2/expansion-triage.jsonl,complete,1
Conceptual Belief-Informed Reinforcement Learning,arxiv:2410.01739,"Reinforcement learning (RL) has achieved significant success but is hindered by inefficiency and instability, relying on large amounts of trial-and-error data and failing to efficiently use past experiences to guide decisions. However, humans achieve remarkably efficient learning from experience, attributed to abstracting concepts and updating associated probabilistic beliefs by integrating both uncertainty and prior knowledge, as observed by cognitive science. Inspired by this, we introduce Conceptual Belief-Informed Reinforcement Learning to emulate human intelligence (HI-RL), an efficient experience utilization paradigm that can be directly integrated into existing RL frameworks. HI-RL forms concepts by extracting high-level categories of critical environmental information and then constructs adaptive concept-associated probabilistic beliefs as experience priors to guide value or policy updates. We evaluate HI-RL by integrating it into various existing value- and policy-based algorithms (DQN, PPO, SAC, and TD3) and demonstrate consistent improvements in sample efficiency and performance across both discrete and continuous control benchmarks.",low,A2,expansion_round_1,Discovers reusable temporal structure in sequential experience for downstream decision making or policy learning.,"The mechanism can turn long robot experience into reusable training units, skill memories, or better-conditioned policy targets.",false,,2024,arxiv:2410.01739,,,,,,,,,0.023504273504273504,A2,,,,,,triaged,expansion_round_1,A2/expansion-pool.json | A2/expansion-pool.jsonl,A2/expansion-triage.jsonl,complete,1
Reinforcement learning with learned gadgets to tackle hard quantum problems on real hardware,arxiv:2411.00230,"Quantum computing offers exciting opportunities for simulating complex quantum systems and optimizing large scale combinatorial problems, but its practical use is limited by device noise and constrained connectivity. Designing quantum circuits, which are fundamental to quantum algorithms, is therefore a central challenge in current quantum hardware. Existing reinforcement learning based methods for circuit design lose accuracy when restricted to hardware native gates and device level compilation. Here, we introduce gadget reinforcement learning (GRL), which combines learning with program synthesis to automatically construct composite gates that expand the action space while respecting hardware constraints. We show that this approach improves accuracy, hardware compatibility, and scalability for transverse-field Ising and quantum chemistry problems, reaching systems of up to ten qubits within realistic computational budgets. This framework demonstrates how learned, reusable circuit building blocks can guide the co-design of algorithms and hardware for quantum processors.",low,A2,expansion_round_1,Discovers reusable temporal structure in sequential experience for downstream decision making or policy learning.,"The mechanism can turn long robot experience into reusable training units, skill memories, or better-conditioned policy targets.",false,,2024,arxiv:2411.00230,,,,,,,,,0.02150735294117647,A2,,,,,,triaged,expansion_round_1,A2/expansion-pool.json | A2/expansion-pool.jsonl,A2/expansion-triage.jsonl,complete,1
RFPPO: Motion Dynamic RRT based Fluid Field - PPO for Dynamic TF/TA Routing Planning,arxiv:2412.20098,"Existing local dynamic route planning algorithms, when directly applied to terrain following/terrain avoidance, or dynamic obstacle avoidance for large and medium-sized fixed-wing aircraft, fail to simultaneously meet the requirements of real-time performance, long-distance planning, and the dynamic constraints of large and medium-sized aircraft. To deal with this issue, this paper proposes the Motion Dynamic RRT based Fluid Field - PPO for dynamic TF/TA routing planning. Firstly, the action and state spaces of the proximal policy gradient algorithm are redesigned using disturbance flow fields and artificial potential field algorithms, establishing an aircraft dynamics model, and designing a state transition process based on this model. Additionally, a reward function is designed to encourage strategies for obstacle avoidance, terrain following, terrain avoidance, and safe flight. Experimental results on real DEM data demonstrate that our algorithm can complete long-distance flight tasks through collision-free trajectory planning that complies with dynamic constraints, without the need for prior global planning.",low,A2,expansion_round_1,Discovers reusable temporal structure in sequential experience for downstream decision making or policy learning.,"The mechanism can turn long robot experience into reusable training units, skill memories, or better-conditioned policy targets.",false,,2024,arxiv:2412.20098,,,,,,,,,0.02173669467787115,A2,,,,,,triaged,expansion_round_1,A2/expansion-pool.json | A2/expansion-pool.jsonl,A2/expansion-triage.jsonl,complete,1
Revisiting Data Analysis with Pre-trained Foundation Models,arxiv:2501.01631,"Data analysis focuses on harnessing advanced statistics, programming, and machine learning techniques to extract valuable insights from vast datasets. An increasing volume and variety of research emerged, addressing datasets of diverse modalities, formats, scales, and resolutions across various industries. However, experienced data analysts often find themselves overwhelmed by intricate details in ad-hoc solutions or attempts to extract the semantics of grounded data properly. This makes it difficult to maintain and scale to more complex systems. Pre-trained foundation models (PFMs), grounded with a large amount of grounded data that previous data analysis methods can not fully understand, leverage complete statistics that combine reasoning of an admissible subset of results and statistical approximations by surprising engineering effects, to automate and enhance the analysis process. It pushes us to revisit data analysis to make better sense of data with PFMs. This paper provides a comprehensive review of systematic approaches to optimizing data analysis through the power of PFMs, while critically identifying the limitations of PFMs, to establish a roadmap for their future application in data analysis.",low,A2,expansion_round_1,Discovers reusable temporal structure in sequential experience for downstream decision making or policy learning.,"The mechanism can turn long robot experience into reusable training units, skill memories, or better-conditioned policy targets.",false,,2025,arxiv:2501.01631,,,,,,,,,0.02218733647305076,A2,,,,,,triaged,expansion_round_1,A2/expansion-pool.json | A2/expansion-pool.jsonl,A2/expansion-triage.jsonl,complete,1
Evolution and The Knightian Blindspot of Machine Learning,arxiv:2501.13075,"This paper claims that machine learning (ML) largely overlooks an important facet of general intelligence: robustness to a qualitatively unknown future in an open world. Such robustness relates to Knightian uncertainty (KU) in economics, i.e. uncertainty that cannot be quantified, which is excluded from consideration in ML's key formalisms. This paper aims to identify this blind spot, argue its importance, and catalyze research into addressing it, which we believe is necessary to create truly robust open-world AI. To help illuminate the blind spot, we contrast one area of ML, reinforcement learning (RL), with the process of biological evolution. Despite staggering ongoing progress, RL still struggles in open-world situations, often failing under unforeseen situations. For example, the idea of zero-shot transferring a self-driving car policy trained only in the US to the UK currently seems exceedingly ambitious. In dramatic contrast, biological evolution routinely produces agents that thrive within an open world, sometimes even to situations that are remarkably out-of-distribution (e.g. invasive species; or humans, who do undertake such zero-shot international driving). Interestingly, evolution achieves such robustness without explicit theory, formalisms, or mathematical gradients. We explore the assumptions underlying RL's typical formalisms, showing how they limit RL's engagement with the unknown unknowns characteristic of an ever-changing complex world. Further, we identify mechanisms through which evolutionary processes foster robustness to novel and unpredictable challenges, and discuss potential pathways to algorithmically embody them. The conclusion is that the intriguing remaining fragility of ML may result from blind spots in its formalisms, and that significant gains may result from direct confrontation with the challenge of KU.",low,A2,expansion_round_1,Discovers reusable temporal structure in sequential experience for downstream decision making or policy learning.,The mechanism connects temporal structure to data selection or learning efficiency in the Program A loop.,false,,2025,arxiv:2501.13075,,,,,,,,,0.02087775408670931,A2,,,,,,triaged,expansion_round_1,A2/expansion-pool.json | A2/expansion-pool.jsonl,A2/expansion-triage.jsonl,complete,1
Select before Act: Spatially Decoupled Action Repetition for Continuous Control,arxiv:2502.06919,"Reinforcement Learning (RL) has achieved remarkable success in various continuous control tasks, such as robot manipulation and locomotion. Different to mainstream RL which makes decisions at individual steps, recent studies have incorporated action repetition into RL, achieving enhanced action persistence with improved sample efficiency and superior performance. However, existing methods treat all action dimensions as a whole during repetition, ignoring variations among them. This constraint leads to inflexibility in decisions, which reduces policy agility with inferior effectiveness. In this work, we propose a novel repetition framework called SDAR, which implements Spatially Decoupled Action Repetition through performing closed-loop act-or-repeat selection for each action dimension individually. SDAR achieves more flexible repetition strategies, leading to an improved balance between action persistence and diversity. Compared to existing repetition frameworks, SDAR is more sample efficient with higher policy performance and reduced action fluctuation. Experiments are conducted on various continuous control scenarios, demonstrating the effectiveness of spatially decoupled repetition design proposed in this work.",low,A2,expansion_round_1,Discovers reusable temporal structure in sequential experience for downstream decision making or policy learning.,"The mechanism can turn long robot experience into reusable training units, skill memories, or better-conditioned policy targets.",false,,2025,arxiv:2502.06919,,,,,,,,,0.027984344422700584,A2,,,,,,triaged,expansion_round_1,A2/expansion-pool.json | A2/expansion-pool.jsonl,A2/expansion-triage.jsonl,complete,1
Score-Based Diffusion Policy Compatible with Reinforcement Learning via Optimal Transport,arxiv:2502.12631,"Diffusion policies have shown promise in learning complex behaviors from demonstrations, particularly for tasks requiring precise control and long-term planning. However, they face challenges in robustness when encountering distribution shifts. This paper explores improving diffusion-based imitation learning models through online interactions with the environment. We propose OTPR (Optimal Transport-guided score-based diffusion Policy for Reinforcement learning fine-tuning), a novel method that integrates diffusion policies with RL using optimal transport theory. OTPR leverages the Q-function as a transport cost and views the policy as an optimal transport map, enabling efficient and stable fine-tuning. Moreover, we introduce masked optimal transport to guide state-action matching using expert keypoints and a compatibility-based resampling strategy to enhance training stability. Experiments on three simulation tasks demonstrate OTPR's superior performance and robustness compared to existing methods, especially in complex and sparse-reward environments. In sum, OTPR provides an effective framework for combining IL and RL, achieving versatile and reliable policy learning. The code will be released at https://github.com/Sunmmyy/OTPR.git.",low,A2,expansion_round_1,Discovers reusable temporal structure in sequential experience for downstream decision making or policy learning.,"The mechanism can turn long robot experience into reusable training units, skill memories, or better-conditioned policy targets.",false,,2025,arxiv:2502.12631,arxiv:2502.12631,1279498726735602251,,q33-recent-diffusion-recovery,search-papers,,,,0.020686274509803922,A2,,,,,,triaged,expansion_round_1,A2/expansion-pool.json | A2/expansion-pool.jsonl | A6/raw-retrieval/q33-recent-diffusion-recovery.json | A6/work/canonical-pool.jsonl,A2/expansion-triage.jsonl,complete,1
The Learning Approach to Games,arxiv:2503.00227,"This work introduces a unified framework for analyzing games in greater depth. In the existing literature, players' strategies are typically assigned scalar values, and equilibrium concepts are used to identify compatible choices. However, this approach neglects the internal structure of players, thereby failing to accurately model observed behaviors. To address this limitation, we propose an abstract definition of a player, consistent with constructions in reinforcement learning. Instead of defining games as external settings, our framework defines them in terms of the players themselves. This offers a language that enables a deeper connection between games and learning. To illustrate the need for this generality, we study a simple two-player game and show that even in basic settings, a sophisticated player may adopt dynamic strategies that cannot be captured by simpler models or compatibility analysis. For a general definition of a player, we discuss natural conditions on its components and define competition through their behavior. In the discrete setting, we consider players whose estimates largely follow the standard framework from the literature. We explore connections to correlated equilibrium and highlight that dynamic programming naturally applies to all estimates. In the mean-field setting, we exploit symmetry to construct explicit examples of equilibria. Finally, we conclude by examining relations to reinforcement learning.",low,A2,expansion_round_1,Discovers reusable temporal structure in sequential experience for downstream decision making or policy learning.,"The mechanism can turn long robot experience into reusable training units, skill memories, or better-conditioned policy targets.",false,,2025,arxiv:2503.00227,,,,,,,,,0.02604430914933198,A2,,,,,,triaged,expansion_round_1,A2/expansion-pool.json | A2/expansion-pool.jsonl,A2/expansion-triage.jsonl,complete,1
Dynamic Angle Selection in X-Ray CT: A Reinforcement Learning Approach to Optimal Stopping,arxiv:2503.12688,"In industrial X-ray Computed Tomography (CT), the need for rapid in-line inspection is critical. Sparse-angle tomography plays a significant role in this by reducing the required number of projections, thereby accelerating processing and conserving resources. Most existing methods aim to balance reconstruction quality and scanning time, typically relying on fixed scan durations. Adaptive adjustment of the number of angles is essential; for instance, more angles may be required for objects with complex geometries or noisier projections. The concept of optimal stopping, which dynamically adjusts this balance according to varying industrial needs, remains overlooked. Building on our previous work, we integrate optimal stopping into sequential Optimal Experimental Design (sOED) and Reinforcement Learning (RL). We propose a novel method for computing the policy gradient within the Actor-Critic framework, enabling the development of adaptive policies for informative angle selection and scan termination. Additionally, we investigate the gap between simulation and real-world applications in the context of the developed learning-based method. Our trained model, developed using synthetic data, demonstrates reliable performance when applied to experimental X-ray CT data. This approach enhances the flexibility of CT operations and expands the applicability of sparse-angle tomography in industrial settings.",low,A2,expansion_round_1,Discovers reusable temporal structure in sequential experience for downstream decision making or policy learning.,"The mechanism can turn long robot experience into reusable training units, skill memories, or better-conditioned policy targets.",false,,2025,arxiv:2503.12688,,,,,,,,,0.021039876624807226,A2,,,,,,triaged,expansion_round_1,A2/expansion-pool.json | A2/expansion-pool.jsonl,A2/expansion-triage.jsonl,complete,1
Provably Efficient Reward Transfer in Reinforcement Learning with Discrete Markov Decision Processes,arxiv:2503.13414,"In this paper, we propose a new solution to reward adaptation (RA) in reinforcement learning, where the agent adapts to a target reward function based on one or more existing source behaviors learned a priori under the same domain dynamics but different reward functions. While learning the target behavior from scratch is possible, it is often inefficient given the available source behaviors. Our work introduces a new approach to RA through the manipulation of Q-functions. Assuming the target reward function is a known function of the source reward functions, we compute bounds on the Q-function and present an iterative process (akin to value iteration) to tighten these bounds. Such bounds enable action pruning in the target domain before learning even starts. We refer to this method as ""Q-Manipulation"" (Q-M). The iteration process assumes access to a lite-model, which is easy to provide or learn. We formally prove that Q-M, under discrete domains, does not affect the optimality of the returned policy and show that it is provably efficient in terms of sample complexity in a probabilistic sense. Q-M is evaluated in a variety of synthetic and simulation domains to demonstrate its effectiveness, generalizability, and practicality.",low,A2,expansion_round_1,Discovers reusable temporal structure in sequential experience for downstream decision making or policy learning.,"The mechanism can turn long robot experience into reusable training units, skill memories, or better-conditioned policy targets.",false,,2025,arxiv:2503.13414,,,,,,,,,0.024696969696969696,A2,,,,,,triaged,expansion_round_1,A2/expansion-pool.json | A2/expansion-pool.jsonl,A2/expansion-triage.jsonl,complete,1
KEA: Keeping Exploration Alive by Proactively Coordinating Exploration Strategies,arxiv:2503.18234,"Soft Actor-Critic (SAC) has achieved notable success in continuous control tasks but struggles in sparse reward settings, where infrequent rewards make efficient exploration challenging. While novelty-based exploration methods address this issue by encouraging the agent to explore novel states, they are not trivial to apply to SAC. In particular, managing the interaction between novelty-based exploration and SAC's stochastic policy can lead to inefficient exploration and redundant sample collection. In this paper, we propose KEA (Keeping Exploration Alive) which tackles the inefficiencies in balancing exploration strategies when combining SAC with novelty-based exploration. KEA integrates a novelty-augmented SAC with a standard SAC agent, proactively coordinated via a switching mechanism. This coordination allows the agent to maintain stochasticity in high-novelty regions, enhancing exploration efficiency and reducing repeated sample collection. We first analyze this potential issue in a 2D navigation task, and then evaluate KEA on the DeepSea hard-exploration benchmark as well as sparse reward control tasks from the DeepMind Control Suite. Compared to state-of-the-art novelty-based exploration baselines, our experiments show that KEA significantly improves learning efficiency and robustness in sparse reward setups.",low,A2,expansion_round_1,Discovers reusable temporal structure in sequential experience for downstream decision making or policy learning.,The mechanism connects temporal structure to data selection or learning efficiency in the Program A loop.,false,,2025,arxiv:2503.18234,,,,,,,,,0.020572450805008944,A2,,,,,,triaged,expansion_round_1,A2/expansion-pool.json | A2/expansion-pool.jsonl,A2/expansion-triage.jsonl,complete,1
Optimization of Infectious Disease Intervention Measures Based on Reinforcement Learning -- Empirical analysis based on UK COVID-19 epidemic data,arxiv:2505.04161,"Globally, the outbreaks of infectious diseases have exerted an extremely profound and severe influence on health security and the economy. During the critical phases of epidemics, devising effective intervention measures poses a significant challenge to both the academic and practical arenas. There is numerous research based on reinforcement learning to optimize intervention measures of infectious diseases. Nevertheless, most of these efforts have been confined within the differential equation based on infectious disease models. Although a limited number of studies have incorporated reinforcement learning methodologies into individual-based infectious disease models, the models employed therein have entailed simplifications and limitations, rendering it incapable of modeling the complexity and dynamics inherent in infectious disease transmission. We establish a decision-making framework based on an individual agent-based transmission model, utilizing reinforcement learning to continuously explore and develop a strategy function. The framework's validity is verified through both experimental and theoretical approaches. Covasim, a detailed and widely used agent-based disease transmission model, was modified to support reinforcement learning research. We conduct an exhaustive exploration of the application efficacy of multiple algorithms across diverse action spaces. Furthermore, we conduct an innovative preliminary theoretical analysis concerning the issue of ""time coverage"". The results of the experiment robustly validate the effectiveness and feasibility of the methodological framework of this study. The coping strategies gleaned therefrom prove highly efficacious in suppressing the expansion of the epidemic scale and safeguarding the stability of the economic system, thereby providing crucial reference perspectives for the formulation of global public health security strategies.",low,A2,expansion_round_1,"Finds event, phase, or subtask boundaries by modeling temporal changes in observations, dynamics, language, or latent sequence variables.","The mechanism can turn long robot experience into reusable training units, skill memories, or better-conditioned policy targets.",false,,2025,arxiv:2505.04161,,,,,,,,,0.020177024840582466,A2,,,,,,triaged,expansion_round_1,A2/expansion-pool.json | A2/expansion-pool.jsonl,A2/expansion-triage.jsonl,complete,1
Bidirectional Distillation: A Mixed-Play Framework for Multi-Agent Generalizable Behaviors,arxiv:2505.11100,"Population-population generalization is a challenging problem in multi-agent reinforcement learning (MARL), particularly when agents encounter unseen co-players. However, existing self-play-based methods are constrained by the limitation of inside-space generalization. In this study, we propose Bidirectional Distillation (BiDist), a novel mixed-play framework, to overcome this limitation in MARL. BiDist leverages knowledge distillation in two alternating directions: forward distillation, which emulates the historical policies' space and creates an implicit self-play, and reverse distillation, which systematically drives agents towards novel distributions outside the known policy space in a non-self-play manner. In addition, BiDist operates as a concise and efficient solution without the need for the complex and costly storage of past policies. We provide both theoretical analysis and empirical evidence to support BiDist's effectiveness. Our results highlight its remarkable generalization ability across a variety of cooperative, competitive, and social dilemma tasks, and reveal that BiDist significantly diversifies the policy distribution space. We also present comprehensive ablation studies to reinforce BiDist's effectiveness and key success factors. Source codes are available in the supplementary material.",low,A2,expansion_round_1,Discovers reusable temporal structure in sequential experience for downstream decision making or policy learning.,"The mechanism can turn long robot experience into reusable training units, skill memories, or better-conditioned policy targets.",false,,2025,arxiv:2505.11100,,,,,,,,,0.021354688021354686,A2,,,,,,triaged,expansion_round_1,A2/expansion-pool.json | A2/expansion-pool.jsonl,A2/expansion-triage.jsonl,complete,1
Learning a Thousand Tasks in a Day,arxiv:2511.10110,"Humans are remarkably efficient at learning tasks from demonstrations, but today's imitation learning methods for robot manipulation often require hundreds or thousands of demonstrations per task. We investigate two fundamental priors for improving learning efficiency: decomposing manipulation trajectories into sequential alignment and interaction phases, and retrieval-based generalisation. Through 3,450 real-world rollouts, we systematically study this decomposition. We compare different design choices for the alignment and interaction phases, and examine generalisation and scaling trends relative to today's dominant paradigm of behavioural cloning with a single-phase monolithic policy. In the few-demonstrations-per-task regime (<10 demonstrations), decomposition achieves an order of magnitude improvement in data efficiency over single-phase learning, with retrieval consistently outperforming behavioural cloning for both alignment and interaction. Building on these insights, we develop Multi-Task Trajectory Transfer (MT3), an imitation learning method based on decomposition and retrieval. MT3 learns everyday manipulation tasks from as little as a single demonstration each, whilst also generalising to novel object instances. This efficiency enables us to teach a robot 1,000 distinct everyday tasks in under 24 hours of human demonstrator time. Through 2,200 additional real-world rollouts, we reveal MT3's capabilities and limitations across different task families. Videos of our experiments can be found on at https://www.robot-learning.uk/learning-1000-tasks.",low,A2,expansion_round_1,"Finds event, phase, or subtask boundaries by modeling temporal changes in observations, dynamics, language, or latent sequence variables.","The mechanism can turn long robot experience into reusable training units, skill memories, or better-conditioned policy targets.",false,,2025,arxiv:2511.10110,arxiv:2511.10110,4295266359966343141,,robot learning trajectory segmentation event boundaries action sequences | trajectory segmentation imitation learning demonstrations event detection | sub-trajectory discovery useful subsequences sequential decision making robotics | trajectory compression distillation subsequence selection robot learning demonstrations | behavioral cloning action chunking robot imitation learning foundational | 2024 2025 robot data subsequence selection useful trajectories | 2025 2026 embodied learning trajectory compression skill segmentation,search-papers,true,,,0.9347772541971058,A1,,false,false,,false,triaged,expansion_round_1,A1/paper-registry-complete.json | A1/paper-registry.json | A1/raw/q09-foundational-robot.json | A2/canonical-pool.json | A2/canonical-pool.jsonl | A2/expansion-pool.json | A2/expansion-pool.jsonl | A2/raw/q01-direct.json | A2/raw/q03-direct.json | A2/raw/q06-synonyms.json | A2/raw/q12-compression.json | A2/raw/q36-bc-chunking.json | A2/raw/q42-2024-2025-subsequence.json | A2/raw/q44-2025-2026-compression.json | A4/assigned-papers.json | A4/assigned-registry-inspected.jsonl | A4/assigned-registry-preinspect.jsonl | A4/canonical-registry.jsonl | A4/raw/q31-trajectory-rank.json | A5/raw/q02-direct-curriculum.json | A6/raw-retrieval/q02-direct-imperfect-demo.json | A6/raw-retrieval/q09-mech-segmentation.json | A6/raw-retrieval/q35-found-learn-failures.json | A6/work/canonical-pool.jsonl | A7/raw/q15-long-tail-failure.json | A7/raw/q25-foundational-multitask.json | A7/raw/q33-recent-longtail.json | A7/work/paper-registry.json | A7/work/paper-registry.jsonl | A7/work/verified-paper-registry.json | A7/work/verified-paper-registry.jsonl | A8/raw/q02-direct.json | A8/work/canonical-pool.jsonl,A2/expansion-triage.jsonl,complete,1
