paper_id,title,source_url,abstract,found_by,gem_lanes,review_pass,technical_mechanism,why_it_works,root_seam,experiment,evidence_quote,evidence_location,reported_gain,baseline,uncertainty
arxiv:0705.4476,Network tomography based on 1-D projections,https://arxiv.org/abs/0705.4476,"Network tomography has been regarded as one of the most promising methodologies for performance evaluation and diagnosis of the massive and decentralized Internet. This paper proposes a new estimation approach for solving a class of inverse problems in network tomography, based on marginal distributions of a sequence of one-dimensional linear projections of the observed data. We give a general identifiability result for the proposed method and study the design issue of these one dimensional projections in terms of statistical efficiency. We show that for a simple Gaussian tomography model, there is an optimal set of one-dimensional projections such that the estimator obtained from these projections is asymptotically as efficient as the maximum likelihood estimator based on the joint distribution of the observed data. For practical applications, we carry out simulation studies of the proposed method for two instances of network tomography. The first is for traffic demand tomography using a Gaussian Origin-Destination traffic model with a power relation between its mean and variance, and the second is for network delay tomography where the link delays are to be estimated from the end-to-end path delays. We compare estimators obtained from our method and that obtained from using the joint distribution and other lower dimensional projections, and show that in both cases, the proposed method yields satisfactory results.",firecrawl,n10,3,"Selected 1-D projections of end-to-end path-delay observations are used to estimate latent per-link queuing-delay distributions from the routing matrix, rather than fitting the full joint distribution. The projections are designed for identifiability and statistical efficiency.","Paths combine delays from different subsets of links, so their joint observations contain clues about which link distributions contribute to the measured end-to-end delays. The method retains information through selected marginal projections; for the paper’s simple Gaussian model, it proves asymptotic efficiency comparable to joint-distribution maximum likelihood. This offers a concrete way to diagnose shared versus path-specific link delay with a lower-dimensional estimator, though it does not establish fewer raw delay samples or guarantee tail-event localization.","Attach to request-correlated end-to-end delay samples across paths with known routing, ideally simultaneous measurements over paths sharing some links. Apply the routing matrix and selected projections to infer link queuing-delay distributions. This could localize network-side delay contributions without access to Reflex’s private infrastructure. It does not distinguish network delay from server queueing, GPU compute, or action application unless those are separately timestamped or excluded.","In a controlled network with known routes, inject a queuing-delay distribution on one link and collect end-to-end delay samples for paths that share or avoid that link. Compare selected-projection estimates with joint-distribution and arbitrary-projection estimates as the number of projections and samples are varied. Measure link-distribution estimation error and localization of the injected delay; separately timestamp server queueing, GPU compute, and action application to check attribution boundaries.",The network delay tomography problem is to infer the distribution of X from independent samples of Y.,"Retrieved passage, Section 4.2, “Network delay tomography using mixture modeling of link delays”; the same passage defines Y = AX and specifies that X contains internal link delays.",UNKNOWN,Joint-distribution estimation and other lower-dimensional projections; the abstract reports comparison but gives no quantitative gain.,"The paper supports link-delay distribution inference and gives a Gaussian-model efficiency result, with simulation evidence that selected projections perform satisfactorily. It does not show that the method needs fewer raw samples, quantify tail-localization performance, or test Root or robot inference. Its estimated delays are queuing delays, not a complete end-to-end attribution across network and compute."
arxiv:0806.2550,Proposition and validation of an original MAC layer with simultaneous medium accesses for low latency wireless control/command applications,https://arxiv.org/abs/0806.2550,"Control/command processes require a transmission system with some characteristics like high reliability, low latency and strong guarantees on messages delivery. Concerning wire networks, field buses technologies like FIP offer this kind of service (periodic tasks, real time constraints...). Unfortunately, few wireless technologies can propose a communication system which respects such constraints. Indeed, wireless transmissions must deal with medium characteristics which make impossible the direct translation of mechanisms used with wire networks. The purpose of this paper is to present an original Medium Access Control (MAC) layer for a real time Low Power-Wireless Personal Area Network (LP-WPAN). The proposed MAC-layer has been validated by several complementary methods; in this paper, we focus on the specific Simultaneous Guaranteed Time Slot (SGTS) part.",firecrawl,n16,3,"Cross-correlate per-receiver outcomes during simultaneous transmissions with measured synchronization offsets, then equalize node timing as a control. This tests whether a small timing lead, rather than received signal strength alone, explains asymmetric packet reception or collision-related delivery failures.","The paper connects a node's reception advantage to its measured temporal advance and then repeats measurements with equalized synchronization. This is more diagnostic than logging losses alone: it offers a testable way to distinguish timing-skew-related interference from signal-strength effects. Applied to Root, packet/ACK timing and loss observations could reveal a wireless cause of delayed or missing requests, separately from server queueing, GPU compute, and action application.","At the robot-side wireless transport boundary, attach request or packet identity to transmit timestamps, receiver ACK/reception outcomes, and available synchronization offset. Correlate tail requests with overlapping transmissions and timing leads; this adds a causal test for radio timing/interference without requiring Reflex's private infrastructure.","In a controlled wireless test, induce rare delayed or missing request deliveries under overlapping transmissions. Record packet identities, transmit/receive and ACK timestamps, receiver outcomes, signal strength, and node clock offset. Compare natural offset against a timing-equalized condition while holding traffic and signal conditions fixed; test whether tail events track the leading node or collisions and whether the association changes when the offset is removed.",We have made a cross-comparison of these two studies and determined that the favourite node in the SGTS study is the one which takes the temporal advance in the synchronisation study.,"Supplied passage, SGTS hardware-prototyping results, discussion immediately before the equal-synchronization follow-up study.",UNKNOWN,UNKNOWN,"The paper reports reception-success and collision-related tests, not tail-latency measurements or remote-inference results. Its equal-synchronization follow-up reports equalized node behavior, but the supplied text does not establish a measured latency improvement. Root would need to test whether this timing-offset diagnostic applies to its wireless transport and tail events."
arxiv:0907.1061,Boolean Compressed Sensing and Noisy Group Testing,https://arxiv.org/abs/0907.1061,"The fundamental task of group testing is to recover a small distinguished subset of items from a large population while efficiently reducing the total number of tests (measurements). The key contribution of this paper is in adopting a new information-theoretic perspective on group testing problems. We formulate the group testing problem as a channel coding/decoding problem and derive a single-letter characterization for the total number of tests used to identify the defective set. Although the focus of this paper is primarily on group testing, our main result is generally applicable to other compressive sensing models. The single letter characterization is shown to be order-wise tight for many interesting noisy group testing scenarios. Specifically, we consider an additive Bernoulli(q) noise model where we show that, for N items and K defectives, the number of tests T is O(KN1-q) for arbitrarily small average error probability and O(K²N1-q) for a worst case error criterion. We also consider dilution effects whereby a defective item in a positive pool might get diluted with probability u and potentially missed. In this case, it is shown that T is O(KN(1-u)²) and O(K²N(1-u)²) for the average and the worst case error criteria, respectively. Furthermore, our bounds allow us to verify existing known bounds for noiseless group testing including the deterministic noise-free case and approximate reconstruction with bounded distortion. Our proof of achievability is based on random coding and the analysis of a Maximum Likelihood Detector, and our information theoretic lower bound is based on Fano's inequality.",firecrawl,n10,3,"Non-adaptive noisy group testing: assign candidate causes to coded pools, record each pool's binary outcome, then use maximum-likelihood decoding to recover a sparse set of causes.","Each pooled measurement covers multiple candidates, and distinct codewords make sparse cause sets distinguishable from their combined outcomes. The paper explicitly models false-positive and missed-positive test noise, so the decoder need not treat every pool result as infallible. This is a concrete route to distinguishing sparse causes with fewer measurements, although it diagnoses only when Root can define meaningful pool tests with interpretable binary outcomes.","Attach at a controlled diagnostic-probe or fault-injection harness: define candidate network causes (separately from server queueing, GPU compute, and action application), assign them to non-adaptive probe pools, and retain each pool's tail/non-tail outcome. Decode the sparse cause set rather than measuring each cause independently. The paper does not supply a mapping from network causes to pool outcomes; Root must establish that experimentally.","In a controlled testbed, select a known sparse subset of injected network impairments and compare individually tested causes with randomized coded pools and maximum-likelihood decoding. Repeat with false-positive and missed-positive outcomes, and measure cause-identification accuracy and number of probes at matched error rates. Include server-queue and GPU-load controls to test whether outcomes distinguish network causes rather than merely flagging slow requests.",The outcome of a test is positive if and only if the second item is a member of that test.,"Selected PDF text, introduction, description of the group-testing example; noisy models and maximum-likelihood decoding are described in the abstract and selected PDF text.",Theoretical test-count bounds for noisy group testing; no empirical or Root-specific gain is reported.,UNKNOWN,"The coded pooling and sparse decoding operation is explicit and directly addresses reducing measurements for cause identification. The paper does not establish that network tail causes can be tested as pooled Boolean outcomes, nor does it demonstrate network-delay localization; the controlled Root experiment must validate that transfer."
arxiv:1003.0955,Precise Request Tracing and Performance Debugging for Multi-tier Services of Black Boxes,https://arxiv.org/abs/1003.0955,"As more and more multi-tier services are developed from commercial components or heterogeneous middleware without the source code available, both developers and administrators need a precise request tracing tool to help understand and debug performance problems of large concurrent services of black boxes. Previous work fails to resolve this issue in several ways: they either accept the imprecision of probabilistic correlation methods, or rely on knowledge of protocols to isolate requests in pursuit of tracing accuracy. This paper introduces a tool named PreciseTracer to help debug performance problems of multi-tier services of black boxes. Our contributions are two-fold: first, we propose a precise request tracing algorithm for multi-tier services of black boxes, which only uses application-independent knowledge; secondly, we present a component activity graph abstraction to represent causal paths of requests and facilitate end-to-end performance debugging. The low overhead and tolerance of noise make PreciseTracer a promising tracing tool for using on production systems.",firecrawl | related:references | related:similar,n01,3,"Correlate kernel TCP SEND/RECEIVE activity into per-request causal graphs. The method matches activity using endpoint and message-size information, along with process/thread context and event order, then compares component and interaction latency shares across request paths.","The graph attributes time to either work within a component or an interaction between components, so a changed interaction share can flag a transport boundary for investigation. The paper reports this exposing a network problem in an injected Ethernet-driver case. This is transferable request-to-transport causal reconstruction, though not packet-, ACK-, or loss-level diagnosis; cross-node interaction timing is also vulnerable to clock skew.","On robot and inference-server hosts, collect request-associated TCP send/receive events with timestamps, endpoint tuples, message sizes, and process/thread context. Build per-request interaction timelines and compare tail requests with healthy requests. This could localize an anomalous transport interaction without requiring application protocol knowledge, but would not alone separate network transit from endpoint waiting, server queueing, GPU compute, or action application.","Replay matched remote-inference requests with controlled network delay or loss, and separately inject server queueing and GPU delay. Correlate request-linked TCP events into causal graphs; test whether tail-request interaction shares identify the affected boundary and distinguish network perturbations from server-side delays. Measure localization accuracy, clock-skew sensitivity, missing-event effects, and collection overhead.",Our experiments show we can pinpoint performance problems by using CAGs to calculate changes in observed latency percentages of components.,"Selected PDF text, Section 2 overview; network-injection diagnostic example in Section 5.4.2, “Identifying performance bottleneck.”",UNKNOWN,UNKNOWN,"The method correlates TCP SEND/RECEIVE activities, not individual packets or ACK/loss sequences, and does not establish a sparse packet-trace representation. Cross-node interaction latency is inaccurate without clock-skew correction. The reported network diagnosis uses latency percentages and does not demonstrate network-tail diagnosis in Root."
arxiv:1012.4889,"Tight Bounds for Lp Samplers, Finding Duplicates in Streams, and Related Problems",https://arxiv.org/abs/1012.4889,"In this paper, we present near-optimal space bounds for Lp-samplers. Given a stream of updates (additions and subtraction) to the coordinates of an underlying vector x ∈ Rⁿ, a perfect Lp sampler outputs the i-th coordinate with probability |xi|p/||x||pp. In SODA 2010, Monemizadeh and Woodruff showed polylog space upper bounds for approximate Lp-samplers and demonstrated various applications of them. Very recently, Andoni, Krauthgamer and Onak improved the upper bounds and gave a O(ε-p log³ n) space ε relative error and constant failure rate Lp-sampler for p ∈ [1,2]. In this work, we give another such algorithm requiring only O(ε-p log² n) space for p ∈ (1,2). For p ∈ (0,1), our space bound is O(ε⁻¹ log² n), while for the p=1 case we have an O(log(1/ε)ε⁻¹ log² n) space algorithm. We also give a O(log² n) bits zero relative error L0-sampler, improving the O(log³ n) bits algorithm due to Frahling, Indyk and Sohler. As an application of our samplers, we give better upper bounds for the problem of finding duplicates in data streams. In case the length of the stream is longer than the alphabet size, L1 sampling gives us an O(log² n) space algorithm, thus improving the previous O(log³ n) bound due to Gopalan and Radhakrishnan. In the second part of our work, we prove an Omega(log² n) lower bound for sampling from 0, ± 1 vectors (in this special case, the parameter p is not relevant for Lp sampling). This matches the space of our sampling algorithms for constant ε > 0. We also prove tight space lower bounds for the finding duplicates and heavy hitters problems. We obtain these lower bounds using reductions from the communication complexity problem augmented indexing.",related:similar,n09,3,"Precision-sampling sketch: maintain a compact CountSketch of randomly scaled per-request signal values, then output a coordinate sampled with probability proportional to its magnitude raised to p.","The sampling distribution deliberately favors large-magnitude coordinates, while the streaming sketch avoids retaining every coordinate. Applied to per-request network-delay values, it could preserve a compact set of tail-request identities and estimates for follow-up inspection. This exposes and localizes candidate slow requests, but does not by itself distinguish transport delay from server queueing or preserve packet-level causal evidence.","At request completion, update a streaming sketch keyed by request identity with a network-specific delay value derived from robot/server transport timestamps. Retain sampled request IDs and estimates, then use them to retrieve detailed traces if available. This could reduce always-on trace retention while keeping weighted tail exemplars; it does not require Reflex-private infrastructure.","On controlled Root replays, stream request-keyed transport-delay values into the sampler and compare its retained identities and estimates against full trace retention and ordinary random sampling. Inject transport-tail regressions separately from server-queueing, GPU-compute, and action-application slowdowns. Measure whether sampled records identify the transport-tail requests and whether the signal separates those cases; do not treat the paper's space result as a Root gain.","Roughly speaking, the idea of precision sampling is to scale the input vector with random coefficients so that the i-th coordinate becomes the maximum with probability roughly proportional to |xi| p. Moreover the maximum (heavy) coordinate is found through a small-space heavy hitter algorithm.","selected_pdf_text, paragraph beginning “bring down the space upper bounds”","For p in (1,2), the paper reports O(ε^-p log² n) space, saving a log factor over the cited O(ε^-p log³ n) sampler; this is a streaming-space result, not a Root diagnostic gain.","For p in [1,2], the cited prior sampler uses O(ε^-p log³ n) space.","The sampler's weighted-coordinate output is supported, but the paper does not evaluate request-level network signals, causal attribution, or whether sampled records retain enough detail for diagnosis. Root must validate that the chosen signal and sampling distribution reliably surface injected transport tails."
arxiv:1106.0941,Link Delay Estimation via Expander Graphs,https://arxiv.org/abs/1106.0941,"One of the purposes of network tomography is to infer the status of parameters (e.g., delay) for the links inside a network through end-to-end probing between (external) boundary nodes along predetermined routes. In this work, we apply concepts from compressed sensing and expander graphs to the delay estimation problem. We first show that a relative majority of network topologies are not expanders for existing expansion criteria. Motivated by this challenge, we then relax such criteria, enabling us to acquire simulation evidence that link delays can be estimated for 30% more networks. That is, our relaxation expands the list of identifiable networks with bounded estimation error by 30%. We conduct a simulation performance analysis of delay estimation and congestion detection on the basis of l1 minimization, demonstrating that accurate estimation is feasible for an increasing proportion of networks.",firecrawl,n10,2,"Use the known routing matrix to model end-to-end probe delays as sums of link delays, then apply expander-graph conditions and l1 sparse recovery to estimate per-link delays and identify congested links.","When only a small number of links have large delays, end-to-end measurements across overlapping paths provide a sparse linear system. The expander conditions establish when those measurements can distinguish and recover the elevated link delays, even with fewer measurements than links. Relaxing the expansion bound makes more given routing matrices eligible, at the cost of a bounded estimation error.","Attach probe timing to request-correlated paths between robot and server, form a routing matrix for the traversed network, and recover likely high-delay links from path-delay sums. This could localize a shared network bottleneck across requests, but would require known routes or a defensible path-to-link model; the paper does not attribute delay to off-path flows or separate network delay from server queueing, GPU compute, or action application.","On a controlled robot-inference path, inject delay on a known small set of network links while collecting end-to-end probe delays over known overlapping routes. Compare recovered link delays and congestion locations against ground truth and a non-sparse tomography baseline; separately vary the number of probes to test recovery with fewer measurements. Keep server queueing and compute timings separately instrumented.",We exploit the LP optimization in Eq. (8) to estimate link delays for k-identifiable expander networks.,"Selected PDF text, Section IV-C, “Delay Estimation: Simulation Experiments”",Simulation reports that relaxing the expansion bound increases the number of networks satisfying the expansion property by almost 30%; it also reports lower estimation-error CDF than the CF-estimator baseline.,"CF-estimator (Chen, Cao, and Bu) for the estimation-error comparison; the expansion-property comparison uses the prior bound ε < 1/6.","The method assumes a given routing matrix and sparse link-delay vector. The context does not establish that these assumptions hold for robot-inference paths or provide evidence about noisy, changing routes, off-path-flow attribution, or separation of network delay from compute and queueing."
arxiv:1108.1377,Sparsity without the Complexity: Loss Localisation using Tree Measurements,https://arxiv.org/abs/1108.1377,"We study network loss tomography based on observing average loss rates over a set of paths forming a tree -- a severely underdetermined linear problem for the unknown link loss probabilities. We examine in detail the role of sparsity as a regularising principle, pointing out that the problem is technically distinct from others in the compressed sensing literature. While sparsity has been applied in the context of tomography, key questions regarding uniqueness and recovery remain unanswered. Our work exploits the tree structure of path measurements to derive sufficient conditions for sparse solutions to be unique and the condition that ℓ₁ minimization recovers the true underlying solution. We present a fast single-pass linear algorithm for ℓ₁ minimization and prove that a minimum ℓ₁ solution is both unique and sparsest for tree topologies. By considering the placement of lossy links within trees, we show that sparse solutions remain unique more often than is commonly supposed. We prove similar results for a noisy version of the problem.",firecrawl,n10,3,"Sparse loss tomography on a tree: use path-level loss estimates and their shared-link structure, then apply UpSparse to recover a compact link-level loss explanation. For finite-probe uncertainty, allow path measurements to vary within confidence intervals and recover a sparse consistent explanation.","Overlapping paths constrain which link-loss patterns can explain the observations. Under the paper's tree and sparsity assumptions, UpSparse efficiently selects a link-level explanation and has stated conditions for uniqueness and recovery of the true losses. At Root, localized loss could expose a network cause of tail events involving retransmission or recovery, rather than merely correlating tails with an end-to-end path. It does not itself diagnose latency or distinguish network delay from server queueing, GPU compute, or action application.","Attach to robot/server probe or transport loss observations, mapping measured paths onto a tree of shared network segments. Root would gain candidate lossy links from sparse path measurements without requiring instrumentation at every link. The paper does not establish that Root can observe a suitable tree or that loss explains its latency tails.","In a controlled tree-shaped test network, inject loss at known links and collect finite-probe path-loss estimates with confidence intervals. Run UpSparse and compare its localized links with link-instrumented ground truth and with dense measurements. For Root requests, separately record transport/network timing, retransmissions or loss, server queueing, GPU time, and action-application time; test whether localized loss corresponds to network-attributed tail events. Do not treat the paper's results as a Root gain.","We define the ‘UpSparse’ algorithm, a fast single-pass linear-time algorithm which outputs the minimal ‘1 solution.","Selected PDF text, Introduction, contributions on recovery; noisy-measurement treatment in Section V.",UNKNOWN,"The paper compares UpSparse with SCFS, a binary path/link failure-set method; it reports higher recovery success for UpSparse in its described experiments, but a quantified gain is UNKNOWN.","The method localizes loss rates, not tail latency. Transfer depends on Root having usable path-loss observations and a tree-like measurement topology; the paper does not show that localized loss causes Root's tails or establish separation from other latency sources."
arxiv:1109.0597,Stealthy Traffic Analysis of Low-Latency Anonymous Communication Using Throughput Fingerprinting,https://arxiv.org/abs/1109.0597,"Anonymity systems such as Tor aim to enable users to communicate in a manner that is untraceable by adversaries that control a small number of machines. To provide efficient service to users, these anonymity systems make full use of forwarding capacity when sending traffic between intermediate relays. In this paper, we show that doing this leaks information about the set of Tor relays in a circuit (path). We present attacks that, with high confidence and based solely on throughput information, can (a) reduce the attacker's uncertainty about the bottleneck relay of any Tor circuit whose throughput can be observed, (b) exactly identify the guard relay(s) of a Tor user when circuit throughput can be observed over multiple connections, and (c) identify whether two concurrent TCP connections belong to the same Tor user, breaking unlinkability. Our attacks are stealthy, and cannot be readily detected by a user or by Tor relays. We validate our attacks using experiments over the live Tor network. We find that the attacker can substantially reduce the entropy of a bottleneck relay distribution of a Tor circuit whose throughput can be observed-the entropy gets reduced by a factor of 2 in the median case. Such information leaks from a single Tor circuit can be combined over multiple connections to exactly identify a user's guard relay(s). Finally, we are also able to link two connections from the same initiator with a crossover error rate of less than 1.5% in under 5 minutes. Our attacks are also more accurate and require fewer resources than previous attacks on Tor.",firecrawl,n02,3,"Concurrent-flow throughput fingerprinting: measure a target flow and ordinary probe flows through candidate paths, then correlate their throughput time series to identify a shared bottleneck resource.","Flows sharing a capacity-constrained relay experience common throughput variation, so correlation can implicate a shared network bottleneck without deliberately congesting it. This provides a concrete way to narrow the candidate shared-resource causes of a request tail; it does not by itself distinguish network delay from server queueing or compute.","At the robot/server transport boundary, associate request identity and synchronized throughput samples with the suspect request and candidate concurrent flows or paths. A correlated probe can point to a shared network bottleneck; separately timestamp server queueing, GPU execution, and action application to avoid attributing those delays to the network.","Replay controlled robot-inference requests while varying whether candidate probe flows share a known constrained network link with the request. Measure synchronized per-flow throughput and request latency. Test whether correlation localizes shared-link cases against disjoint paths and server-only queue/GPU-delay controls, and report false positives and detection time.","We found that the throughput values for the two circuits were highly correlated, measured using the Pearson product-moment correlation coefficient.","Selected PDF text, experimental results for the All-Common scenario.",Median factor-of-2 reduction in bottleneck-relay entropy; connection linking crossover error rate below 1.5% in under 5 minutes.,UNKNOWN,"The experiments concern Tor circuits, not remote robot inference, and do not establish that throughput correlation separates network delay from server queueing, GPU compute, or action application. The proposed Root experiment must validate that transfer; no Root-measured gain is available."
arxiv:1201.2074,Reflection Scan: an Off-Path Attack on TCP,https://arxiv.org/abs/1201.2074,"The paper demonstrates how traffic load of a shared packet queue can be exploited as a side channel through which protected information leaks to an off-path attacker. The attacker sends to a victim a sequence of identical spoofed segments. The victim responds to each segment in the sequence (the sequence is reflected by the victim) if the segments satisfy a certain condition tested by the attacker. The responses do not reach the attacker directly, but induce extra load on a routing queue shared between the victim and the attacker. Increased processing time of packets traversing the queue reveal that the tested condition was true. The paper concentrates on the TCP, but the approach is generic and can be effective against other protocols that allow to construct requests which are conditionally answered by the victim. A proof of concept was created to assess applicability of the method in real-life scenarios.",firecrawl | previous_seed,n02,2,Conditionally trigger victim responses with a sequence of spoofed TCP segments while sending ping probes through a shared router queue; increased probe RTT or loss reveals whether the victim responded.,"The victim's responses add traffic to the shared queue, increasing the delay of probes that traverse it. Repeating queries and retrying ambiguous spikes helps distinguish a response-related signal from incidental spikes.","A controlled Root experiment could send probes through a suspected shared transport bottleneck while inducing or observing a known competing flow, then compare probe RTT/loss with request-tail events. This could indicate shared-queue interference, but the paper does not reconstruct request-to-packet causality or separate network delay from other inference stages.","The authors tested idle, saturated-downlink, and saturated-uplink scenarios on a shared edge router. They sent pings to a router beyond the edge router while spoofed segments elicited TCP responses from the victim, and measured ping RTT and loss.","At the same time, the attacker sends ping probes that share an outbound queue with segments from the victim. Increased round trip time reveals the positive answer to the query.","Selected PDF text, Section 1 Introduction, Figure 1 caption",UNKNOWN,UNKNOWN,"The method assumes the probes and induced responses share a queue, and its experiments use favorable network conditions. The context does not establish how reliably this would identify shared-resource causes of remote robot inference tails or distinguish them from other delay sources."
arxiv:1202.2153,Caracterizac~ao de tempos de ida-e-volta na Internet,https://arxiv.org/abs/1202.2153,"Round-trip times (RTTs) are an important metric for the operation of many applications in the Internet. For instance, they are taken into account when choosing servers or peers in streaming systems, and they impact the operation of fault detectors and congestion control algorithms. Therefore, detailed knowledge about RTTs is important for application and protocol developers. In this work we present results on measuring RTTs between 81 PlanetLab nodes every ten seconds, for ten days. The resulting dataset has over 550 million measurements. Our analysis gives us a profile of delays in the network and identifies a Gamma distribution as the model that best fits our data. The average times observed are below 500 ms in more than 99% of the pairs, but there is significant variation, not only when we compare different pairs of hosts during the experiment, but also considering any given pair of hosts over time. By using a clustering technique, we observe that links can be divided in five distinct groups based on the distribution of RTTs over time and the losses observed, ranging from groups of near, well-connected pairs, to groups of distant hosts, with lower quality links between them.",firecrawl,n14,2,"Periodically probe host pairs for RTT and loss, then cluster links by their RTT distributions over time and observed losses.","Repeated RTT and loss observations characterize link variability over time and distinguish broad link-quality profiles. They can reveal whether elevated request latency coincides with a degraded network path, but do not identify retransmissions or endpoint stalls.","Add timestamped active probes between robot and inference-server endpoints, and compare their RTT/loss series with request latency. This supplies a network-path signal alongside request timing, without assuming access to private infrastructure.","In a controlled Root test, inject network delay and loss separately from server queueing or compute delays. Compare request-latency changes with periodic robot-to-server RTT/loss measurements and assess whether the measurements distinguish network degradation from server-side delay.","we present results on measuring RTTs between 81 PlanetLab nodes every ten seconds, for ten days.",Abstract,UNKNOWN,UNKNOWN,"The supplied context supports periodic RTT/loss measurement and clustering, but gives no packet- or ACK-level event sequences, method details for the clustering, or evidence that it separates network delay from endpoint stalls. The n13 transfer to robot-to-cloud action loops is plausible but not demonstrated."
arxiv:1202.2849,Nearly Optimal Change-Point Detection with an Application to Cybersecurity,https://arxiv.org/abs/1202.2849,"We address the sequential change-point detection problem for the Gaussian model where baseline distribution is Gaussian with variance σ² and mean μ such that σ²=aμ, where a>0 is a known constant; the change is in μ from one known value to another. First, we carry out a comparative performance analysis of four detection procedures: the CUSUM procedure, the Shiryaev-Roberts (SR) procedure, and two its modifications - the Shiryaev-Roberts-Pollak and Shiryaev-Roberts-r procedures. The performance is benchmarked via Pollak's maximal average delay to detection and Shiryaev's stationary average delay to detection, each subject to a fixed average run length to false alarm. The analysis shows that in practically interesting cases the accuracy of asymptotic approximations is ""reasonable"" to ""excellent"". We also consider an application of change-point detection to cybersecurity - for rapid anomaly detection in computer networks. Using real network data we show that statistically traffic's intensity can be well-described by the proposed Gaussian model with σ²=aμ instead of the traditional Poisson model, which requires σ²=μ. By successively devising the SR and CUSUM procedures to ""catch"" a low-contrast network anomaly (caused by an ICMP reflector attack), we then show that the SR rule is quicker. We conclude that the SR procedure is a better cyber ""watch dog"" than the popular CUSUM procedure.",firecrawl,n11,3,Sequential Shiryaev–Roberts likelihood-ratio change-point detection on sampled packet rate: accumulate evidence for a modeled distribution shift and alarm at a threshold calibrated to a target average run length to false alarm.,"Evidence from successive samples accumulates, allowing a sustained low-contrast change to trigger profiling even when no individual sample is decisive. Calibrating the threshold gives a way to control false-alarm frequency. This is more than logging or a single-sample threshold and transfers as a cheap trigger for richer diagnosis; the paper does not show that packet-rate shifts predict inference tail latency.","Apply the detector to time-binned packet-rate or transport-event measurements at the robot/server boundary, retaining request IDs and timestamps so alarms can trigger richer traces. Compare alarms with end-to-end latency and separately measured transport, server-queue, GPU, and action-application times to determine whether the trigger identifies network-related regressions.","In a controlled Root replay or testbed, inject known network-delay/loss regressions and non-network regressions while collecting packet-rate or transport signals. Compare SR-triggered trace retention with no trigger and a simple-threshold trigger at matched false-trigger rates. Measure regression detection delay, false triggers, retained profiling volume, and whether alarms associate with transport delay rather than server queueing, GPU compute, or action application.","The detection delay for the SR procedure is roughly 15 seconds (or 30 samples), and that for the CUSUM procedure is about 18 seconds (or 36 samples).","Selected PDF text, Section 6, discussion of Figure 7 and the diminished ICMP reflector attack.",SR detected the diminished attack in roughly 15 seconds versus roughly 18 seconds for CUSUM; both procedures raised three false alarms along the way.,"CUSUM, with both methods calibrated to an average run length to false alarm of approximately 1000.","The demonstrated signal is aggregate packet rate during a cybersecurity volume anomaly, not request-level latency or transport delay in remote robot inference. The paper does not establish that packet-rate changes predict inference tail regressions or localize their cause. Root gains are unknown."
arxiv:1205.1457,Efficient and reliable network tomography in heterogeneous networks using BitTorrent broadcasts and clustering algorithms,https://arxiv.org/abs/1205.1457,"In the area of network performance and discovery, network tomography focuses on reconstructing network properties using only end-to-end measurements at the application layer. One challenging problem in network tomography is reconstructing available bandwidth along all links during multiple source/multiple destination transmissions. The traditional measurement procedures used for bandwidth tomography are extremely time consuming. We propose a novel solution to this problem. Our method counts the fragments exchanged during a BitTorrent broadcast. While this measurement has a high level of randomness, it can be obtained very efficiently, and aggregated into a reliable metric. This data is then analyzed with state-of-the-art algorithms, which reliably reconstruct logical clusters of nodes inter-connected by high bandwidth, as well as bottlenecks between these logical clusters. Our experiments demonstrate that the proposed two-phase approach efficiently solves the presented problem for a number of settings on a complex grid infrastructure.",firecrawl,n02,2,"Run synchronized BitTorrent broadcasts across multiple peers, count fragments exchanged between peers over repeated broadcasts, aggregate these measurements into a weighted connectivity graph, and use modularity-based clustering to identify high-bandwidth groups and bottlenecks between them.","During parallel bulk transfer, peers naturally exchange more data over higher-bandwidth paths. Repeated broadcasts reduce the impact of randomness in individual fragment counts; clustering the aggregated graph exposes groups connected by strong paths and bottlenecks separating groups, including shared constraints that emerge under collective load.","As a controlled diagnostic, attach peer identities and timestamps to robot–server or robot–robot transfer measurements, then compare fragment/byte exchange patterns and inferred clusters with request-tail events. This could reveal shared or off-path bottlenecks under concurrent load, but would diagnose network structure rather than directly attribute an individual inference request’s delay; network delay would still need separation from server queueing, GPU compute, and action application.","Evaluate on a controlled robot-inference testbed with known shared and independent network paths. Generate concurrent bulk transfers during inference, repeat broadcasts, infer clusters and bottlenecks, and compare detections against known topology and request-tail timings. Measure localization accuracy and diagnostic overhead against pairwise bandwidth probing and ordinary request tracing.",The measurement metric is the number of exchanged fragments between peers during a synchronized BitTorrent broadcast,"Selected PDF text, Introduction, description of the two phases",The paper reports that its approach requires only a few minutes and achieves high accuracy; it says existing methods would take hours or days.,Existing active bandwidth-tomography methods that saturate links and test pairs or node triplets iteratively; described as taking hours or days.,"The experiments reconstruct logical bandwidth clusters on Grid’5000, not request-level inference tails or robot networks. The method does not itself distinguish network delay from server queueing, GPU compute, or action application."
arxiv:1206.0420,Multipath Routing With Novel Packet Scheduling Approach In Wireless Sensor Networks,https://arxiv.org/abs/1206.0420,"Wireless sensor networks sense and monitor real-time events. They supervise a geographic area where a phenomenon is to be monitored. The data in sensor networks have different levels of priority and hence their criticality differs. In order to keep up the real time commitment, the applications need higher transmission rates and reliability in information delivery. In this work we propose a multipath routing algorithm which enables the reliable delivery of data. By controlling the scheduling rate, it is possible to prevent congestion and packet loss in the network. The algorithm provides an efficient way to prevent the packet loss at each node. This results in congestion management in the sensor networks. This protocol prevents packet clustering and provides smoothness to the traffic. Through monitoring and controlling the scheduling rate the flow control and congestion control are managed.",firecrawl,n16,3,"Per-hop queue/service telemetry piggybacked in packet headers, coupled with service-ratio and queue-threshold feedback. A node reports its queue length, scheduling rate, and service rate; falling service ratio with a growing queue identifies a local service bottleneck and can trigger parent-rate reduction.","The per-node queue and service signals offer more than an end-to-end delay observation: they can show that delay is accumulating at a particular forwarding node. In Root, correlating those signals with request timestamps could expose transport-queue buildup as a contributor to a tail while separating it from transit delay, server queueing, GPU compute, and action application. The paper describes rate control as the intervention, but its per-node telemetry is the transferable diagnostic operation.","At robot-side and server-side transport queues, attach timestamped request or packet identity to queue length and enqueue/dequeue or service-rate events. Preserve per-hop reports where available and correlate them with end-to-end request timing to locate queue buildup rather than attributing all excess latency to network transit.","Use controlled Root runs with injected transport congestion that creates queue buildup at a known hop, alongside controls that add server queueing or GPU delay. Compare request-level tail localization with per-hop queue/service telemetry enabled versus disabled. Check whether the reported bottleneck identifies the injected transport queue and does not misclassify server or compute delay; evaluate rate reduction separately as a mitigation.",Each node also calculates the originating rate of the packets.,"Selected PDF text, Section II, paragraph beginning “The scheduling unit sends the packets to the MAC layer”; the same paragraph states that nodes piggyback queue length, scheduling rate, and service rate. For the queue trigger, it says: “When the packet sevice ratio falls below certain value the queue starts building up at the node.”",Simulation reports packet drop decreasing from 80% at packet service ratio 0.5 to 60% at 3.0; no Root gain is reported.,UNKNOWN,"The paper provides a per-node queue/service signal that can support bottleneck localization, but does not evaluate tail-delay diagnosis or establish that the signal distinguishes all network transit delay from local queueing. Its reported packet-drop figures are not evidence of a Root latency improvement."
arxiv:1207.2530,Generalized Network Tomography,https://arxiv.org/abs/1207.2530,"For successful estimation, the usual network tomography algorithms crucially require i) end-to-end data generated using multicast probe packets, real or emulated, and ii) the network to be a tree rooted at a single sender with destinations at leaves. These requirements, consequently, limit their scope of application. In this paper, we address successfully a general problem, henceforth called generalized network tomography, wherein the objective is to estimate the link performance parameters for networks with arbitrary topologies using only end-to-end measurements of pure unicast probe packets. Mathematically, given a binary matrix A, we propose a novel algorithm to uniquely estimate the distribution of X, a vector of independent non-negative random variables, given only IID samples of the components of the random vector Y = AX. This algorithm, in fact, does not even require any prior knowledge of the unknown distributions. The idea is to approximate the distribution of each component of X using linear combinations of known exponential bases and estimate the unknown weights. These weights are obtained by solving a set of polynomial systems based on the moment generating function of the components of Y. For unique identifiability, it is only required that every pair of columns of the matrix A be linearly independent, a property that holds true for the routing matrices of all multicast tree networks. Matlab based simulations have been included to illustrate the potential of the proposed scheme.",firecrawl,n02,3,"Unicast delay-distribution tomography: use end-to-end delay samples from paths with known, overlapping link routes to infer the delay distribution of each independent link component.","Different path sums constrain the components they share. Given an identifiable routing matrix and the independent additive-delay model, the method estimates component distributions and matches them to links. A changed tail can therefore be localized to a modeled link, rather than merely observed in an end-to-end request. This does not identify which off-path flow caused the link delay.","Collect timestamped probe or request delays over multiple known routes between robot and server, and use the route-incidence matrix to infer link-level delay distributions. Align results with inference-stage timestamps to separate network contribution from server queueing, GPU compute, and action application. This requires route diversity and the paper's independent additive-link assumptions; it does not require access to Reflex's private infrastructure.","In a controlled Root test, collect IID delay samples on identifiable overlapping routes, then inject delay or contention on one selected link. Test whether tomography localizes the changed delay distribution to that link and whether its inferred tail contribution tracks end-to-end request tails. Compare against injection ground truth and available per-link telemetry. Treat this as a Root experiment proposal, not a measured Root gain.",The idea is to approximate the distribution of each component of X using linear combinations of known exponential bases and estimate the unknown weights.,"Abstract; Section IV, “Distribution Tomography Scheme,” describes estimating path MGFs from IID samples, constructing polynomial systems, and matching inferred weights to components using the routing matrix.",UNKNOWN,UNKNOWN,"The transfer supports localizing a delay contribution to a modeled link, not attributing it to a particular off-path flow or proving contention caused it. The method depends on known routes, identifiability, independent additive link delays, and sufficient samples; the paper's examples use one million probe samples per path. No Root experiment or Root-measured gain is reported. Lane n10 is not promoted: the supplied text does not establish fewer measurements or a measurement-efficiency advantage."
arxiv:1208.2417,How to sample if you must: on optimal functional sampling,https://arxiv.org/abs/1208.2417,"We examine a fundamental problem that models various active sampling setups, such as network tomography. We analyze sampling of a multivariate normal distribution with an unknown expectation that needs to be estimated: in our setup it is possible to sample the distribution from a given set of linear functionals, and the difficulty addressed is how to optimally select the combinations to achieve low estimation error. Although this problem is in the heart of the field of optimal design, no efficient solutions for the case with many functionals exist. We present some bounds and an efficient sub-optimal solution for this problem for more structured sets such as binary functionals that are induced by graph walks.",firecrawl,n10,3,"Optimize allocation of end-to-end path probes to minimize the trace of the covariance of per-link delay-mean estimates. For exponentially many graph paths, restrict sampling to product distributions over node exits and compute the information matrix by dynamic programming.","Each path measurement is a sum of the delays on that path, so different paths constrain different combinations of link means. Choosing probes to improve estimator information can avoid wasting a fixed probe budget on paths that leave important links poorly observed. This is a concrete tomography operation for distinguishing link-delay contributions with fewer measurements, rather than ordinary logging or thresholding. Its model estimates Gaussian means, however, and does not itself identify tail behavior.","At the robot/server transport boundary, record probe path identity and end-to-end transport delay, then use the optimized path allocation to estimate link-delay means. This could help localize a persistent network-delay regression with fewer probes. It does not by itself separate transport from server queueing, GPU compute, or action application; those require separately scoped timestamps or measurements.","On a controlled network with known per-link delays, inject link-delay regressions and compare the paper's optimized path-probe allocation with uniform path sampling under the same probe budget. Measure per-link mean-estimation error and probes needed to localize the changed link. Separately test a tail-only perturbation to establish whether mean-based estimates miss it. This is a proposed Root experiment, not a reported Root result.",The only measurement obtained for each probe is the sum of delays along the path.,"Selected PDF text, Section 1, Introduction. The structured optimization is described in Section 5.1, “The product distribution,” including dynamic programming to compute the matrix.",UNKNOWN,UNKNOWN,"The operation and its link-localization rationale are explicit, and a controlled equal-budget Root experiment is feasible. The method targets estimator covariance for Gaussian delay means, not tail quantiles or tail-event causes; transfer is therefore to efficient diagnosis of link-delay contributions, not a demonstrated solution for network tail latency."
arxiv:1208.6067,Efficient Touch Based Localization through Submodularity,https://arxiv.org/abs/1208.6067,"Many robotic systems deal with uncertainty by performing a sequence of information gathering actions. In this work, we focus on the problem of efficiently constructing such a sequence by drawing an explicit connection to submodularity. Ideally, we would like a method that finds the optimal sequence, taking the minimum amount of time while providing sufficient information. Finding this sequence, however, is generally intractable. As a result, many well-established methods select actions greedily. Surprisingly, this often performs well. Our work first explains this high performance -- we note a commonly used metric, reduction of Shannon entropy, is submodular under certain assumptions, rendering the greedy solution comparable to the optimal plan in the offline setting. However, reacting online to observations can increase performance. Recently developed notions of adaptive submodularity provide guarantees for a greedy algorithm in this online setting. In this work, we develop new methods based on adaptive submodularity for selecting a sequence of information gathering actions online. In addition to providing guarantees, we can capitalize on submodularity to attain additional computational speedups. We demonstrate the effectiveness of these methods in simulation and on a robot.",related:similar,n10,3,"Adaptive hypothesis-pruning measurement selection: maintain weighted candidate causes, update them from each measurement outcome, and greedily select the next measurement expected to disprove the most remaining hypotheses. Lazy-greedy evaluation avoids rescoring every candidate at each step.","Each observation eliminates or downweights causes inconsistent with the result. Choosing the next measurement using the updated candidate set makes the process adaptive, so informative measurements can be selected based on what earlier measurements revealed. The paper establishes adaptive-submodularity guarantees for its hypothesis-pruning objectives. Transferred to Root, this offers a concrete way to seek cause-discriminating measurements rather than collect a fixed set of diagnostics.","Attach at Root's incident/request identity and its candidate-cause model. Treat available measurements—such as robot/server transport timestamps, packet or ACK/loss evidence, queue/NIC signals, and server-side queue or GPU timings—as candidate actions with predicted outcomes under each cause. Update the cause weights after each result, then select the next measurement by expected hypothesis pruning. This transfer requires Root to define candidate causes and measurement outcome models; the paper supplies neither network signals nor a way to distinguish network delay from queueing, compute, or action application.","On replayed Root requests with controlled, separately injected network delay/loss, server queueing, GPU compute delay, and action-application delay, compare adaptive hypothesis-pruning measurement selection with fixed-order and random measurement selection. Use identical candidate causes and measurement availability, and measure diagnostic accuracy and number of measurements needed to identify the injected cause. Include mixed-cause cases to test whether adaptive follow-up measurements help.",The latter two maximize the expected number of hypotheses they disprove. We show these metrics are adaptive submodular.,"Selected PDF text, Section I (Introduction); the measurement and observation framework is described in Section III, and experiments in Section V.",UNKNOWN,Simulation compares against random action selection and a human-designed orthogonal-approach scheme; the robot task compares against no touch localization. No Root or network-diagnosis baseline or gain is reported.,"The active hypothesis-pruning operation is explicit and supports a controlled Root experiment, but the paper evaluates tactile localization, not network diagnosis. Root would need to supply a cause model and establish that its available measurements have outcomes that discriminate those causes."
arxiv:1209.5074,Locating Disruptions on Internet Paths through End-to-End Measurements,https://arxiv.org/abs/1209.5074,"In backbone networks carrying heavy traffic loads, unwanted and unusual end-to-end delay changes can happen, though possibly rarely. In order to understand and manage the network to potentially avoid such abrupt changes, it is crucial and challenging to locate where in the network lies the cause of such delays so that some corresponding actions may be taken. To tackle this challenge, the present paper proposes a simple and novel approach. The proposed approach relies only on end-to-end measurements, unlike literature approaches that often require a distributed and possibly complicated monitoring / measurement infrastructure. Here, the key idea of the proposed approach is to make use of compressed sensing theory to estimate delays on each hop between the two nodes where end-to-end delay measurement is conducted, and infer critical hops that contribute to the abrupt delay increases. To demonstrate its effectiveness, the proposed approach is applied to a real network. The results are encouraging, showing that the proposed approach is able to locate the hops that have the most significant impact on or contribute the most to abrupt increases on the end-to-end delay.",firecrawl,n04,3,"Aggregate end-to-end delays into anomalous time bins, build a binary route-incidence matrix from traceroutes, then use iterative hybrid counting and candidate-set fusion to identify likely critical hops. This combines sparse end-to-end measurements with route information rather than requiring per-hop monitoring.","If a small number of hops contribute disproportionately to anomalous delays, those hops recur across anomalous routes. Counting route incidence, eliminating routes covered by selected candidates, and fusing candidates across delay groups can narrow the likely contributors without full tracing or distributed per-hop telemetry.","Associate timestamped robot-to-server delay measurements with route identities and attach the route-incidence analysis to anomalous request windows. Root could gain candidate network-hop localization while avoiding continuous per-hop tracing. This does not by itself attribute delay to individual inference requests or distinguish network delay from server queueing, GPU compute, or action application.","In a controlled testbed with known routes, inject sparse queueing delays at selected network hops and collect end-to-end timestamped probes plus traceroutes. Compare the method's inferred hops against injected locations and against end-to-end thresholding alone; separately measure server queueing and compute time to check whether network delay is being isolated.",The core of the counting technique is to count the number of traceroutes that pass from each node; the number of 1s in each column of the matrix R.,"Selected PDF text, Section IV, “The CS Algorithm”",UNKNOWN,UNKNOWN,"The paper demonstrates real-network localization, but does not provide a controlled Root experiment or establish request-level attribution. Its method assumes route stability within aggregation bins and sparse, recurring critical hops; traceroute artifacts, load balancing, and RTT ambiguity can limit localization. The paper notes that traceroute delays are RTTs and do not identify which one-way path caused a disruption."
arxiv:1302.2824,Lingering Issues in Distributed Scheduling,https://arxiv.org/abs/1302.2824,"Recent advances have resulted in queue-based algorithms for medium access control which operate in a distributed fashion, and yet achieve the optimal throughput performance of centralized scheduling algorithms. However, fundamental performance bounds reveal that the ""cautious"" activation rules involved in establishing throughput optimality tend to produce extremely large delays, typically growing exponentially in 1/(1-r), with r the load of the system, in contrast to the usual linear growth. Motivated by that issue, we explore to what extent more ""aggressive"" schemes can improve the delay performance. Our main finding is that aggressive activation rules induce a lingering effect, where individual nodes retain possession of a shared resource for excessive lengths of time even while a majority of other nodes idle. Using central limit theorem type arguments, we prove that the idleness induced by the lingering effect may cause the delays to grow with 1/(1-r) at a quadratic rate. To the best of our knowledge, these are the first mathematical results illuminating the lingering effect and quantifying the performance impact. In addition extensive simulation experiments are conducted to illustrate and validate the various analytical results.",firecrawl,n02,3,Detect lingering shared-resource ownership: correlate resource ownership with an empty active queue and nonempty waiting queues.,"This signature shows the resource is still held even though its current owner has no work to serve while other queues wait. It can expose a shared-resource scheduling bottleneck that ordinary request timing would not identify. The paper analyzes this effect rather than proposing a runtime diagnostic tool, but the modeled signal and its interpretation are concrete and transferable.","At the robot-side network interface, attach request timestamps to available MAC/driver ownership or channel-access events and per-queue occupancy or waiting signals. Compare these with packet/ACK timing to test for network resource retention, separately from server queueing, GPU compute, and action application. This requires no assumed access to Reflex’s private infrastructure.","In a controlled Root test, add competing traffic to a shared wireless resource and compare healthy and tail requests. Retain packet/ACK timestamps alongside available resource-ownership and queue-activity signals. Test whether long request tails coincide with the resource remaining assigned to an empty queue while other queues wait, and verify that this signature is absent when tails are induced by server queueing or GPU compute alone.",individual nodes retain possession of a shared resource for excessive lengths of time even while a majority of other nodes idle,"Selected PDF text, abstract",UNKNOWN,UNKNOWN,"The paper establishes and quantifies lingering in a queueing model, not a practical runtime diagnosis procedure. Root would need observable resource-ownership and queue-activity signals; the paper does not establish that these are available in Root or distinguish this signature from every other network bottleneck."
arxiv:1302.3563,Decision-Theoretic Troubleshooting: A Framework for Repair and Experiment,https://arxiv.org/abs/1302.3563,"We develop and extend existing decision-theoretic methods for troubleshooting a nonfunctioning device. Traditionally, diagnosis with Bayesian networks has focused on belief updating---determining the probabilities of various faults given current observations. In this paper, we extend this paradigm to include taking actions. In particular, we consider three classes of actions: (1) we can make observations regarding the behavior of a device and infer likely faults as in traditional diagnosis, (2) we can repair a component and then observe the behavior of the device to infer likely faults, and (3) we can change the configuration of the device, observe its new behavior, and infer the likelihood of faults. Analysis of latter two classes of troubleshooting actions requires incorporating notions of persistence into the belief-network formalism used for probabilistic inference.",firecrawl,n10,3,"Decision-theoretic configuration intervention: select a configuration change and follow-up observation by expected troubleshooting cost, then update fault probabilities with a persistence Bayesian network that shares the causal mapping across pre- and post-intervention states.","Changing the configuration can isolate which part of a system is exercised; the resulting observation provides counterfactual evidence about competing fault causes. The persistence network represents that the causal relationship remains the same across the intervention, so the pre-change evidence can be combined with the post-change result rather than treated as an unrelated observation. This offers a way to distinguish causes with a targeted intervention instead of collecting more passive measurements.","Attach the intervention, configuration, request identity, and timestamped outcome to Root’s request record. A controlled alternate-path inference or network-path probe could provide evidence about whether a tail follows the network path while the causal model retains other request-stage evidence. The paper does not itself measure latency or separate transport delay from server queueing, GPU compute, or action application.","On matched reproducible requests with a suspected network tail, compare the normal inference path with a controlled alternate route or path-bypass configuration, then restore the original configuration. Record request identity, configuration, end-to-end latency, and available transport, queue, GPU, and action-stage timings. Use a persistence-network model to update probabilities for path-related versus local-stage causes, and compare the number of interventions or measurements needed to identify the cause against passive diagnosis and a planner without configuration changes. Do not treat the paper’s reported result as a Root gain.","By setting the configuration node to one value or the other, we isolate part of the system for inspection.","Selected PDF text, Section 3, canonical configurable-device discussion.",13.4 minutes average time to resolution with configuration changes versus 14.4 minutes without them; simulation on the printing network.,Planner that did not suggest configuration changes.,"The paper’s method is demonstrated for device troubleshooting, not network latency diagnosis. It does not specify network-event or latency measurements, and its example does not distinguish network delay from server queueing, GPU compute, or action application. The proposed Root experiment is a transfer, not a reported Root result."
arxiv:1312.0825,FRANTIC: A Fast Reference-based Algorithm for Network Tomography via Compressive Sensing,https://arxiv.org/abs/1312.0825,"We study the problem of link and node delay estimation in undirected networks when at most k out of n links or nodes in the network are congested. Our approach relies on end-to-end measurements of path delays across pre-specified paths in the network. We present a class of algorithms that we call FRANTIC. The FRANTIC algorithms are motivated by compressive sensing; however, unlike traditional compressive sensing, the measurement design here is constrained by the network topology and the matrix entries are constrained to be positive integers. A key component of our design is a new compressive sensing algorithm SHO-FA-INT that is related to the prior SHO-FA algorithm for compressive sensing, but unlike SHO-FA, the matrix entries here are drawn from the set of integers 0, 1, ..., M. We show that O(k log n /log M) measurements suffice both for SHO-FA-INT and FRANTIC. Further, we show that the computational complexity of decoding is also O(k log n/log M) for each of these algorithms. Finally, we look at efficient constructions of the measurement operations through Steiner Trees.",firecrawl,n02 | n10,2,"FRANTIC uses topology-aware end-to-end path-delay measurements to recover a sparse vector of congested-link or node delays. It designs weighted paths using local loops, subtracts paired path measurements to cancel unwanted-link contributions, then applies an integer compressive-sensing decoder that iteratively peels off congested elements.","When only a small number of network elements are congested, path delays are additive measurements of a sparse delay vector. Carefully weighted, correlated paths create distinguishable signatures for those elements, while subtraction isolates the intended measurements. This can identify shared congested links from multiple end-to-end paths without measuring every link separately, and the sparse decoder reduces the number of measurements needed. The inferred delay is network-element delay under the paper’s additive model; it does not by itself separate network delay from server queueing, GPU compute, or action application.","Attach measurements to identifiable Root requests and collect end-to-end probe delays over known network paths. Reconstruct which shared links have elevated delay, potentially localizing a network tail without direct telemetry from every link. Root would need a usable path topology and sufficiently controlled measurements; the method does not identify off-path flows directly.","In a controlled Root testbed, inject delay on a known sparse set of links shared by selected request paths. Collect the designed end-to-end path-delay measurements and compare FRANTIC’s recovered links and delays with ground truth and per-link instrumentation. Separately record server queueing, GPU, and action-application times to check whether the diagnosed tail is actually attributable to the network. Vary the number of congested links and measurement count to test localization and measurement efficiency.","by considering correlated measurements, we can cancel out the contribution of the undesired links and nodes in a given measurement.","Selected PDF text, Section IV, “Idea 1: Cancellation enables selecting disconnected subsets of links and nodes.”","The paper claims O(ρk log n / log M) path measurements and decoding steps; it states that with M = O(n), these can be O(k). It also describes improvement over the cited Xu et al. approach from O(TN k log n) measurements and recovery steps. These are paper-reported theoretical results, not Root measurements.","The cited Xu et al. random-walk compressive-sensing approach, with O(TN k log n) measurements and recovery steps.","The supplied text provides theoretical guarantees, not an empirical Root evaluation. Transfer depends on known topology, sparse congestion, additive path delays, and the feasibility of collecting the designed weighted paths. It does not establish performance under noisy or time-varying delays or distinguish network delay from other components without additional measurements."
arxiv:1402.5886,Near Optimal Bayesian Active Learning for Decision Making,https://arxiv.org/abs/1402.5886,"How should we gather information to make effective decisions? We address Bayesian active learning and experimental design problems, where we sequentially select tests to reduce uncertainty about a set of hypotheses. Instead of minimizing uncertainty per se, we consider a set of overlapping decision regions of these hypotheses. Our goal is to drive uncertainty into a single decision region as quickly as possible. We identify necessary and sufficient conditions for correctly identifying a decision region that contains all hypotheses consistent with observations. We develop a novel Hyperedge Cutting (HEC) algorithm for this problem, and prove that is competitive with the intractable optimal policy. Our efficient implementation of the algorithm relies on computing subsets of the complete homogeneous symmetric polynomials. Finally, we demonstrate its effectiveness on two practical applications: approximate comparison-based learning and active localization using a robot manipulator.",related:similar | related:references,n10,3,"Hyperedge Cutting (HEC) adaptively selects the next test to drive the remaining hypotheses into one decision region, rather than selecting tests merely to reduce overall uncertainty. For Root, the transferable chain is candidate network measurement -> HEC-selected measurement based on its ability to separate diagnosis regions -> fewer observations needed to identify a latency-regression cause.",A measurement is valuable when its possible outcomes distinguish hypotheses that imply different decisions. Sequentially choosing tests for that purpose can reach a diagnosis with fewer measurements than non-adaptive collection or uncertainty reduction that ignores the decision. The abstract identifies HEC and states conditions for correctly identifying a decision region.,"Attach to Root's diagnosis stage after defining candidate causes and available measurements. Supply hypotheses such as transport delay, server queueing, GPU compute, or action-application delay, and candidate measurements such as endpoint timestamps, packet/ACK/loss observations, queue signals, and GPU timings. HEC could choose which measurement to collect next; the paper does not establish that these Root signals or decision regions are available.","On controlled inference-delay regressions with known injected causes, compare HEC-selected measurements against a fixed non-adaptive measurement schedule. Measure observations required to identify the correct cause and diagnosis accuracy, keeping the candidate measurements and diagnosis regions the same. This is a proposed Root experiment, not a reported result.","Instead of minimizing uncertainty per se, we consider a set of overlapping decision regions of these hypotheses. Our goal is to drive uncertainty into a single decision region as quickly as possible.",Abstract,UNKNOWN,UNKNOWN,"The abstract supports adaptive, decision-directed test selection and reports a robot-manipulator application, but provides no network-specific measurements, diagnosis regions, or network-tail evaluation. Transfer to Root remains to be tested."
arxiv:1405.7143,Millions of Little Minions: Using Packets for Low Latency Network Programming and Visibility (Extended Version),https://arxiv.org/abs/1405.7143,"This paper presents a practical approach to rapidly introduce new dataplane functionality into networks: End-hosts embed tiny programs into packets to actively query and manipulate a network's internal state. We show how this ""tiny packet program"" (TPP) interface gives end-hosts unprecedented visibility into network behavior, enabling them to work with the network to achieve a common goal. Our design leverages what each component does best: (a) switches forward and execute tiny packet programs (at most 5 instructions) at line rate, and (b) end-hosts perform arbitrary computation on network state, which are easy to evolve. Using a hardware prototype on a NetFPGA, we show our design is feasible, at a reasonable cost. By implementing three different research proposals, we show that TPPs are also useful. And finally, we present an architecture in which they can be made secure.",firecrawl | related:similar,n01 | n04,2,"Attach a tiny packet program to selected packets; at each switch hop, read and append local state such as queue occupancy, port, or switch ID to the packet. The destination returns the executed packet state to the sender, giving a per-packet record of network conditions along its path.","The state is sampled as the packet traverses each hop, so transient queueing is tied to a specific packet rather than inferred from slow, averaged counters. Per-hop snapshots can expose where network queueing accumulated and distinguish congestion on the path from delay elsewhere, though the paper does not provide server or GPU measurements.","At the robot/server transport boundary, associate sampled inference request packets with request IDs and timestamps, and attach TPP-style per-hop queue and path metadata. This could localize network queueing on a tailed request without relying on network-wide periodic counters. The paper does not establish that Root can access or deploy TPP-capable switches.",The paper instruments packets in a six-node Mininet dumbbell topology and collects executed TPPs to plot queue evolution at six queues. It also reports a NetFPGA prototype and a CONGA* software prototype that queries link utilization every millisecond.,"As the packet traverses each hop, the packet memory has snapshots of queue sizes at each hop.","Selected PDF text, passage beginning “TPPs can provide fine-grained per-RTT, or even per-packet visibility into queue evolution inside the network.”",UNKNOWN,UNKNOWN,"The mechanism measures in-network state but does not itself identify which off-path flow caused a busy queue, retain traces only when a regression occurs, or separate network delay from server queueing and GPU compute using server-side signals. The supplied text also does not report a controlled diagnostic-accuracy gain."
arxiv:1406.3568,"NaNet: a Low-Latency, Real-Time, Multi-Standard Network Interface Card with GPUDirect Features",https://arxiv.org/abs/1406.3568,"While the GPGPU paradigm is widely recognized as an effective approach to high performance computing, its adoption in low-latency, real-time systems is still in its early stages. Although GPUs typically show deterministic behaviour in terms of latency in executing computational kernels as soon as data is available in their internal memories, assessment of real-time features of a standard GPGPU system needs careful characterization of all subsystems along data stream path. The networking subsystem results in being the most critical one in terms of absolute value and fluctuations of its response latency. Our envisioned solution to this issue is NaNet, a FPGA-based PCIe Network Interface Card (NIC) design featuring a configurable and extensible set of network channels with direct access through GPUDirect to NVIDIA Fermi/Kepler GPU memories. NaNet design currently supports both standard - GbE (1000BASE-T) and 10GbE (10Base-R) - and custom - 34 Gbps APElink and 2.5 Gbps deterministic latency KM3link - channels, but its modularity allows for a straightforward inclusion of other link technologies. To avoid host OS intervention on data stream and remove a possible source of jitter, the design includes a network/transport layer offload module with cycle-accurate, upper-bound latency, supporting UDP, KM3link Time Division Multiplexing and APElink protocols. After NaNet architecture description and its latency/bandwidth characterization for all supported links, two real world use cases will be presented: the GPU-based low level trigger for the RICH detector in the NA62 experiment at CERN and the on-/off-shore data link for KM3 underwater neutrino telescope.",firecrawl,n15,3,"Common-clock communication/compute interval decomposition: use the x86 TSC to measure packet-send-to-receive-buffer-ready time, then measure the serialized CUDA-kernel interval separately.","The two intervals identify whether delay occurs before GPU input is available or during kernel execution, rather than treating end-to-end latency as one number. The paper demonstrates this on a system-loopback path; it does not isolate server queueing or prove that the communication interval is pure network delay.","At the server, correlate a request ID with timestamps for send/transport events, NIC receive or buffer-ready, queue admission, kernel start, and kernel end. This decomposition would show whether a tail occurs before GPU data readiness, in server queueing, or during GPU compute. The paper's loopback measurement is not evidence about a robot-to-server path.","Replay identical inference requests while injecting controlled transport delay and, separately, server queueing and GPU workload. Capture synchronized per-request transport/buffer-ready, queue, and kernel timestamps; test whether the communication interval rises under transport injection while queue and kernel intervals remain stable, and whether the other injections produce their respective interval changes.","Exploiting the x86 Time Stamp Counter (TSC) register as a common time reference, it was possible in a single process test application to measure latency as time difference between when a received buffer is signalled to the application and the moment before the first UDP packet of a bunch (needed to fill the receive buffer) is sent through the host GbE port. Communication and kernel processing tasks were serialized in order to perform the measure","Selected PDF text, section II-B, “Results”",UNKNOWN,UNKNOWN,"The measurement supports separating communication from kernel processing in the stated loopback benchmark, but does not distinguish network transit from host-side receive or queueing delay. It reports no per-request tail diagnosis and does not establish performance on a remote robot-inference path."
arxiv:1406.3655,Trading off Worst and Expected Cost in Decision Tree Problems and a Value Dependent Model,https://arxiv.org/abs/1406.3655,"We study the problem of evaluating a discrete function by adaptively querying the values of its variables until the values read uniquely determine the value of the function. Reading the value of a variable is done at the expense of some cost, and the goal is to design a strategy (decision tree) for evaluating the function incurring as little cost as possible in the worst case or in expectation (according to a prior distribution on the possible variables assignments). Except for particular cases of the problem, in general, only the minimization of one of these two measures is addressed in the literature. However, there are instances of the problem for which the minimization of one measure leads to a strategy with a high cost with respect to the other measure (even exponentially bigger than the optimal). We provide a new construction which can guarantee a trade-off between the two criteria. More precisely, given a decision tree guaranteeing expected cost E and a decision tree guaranteeing worst cost W our method can guarantee for any chosen trade-off value ρ to produce a decision tree whose worst cost is (1 + ρ)W and whose expected cost is (1 + 1ρ)E. These bounds are improved for the relevant case of uniform testing costs. Motivated by applications, we also study a variant of the problem where the cost of reading a variable depends on the variable's value. We provide an O(n) approximation algorithm for the minimization of the worst cost measure, which is best possible under the assumption P ≠ NP.",related:similar,n10,3,"Adaptive cost-aware test selection: DividePairs chooses a test based on the maximum, over its possible outcomes, of outcome-specific test cost divided by the number of separable object pairs that outcome eliminates, then recurses on each resulting group.","The test sequence adapts to earlier outcomes and targets distinctions between different-class candidates, rather than collecting a fixed set of measurements. Accounting for outcome-dependent costs can prioritize measurements that separate more plausible competing causes per unit cost. This provides a concrete diagnostic operation for the lane, though it does not itself model noisy probes or network-layer causes.","Represent candidate regression causes as objects or classes and available Root-side measurements as tests, with observed outcomes and costs. Attach at request identity and collect only the tests selected by the current candidate set. Tests could include robot/server transport timestamps or packet/ACK/loss observations, queue/NIC signals, and server or action-stage timings. Their outcomes can narrow causes, while stage-specific tests help avoid conflating network delay with queueing, GPU compute, or action application. No access to Reflex private infrastructure is assumed.","Create controlled Root replays with known regression causes and an explicit candidate-cause-to-test outcome model. Compare DividePairs' adaptive measurements with a fixed measurement set and a non-adaptive sequence. Measure diagnostic cost, number of measurements to identify the cause, worst-case cost, and identification accuracy; separately check whether network-tail causes are distinguished from server queueing, GPU compute, and action application.","Our algorithm, called DividePairs, chooses the test t that minimizes:","Selected PDF text, Section 3, “A logarithmic approximation for value dependent testing costs”; the following displayed objective is max_i c^i(t)/(P(S) − P(S_t^i)).",Theoretical O(log n) approximation for binary tests with value-dependent costs; no Root or network-diagnosis gain reported.,Theoretical comparison is to the minimum worst testing cost for the abstract decision-tree problem; no Root diagnostic baseline is reported.,"Transfer depends on having a useful cause-to-test outcome model and meaningful test costs. The paper analyzes abstract discrete-function testing, not network telemetry or noisy causal diagnosis; Root gains and diagnostic accuracy are unknown."
arxiv:1407.1239,RepNet: Cutting Tail Latency in Data Center Networks with Flow Replication,https://arxiv.org/abs/1407.1239,"Data center networks need to provide low latency, especially at the tail, as demanded by many interactive applications. To improve tail latency, existing approaches require modifications to switch hardware and/or end-host operating systems, making them difficult to be deployed. We present the design, implementation, and evaluation of RepNet, an application layer transport that can be deployed today. RepNet exploits the fact that only a few paths among many are congested at any moment in the network, and applies simple flow replication to mice flows to opportunistically use the less congested path. RepNet has two designs for flow replication: (1) RepSYN, which only replicates SYN packets and uses the first connection that finishes TCP handshaking for data transmission, and (2) RepFlow which replicates the entire mice flow. We implement RepNet on node.js, one of the most commonly used platforms for networked interactive applications. node's single threaded event-loop and non-blocking I/O make flow replication highly efficient. Performance evaluation on a real network testbed and in Mininet reveals that RepNet is able to reduce the tail latency of mice flows, as well as application completion times, by more than 50%.",firecrawl | related:similar,n16,2,"For mice flows, RepSYN opens two TCP connections with distinct five-tuples and sends a SYN on each; it sends data only on the connection whose TCP handshake completes first, closing the other. The first handshake acts as an active probe: SYN delay reflects congestion on that path. RepFlow instead duplicates the entire mice flow and uses the first copy to complete.","With ECMP, connections with different five-tuples can take different paths, and congestion is often transient and isolated to a subset of paths. Racing the handshakes makes it more likely that the selected connection avoids a congested path; full-flow replication can additionally tolerate losses. This reduces exposure to network-path delay, but does not by itself distinguish network delay from server queueing, compute, or action-application delay.","A plausible Root experiment is to race two robot-to-cloud transport connections for a request, timestamp both SYN/handshake completion events, and use the winning connection for inference traffic. This could reveal whether an occasional slow path explains request tails and reduce tail exposure without access to private infrastructure. Transfer depends on the robot/cloud transport and routing allowing distinct connections to traverse meaningfully different paths; the paper does not establish this for robot action loops.","The paper evaluates RepFlow and RepSYN against Linux TCP Cubic on a real testbed and in Mininet, measuring mice-flow completion time and distributed bucket-sort job completion time under varying loads. It also evaluates incast behavior. A controlled Root test could compare ordinary transport with RepSYN-style handshake racing under injected or naturally occurring path congestion, recording per-connection handshake and request timestamps and separating transport time from server inference and action-application time.","The idea is simple: Before transmitting data, we establish two TCP connections as in RepFlow. However data is only transmitted using the first established connection, and the other is ended immediately. Essentially SYN is used to probe the network and find a better path. The delay experienced by the SYN reflects the latest congestion condition of the corresponding path.","Selected PDF text, section II.C, “RepNet Design” (RepSYN description).","The abstract reports more than 50% reduction in tail latency of mice flows and application completion times. In the bucket-sort experiment, the 99.9th-percentile job completion time is reported reduced by 45%, and the 99th percentile by 50%.",Linux TCP Cubic / stack TCP.,"The supplied context demonstrates latency reduction, not diagnostic accuracy or localization of a particular tail cause. It does not establish whether robot-to-cloud connections can select sufficiently diverse paths, or how replication overhead and duplicate-request semantics would interact with remote inference."
arxiv:1412.2220,An Adaptive Load Balancing to Provide Quality of Service,https://arxiv.org/abs/1412.2220,"In order to utilize network resources and provide a more reliable delivery of information, multipath routing algorithms are used with a higher priority than single path routing. But providing the quality of service (QoS) requirements while load balancing is done among multiple paths is still a challenge. In this paper a new load balancing algorithm is proposed by using an explicit endpoint admission control (EEAC) to achieve a dynamic load balancing algorithm, with the ability to guarantee the end-to-end QoS for a variety of service classes. The simulation results for non deterministic network conditions show that the proposed algorithm increases the utilization of network resources and also decreases the end-to-end delay.",firecrawl,n04,3,"Periodic probes carry compact, per-service-class congestion state: routers exponentially smooth arrival rate and buffer length, calculate remaining buffer space, and compare it with the prior router's value. The path bottleneck is recorded in the probe and returned to the destination. This is a lightweight queue-hotspot localization signal, not merely end-to-end delay logging or load balancing.","Remaining buffer space is a router-local congestion indicator. Comparing it along the path identifies where buffer pressure is greatest, while smoothing makes the observation less sensitive to bursts. Root could use that compact signal to test whether a network queue hotspot accompanies a tail-latency regression, without retaining a full packet trace. It does not by itself attribute delay to a specific inference request or separate network delay from server queueing, GPU compute, or action application.","Attach a probe or flow identity and timestamp to robot/server transport events, and collect the probe's bottleneck-router annotation plus compact per-class buffer observations. Compare these with request latency and transport timestamps; do not assume access to the paper's network infrastructure.","During remote inference, inject a controlled queue bottleneck at a known network hop, then compare probe-localized bottlenecks and their timing against packet-level transport timestamps or a full trace. Include a server-queueing-only control. Measure localization accuracy for network-tail requests and telemetry volume, and check whether probe identity and cadence permit useful correlation.","As the probing packet goes through the path, the remaining buffer spaces of all classes in each router are compared to the values of previous router and the bottleneck of the network is detected and inserted in the probing packets.","Selected PDF text, Section 2.2, “Decision function and load balancing parameter.”",The abstract reports increased network utilization and decreased end-to-end delay; numeric gain is UNKNOWN. No diagnostic-accuracy gain is reported.,The simulations compare a single-path scenario with a two-path load-balancing scenario; this is not a diagnostic baseline.,"The method gives periodic path-probe congestion localization, not per-inference-request attribution. The paper does not evaluate tail-latency diagnosis, correlation with request identity, or separation of network delay from server-side and application delays. Root gains are UNKNOWN."
arxiv:1502.04666,On Crowdsourced Interactive Live Streaming: A Twitch.TV-Based Measurement Study,https://arxiv.org/abs/1502.04666,"Empowered by today's rich tools for media generation and collaborative production, the multimedia service paradigm is shifting from the conventional single source, to multi-source, to many sources, and now toward crowdsource. Such crowdsourced live streaming platforms as Twitch.tv allow general users to broadcast their content to massive viewers, thereby greatly expanding the content and user bases. The resources available for these non-professional broadcasters however are limited and unstable, which potentially impair the streaming quality and viewers' experience. The diverse live interactions among the broadcasters and viewers can further aggravate the problem. In this paper, we present an initial investigation on the modern crowdsourced live streaming systems. Taking Twitch as a representative, we outline their inside architecture using both crawled data and captured traffic of local broadcasters/viewers. Closely examining the access data collected in a two-month period, we reveal that the view patterns are determined by both events and broadcasters' sources. Our measurements explore the unique source- and event-driven views, showing that the current delay strategy on the viewer's side substantially impacts the viewers' interactive experience, and there is significant disparity between the long broadcast latency and the short live messaging latency. On the broadcaster's side, the dynamic uploading capacity is a critical challenge, which noticeably affects the smoothness of live streaming for viewers.",firecrawl,n14,3,"Controlled source-uplink capacity step-down and restoration, correlated with source-side dropped frames and viewer-side broadcast latency.","The intervention changes broadcaster upload capacity while observing both a source-side symptom (dropped frames) and an end-to-end outcome (viewer broadcast latency). Their stepwise worsening as capacity falls, followed by only slight latency reduction after capacity is restored, supports a causal contribution from the source uplink and exposes possible lingering effects. This is more diagnostic than passive latency logging, though it does not fully decompose network delay from platform processing.","At the robot upload and server receipt boundaries, correlate request IDs and timestamps with transport or upload-capacity signals, server queueing, GPU compute, and action-application timings. The paper’s controlled uplink intervention transfers as a way to test whether an inference tail begins in transport without access to Twitch’s infrastructure.","Replay equivalent remote-inference requests under randomized, controlled robot-uplink bandwidth steps, including an unconstrained condition and restoration. Record per-request upload/receipt times, packet or transport signals, queueing, GPU, and action-application durations; compare tail latency and dropped or delayed requests across conditions and after restoration.","the number of total dropped frames consistently grows with decreasing the uploading bandwidth on the broadcaster’s side. In the meantime, the broadcast latency on the viewer’s side also suffers the stepwise rise","Selected PDF text, Section IV-D, “Impacts of Broadcaster’s sources”",UNKNOWN,"Controlled conditions include No Limit; the paper reports latency rises as upload bandwidth decreases, not a numerical improvement over that condition.","The intervention supports a source-uplink diagnosis, but the reported viewer broadcast latency is not decomposed into transport, platform queueing, and processing. The study does not report inference request tails or a Root-measured gain."
arxiv:1505.06310,Scalability and Dimensioning of Network-Capacity Measurement System using Reflecting Servers,https://arxiv.org/abs/1505.06310,"In a class of methods for measurement of available path capacity and other capacity-related metrics in a network, trains of probe packets are transmitted from a sender to a receiver across a network path, and the sequences of time stamps at sending and reception are analyzed. In large-scale implementations there may potentially be interference between the probe-packet trains corresponding to several concurrent measurement sessions, due to congestion in the network and common measurement end points. This paper outlines principles for large-scale deployments of network capacity measurement methods using standardized network functionality. Further, the paper provides an in-depth study of dimensioning and scalability challenges related to the measurement end-points of such systems. The main result is a framework for dimensioning of large-scale network capacity measurement systems based on TWAMP. The framework is based on a method for explicit calculation of queuelength and waiting-time distributions, where results from M/G/1 queuing theory are combined with Monte Carlo integration.",firecrawl,n06,2,"Use TWAMP probe trains with sender- and reflector-side timestamps, then model the reflector’s non-interleaving output queue as an M/G/1 system and compute queue-length and waiting-time distributions using Monte Carlo integration. This estimates endpoint queueing separately from path delay.","The timestamped probes provide measurements across the path, while the queue model quantifies waiting caused by overlapping trains at a shared reflector. Comparing measured delay with the modeled reflector waiting-time distribution could expose whether a tail is consistent with endpoint queue buildup rather than network-path delay. The model does not identify which competing flow caused the buildup.","Attach TWAMP-like probes and timestamping at the robot and inference server, with transport or reflector-side timestamps where available. Compare end-to-end delay against measured endpoint queue occupancy and the modeled waiting-time distribution to separate network and endpoint queueing; retain request identity to align probes with inference requests.","In a controlled Root test, vary concurrent probe or request-train intensity and train service times at a shared endpoint while holding path conditions and inference workload constant. Compare predicted M/G/1 queue-length and waiting-time quantiles with observed endpoint queueing and request-delay tails; separately record path timestamps to check whether the excess delay is network or endpoint queueing.","we compute the cumulative distribution functions for the out queue length and the waiting time for a train in the queue, for different values of the critical parameters.","Selected PDF text, Section IV, “The Node Scalability Challenge.”",UNKNOWN,UNKNOWN,"The paper studies capacity-measurement reflector scalability and queue dimensioning, not diagnosis of robot inference requests. It does not establish per-request attribution to competing flows, tail-triggered retention, or a streaming diagnosis result. The proposed Root experiment is a transfer, not a reported evaluation."
arxiv:1511.02960,PCS: Predictive Component-level Scheduling for Reducing Tail Latency in Cloud Online Services,https://arxiv.org/abs/1511.02960,"Modern latency-critical online services often rely on composing results from a large number of server components. Hence the tail latency (e.g. the 99th percentile of response time), rather than the average, of these components determines the overall service performance. When hosted on a cloud environment, the components of a service typically co-locate with short batch jobs to increase machine utilizations, and share and contend resources such as caches and I/O bandwidths with them. The highly dynamic nature of batch jobs in terms of their workload types and input sizes causes continuously changing performance interference to individual components, hence leading to their latency variability and high tail latency. However, existing techniques either ignore such fine-grained component latency variability when managing service performance, or rely on executing redundant requests to reduce the tail latency, which adversely deteriorate the service performance when load gets heavier. In this paper, we propose PCS, a predictive and component-level scheduling framework to reduce tail latency for large-scale, parallel online services. It uses an analytical performance model to simultaneously predict the component latency and the overall service performance on different nodes. Based on the predicted performance, the scheduler identifies straggling components and conducts near-optimal component-node allocations to adapt to the changing performance interferences from batch jobs. We demonstrate that, using realistic workloads, the proposed scheduler reduces the component tail latency by an average of 67.05% and the average overall service latency by 64.16% compared with the state-of-the-art techniques on reducing tail latency.",firecrawl | previous_seed,n06,3,"Estimate component service time from measured resource-contention signals, then use request arrival rate and service-time statistics in an M/G/1 model to estimate latency including queueing. This creates separate service-time and queueing contributions rather than treating observed latency as one undifferentiated cause.","When predicted service time rises with contention, the model points to resource interference; when service time is stable but the modeled queueing contribution rises with arrival rate and utilization, it points to queue buildup. The paper applies this model to scheduling rather than validating tail-cause diagnosis, but the separation itself is testable for Root.","Join request identity and robot/server timestamps to server-side arrival-rate measurements, per-component service-time observations, and resource-contention counters. Compare observed latency against estimated service and queueing contributions. This could help distinguish server queue buildup from resource-related service slowdown, but does not by itself isolate network delay from GPU compute or action application.","Replay identical inference requests in a controlled factorial test: vary server arrival rate while holding resource contention low, then hold arrival rate steady while introducing measured network-bandwidth contention. Record request-level queue wait, service time, network events, and end-to-end latency. Test whether the model attributes queue-dominated tails to arrival-rate-driven queueing and contention-dominated tails to service-time changes; include an uncongested baseline.",The extended model further considers the request queueing delay and estimates the latency of the whole service based on its implementation topology.,"Selected PDF text, introduction, contributions describing the extended performance model.",67.05% reduction in component 99th-percentile latency and 64.16% reduction in average overall service latency.,"Request redundancy and request reissue techniques (RED-3, RED-5, RI-90, and RI-99).","The model is evaluated for prediction and scheduling, not for request-level tail-cause diagnosis. Its queueing estimate depends on an M/G/1 assumption and monitored arrival rate and service-time statistics. Although network bandwidth is included among shared-resource signals, the paper does not identify individual off-path flows or separate network delay from other service-time causes; therefore n02 is not promoted."
arxiv:1602.03273,YTrace: End-to-end Performance Diagnosis in Large Cloud and Content Providers,https://arxiv.org/abs/1602.03273,"Content providers build serving stacks to deliver content to users. An important goal of a content provider is to ensure good user experience, since user experience has an impact on revenue. In this paper, we describe a system at Yahoo called YTrace that diagnoses bad user experience in near real time. We present the different components of YTrace for end-to-end multi-layer diagnosis (instrumentation, methods and backend system), and the system architecture for delivering diagnosis in near real time across all user sessions at Yahoo. YTrace diagnoses problems across service and network layers in the end-to-end path spanning user host, Internet, CDN and the datacenters, and has three diagnosis goals: detection, localization and root cause analysis (including cascading problems) of performance problems in user sessions with the cloud. The key component of the methods in YTrace is capturing and discovering causality, which we design based on a mix of instrumentation API, domain knowledge and blackbox methods. We show three case studies from production that span a large-scale distributed storage system, a datacenter-wide network, and an end-to-end video serving stack at Yahoo. We end by listing a number of open directions for performance diagnosis in cloud and content providers.",firecrawl,n04 | n06,2,"YTrace records causal relationships and timestamps at RPC request/response edges, uses those relationships to compute a session’s latency critical path, and estimates variable RPC network delay by subtracting the minimum observed one-way delay in a recent time window. It flags RPCs whose estimated queueing delay is significant relative to end-to-end latency, then associates them with possible network problems using device syslogs and topology.","The critical path identifies RPCs that contributed to a slow session, while the recent-window minimum estimates relatively constant delay and leaves variable delay as a candidate queueing component. This offers a way to focus diagnosis on transport-involved RPCs rather than treating total session latency as a single cause. Syslog correlation can add candidate network-device problems, but does not establish that a device problem caused the RPC delay.","Attach request identity and edge timestamps at the robot and inference service, then apply the variable-delay estimate to transport events for critical-path requests. Compare transport delay with server queueing, GPU execution, and action-application timestamps. YTrace's device-syslog correlation is only suggestive; it does not prove a network-device problem caused a slow RPC, and it relies on infrastructure-specific syslogs and topology.",Replay matched remote-inference requests while independently injecting network queueing and server-side queueing or compute delay. Record request/response edge timestamps and the minimum one-way delay over a recent window; test whether flagged variable delay rises for network-injected tails but not for server-only tails. Separately measure whether correlated network syslogs identify candidate devices without treating correlation as causal proof.,"YTrace estimates queueing delay during the RPC as dAB(e) = CfB(e) − CfA(e) − min∆(dAB), where the min is taken over the recent ∆ time window","Selected PDF text, datacenter network diagnosis section.",UNKNOWN,UNKNOWN,"The supplied text gives a concrete variable-delay estimate and critical-path operation, but does not report a controlled diagnostic accuracy or gain. It explicitly says the relationship between network problems and RPC performance remains to be established; syslog-based results list possible problems. Applicability to robot-to-cloud action loops and streaming is plausible but not demonstrated for those settings."
arxiv:1604.07621,"Micro-burst in Data Centers: Observations, Implications, and Applications",https://arxiv.org/abs/1604.07621,"Micro-burst traffic is not uncommon in data centers. It can cause packet dropping, which results in serious performance degradation (e.g., Incast problem). However, current solutions that attempt to suppress micro-burst traffic are extrinsic and ad hoc, since they lack the comprehensive and essential understanding of micro-burst's root cause and dynamic behavior. On the other hand, traditional studies focus on traffic burstiness in a single flow, while in data centers micro-burst traffic could occur with highly fan-in communication pattern, and its dynamic behavior is still unclear. To this end, in this paper we re-examine the micro-burst traffic in typical data center scenarios. We find that evolution of micro-burst is determined by both TCP's self-clocking mechanism and bottleneck link. Besides, dynamic behaviors of micro-burst under various scenarios can all be described by the slope of queue length increasing. Our observations also implicate that conventional solutions like absorbing and pacing are ineffective to mitigate micro-burst traffic. Instead, senders need to slow down as soon as possible. Inspired by the findings and insights from experimental observations, we propose S-ECN policy, which is an ECN marking policy leveraging the slope of queue length increasing. Transport protocols utilizing S-ECN policy can suppress the sharp queue length increment by over 50%, and reduce the 99th percentile of query completion time by 20%.",firecrawl | previous_seed,n06,2,"Embed a timestamp and switch output-queue length in each packet, then analyze per-packet queue-length evolution and its slope to characterize microbursts and aggregation at a bottleneck.","Fine-grained queue samples expose rapid queue growth that coarse switch monitoring can miss. Queue-growth patterns reflect aggregated traffic behavior; the paper reports that their slopes vary with fan-in and background-flow scenarios, helping distinguish queue buildup and possible upstream hidden-buffer effects from other causes.","At a robot-side or server-side transport event, correlate request timing or packet identity with per-packet switch queue samples. This could show whether a slow request coincided with bottleneck queue growth, including growth intensified by background traffic or an upstream hidden buffer. The context does not establish direct per-request attribution.","In a controlled remote-inference test, retain packet timestamps and queue lengths at a candidate bottleneck while varying fan-in concurrency and adding background traffic. Compare queue-slope patterns for tail requests against request latency and separately measured server queueing, GPU compute, and action-application time.","whenever a packet is passing through the switch, we let it carry the timestamp and current queue length in its payload.","Selected PDF text, paragraph beginning “cause the queue length changes every a few microseconds.”",S-ECN suppresses sharp queue-length increment by over 50% and reduces 99th-percentile query completion time by 20%.,UNKNOWN,"The paper measures data-center switch queues and proposes a congestion-control policy, not remote robot inference. It does not establish request-level attribution or show that queue telemetry alone can separate network delay from server-side queueing, GPU compute, or action application. No sketch or compact sufficient-summary mechanism is described."
arxiv:1605.04966,Performance Characterization of a Commercial Video Streaming Service,https://arxiv.org/abs/1605.04966,"Despite the growing popularity of video streaming over the Internet, problems such as re-buffering and high startup latency continue to plague users. In this paper, we present an end-to-end characterization of Yahoo's video streaming service, analyzing over 500 million video chunks downloaded over a two-week period. We gain unique visibility into the causes of performance degradation by instrumenting both the CDN server and the client player at the chunk level, while also collecting frequent snapshots of TCP variables from the server network stack. We uncover a range of performance issues, including an asynchronous disk-read timer and cache misses at the server, high latency and latency variability in the network, and buffering delays and dropped frames at the client. Looking across chunks in the same session, or destined to the same IP prefix, we see how some performance problems are relatively persistent, depending on the video's popularity, the distance between the client and server, and the client's operating system, browser, and Flash runtime.",firecrawl,n14,2,"Join client- and CDN-side measurements per video chunk, decompose first-byte delay into network, server, backend, and client-stack components, and sample the server TCP connection’s RTT, RTT variability, retransmissions, and congestion window every 500 ms. Aggregate RTT samples by session and client prefix to distinguish transient from persistent high-latency paths.",The joined measurements prevent client-observed delay from being automatically attributed to the network: server-side service timing and TCP-stack signals help separate network behavior from CDN and client download-stack delay. Repeated measurements across chunks and prefixes reveal whether a high RTT is persistent rather than a one-off spike.,"Attach request or inference identity and timestamps to robot-side and server-side transport events; collect available TCP RTT, variation, retransmission, and congestion-window signals alongside server queue and compute timings. Aggregate comparable requests by robot or path to identify persistent network tails without conflating them with server queueing or inference execution.","On a fixed set of remote inference requests, compare existing end-to-end latency monitoring with per-request joined client/server timing and periodic transport-state snapshots. Blindly classify injected network delay, server queueing, and client-side buffering, then compare tail attribution accuracy and localization; also test whether grouping repeated requests by robot/path distinguishes persistent from transient network tails.","To isolate network performance from end-host performance, we measure the end-to-end network path at the CDN host kernel’s TCP stack.","Selected PDF text, instrumentation and TCP measurement discussion following the end-to-end latency decomposition.",UNKNOWN,UNKNOWN,"The context supports the diagnostic operation and its network-versus-end-host rationale, but does not report a controlled diagnostic-accuracy comparison. Transfer to Root depends on access to corresponding transport signals and reliable request identity across robot and server measurements."
arxiv:1605.07334,Near-optimal Bayesian Active Learning with Correlated and Noisy Tests,https://arxiv.org/abs/1605.07334,"We consider the Bayesian active learning and experimental design problem, where the goal is to learn the value of some unknown target variable through a sequence of informative, noisy tests. In contrast to prior work, we focus on the challenging, yet practically relevant setting where test outcomes can be conditionally dependent given the hidden target variable. Under such assumptions, common heuristics, such as greedily performing tests that maximize the reduction in uncertainty of the target, often perform poorly. In this paper, we propose ECED, a novel, computationally efficient active learning algorithm, and prove strong theoretical guarantees that hold with correlated, noisy tests. Rather than directly optimizing the prediction error, at each step, ECED picks the test that maximizes the gain in a surrogate objective, which takes into account the dependencies between tests. Our analysis relies on an information-theoretic auxiliary function to track the progress of ECED, and utilizes adaptive submodularity to attain the near-optimal bound. We demonstrate strong empirical performance of ECED on two problem instances, including a Bayesian experimental design task intended to distinguish among economic theories of how people make risky decisions, and an active preference learning task via pairwise comparisons.",related:similar,n10,3,"Dependency-aware adaptive test selection: after each noisy test, ECED selects the next test by maximizing a surrogate objective that accounts for dependencies among test outcomes.","When candidate measurements are correlated given the hidden cause, treating them as independent can waste tests on redundant evidence. Selecting with those dependencies in view can yield more diagnostic information per measurement and help distinguish causes with fewer tests.","Attach to Root's choice of follow-up measurements for a regressed request. Candidate tests could include robot/server transport timestamps, packet or ACK/loss evidence, queue and NIC signals, and compute timings. Their outcome dependencies would need to be modeled; this could help select a compact set of measurements to distinguish network delay from queueing, GPU compute, or action application.","On controlled requests with injected network and non-network regressions, compare ECED-selected diagnostic measurements with greedy uncertainty-reduction and random selection under equal measurement budgets. Measure cause-identification accuracy and tests needed to identify the cause, using held-out requests and a fixed candidate-test set.","at each step, ECED picks the test that maximizes the gain in a surrogate objective, which takes into account the dependencies between tests.",Supplied abstract,UNKNOWN,UNKNOWN,"The abstract supports dependency-aware adaptive test selection and reports empirical evaluation on two other tasks, but provides no details here about the surrogate, measured gains, or applicability to network-tail diagnosis. Root would need suitable candidate tests and a model of their conditional dependencies."
arxiv:1606.01530,Adaptive Submodular Ranking and Routing,https://arxiv.org/abs/1606.01530,"We study a general stochastic ranking problem where an algorithm needs to adaptively select a sequence of elements so as to ""cover"" a random scenario (drawn from a known distribution) at minimum expected cost. The coverage of each scenario is captured by an individual submodular function, where the scenario is said to be covered when its function value goes above a given threshold. We obtain a logarithmic factor approximation algorithm for this adaptive ranking problem, which is the best possible (unless P=NP). This problem unifies and generalizes many previously studied problems with applications in search ranking and active learning. The approximation ratio of our algorithm either matches or improves the best result known in each of these special cases. Furthermore, we extend our results to an adaptive vehicle routing problem, where costs are determined by an underlying metric. This routing problem is a significant generalization of the previously-studied adaptive traveling salesman and traveling repairman problems. Our approximation ratio nearly matches the best bound known for these special cases. Finally, we present experimental results for some applications of adaptive ranking.",related:similar,n10,3,"Adaptive scenario-aware probe selection: after each probe outcome, update the compatible scenarios and select the next probe using a score combining expected progress toward coverage with information gain about the realized scenario.","Probe outcomes eliminate incompatible causes, so subsequent measurements can be chosen to distinguish the remaining candidates while also advancing a stopping objective. This is more than logging or thresholding: it provides a principled way to select measurements adaptively when probes have different costs and diagnostic value. The paper describes the selection rule and applies it to optimal decision trees, making a controlled Root test plausible, though not establishing network-specific performance.","At a request or inference-stage boundary, record probe identity, outcome, and cost against a request ID. Represent candidate causes—such as transport delay, server queueing, GPU compute, or action application—as scenarios with predicted outcomes for available probes. Root could use the observed outcomes to select the next measurement and obtain a diagnosis with fewer or lower-cost probes. The paper does not supply a network-specific scenario model.","On controlled remote-inference requests, inject known causes spanning transport delay, server queueing, GPU compute, and action application. Compare the paper-style adaptive selection rule with a fixed probe sequence under the same probe budget and costs. Measure cause-identification accuracy and number/cost of probes, and verify that network delay is distinguished from non-network stages.","Our algorithm for ASR involves repeatedly selecting an element that maximizes a combination of (i) the expected increase in function value relative to the target of one, and (ii) a measure of gain in identifying the realized scenario.","Selected PDF text, “Outline of key techniques.”",UNKNOWN,UNKNOWN,"The operation and its scenario-identification purpose are explicit, and the paper reports experiments on optimal decision trees. It does not show that its probes are network measurements, validate a network-cause model, or report gains in a Root setting."
arxiv:1607.02641,Randomised Relevance Model,https://arxiv.org/abs/1607.02641,"Relevance Models are well-known retrieval models and capable of producing competitive results. However, because they use query expansion they can be very slow. We address this slowness by incorporating two variants of locality sensitive hashing (LSH) into the query expansion process. Results on two document collections suggest that we can obtain large reductions in the amount of work, with a small reduction in effectiveness. Our approach is shown to be additive when pruning query terms.",firecrawl,n12,3,"Index historical request signatures with locality-sensitive hashing, then use multi-probe lookup to retrieve signatures in nearby buckets as candidates for comparison. The operation is approximate similar-request retrieval, not network-tail detection by itself.","Hashing avoids an exhaustive search through the history; probing nearby buckets can recover similar candidates missed by the exact query bucket, while trading probe count against retrieval work. For Root, comparing a regressed request with retrieved healthy counterparts could expose which transport or runtime events differ, provided the indexed signatures preserve those events.","Attach at historical trace lookup: build signatures from request identity and available robot/server timestamps, transport events, and queue or compute spans; retrieve comparable healthy requests before doing a full history scan. This could reduce baseline-search work and supply concrete comparison traces, but the paper does not show how to construct useful robot-inference signatures or distinguish network delay from other delay sources.","Create a fixed corpus of healthy Root traces and held-out requests, then inject network-tail delays into a controlled subset. Compare multi-probe LSH retrieval with exhaustive nearest-neighbor search using the same trace signatures. Measure lookup work and latency, whether retrieved healthy traces are comparable, and whether those comparisons localize the injected network delay separately from queueing, GPU compute, and action application. Treat all Root outcomes as experimental, not as gains established by this paper.",The probing sequence is directed by the shortest hamming distance between the hash-code of the query and hash-codes corresponding with adjacent bucket.,"Selected PDF text, Section 3, “Multi Probe Randomised Relevance Model”","MP-RRM reduces complexity by 37.5% on TDT1 and 42.24% on TREC-ROBUST versus RRM; these are paper-reported retrieval results, not Root gains.",Standard Relevance Model (RM); MP-RRM is also compared with RRM.,"The paper supports faster approximate retrieval of similar objects, but does not evaluate historical robot-request traces, define a signature that preserves diagnostic information, or demonstrate network-tail localization. Root gains and diagnostic accuracy are unknown."
arxiv:1609.09314,A New Queue Discipline for Reducing Bufferbloat Effects in HetNet Concurrent Multipath Transfer,https://arxiv.org/abs/1609.09314,"Heterogeneous wireless networks have evolved to reach application requirements for low latency and high throughput on Internet access. Recent studies have improved network performance employing the Multipath TCP, which aggregates flows from heterogeneous wireless interfaces in a single connection. Although existing proposals are powerful, coupled congestion control algorithms are currently limited because of the high variation in path delays, bandwidth and loss rate, typical from heterogeneous wireless networks, even more over concurrent multipath transmissions. These transmissions experience bufferbloat, i.e., high delays caused by long queues. Hence, to cope with the current limitations, this work presents CoDel-LIFO, a new active queue management (AQM) discipline to reduce the dropped packet ratio in the Multipath TCP congestion control mechanism. Differently from other approaches, CoDel-LIFO gives priority to the most recent packets, being then promising. This paper provides a detailed simulation analysis over congestion control algorithms by comparing CoDel-LIFO to CoDel and DropTail disciplines. Results indicate that CoDel-LIFO reduces queue drops, diminishing the impact on congestion control; improving substantially the goodput; and keeping RTT low.",firecrawl,n06,3,"Measure packet sojourn time from enqueue and dequeue timestamps, then use persistent delay above a configured target to identify queue buildup. The transferable diagnostic operation is per-packet queue-residence measurement with a persistence rule—not CoDel-LIFO’s LIFO forwarding or forgiveness policy.","Queue residence time measures delay at the queue itself, rather than inferring its source from end-to-end latency. At an instrumented bottleneck, elevated residence time aligned with a request’s packets would expose network queueing as a contributor to a tail event, separately from server queueing, GPU compute, or action application. The paper describes the signal and congestion rule, though it uses them for queue control rather than request-tail diagnosis.","Instrument enqueue and dequeue timestamps at a robot-path gateway or other accessible bottleneck, and correlate packet identity or transport-flow timestamps with Root request identity and end-to-end timing. This would add a direct measurement of delay at that queue; Root's ability to instrument such a point is unknown.","In a controlled Root test, add a bottleneck queue and record per-packet enqueue/dequeue times alongside request identity, transport timing, server queueing, GPU, and action-application timings. Compare queue residence during tail and non-tail requests, and test whether persistent above-target residence identifies queue-driven tails when the other timings do not. Do not treat the paper's simulation results as a Root gain.",CoDel uses the packet sojourn time on queue as a metric to predict a congestion and control the queue size.,"Selected PDF text, Section III, “Path Delay Management with CoDel.”","Average goodput is reported as at least 20% higher with CoDel-LIFO than with CoDel; RTT is reported to remain low. Simulation results, not Root results.",CoDel; the evaluation also compares against DropTail.,"The text supports queue-residence measurement as a congestion signal, but does not evaluate it as a retained diagnostic trace or correlate it with inference requests. Whether Root can instrument and correlate an on-path queue is unknown."
arxiv:1611.01529,Dapper: Data Plane Performance Diagnosis of TCP,https://arxiv.org/abs/1611.01529,"With more applications moving to the cloud, cloud providers need to diagnose performance problems in a timely manner. Offline processing of logs is slow and inefficient, and instrumenting the end-host network stack would violate the tenants' rights to manage their own virtual machines (VMs). Instead, our Dapper system analyzes TCP performance in real time near the end-hosts (e.g., at the hypervisor, NIC, or top-of-rack switch). Dapper determines whether a connection is limited by the sender (e.g., a slow server competing for shared resources), the network (e.g., congestion), or the receiver (e.g., small receive buffer). Emerging edge devices now offer flexible packet processing at high speed on commodity hardware, making it possible to monitor TCP performance in the data plane, at line rate. We use P4 to prototype Dapper and evaluate our design on real and synthetic traffic. To reduce the data-plane state requirements, we perform lightweight detection for all connections, followed by heavier-weight diagnosis just for the troubled connections.",firecrawl | related:similar,n07 | n11 | n14,2,"At the network edge, Dapper tracks TCP flow state from packet headers, sequence numbers, ACKs, and timestamps. It first collects lightweight metrics for every connection and uses flow rate as a badness signal; troubled connections receive heavier diagnosis. For those flows, it infers loss and retransmission type, passive RTT, flight size and congestion-window behavior, receive-window limits, and sender reaction time, then uses these signals to classify sender-, network-, or receiver-limited performance.","Observing both directions of a flow near the sender allows Dapper to relate data packets to ACKs and infer transport state without modifying the tenant’s host stack. Its cross-layer heuristics help separate sender delay from network loss or path latency and receiver constraints. The lightweight-first, heavy-diagnosis-second design focuses per-flow state on connections flagged as troubled.","Attach packet timestamps and request/flow identity at the robot-side or server-side transport boundary, or at an accessible network edge. Compare send-to-ACK RTT, retransmissions, and flight/window behavior for slow versus healthy requests. This could reveal transport loss or elevated path latency and help distinguish those from sender-side delay; it does not directly measure remote inference queues or GPU execution.","Replay matched healthy and slow remote-inference requests while collecting edge packet/ACK timestamps and flow state. Use a lightweight per-flow rate trigger to retain heavier transport metrics only for flagged requests. Inject network loss or latency separately from server queueing and GPU delay, then test whether the retained signals classify network-limited tails and distinguish them from non-network causes. Measure classification accuracy and monitoring state/CPU overhead against always-on detailed collection.","To reduce the data-plane state requirements, we perform lightweight detection for all connections, followed by heavier-weight diagnosis just for the troubled connections.","Abstract; selected PDF text, Introduction and Section 5 discussion of two-phase monitoring.","Average diagnosis accuracy of 94% in controlled tests with known sender-, receiver-, and network-limited problems.",Ground-truth diagnoses in the controlled tests; no comparative system baseline reported in the supplied text.,"The supplied text describes rate-based lightweight detection and a two-phase design, but does not provide the exact trigger rule or measured state savings for the two-phase prototype. Dapper diagnoses TCP bottlenecks, not request-level inference latency, and its RTT signal alone does not establish that delay came from queue buildup."
arxiv:1611.03355,"Testing, Verification and Improvements of Timeliness in ROS processes",https://arxiv.org/abs/1611.03355,"This paper addresses the problem of improving response times of robots implemented in the Robotic Operating System (ROS) using formal verification of computational-time feasibility. In order to verify the real time behaviour of a robot under uncertain signal processing times, methods of formal verification of timeliness properties are proposed for data flows in a ROS-based control system using Probabilistic Timed Programs (PTPs). To calculate the probability of success under certain time limits, and to demonstrate the strength of our approach, a case study is implemented for a robotic agent in terms of operational times verification using the PRISM model checker, which points to possible enhancements to the operation of the robotic agent.",firecrawl,n13,3,"Instrument service lifecycle events at the requester and provider, then estimate separate distributions for request communication, service execution, and answer communication times. This stage decomposition can distinguish communication-side delay from provider execution time; the paper also uses the distributions in probabilistic deadline analysis.","A slow end-to-end request alone does not identify which stage is responsible. Separately measuring communication intervals and service execution gives Root a way to test whether a tail grows in the communication portion or in server execution, rather than attributing the whole regression to inference. The communication intervals include middleware and scheduling effects, so they are not a pure measurement of network delay or its cause.","For each inference request, retain its identity and record robot-side send and response-receive timestamps plus server-side request-arrival and execution start/end timestamps. Compare the resulting communication and execution distributions with healthy requests. Validate clock alignment for cross-host intervals; same-host round-trip timing and server execution timing can also provide a communication-versus-compute comparison without assuming synchronized clocks.","Run a robot-to-cloud inference loop with matched request identities and stage timestamps. Hold inference load constant while separately injecting network delay or loss and server-side queueing or compute delay. Test whether the communication and execution distributions identify which stage's tail changed, and compare localization against an independently instrumented transport baseline. Treat clock alignment and middleware/scheduling contributions as explicit measurement controls.",Probability distribution of the request communication times,"Selected PDF text, §4.2, “Estimation of operations”; §4.1 describes the requester- and provider-side service timestamps.",The case study reports deadline-success probability increasing from 0.91 to 0.9724 after changing image processing to begin on the first image; this is not a Root or network-diagnostic gain.,The case-study baseline waits for two images before processing; no network-diagnostic baseline is reported.,"The paper does not establish cross-host clock synchronization or show that its communication intervals isolate network delay from ROS middleware and scheduling. It estimates timing distributions and supports stage-level separation, but does not diagnose specific network causes such as loss, retransmission, or queueing."
arxiv:1612.02862,Dynamic Network Probes: A Stepping Stone to Omni Network Visibility,https://arxiv.org/abs/1612.02862,"Effective SDN control relies on the network data collecting capability as well as the quality and timeliness of the data. As open programmable data plane is becoming a reality, we further enhance it with the support of runtime interactive programming in order to cope with application dynamics, optimize data plane resource allocation, and reduce control-plane processing pressure. Based on the latest technologies, we propose the Dynamic Network Probes (DNP) as a means to support real-time and on-demand network visibility. DNPs serve as an important building block of an integrated networking data analytics platform which involves the network data plane as an active component for in-network computing. In this paper, we show the types of DNPs and their role in the big picture. We have implemented an NP-based hardware prototype to demonstrate the feasibility and efficiency of DNPs. We lay out the research challenges and our future work to realize the omni network visibility based on DNPs.",firecrawl,n02,3,Dynamically install passive data-plane probes at selected queues and flows; use queue-depth watermark events and flow counters or timestamps to report network state on demand or when a condition fires.,A request tail can be compared with queue-threshold crossings and competing-flow activity at a shared network resource. This exposes evidence of shared-resource contention that request timing alone cannot provide; it does not independently prove which off-path flow caused the delay.,"At an accessible transport-path switch, correlate Root request identity and timestamps with queue watermark reports and counters for other flows sharing the queue. This adds data-plane evidence about network contention, distinct from server queueing, GPU compute, or action application.","Run identified inference requests with and without controlled competing flows on a shared queue. Dynamically enable queue-depth watermark and per-flow probes, then compare probe reports with request-tail intervals and a no-contention run. Check whether network queue events distinguish injected contention from server-side queueing or compute delay.","Every time when an enqueue or a dequeue event happens, the queue depth is compared with the marks and a report packet is generated when a mark is crossed.","Selected PDF text, Section 5, “Dynamic Network Probes,” register/queue-monitoring example",DNP deployment latency is reported as reduced by 40 times versus static programming for the prototype; no Root gain is reported.,"Static programming requiring source editing, recompilation, and configuration download.","The paper supports queue and flow observation, including dynamic event reports, but does not demonstrate attributing an inference request's tail to a particular off-path flow. Transfer also depends on access to programmable data-plane devices."
arxiv:1701.03100,Deconstructing the Tail at Scale Effect Across Network Protocols,https://arxiv.org/abs/1701.03100,"Network latencies have become increasingly important for the performance of web servers and cloud computing platforms. Identifying network-related tail latencies and reasoning about their potential causes is especially important to gauge application run-time in online data-intensive applications, where the 99th percentile latency of individual operations can significantly affect the the overall latency of requests. This paper deconstructs the ""tail at scale"" effect across TCP-IP, UDP-IP, and RDMA network protocols. Prior scholarly works have analyzed tail latencies caused by extrinsic network parameters like network congestion and flow fairness. Contrary to existing literature, we identify surprising rare tails in TCP-IP round-trip measurements that are as enormous as 110x higher than the median latency. Our experimental design eliminates network congestion as a tail-inducing factor. Moreover, we observe similar extreme tails in UDP-IP packet exchanges, ruling out additional TCP-IP protocol operations as the root cause of tail latency. However, we are unable to reproduce similar tail latencies in RDMA packet exchanges, which leads us to conclude that the TCP/UDP protocol stack within the operating system kernel is likely the primary source of extreme latency tails.",firecrawl | previous_seed,n04 | n16,3,"Controlled protocol-path differential diagnosis: measure many request/response RTTs on an isolated link over TCP, UDP, and RDMA; similar TCP/UDP tails but much smaller RDMA tails implicate the conventional OS networking path, by elimination.","Isolation reduces the likelihood that switch congestion, scheduling, or load balancing caused the tails; UDP tests whether TCP-specific operations explain them; RDMA provides a contrasting path that bypasses the OS. The resulting comparison supports broad attribution to OS networking, not localization to a particular kernel component. Repeated RTT sampling also exposes rare tail events.","At a robot-to-server inference request boundary, retain request identity and client RTT timestamps, plus server-side receive/response and queue/compute timings. Under matched payload and load, compare tail distributions across available transport or OS-networking configurations. This can flag whether a tail follows the conventional networking path while the server/GPU stages remain stable; RTT alone cannot separate outbound from return-path delay.","Issue many matched remote-inference requests under controlled load and record client RTT and server-side queue, inference, and response timestamps. Compare tail behavior across transport or OS-networking configurations while holding payload, offered load, and server/GPU work constant. Check whether tails persist across TCP/UDP but change on an OS-bypassing path, and whether server/GPU timings remain stable.","As RDMA style communication completely bypasses the operating system, the RDMA experiments allow us to distinguish latency tails in TCP and UDP that are likely attributable to software.","Selected PDF text, §4.3 RDMA","TCP tails reported up to 11 ms, UDP tails up to 2.5 ms, and RDMA read worst-case RTT of 150 µs. These are paper observations, not a Root-measured gain.",TCP-IP and UDP-IP socket-based RTT measurements compared with RDMA read/write RTT measurements on an isolated two-machine network.,"Attribution is by controlled comparison, not per-request causal localization. RTT combines both network traversals and endpoint effects; the paper does not isolate individual OS-stack components or separate network delay from server processing within each RTT. Root would need server-side timing to distinguish network delay from queueing, GPU compute, and action application."
arxiv:1703.00064,Ending the Anomaly: Achieving Low Latency and Airtime Fairness in WiFi,https://arxiv.org/abs/1703.00064,"With more devices connected, delays and jitter at the WiFi hop become more prevalent, and correct functioning during network congestion becomes more important. However, two important performance issues prevent modern WiFi from reaching its potential: Increased latency under load caused by excessive queueing (i.e. bufferbloat) and the 802.11 performance anomaly. To remedy these issues, we present a novel two-part solution: We design a new queueing scheme that eliminates bufferbloat in the wireless setting. Leveraging this queueing scheme, we then design an airtime fairness scheduler that operates at the access point and doesn't require any changes to clients. We evaluate our solution using both a theoretical model and experiments in a testbed environment, formulating a suitable analytical model in the process. We show that our solution achieves an order of magnitude reduction in latency under load, large improvements in multi-station throughput, and nearly perfect airtime fairness for both TCP and downstream UDP traffic. Further experiments with application traffic confirm that the solution provides significant performance gains for real-world traffic.We develop a production quality implementation of our solution in the Linux kernel, the platform powering most access points outside of the managed enterprise setting. The implementation has been accepted into the mainline kernel distribution, making it available for deployment on billions of devices running Linux today.",firecrawl | related:similar,n06,2,"The method moves flow-aware FQ-CoDel queue management into the lower WiFi MAC/driver layers, maintaining per-TID queues and applying per-queue CoDel; it then schedules stations by airtime deficit. Comparing latency with this integrated queue structure against upper-layer queue management alone provides an intervention for testing whether unmanaged lower-layer WiFi queues drive the tail.","Upper-layer queue management cannot control packets already queued in lower WiFi stack layers. Collapsing queue management across those layers limits that unmanaged buildup; airtime scheduling also prevents slow stations from monopolizing the shared medium. A latency reduction under the integrated-queue intervention supports queue buildup at the WiFi hop as a contributor, though it does not by itself distinguish queueing from every other possible network delay.","Attach at the robot-side or access-point WiFi transmit path: correlate request latency with queue residence or queue depth across qdisc, MAC, and driver layers, and compare against an integrated-queue intervention. This would help localize WiFi queueing rather than attribute delay to server compute or action application; the paper does not provide request-level causal reconstruction.","Under repeatable robot-inference traffic and competing WiFi load, compare default FIFO, upper-layer FQ-CoDel, and integrated FQ-MAC queueing. Record request-correlated WiFi queue residence and end-to-end latency distributions, while separately measuring server/GPU time. Test whether the integrated queue intervention selectively reduces network-side tail latency.",The reason for the limited effect of prior solutions is queueing in the lower layers of the wireless network stack.,"Selected PDF text, Section 2.1, “Bufferbloat in the context of WiFi.”","Order-of-magnitude reduction in latency under load, as reported in the abstract and evaluation summary; this is the paper’s result, not a Root gain.",Default FIFO queueing in the unmodified kernel; the experiments also compare upper-layer FQ-CoDel.,"The work mitigates WiFi queueing rather than providing a request-level diagnostic. Its intervention can support a queueing-cause test, but the context does not show direct instrumentation that separates queue residence from other WiFi-hop delays."
arxiv:1710.00590,Latency and Reliability-Aware Task Offloading and Resource Allocation for Mobile Edge Computing,https://arxiv.org/abs/1710.00590,"While mobile edge computing (MEC) alleviates the computation and power limitations of mobile devices, additional latency is incurred when offloading tasks to remote MEC servers. In this work, the power-delay tradeoff in the context of task offloading is studied in a multi-user MEC scenario. In contrast with current system designs relying on average metrics (e.g., the average queue length and average latency), a novel network design is proposed in which latency and reliability constraints are taken into account. This is done by imposing a probabilistic constraint on users' task queue lengths and invoking results from extreme value theory to characterize the occurrence of low-probability events in terms of queue length (or queuing delay) violation. The problem is formulated as a computation and transmit power minimization subject to latency and reliability constraints, and solved using tools from Lyapunov stochastic optimization. Simulation results demonstrate the effectiveness of the proposed approach, while examining the power-delay tradeoff and required computational resources for various computation intensities.",firecrawl,n06,3,"Fit a generalized Pareto distribution to queue-length excesses above a high threshold, then use the fitted tail to estimate rare queue-length or queue-delay violations. This is a queue-specific tail detector, not a method for assigning all end-to-end delay to its cause.","Queue length is a direct signal of buildup at the queue being measured, and modeling conditional excesses focuses on rare events that averages can hide. For Root, request-correlated tail estimates from robot-side and server-side queues could reveal whether queue buildup accompanies a regression; comparing them with transport and compute timings would help distinguish queueing from other sources. The paper does not itself perform that cross-layer attribution.","Attach request identity and timestamps to observable robot-side and inference-server queue enqueue/dequeue events; retain queue depth and residence-time samples. Fit the exceedance tail separately for each queue and compare its violations with transport, GPU, and action-application timing.","In a controlled Root workload, first vary queue load while holding network and compute conditions fixed, then introduce network impairment while holding queue load fixed. Record per-request queue depth and residence time at each observable queue, plus transport, compute, and end-to-end timings. Test whether queue-specific exceedance tails rise under queue loading and remain low under network-only impairment.","Once convergence is achieved, we can estimate the statistics of the extreme queue length/queuing delay which enables us to proactively deal with the occurrence of extreme events.","Selected PDF text, Section V, Numerical Results, discussion of Figures 6–7.",UNKNOWN,"Average queue length and average latency metrics, described as insufficient for low-latency reliability constraints.","The paper demonstrates queue-tail estimation, including a GPD fit to queue exceedances, but does not test diagnosis against transport, computation, or action-application delays. Root transfer and the proposed controlled experiment are not evaluated in the paper."
arxiv:1711.00339,On Spectral Analysis of the Internet Delay Space and Detecting Anomalous Routing Paths,https://arxiv.org/abs/1711.00339,"Latency is one of the most critical performance metrics for a wide range of applications. Therefore, it is important to understand the underlying mechanisms that give rise to the observed latency values and diagnose the ones that are unexpectedly high. In this paper, we study the Internet delay space via robust principal component analysis (RPCA). Using RPCA, we show that the delay space, i.e. the matrix of measured round trip times between end hosts, can be decomposed into two components - the expected latency between end hosts with respect to the current state of the Internet and the inflation on the paths between the end hosts. Using this decomposition, first we study the well-known low-dimensionality phenomena of the delay space and ask what properties of the end hosts define the dimensions. Second, using the decomposition, we develop a filtering method to detect the paths which experience unexpected latencies and identify routing anomalies. We show that our filter successfully identifies an anomalous route even when its observed latency is not obviously high in magnitude.",firecrawl,n03,3,"Apply robust PCA to a matrix of RTTs between endpoint pairs, separating low-rank expected latency from sparse path inflation, then rank candidate anomalies by inflation relative to expected latency. This provides differential path diagnosis against the structure of comparable paths rather than relying on an absolute RTT threshold.",A path can be anomalous relative to comparable endpoint pairs even when its RTT is not unusually large in absolute terms. The method uses the matrix’s shared latency structure as its comparison baseline and identifies paths whose residual inflation is substantial. The paper also reports detecting anomalies when all paths in a region are inflated and with missing measurements.,"Attach RTT samples to source and destination identities, such as robot/server or network-region pairs, and retain enough comparable pairs to form a latency matrix. The decomposition could provide Root with a path-level anomaly signal beyond per-request timing comparisons. It flags candidate paths, but does not attribute an individual inference’s total delay to networking versus server queueing, GPU compute, or action application.","In a controlled Root test, collect RTT matrices across comparable robot/server endpoint pairs under healthy conditions and during injected route detours or path-delay inflation. Test whether RPCA and the inflation-to-expected-latency filter identify affected pairs, including cases where absolute RTT is not an outlier. Compare with absolute-RTT thresholding and correlate candidate paths with traceroute or transport evidence; record queueing, inference, and action-application times separately. Treat these as candidate diagnostics, not measured Root gains.",We show that our filter successfully identifies an anomalous route even when its observed latency is not obviously high in magnitude.,"Selected PDF text, Abstract; also section “Detecting Inflated Paths via Ratio Filtering” and Case 3.",UNKNOWN,UNKNOWN,"The method operates on RTT matrices between end hosts, not individual robot requests or packet traces. Root needs sufficiently comparable endpoint measurements to form a useful baseline. It identifies anomalous paths for investigation rather than independently localizing the responsible hop or separating network delay from server-side delay. The supplied evidence does not establish a Root-relevant gain."
arxiv:1711.02305,Sketching Linear Classifiers over Data Streams,https://arxiv.org/abs/1711.02305,"We introduce a new sub-linear space sketch---the Weight-Median Sketch---for learning compressed linear classifiers over data streams while supporting the efficient recovery of large-magnitude weights in the model. This enables memory-limited execution of several statistical analyses over streams, including online feature selection, streaming data explanation, relative deltoid detection, and streaming estimation of pointwise mutual information. Unlike related sketches that capture the most frequently-occurring features (or items) in a data stream, the Weight-Median Sketch captures the features that are most discriminative of one stream (or class) compared to another. The Weight-Median Sketch adopts the core data structure used in the Count-Sketch, but, instead of sketching counts, it captures sketched gradient updates to the model parameters. We provide a theoretical analysis that establishes recovery guarantees for batch and online learning, and demonstrate empirical improvements in memory-accuracy trade-offs over alternative memory-budgeted methods, including count-based sketches and feature hashing.",firecrawl,n09,3,"Train a compact linear classifier over labeled tail and healthy request-feature streams by sketching its gradient updates, then recover the largest-magnitude discriminative feature weights. The active-set variant stores high-weight features exactly and updates their sketch contribution lazily, reducing collision error.","Unlike frequency summaries, classifier weights favor features that distinguish the two labeled groups—even when those features are not frequent overall. The recovered features can therefore reveal candidate correlates of tail requests under a fixed memory budget. This is a diagnostic lead, not causal attribution.","At request completion, join a request identity and latency outcome to available features such as transport events, packet/ACK/loss summaries, queue or NIC signals, server queue time, GPU time, and action-application time. Label tail versus healthy requests and maintain the sketch over that stream; recovered weights identify which recorded features distinguish the groups. Root would gain a compact retained summary instead of keeping every high-dimensional feature record, but must still collect the features and cannot infer network causality from weights alone.","Replay the same labeled Root request-feature stream into the Weight-Median/active-set sketch and an uncompressed classifier, with memory-matched frequency sketches as controls. Vary memory budgets and compare top-feature recovery and tail-versus-healthy classification; check whether transport features remain identifiable and whether they are distinguishable from server, GPU, and action-application features.",the Weight-Median Sketch captures the features that are most discriminative of one stream (or class) compared to another.,"Abstract; also selected PDF text, opening paragraph.","Over 4x recall versus the paired Count-Min baseline at the same memory budget for relative-deltoid detection; this is the paper's result, not a Root-measured gain.",Paired Count-Min at the same memory budget and at 8x the memory budget; the relative-deltoid evaluation also compared against memory-unconstrained logistic regression.,"The paper demonstrates feature discrimination and recovery, including relative differences between concurrent network traffic streams, not diagnosis of remote-robot inference latency tails. Root transfer depends on having request-linked features and latency labels; recovered associations do not establish causes or separate network delay from compute and other stages."
arxiv:1801.05055,Toward Metric Indexes for Incremental Insertion and Querying,https://arxiv.org/abs/1801.05055,"In this work we explore the use of metric index structures, which accelerate nearest neighbor queries, in the scenario where we need to interleave insertions and queries during deployment. This use-case is inspired by a real-life need in malware analysis triage, and is surprisingly understudied. Existing literature tends to either focus on only final query efficiency, often does not support incremental insertion, or does not support arbitrary distance metrics. We modify and improve three algorithms to support our scenario of incremental insertion and querying with arbitrary metrics, and evaluate them on multiple datasets and distance metrics while varying the value of k for the desired number of nearest neighbors. In doing so we determine that our improved Vantage-Point tree of Minimum-Variance performs best for this scenario.",firecrawl,n12,2,"Build an incrementally updated Vantage-Point tree whose splits minimize the weighted variance of distances to the vantage point, improving branch pruning during nearest-neighbor retrieval.","The tree uses distance bounds to prune branches that cannot contain a nearer neighbor, reducing distance computations compared with brute-force search. Root could index prior healthy inference requests by request or runtime features and retrieve comparable baselines without scanning the full history.","Attach the index to Root's healthy-request baseline lookup: represent requests with a consistent feature vector and distance metric, then incrementally add requests as they become available. This provides a faster way to find comparable historical requests; it does not itself identify network delay.","Replay a stream of Root request features and interleave baseline lookups with insertions. Compare indexed lookup against brute-force retrieval, measuring lookup latency, nearest-neighbor agreement, and insertion cost, including tail latency as the history grows.",we find the split that minimizes the weighted variance of each split,"Selected PDF text, VP-tree improvement discussion.",UNKNOWN,Brute-force search is identified as the baseline for maximum distance computations in the interleaved insertion/query evaluation.,"The paper evaluates metric-index performance on malware and other datasets, not Root request traces. It does not establish which Root features or distance metric would yield useful healthy-request matches."
arxiv:1803.09615,Homa: A Receiver-Driven Low-Latency Transport Protocol Using Network Priorities (Complete Version),https://arxiv.org/abs/1803.09615,"Homa is a new transport protocol for datacenter networks. It provides exceptionally low latency, especially for workloads with a high volume of very short messages, and it also supports large messages and high network utilization. Homa uses in-network priority queues to ensure low latency for short messages; priority allocation is managed dynamically by each receiver and integrated with a receiver-driven flow control mechanism. Homa also uses controlled overcommitment of receiver downlinks to ensure efficient bandwidth utilization at high load. Our implementation of Homa delivers 99th percentile round-trip times less than 15μs for short messages on a 10 Gbps network running at 80% load. These latencies are almost 100x lower than the best published measurements of an implementation. In simulations, Homa's latency is roughly equal to pFabric and significantly better than pHost, PIAS, and NDP for almost all message sizes and workloads. Homa can also sustain higher network loads than pFabric, pHost, or PIAS.",related:similar,n02,3,Packet-trace-based queue attribution: analyze detailed packet traces to associate tail latency with receiver-downlink queueing; instrument the simulator to decompose tail delay into causes such as link-level preemption lag.,"A request's packet timing can reveal delay at a shared link even when the competing traffic is not part of the request's own inference path. The paper uses this analysis to distinguish downlink queueing from other causes of transport delay, exposing a shared-resource explanation for tails. This transfers to n02's shared-resource diagnosis, though the evidence does not establish identification of a specific off-path culprit flow.","Correlate Root request IDs with robot- and server-side packet timestamps or captures, and attribute the network portion of request delay to observed shared-link queueing or preemption. Keep transport delay separate from server queueing, GPU compute, and action application. This could reveal a contended link without assuming access to Homa's private infrastructure.","Replay the same inference requests with controlled competing traffic on a candidate shared link, recording packet timestamps and queue or NIC telemetry where available. Compare packet-trace-based attribution against known injected contention and separately timestamp server queueing, GPU execution, and action application. Test whether the method localizes the affected shared link and distinguishes it from non-network delay.",By analyzing detailed packet traces we determined that Basic’s high latency is caused by queuing delays at the receiver’s downlink,"Selected PDF text, section 5 Evaluation, paragraph discussing Basic transport and Figure 8.","The paper reports 5–15x higher tail latency in Basic than Homa and attributes Basic's high latency to receiver-downlink queueing; this is a paper result, not a Root-measured gain.","Basic transport, which is receiver-driven but does not use priorities and has no limit on overcommitment.",The paper reports the diagnostic finding but does not detail a general trace-analysis algorithm or demonstrate attribution of an individual off-path culprit flow. Its receiver-downlink and datacenter assumptions may not match Root's topology.
arxiv:1804.09996,Link and code: Fast indexing with graphs and compact regression codes,https://arxiv.org/abs/1804.09996,"Similarity search approaches based on graph walks have recently attained outstanding speed-accuracy trade-offs, taking aside the memory requirements. In this paper, we revisit these approaches by considering, additionally, the memory constraint required to index billions of images on a single server. This leads us to propose a method based both on graph traversal and compact representations. We encode the indexed vectors using quantization and exploit the graph structure to refine the similarity estimation. In essence, our method takes the best of these two worlds: the search strategy is based on nested graphs, thereby providing high precision with a relatively small set of comparisons. At the same time it offers a significant memory compression. As a result, our approach outperforms the state of the art on operating points considering 64-128 bytes per vector, as demonstrated by our results on two billion-scale public benchmarks.",firecrawl,n12,3,"Use hierarchical graph traversal to find nearby indexed vectors with relatively few comparisons, and compact quantized codes with neighbor-based regression to refine candidate similarity estimates. For Root, this is a candidate mechanism for retrieving comparable healthy requests efficiently; it is not itself a network-tail detector.","The nested graph guides search toward promising neighbors without comparing every indexed item, while regression from connected neighbors improves estimates of candidate vectors. This provides a concrete approximate-retrieval operation for a Root experiment, though its effectiveness depends on choosing useful request representations and does not distinguish network delay from other latency sources.","Attach at Root's comparable-request retrieval stage: index representations of requests and query the index for similar healthy requests. The paper supplies the graph-based retrieval and code-refinement operation, but not request features or a method for attributing latency to the network.","On a fixed collection of request representations with known comparable healthy requests, compare L&C retrieval against Root's existing retrieval method at matched recall and memory budgets. Measure retrieval latency and whether the returned healthy comparables aid regression localization. Separately retain network, server-queue, GPU, and action-application timing so retrieval success is not mistaken for network attribution.","The search strategy is based on nested graphs, thereby providing high precision with a relatively small set of comparisons.","Abstract; also supported by Section 4, “Graph-based structure” and “Vector approximation.”","The paper reports outperforming the state of the art at 64–128 bytes per vector on two public billion-scale benchmarks; selected text also reports 2.5 times faster attainment of recall@1 of 50% on Deep1B. These are paper results, not Root measurements.",State-of-the-art methods on two public billion-scale benchmarks; the selected text identifies Faiss IMI as the experimental baseline.,"The paper establishes approximate-neighbor retrieval over image descriptors, not retrieval over inference requests. Root must validate request representations, comparable-request recall, and diagnostic usefulness; the method supplies no network-specific signal or causal attribution."
arxiv:1806.07344,Reducing Property Graph Queries to Relational Algebra for Incremental View Maintenance,https://arxiv.org/abs/1806.07344,"The property graph data model of modern graph database systems is increasingly adapted for storing and processing heterogeneous datasets like networks. Many challenging applications with near real-time requirements -- e.g. financial fraud detection, recommendation systems, and on-the-fly validation -- can be captured with graph queries, which are evaluated repeatedly. To ensure quick response time for a changing data set, these applications would benefit from applying incremental view maintenance (IVM) techniques, which can perform continuous evaluation of queries and calculate the changes in the result set upon updates. However, currently, no graph databases provide support for incremental views. While IVM problems have been studied extensively over relational databases, views on property graph queries require operators outside the scope of standard relational algebra. Hence, tackling this problem requires the integration of numerous existing IVM techniques and possibly further extensions. In this paper, we present an approach to perform IVM on property graphs, using a nested relational algebraic representation for property graphs and graph operations. Then we define a chain of transformations to reduce most property graph queries to flat relational algebra and use techniques from discrimination networks (used in rule-based expert systems) to evaluate them. We demonstrate the approach using our prototype tool, ingraph, which uses openCypher, an open graph query language specified as part of an industry initiative. However, several aspects of our approach can be generalised to other graph query languages such as G-CORE and PGQL.",firecrawl,n12,3,"Use compound, constraint-based indexes to narrow lookup candidates, and retain intermediate query results for reuse with incremental updates.","The indexer supports lookups using IDs and labels, and the paper states that adding constraints makes lookups cheaper. The Rete network also caches intermediate results and updates them when data changes. Applied to retained Root traces, these operations could speed retrieval of comparable healthy requests without rescanning the full corpus. This is a retrieval optimization, not a mechanism for identifying network delay by itself.","Attach the operation to Root’s retained trace store: index request identity and comparison metadata such as robot, model, and workload; use compound constraints to retrieve candidates, then compare timestamped transport events separately from server queueing, inference, and action application. The paper does not supply those network signals.","For the same held-out Root requests, compare scan-based retrieval with compound indexed retrieval for latency and retrieval quality. Separately measure lookup work when retained-trace metadata changes, comparing recomputation with cached intermediate results updated incrementally. Keep the candidate corpus and comparison criteria identical across methods.","In general, lookups are cheaper when more constraints are provided, e.g. it is cheaper to get the set of edges when both the edge type and the source/target labels are specified compared to when only the edge type is known.","Section 5.3, “Data representation and indexing”",UNKNOWN,UNKNOWN,"The paper establishes constraint-based indexing and incremental reuse for property-graph queries, but does not evaluate retrieval of comparable healthy requests or Root trace data. The Root experiment is a proposed transfer, not a reported result."
arxiv:1807.03837,Understanding Differences among Executions with Variational Traces,https://arxiv.org/abs/1807.03837,"One of the main challenges of debugging is to understand why the program fails for certain inputs but succeeds for others. This becomes especially difficult if the fault is caused by an interaction of multiple inputs. To debug such interaction faults, it is necessary to understand the individual effect of the input, how these inputs interact and how these interactions cause the fault. The differences between two execution traces can explain why one input behaves differently than the other. We propose to compare execution traces of all input options to derive explanations of the behavior of all options and interactions among them. To make the relevant information stand out, we represent them as variational traces that concisely represents control-flow and data-flow differences among multiple concrete traces. While variational traces can be obtained from brute-force execution of all relevant inputs, we use variational execution to scale the generation of variational traces to the exponential space of possible inputs. We further provide an Eclipse plugin Varviz that enables users to use variational traces for debugging and navigation. In a user study, we show that users of variational traces are more than twice as fast to finish debugging tasks than users of the standard Eclipse debugger. We further show that variational traces can be scaled to programs with many options.",firecrawl,n03,3,"Synchronous variational execution merges executions into a conditional trace, recording control-flow splits and data-state differences without aligning separate logs.","The shared execution context identifies where behavior splits, while choice values retain state differences across executions. This offers a concrete differential-diagnosis operation beyond ordinary per-request logging: a trace can highlight the earliest differing instrumented event between a tail request and a comparable healthy request.","Attach request identity and timestamps to robot-side and server-side transport events, plus queue, compute, and action-application events. Compare a tail request with a matched healthy request using a shared differential trace. Root would gain a compact view of where their instrumented behavior first differs; the paper itself supplies no transport signal or network-delay attribution.","For matched remote-inference requests, record timestamped transport, queue, compute, and action-application events, then build differential traces for tail and healthy pairs. Inject network delay separately from server queueing and compute delay. Test whether the earliest differing event correctly localizes the injected cause, and compare diagnosis accuracy and time with ordinary per-request traces.","As variational execution synchronizes the executions among configurations, there is no need to align the executions of the program. Instead, we directly generate the variational trace by recording how variational execution runs the program.","Selected PDF text, section “Generating Variational Traces.”","More than twice as fast to finish debugging tasks versus the standard Eclipse debugger, as reported in the abstract.",Standard Eclipse debugger for the user study.,"The paper compares program configurations, not tail and healthy requests, and does not model transport timing or distinguish network delay from queueing or compute. Root transfer depends on adding timestamped network and runtime events; the paper reports no Root-measured gain."
arxiv:1807.07024,Optimal design of experiments to identify latent behavioral types,https://arxiv.org/abs/1807.07024,"Bayesian optimal experiments that maximize the information gained from collected data are critical to efficiently identify behavioral models. We extend a seminal method for designing Bayesian optimal experiments by introducing two computational improvements that make the procedure tractable: (1) a search algorithm from artificial intelligence that efficiently explores the space of possible design parameters, and (2) a sampling procedure which evaluates each design parameter combination more efficiently. We apply our procedure to a game of imperfect information to evaluate and quantify the computational improvements. We then collect data across five different experimental designs to compare the ability of the optimal experimental design to discriminate among competing behavioral models against the experimental designs chosen by a ""wisdom of experts"" prediction experiment. We find that data from the experiment suggested by the optimal design approach requires significantly less data to distinguish behavioral models (i.e., test hypotheses) than data from the experiment suggested by experts. Substantively, we find that reinforcement learning best explains human decision-making in the imperfect information game and that behavior is not adequately described by the Bayesian Nash equilibrium. Our procedure is general and computationally efficient and can be applied to dynamically optimize online experiments.",firecrawl,n10,2,Select experimental settings that maximize KL divergence between candidate models’ predicted outcome distributions; use parameter-sampled likely datasets to estimate information value and Gaussian Process Upper Confidence Bound Pure Exploration to search the design space adaptively.,"Settings where candidate models make more divergent predictions are more informative, so fewer observations can distinguish them. Adaptive search concentrates evaluations on promising settings while exploring uncertain regions, reducing the cost of finding an informative design.","The paper does not diagnose network delays. A Root experiment could adapt the same design principle: define candidate causes such as transport delay, server queueing, GPU compute, or action application, then select controlled workload or network conditions where their predicted measurements diverge most. This could reduce measurements needed to distinguish causes, but the paper provides no network-specific signals or validation.","The authors compared data from five experimental designs, including an optimal design and designs chosen by experts, to assess how well they distinguished behavioral models. They also evaluated computational improvements to the design search.","We find that data from the experiment suggested by the optimal design approach requires significantly less data to distinguish behavioral models (i.e., test hypotheses) than data from the experiment suggested by experts.","Abstract; selected PDF text, Abstract",Significantly less data required to distinguish behavioral models than with the expert-suggested experiment; the selected text gives no quantitative measurement.,Expert-suggested experimental designs (“wisdom of experts” prediction experiment).,"The method and its fewer-data result are supported for behavioral-model experiments, not network-tail diagnosis. Its transfer to Root would require candidate network-cause models and controlled measurements, which the paper does not specify."
arxiv:1808.10821,Real-time Linux communications: an evaluation of the Linux communication stack for real-time robotic applications,https://arxiv.org/abs/1808.10821,"As robotics systems become more distributed, the communications between different robot modules play a key role for the reliability of the overall robot control. In this paper, we present a study of the Linux communication stack meant for real-time robotic applications. We evaluate the real-time performance of UDP based communications in Linux on multi-core embedded devices as test platforms. We prove that, under an appropriate configuration, the Linux kernel greatly enhances the determinism of communications using the UDP protocol. Furthermore, we demonstrate that concurrent traffic disrupts the bounded latencies and propose a solution by separating the real-time application and the corresponding interrupt in a CPU.",firecrawl,n13 | n16,2,"Under controlled concurrent TX/RX traffic, prioritize the real-time UDP flow and map it to a hardware queue, then pin its application and corresponding NIC IRQ thread to the same CPU (or isolate that CPU). Compare round-trip latency across kernel and affinity configurations to test whether shared CPU/IRQ processing contributes to tails.","The intervention separates real-time packet processing from competing work. Changes in worst-case RTT under matched background traffic provide evidence that CPU and interrupt contention, rather than only link-layer queuing, contributes to delay. This is a transferable controlled experiment for robot-cloud loops, though RTT alone does not identify which endpoint or network segment caused an individual tail.","Attach request timestamps and identity at the robot and server transport boundaries, then run matched background-traffic tests while varying CPU/IRQ affinity and queue priority. This could reveal whether tail changes track endpoint packet-processing contention; additional per-hop or transport-event timestamps would be needed to separate network delay from server queueing, GPU compute, and action application.","Replay a fixed-rate UDP control-loop workload on a robot-side and server-side test setup for the paper's 3-hour duration, comparing baseline scheduling with prioritized traffic and pinned application/NIC IRQ threads. Repeat under idle, CPU stress, and controlled concurrent TX/RX traffic; record per-request RTT distributions, maxima, packet loss, and missed deadlines, with synchronized endpoint timestamps to localize delay.",Separating the real-time application and the corresponding interrupt in a CPU seems to be an effective approach to avoid high latencies.,"Selected PDF text, Section V, Conclusion and Future Work","For 100 Mbps TX traffic, maximum RTT fell from 25727 µs (RT Normal) to 568 µs (RT, CPU Affinity); missed deadlines fell from 20/600000 to 0/600000.",RT Normal: PREEMPT-RT kernel without binding the round-trip programs and network IRQs to any CPU.,"The experiment measures round-trip latency and does not provide per-request one-way or per-hop attribution. The reported benefit is specific to the tested embedded Linux devices and configuration. At 200 Mbps RX traffic, the paper reports high latency spikes even with CPU isolation."
arxiv:1809.02595,Towards a distributed and real-time framework for robots: Evaluation of ROS 2.0 communications for real-time robotic applications,https://arxiv.org/abs/1809.02595,"In this work we present an experimental setup to show the suitability of ROS 2.0 for real-time robotic applications. We disclose an evaluation of ROS 2.0 communications in a robotic inter-component (hardware) communication case on top of Linux. We benchmark and study the worst case latencies and missed deadlines to characterize ROS 2.0 communications for real-time applications. We demonstrate experimentally how computation and network congestion impacts the communication latencies and ultimately, propose a setup that, under certain conditions, mitigates these delays and obtains bounded traffic.",firecrawl,n16,2,"Use controlled concurrent network and system load, then raise the priority of Ethernet IRQ, ROS/DDS, and ksoftirqd threads and compare ROS ping-pong round-trip latency, missed deadlines, and message loss. The improvement under this intervention implicates delayed packet processing in low-priority ksoftirqd, rather than merely recording an end-to-end latency.","Under high traffic and system stress, receive processing may switch from the Ethernet IRQ thread to ksoftirqd, which is easily preempted. Prioritizing that processing path and observing whether tail latency and deadline misses improve provides a causal test for network-stack scheduling delay. The RTT measurement alone does not separate each direction or network processing from other endpoint work.","At each robot/server transport endpoint, correlate request identity and send/receive timestamps with Ethernet IRQ and ksoftirqd scheduling or packet-processing events. A controlled priority or load intervention can test whether endpoint receive scheduling contributes to the tail; this would not, by itself, distinguish network transit from server queueing, GPU compute, or action application.","On a robot-to-server request loop, collect request-level RTT and deadline/loss outcomes while varying concurrent traffic and CPU stress; repeat with network IRQ and receive-processing thread priorities changed. Compare tail latency and misses across matched conditions, and separately timestamp endpoint transport events to check whether the implicated scheduling delay coincides with the tail.","Comparing to Test2.F (Figures6fand8) we observe a clear improvement with the new configuration. We observe almost no missed deadlines, nor message loss for a 10 minutes duration test.","Selected PDF text, Experimental Setup and Results, B.4 Test 4: Tuning the kernel threads priorities.",Qualitative: almost no missed deadlines or message loss during a 10-minute test after kernel-thread priority tuning.,"Test2.F: system under load with 80 Mbps concurrent traffic, before the new thread-priority configuration.","No packet/ACK sequence signatures, request-level differential diagnosis, or full cross-layer timestamps are reported. Experiments are ROS 2 inter-component Ethernet communication, not robot-to-cloud action loops; reported improvement is not a Root result."
arxiv:1809.07295,Time Synchronization in modular collaborative robots,https://arxiv.org/abs/1809.07295,"A new generation of robot systems which are modular, flexible and safe for human-robot interaction are needed. Existing cobots seem to meet only the later and require a modular approach to improve their reconfigurability and interoperability. We propose a new sub-class of cobots named M-cobots which tackle these problems. In particular, we discuss the relevance of synchronization for these systems, analyze it and demonstrate how with a properly configured M-cobot, we are able to obtain a) distributed sub-microsecond clock synchronization accuracy among modules, b) timestamping accuracy of ROS 2.0 messages under 100 microseconds and c) millisecond-level end-to-end communication latencies, even when disturbed with networking overloads of up to 90% of the network capacity.",firecrawl,n13,3,"Use PTP-synchronized clocks to timestamp each message before publish and at the start of the receiver's subscription callback; subtract the timestamps to estimate one-way send-to-callback delay. Under controlled link saturation, compare this signal with and without traffic prioritization to test whether delay is congestion-sensitive.","A common clock makes timestamps on different nodes comparable, so the send-to-arrival interval exposes delay that unsynchronized clocks would confound with offset and drift. The congestion and priority comparison provides a diagnostic intervention: if the delay changes with competing traffic or prioritization, that supports a network-contention cause. The measured interval includes receiver-stack and callback-entry time, so it is not a pure wire-delay measurement.","Attach synchronized timestamps and request/message identity at robot-side send and server-side receive, plus timestamps around server queueing and inference and at the return/action boundary. This would give Root a send-to-receive interval to compare with server-side intervals, helping distinguish transport tail from queueing, compute, or action application without assuming access to the paper's infrastructure.","For Root, collect synchronized send/receive timestamps and per-request identity on a controlled remote inference path. Introduce competing network traffic, compare delay distributions with and without a traffic-priority intervention, and separately timestamp server queueing and inference. Check whether the send-to-receive tail responds to the intervention while server-side intervals remain stable.","When the system clocks have been synchronized, the publishing and arrival timestamps can be compared and the transport delay calculated","Selected PDF text, section III, experimental setup and results; timing-measurement description.","The paper reports that under 90% link saturation, prioritizing sensor and actuator traffic almost eliminates delays caused by low-priority traffic; it does not provide a numerical tail-percentile gain.","Communication under 90% link saturation without prioritization, compared with prioritization under the same congestion condition.","The experiment is on robot Ethernet and ROS 2, not robot-to-cloud inference. Its one-way interval ends at callback entry and can include receiver network-stack and software-path delay; Root would need additional timestamps to separate those from network transit and cloud queueing. No Root-measured gain is established."
arxiv:1809.09751,Pulser: Fast Congestion Response using Explicit Incast Notifications for Datacenter Networks,https://arxiv.org/abs/1809.09751,"Datacenter applications frequently cause incast congestion, which degrades both flow completion times of short flows and throughput of long flows. Without isolating incast, existing congestion control schemes (e.g., DCTCP) rely on existing ECN signal to react to general congestion, and they lose performance due to their slow, cautious, and inaccurate reaction to incast. We propose to isolate incast using Explicit Incast Notifications (EIN) that are generated by switches, similar to ECN. Our incast detection is fast and accurate. Further, we present our congestion control scheme, called Pulser, which drastically backs off during incast based on EIN, but restores sending rate once incast ends. Our real experiments and ns-3 simulations show that Pulser outperforms prior schemes, DCTCP and ICTCP, in both flow completion times and throughput.",related:similar | related:references,n06,2,"At each switch output port, measure queue-length gradients on packet-dequeue events, average recent samples in a sliding window, and mark packets with an Explicit Incast Notification (EIN) when the average exceeds a threshold; retain the mark above a high-water mark for hysteresis. This identifies rapid incast-driven queue buildup rather than treating it as undifferentiated congestion.","Incast causes queue length to rise steeply over a short interval. The queue-gradient signal detects that buildup quickly, whereas ordinary ECN threshold marking and gradual end-host window adaptation may react too slowly. For Root, equivalent per-request or per-flow transport/queue measurements could show whether a latency tail coincides with network queue buildup; this would not by itself identify GPU compute or action-application delay.","Attach queue-depth samples or queue-gradient/EIN-like events to request identity and timestamps at the relevant switch output port, then correlate them with robot-side send/receive and server-side inference timestamps. This localizes a network-queue contribution without treating all end-to-end latency as network delay; the paper's switch-generated signal requires suitable network instrumentation.","In a controlled remote-inference workload, create matched requests with and without induced competing bursts on the transport path. Record per-output-port queue depth/gradient and request send/receive plus inference timestamps. Test whether queue-gradient events predict network-attributable tail latency, and compare localization against end-to-end timing alone while separately accounting for server inference time.",We present a novel algorithm for detecting incasts in a short time interval by monitoring the gradient of queue length over small time windows.,"Selected PDF text, Introduction; algorithm and implementation details in sections 3.1 and 4.","Simulations: average 50% reduction in 99th-percentile flow completion time versus DCTCP and ICTCP for loads greater than 20%, with up to 70% at higher loads. Real testbed: about 26% lower 99th-percentile flow completion time than DCTCP.",DCTCP and ICTCP for simulation results; DCTCP for real-testbed results.,"The mechanism detects incast-related switch queue buildup, not every cause of network tail latency. The paper does not evaluate remote robot inference or establish that its switch instrumentation is available in Root's deployment."
arxiv:1812.00369,Link Delay Estimation Using Sparse Recovery for Dynamic Network Tomography,https://arxiv.org/abs/1812.00369,"When the scale of communication networks has been growing rapidly in the past decades, it becomes a critical challenge to extract fast and accurate estimation of key state parameters of network links, e.g., transmission delays and dropped packet rates, because such monitoring operations are usually time-consuming. Based on the sparse recovery technique reported in [Wang et al. (2015) IEEE Trans. Information Theory, 61(2):1028--1044], which can infer link delays from a limited number of measurements using compressed sensing, we particularly extend to networks with dynamic changes including link insertion and deletion. Moreover, we propose a more efficient algorithm with a better theoretical upper bound. The experimental result also demonstrates that our algorithm outperforms the previous work in running time while maintaining a similar recovery performance, which shows its capability to cope with large-scale networks.",firecrawl,n10,2,"Use topology-constrained compressed sensing: form additive end-to-end path-delay measurements, choose connected dominating-set hub links using a maximum matching, and recover sparse per-link delays from far fewer measurements than measuring every path/link. Maintain the hub set incrementally as links are inserted or deleted.","If only a small number of links have large delays, the per-link delay vector is sparse. Path measurements are sums of link delays, so sparse recovery can infer individual link delays from a limited set of measurements. The matching-based hub construction supports connected measurements, while incremental hub maintenance avoids rebuilding the measurement structure after each link change. This could help Root distinguish which transport links contribute to an end-to-end tail with fewer probes, but the paper does not identify off-path flows or shared-resource contention.","Attach probe-path identity and end-to-end delay measurements to the robot/server transport path, with known topology and additive link delays; apply sparse recovery to estimate anomalous link delays. This could reduce probe count, but would not by itself attribute delay to competing flows or distinguish network delay from server queueing, GPU compute, or action application.","On a controlled robot-inference network with injected delay on a small subset of links, compare sparse-recovery link estimates using limited path probes against per-link ground truth and exhaustive measurement. Repeat after link insertion/deletion and compare incremental maintenance with rebuilding. Track localization accuracy, probe count, and runtime; separately timestamp server queueing and compute to avoid attributing those delays to the network.","Based on that, they can take N measurements, N ≪ m for sparse signal recovery","Selected PDF text, Section II, Problem Model","The paper reports that its algorithm runs at least thousand times faster than Wang et al.’s approach in the reported hub-selection experiment, and that the dynamic strategy runs ten times faster than rerunning the static algorithm. Recovery performance is described as similar overall and better under low to moderate sparsity in the reported experiments.","Wang et al.’s [18] static hub-selection and sparse-recovery approach; for dynamic updates, rerunning the proposed static algorithm without the dynamic strategy.","The paper studies network tomography and sparse link-delay recovery, not robot inference or off-path/shared-resource diagnosis. The supplied text does not specify a Root-ready probe placement or show separation of network delay from other inference stages. Reported gains are the paper’s own algorithmic comparisons, not Root measurements."
arxiv:1812.03650,Machine Learning-based Link Fault Identification and Localization in Complex Networks,https://arxiv.org/abs/1812.03650,"With the proliferation of network devices and rapid development in information technology, networks such as Internet of Things are increasing in size and becoming more complex with heterogeneous wired and wireless links. In such networks, link faults may result in a link disconnection without immediate replacement or a link reconnection, e.g., a wireless node changes its access point. Identifying whether a link disconnection or a link reconnection has occurred and localizing the failed link become a challenging problem. An active probing approach requires a long time to probe the network by sending signaling messages on different paths, thus incurring significant communication delay and overhead. In this paper, we adopt a passive approach and develop a three-stage machine learning-based technique, namely ML-LFIL that identifies and localizes link faults by analyzing the measurements captured from the normal traffic flows, including aggregate flow rate, end-to-end delay and packet loss. ML-LFIL learns the traffic behavior in normal working conditions and different link fault scenarios. We train the learning model using support vector machine, multi-layer perceptron and random forest. We implement ML-LFIL and carry out extensive experiments using Mininet platform. Performance studies show that ML-LFIL achieves high accuracy while requiring much lower fault localization time compared to the active probing approach.",firecrawl,n04,2,"Passively collect aggregate flow rate, end-to-end RTT, and packet loss at ingress and egress nodes, then use a three-stage trained ML pipeline to detect and localize link faults. A delay regressor additionally distinguishes disconnection alone from disconnection with reconnection.","Different link faults produce characteristic changes in normal traffic measurements. The classifier maps those signatures to a tentative failed link; the delay regressor checks whether observed delays match the disconnection-only case, and a final classifier can localize a reconnection. This can localize a fault without injecting probe traffic or retaining full traces.","Attach passive flow-rate, RTT, and loss measurements to request or flow identities at robot-side and server-side network boundaries. Test whether their fault signatures localize network-path tail regressions; compare with healthy requests and separate network delay from server queueing, GPU compute, and action application.","The paper evaluates the three-stage method in Mininet on two random complex networks and a 100-node Interroute topology, using normal and fault-scenario traffic measurements. A Root experiment could inject controlled link disconnections, reconnections, and tail-delay faults, then compare localization accuracy and overhead using these passive signals against full tracing and active probing.","The traffic features used for machine learning model include the aggregate flow rate, packet loss and round-trip time delay of traffic packets among the monitored nodes.","Selected PDF text, overview of ML-LFIL and its traffic features; also Section III.A, “Traffic Features.”",Up to 97% fault-detection accuracy; localization time reported as microseconds for ML-LFIL versus longer ping-based probing. No Root gain reported.,"Ping-based active probing, which pings network nodes and analyzes the results to localize link faults.","The method targets trained link-fault scenarios, not arbitrary inference tail regressions. The context does not establish that its measurements distinguish network delay from server queueing or compute, or that models transfer across changing topologies and workloads."
arxiv:1901.00041,Dynamic Space-Time Scheduling for GPU Inference,https://arxiv.org/abs/1901.00041,"Serving deep neural networks in latency critical interactive settings often requires GPU acceleration. However, the small batch sizes typical in online inference results in poor GPU utilization, a potential performance gap which GPU resource sharing can address. In this paper, we explore several techniques to leverage both temporal and spatial multiplexing to improve GPU utilization for deep learning inference workloads. We evaluate the performance trade-offs of each approach with respect to resource-efficiency, latency predictability, and isolation when compared with conventional batched inference. Our experimental analysis suggests up to a 5x potential for improved utilization through the exploration of more advanced spatial and temporal multiplexing strategies. Our preliminary prototype of a dynamic space-time scheduler demonstrates a 3.23x floating-point throughput increase over space-only multiplexing and a 7.73x increase over time-only multiplexing for convolutions, while also providing better isolation and latency predictability.",firecrawl,n15,3,"Per-kernel latency monitoring to identify GPU-side stragglers, paired with request-level transport and end-to-end timestamps in Root.","Kernel timings provide a direct measure of part of server-side GPU execution. Correlating those timings with Root's request and transport events can show whether a slow request's tail coincides with GPU execution or instead lies outside the measured GPU interval. The paper also describes evicting degraded workers, but that is a response to the diagnosis, not the key transfer.","At the inference server, attach per-kernel timing to request identity and the server inference span; correlate it with robot/server transport timestamps and queue timings. This adds a GPU-compute measurement that can help distinguish compute delay from network delay, while avoiding an assumption that the paper itself measures network latency.","Under controlled GPU contention, collect per-request kernel timings, transport-event timestamps, queue timings, and end-to-end latency. Compare whether kernel timing identifies GPU-side tail requests when network conditions are fixed, then impose network impairment with GPU conditions fixed and test whether the measured GPU interval remains distinct from the network-related residual.",We preserve predictability and isolation during virtualization by monitoring inference latencies per-kernel.,"Selected PDF text, Section 4, “A new hope? Dynamic space-time scheduling”",3.23x throughput increase over space-only multiplexing and 7.73x over time-only multiplexing for convolutions.,Space-only multiplexing and time-only multiplexing.,"The paper measures per-kernel inference latency and discusses stragglers, but does not describe correlating kernel timings with request identities, transport events, or end-to-end latency. The proposed separation and experiment are a Root transfer, not a reported paper result or measured Root gain."
arxiv:1901.05758,Analysis of Large-Scale Multi-Tenant GPU Clusters for DNN Training Workloads,https://arxiv.org/abs/1901.05758,"With widespread advances in machine learning, a number of large enterprises are beginning to incorporate machine learning models across a number of products. These models are typically trained on shared, multi-tenant GPU clusters. Similar to existing cluster computing workloads, scheduling frameworks aim to provide features like high efficiency, resource isolation, fair sharing across users, etc. However Deep Neural Network (DNN) based workloads, predominantly trained on GPUs, differ in two significant ways from traditional big data analytics workloads. First, from a cluster utilization perspective, GPUs represent a monolithic resource that cannot be shared at a fine granularity across users. Second, from a workload perspective, deep learning frameworks require gang scheduling reducing the flexibility of scheduling and making the jobs themselves inelastic to failures at runtime. In this paper we present a detailed workload characterization of a two-month long trace from a multi-tenant GPU cluster in a large enterprise. By correlating scheduler logs with logs from individual jobs, we study three distinct issues that affect cluster utilization for DNN training workloads on multi-tenant clusters: (1) the effect of gang scheduling and locality constraints on queuing, (2) the effect of locality on GPU utilization, and (3) failures during training. Based on our experience running a large-scale operation, we provide design guidelines pertaining to next-generation cluster schedulers for DNN training workloads.",related:similar | related:references,n02,3,"Controlled shared-resource intervention: compare a workload with background jobs that share the RDMA network against a baseline placement, then use GPU utilization and training throughput changes to expose interference attributable to that shared network resource.","The controlled placement comparison changes whether background traffic shares the RDMA network while measuring the workload under study. The resulting utilization drop, alongside the reported training slowdown, is evidence that the shared resource can impair performance—not merely that low utilization and network use coincide. This offers a concrete way to test whether competing traffic on Root’s path contributes to a tail, although it does not identify an individual off-path flow or directly measure network delay.","At the robot-server transport or NIC, associate request identities and timestamps with a controlled competing-traffic condition. Compare matched requests with and without that traffic, while recording transport timing and NIC or queue signals. This would test for shared-path contention and help distinguish network effects from server queueing, GPU compute, or action application.","Replay a fixed remote-inference workload under randomized or paired conditions with and without competing traffic on the relevant shared link. Measure per-request tail latency, transport events, NIC/queue signals, server queueing, GPU compute, and action-application time. Test whether the competing-traffic condition changes network-attributed delay and request tails, rather than relying on GPU utilization alone.","For this setup we use two DiffServer jobs instead of two SameServer jobs as background traffic, so that all the jobs are distributed across two servers and share the RDMA network. In this case, we see a 13.1% decrease in utilization compared to the baseline.","Selected PDF text, controlled ResNet-50 placement experiment, paragraph beginning “study. Thus, these jobs interfere”.",13.1% decrease in GPU utilization under shared RDMA traffic versus the paper’s baseline; no Root gain reported.,The controlled experiment compares two DiffServer background jobs sharing the RDMA network with two SameServer background jobs.,"The study measures GPU utilization and training throughput, not per-request network delay, tail latency, or individual-flow attribution. Its aggregate and per-minute telemetry cannot by itself establish where a Root request’s delay occurred; the proposed Root experiment would need direct transport and request-level measurements."
arxiv:1901.10664,User Space Network Drivers,https://arxiv.org/abs/1901.10664,"The rise of user space packet processing frameworks like DPDK and netmap makes low-level code more accessible to developers and researchers. Previously, driver code was hidden in the kernel and rarely modified, or even looked at, by developers working at higher layers. These barriers are gone nowadays, yet developers still treat user space drivers as black-boxes magically accelerating applications. We want to change this: every researcher building high-speed network applications should understand the intricacies of the underlying drivers, especially if they impact performance. We present ixy, a user space network driver designed for simplicity and educational purposes to show that fast packet IO is not black magic but careful engineering. ixy focuses on the bare essentials of user space packet processing: a packet forwarder including the whole NIC driver uses less than 1,000 lines of C code. This paper is partially written in tutorial style on the case study of our implementations of drivers for both the Intel 82599 family and for virtual VirtIO NICs. The former allows us to reason about driver and framework performance on a stripped-down implementation to assess individual optimizations in isolation. VirtIO support ensures that everyone can run it in a virtual machine. Our code is available as free and open source under the BSD license at https://github.com/emmericp/ixy",firecrawl,n04,2,Vary NIC ring size under load and measure packet latency with hardware timestamps to test whether buffering in the ring contributes to delay.,A controlled change to ring size changes available buffering; the observed latency response can expose queueing delay attributable to the NIC ring rather than relying on full request tracing.,"At the robot or server NIC, associate packet timestamps with the configured RX ring size and, if available, ring occupancy. This would help Root identify transport-side buffering as a contributor to tail latency, separately from server queueing, GPU compute, or action application.","Under repeatable inference traffic, vary RX ring size while holding workload and other settings constant. Collect packet-level hardware timestamps and compare latency distributions across configurations; correlate tail changes with ring settings to test for NIC-ring queueing.","The results show a linear dependency between ring size and latency when the system is overloaded, but the effect under lower loads are negligible.","Selected PDF text, passage beginning “ware timestamping ... with different ring sizes”",UNKNOWN,UNKNOWN,"The text reports an experimental relationship between configured ring size and latency, but does not establish a request-to-packet mapping or report ring occupancy as a measured signal. Its transfer to remote robot inference therefore requires packet identity/timestamp integration at Root."
arxiv:1902.04023,Computing Extremely Accurate Quantiles Using t-Digests,https://arxiv.org/abs/1902.04023,"We present on-line algorithms for computing approximations of rank-based statistics that give high accuracy, particularly near the tails of a distribution, with very small sketches. Notably, the method allows a quantile q to be computed with an accuracy relative to (q, 1-q) rather than absolute accuracy as with most other methods. This new algorithm is robust with respect to skewed distributions or ordered datasets and allows separately computed summaries to be combined with no loss in accuracy. An open-source Java implementation of this algorithm is available from the author. Independent implementations in Go and Python are also available.",firecrawl | related:similar | related:references,n09,2,"Build a compact, mergeable t-digest by clustering streaming values into weighted centroids, with a scale function that constrains cluster sizes to be small near distribution tails and larger near the center; estimate quantiles from the resulting summary.","Small tail clusters preserve finer rank resolution for extreme quantiles, while larger central clusters keep the sketch compact. Digests from separate streams or partitions can be merged, supporting summarized latency distributions without retaining every sample.","Attach a digest to timestamped request or transport-event latency samples, partitioned by robot, server, or network stage, and merge digests across intervals or workers. This would preserve tail-quantile summaries at low storage cost, but does not itself distinguish network delay from queueing, compute, or action-application delay; those require separately identified measurements.","For the same labeled request traces, compare per-stage t-digest tail quantiles against exact quantiles while varying compression and partition/merge structure. Measure quantile error and storage, and check whether the summaries preserve detection of known network-tail regressions.","Importantly, we force clusters near both ends to be small while allowing sub-sequences in middle to be larger in order to get fairly constant relative accuracy.","Selected PDF text, Section 2.2, “A simple start”","The paper reports that t-digest errors are more than an order of magnitude smaller than Q-digest errors across q values in the described comparison, and 3–5 orders of magnitude smaller in absolute error near q = 0.",Q-digest,"The paper evaluates quantile-summary accuracy, not network-regression diagnosis. It does not establish which latency signals or request identities Root can collect, nor whether the reported quantile gains preserve detection of network-specific tails."
arxiv:1902.04280,COP2: Continuously Observing Protocol Performance,https://arxiv.org/abs/1902.04280,"As enterprises move to a cloud-first approach, their network becomes crucial to their daily operations and has to be continuously monitored. Although passive monitoring can be convenient from a deployment viewpoint, inferring the state of each connection can cause them to miss important information (e.g., starvation). Furthermore, the increasing usage of fully encrypted protocols (e.g., QUIC encrypts headers), possibly over multiple paths (e.g., MPTCP), keeps diminishing the applicability of such techniques to future networks. We propose a new monitoring framework, Flowcorder, which leverages information already maintained by the end-hosts and records Key Performance Indicators (KPIs) from their transport protocols. More specifically, we present a generic approach which inserts lightweight eBPF probes at runtime in the protocol implementations. These probes extract KPIs from the per-connection states, and eventually export them over IPFIX for analysis. We present an application of this technique to the Linux kernel TCP stack and demonstrate its generality by extending it to support MPTCP. Our performance evaluation confirms that its overhead is negligible. Finally, we present live measurements collected with Flowcorder in a campus network, highlighting some insights provided by our framework.",firecrawl,n04,2,"Install lightweight eBPF probes in the end-host transport implementation and read per-connection KPIs at selected lifecycle transitions and unexpected events, rather than on every packet. Summarize KPI changes between events as connection performance profiles and export them with connection and path identifiers over IPFIX.","Transport state exposes signals passive packet monitoring can miss, including encrypted or multipath traffic, and event-based sampling avoids recording every packet. RTT evolution, loss, retransmissions, reordering, and stalls can reveal transport/path degradation; profiles associated with connection transitions can help separate network symptoms from server compute or action-application time when paired with request timing.","Attach probes at the robot-side and inference-server transport stacks, then correlate connection/path identifiers and profile timestamps with request IDs and application-stage timestamps. This would add transport-level evidence—such as RTT changes, loss, retransmissions, or progress stalls—without requiring full packet tracing. The paper does not itself provide request-to-packet correlation.","In a controlled Root workload, correlate request IDs and application-stage timestamps with event-based transport KPI profiles from both endpoints. Inject network delay, jitter, and loss separately from server queueing and GPU delay; test whether profiles distinguish network-induced tail requests from compute-induced tails. Compare diagnostic accuracy and collection overhead against no probes and per-packet KPI collection.","Instead, we aim at recording the evolution of kpis between key events in the connection life-cycle.","Selected PDF text, section 3.3, Creating performance profiles",Flowcorder adds less than 1% to executed instructions on a perfect link; the reported median completion-time increase for a one-segment HTTP response is about 0.017%.,No instrumentation and a naive eBPF instrumentation that updates KPIs on each incoming segment; application-performance tests also compare against no instrumentation.,"The paper measures transport monitoring overhead and reports campus-network observations, but does not demonstrate request-level tail localization or correlation to robot inference stages. Its profiles are event-based, not tail-triggered, and the text does not establish off-path flow attribution."
arxiv:1902.08658,An SDN-Based Transmission Protocol with In-Path Packet Caching and Retransmission,https://arxiv.org/abs/1902.08658,"In this paper, a comprehensive software-defined networking (SDN) based transmission protocol (SDTP) is presented for fifth generation (5G) communication networks, where an SDN controller gathers network state information from the physical network to improve data transmission efficiency between end hosts, with in-path packet retransmission. In the SDTP, we first develop a new two-way handshake mechanism for connection establishment between a pair of end host. With the aid of SDN control module, signaling exchanges for establishing E2E connections are migrated to the control plane to improve resource utilization in the data plane. A new SDTP packet header format is designed to support efficient data transmission with in-path packet caching and packet retransmission. Based on the new data packet format, a novel in-path receiver-based packet loss detection and caching-based packet retransmission scheme is proposed to achieve in-path fast recovery of lost packets. Extensive simulation results are presented to validate the effectiveness of the proposed protocol in terms of low connection establishment delay and low end-to-end packet transmission delay.",firecrawl,n05,3,"Adaptive sequence-gap and interarrival loss detection with retransmission-event timing: in-path nodes track received sequence windows and expected packets, compare observed interarrival time and out-of-order counts with adaptive thresholds, then record retransmission requests and retransmission RTTs. The node that detects a gap and the recovery events can expose where a packet drought and its repair occurred.","A sequence gap or interarrival interval exceeding a predictor-based expectation is a concrete packet-level signal, while the trigger type, request, and recovery time add a temporal signature of loss recovery. Observing these events at multiple points can help distinguish a network packet drought and its location from delay that occurs after packet delivery. This supports n05's search for compact drought/recovery signatures. The paper does not establish that these signatures distinguish jitter from endpoint stalls, so n08 is not promoted.","At an accessible robot-side or server-side transport boundary, correlate request identity with packet sequence numbers, receive timestamps, loss-detection trigger, retransmission request/response, and recovery time. If intermediate instrumentation is available, compare the same events across points to narrow the affected network segment. Root would gain packet-level evidence of gaps and recovery timing to compare against inference, server-queue, GPU, and action-application timestamps; it need not assume access to the paper's SDN infrastructure.","Replay identical inference traffic under separately controlled packet loss, jitter without loss, and endpoint stalls. Collect request-linked sequence numbers, packet receive times, adaptive-threshold triggers, retransmission events, and inference-stage timestamps. Test whether gap and recovery signatures detect and localize loss-related tails, and whether they separate those cases from jitter and endpoint stalls. Compare with ordinary end-to-end timing; do not treat the paper's simulation results as a Root gain.","The expected interarrival time, denoted by ∆TE, can be obtained by linear prediction based on sampled interarrival time","Selected PDF text, section C.2, “Interarrival Timeout”","Qualitative simulations report lower average end-to-end packet delay and lower delay jitter than TCP, with the difference increasing as packet loss rises; no numerical gain is stated in the supplied text.",TCP,"The evidence supports a concrete loss-detection and recovery-event chain, but the paper evaluates transport performance in simulation rather than diagnostic accuracy for inference tails. It does not validate that the event signatures distinguish ordinary jitter from endpoint stalls, nor establish Root performance."
arxiv:1903.03852,Fifty Shades of Congestion Control: A Performance and Interactions Evaluation,https://arxiv.org/abs/1903.03852,"Congestion control algorithms are crucial in achieving high utilization while preventing overloading the network. Over the years, many different congestion control algorithms have been developed, each trying to improve in specific situations. However, their interactions and co-existence has, to date, not been thoroughly evaluated, which is the focus of this paper. Through head-to-head comparisons of representatives from loss-based, delay-based and hybrid types of congestion control algorithms, we reveal that fairness in resources claimed is often not attained, especially when flows sharing a link have different RTTs.",firecrawl,n02,3,"Detect ACK-path compression or loss by comparing ACK spacing/rate at the receiver with ACK arrivals at the sender, then correlate that distortion with sender-observed RTT and transport performance.","ACKs arriving in bursts or being lost can make a sender misestimate the network state and change its sending rate. The paper connects distorted ACK timing and increased sender-observed delay to queues on the ACK path, exposing a shared network resource that can affect a flow even when the congestion is not on its forward data path. This is more diagnostic than observing request latency alone, though it does not identify the competing flow.","For a request-associated transport flow, retain ACK send/arrival timing or packet-level ACK spacing alongside RTT and request timestamps. This could distinguish reverse-path queueing or ACK compression from server queueing, GPU compute, and action application, without assuming access to Reflex infrastructure.","Replay a representative inference workload with a controlled competing flow that queues or compresses ACKs on the reverse path, and compare against an otherwise identical no-contention run. Record request timing, sender-side RTT, and ACK timing at both ends where available; separately record server queueing, GPU compute, and action application. Test whether ACK-spacing distortion and sender-observed delay identify the network contribution to the tail.","If ACKs spend any time in queues or get lost, the sender might be misled into sending more data than the network can accept (if ACKs arrive in bursts), or will detect congestion even if bandwidth is available on its path to the sender.","Selected PDF text, section on sensitivity to ACK-compression.",UNKNOWN,The paper compares scenarios with and without cross-traffic and reports transport metrics; it does not report a Root comparison.,"The paper supports diagnosing ACK-path distortion and shared bottleneck effects in controlled tests, but does not establish a method for identifying an unknown off-path flow in production or attributing an individual Root request tail. Root-measured gain is UNKNOWN."
arxiv:1905.00968,Leveraging Deep Learning to Improve the Performance Predictability of Cloud Microservices,https://arxiv.org/abs/1905.00968,"Performance unpredictability is a major roadblock towards cloud adoption, and has performance, cost, and revenue ramifications. Predictable performance is even more critical as cloud services transition from monolithic designs to microservices. Detecting QoS violations after they occur in systems with microservices results in long recovery times, as hotspots propagate and amplify across dependent services. We present Seer, an online cloud performance debugging system that leverages deep learning and the massive amount of tracing data cloud systems collect to learn spatial and temporal patterns that translate to QoS violations. Seer combines lightweight distributed RPC-level tracing, with detailed low-level hardware monitoring to signal an upcoming QoS violation, and diagnose the source of unpredictable performance. Once an imminent QoS violation is detected, Seer notifies the cluster manager to take action to avoid performance degradation altogether. We evaluate Seer both in local clusters, and in large-scale deployments of end-to-end applications built with microservices with hundreds of users. We show that Seer correctly anticipates QoS violations 91% of the time, and avoids the QoS violation to begin with in 84% of cases. Finally, we show that Seer can identify application-level design bugs, and provide insights on how to better architect microservices to achieve predictable performance.",related:similar,n04,3,"Cross-layer queue and stage-time comparison with on-demand hardware diagnosis: Seer combines per-request RPC-stage timing and per-microservice outstanding-request counts with NIC and software queue measurements. It uses the lightweight signals to identify an impending QoS violation and likely initiating service, then collects detailed hardware diagnostics for that service.","Separating time spent handling network requests from application computation, and comparing NIC queues with software queues, provides evidence about where delay is accumulating without requiring detailed hardware tracing everywhere. The paper also compares network-only and application-only queue signals, supporting a controlled test of whether combining layers improves localization. This can identify network-side queueing, but does not by itself distinguish every transport cause, such as loss versus congestion.","At Root's robot/server RPC boundaries, retain request identity and stage timestamps, plus available NIC/transport and application-queue measurements. Compare network-side and server-side queue buildup for the same request; collect more expensive host diagnostics only when the lightweight signals flag a likely culprit. This adds cross-layer localization evidence beyond end-to-end latency alone and may reduce continuous detailed-trace collection.","Inject network delay or drops, server queueing, and compute contention separately on Root workloads. Compare end-to-end timing alone, network-side signals alone, application-side signals alone, and the combined signals. Measure tail-regression detection and layer-localization accuracy, lead time, and collection overhead; do not treat Seer's reported results as Root results.","To distinguish between the time spent processing network requests, and the time that goes towards application computation, we instrument the application to report the time it sees a new request (post- RPC processing).","Selected PDF text, Section 4.2, “Distributed Tracing” → “Instrumentation.”",Seer reports correctly identifying 90.6% of upcoming QoS violations and avoiding 84% in the large-scale Social Network deployment.,UNKNOWN,"The supplied text supports cross-layer signal collection and a comparison of network-only versus application-only queues, but gives no numerical comparison results for those variants. Root's available NIC/transport instrumentation and the resulting localization accuracy are unknown; the paper's reported performance is not a Root-measured gain."
arxiv:1905.05411,Measuring and simulating latency in interactive remote rendering systems,https://arxiv.org/abs/1905.05411,"Background: The computationally intensive task of real-time rendering can be offloaded to remote cloud systems. However, due to network latency, interactive remote rendering (IRR) introduces the challenge of interaction latency (IL), which is the time between an action and response to that action. Objectives: to model sources of latency, measure it in a real-world network and to use this understanding to simulate latency so that we have a controlled platform for experimental work in latency management. Method: we present a seven-parameter model of latency for a typical IRR system; we describe new, minimally intrusive software methods for measuring latency in a 3D graphics environment and create a novel latency simulator tool in software. Results: We demonstrate our latency simulator is comparable to real-world behavior and confirm that real-world latency exceeds the interactive limit of 70ms over long distance connections. We also find that current approaches to measuring IL are not general enough for most situations and therefore propose a novel general-purpose solution. Conclusion: to ameliorate latency in IRR systems we need controllable simulation tools for experimentation. In addition to a new measurement technique, we propose a new approach that will be of interest to IRR researchers and developers when designing IL compensation techniques.",firecrawl,n14,2,"Correlate a client interaction with its server response by attaching a unique GUID to the request and response, timing from client registration until the matching response arrives; separately model end-to-end latency as input, client, network, server, and display components. The paper also provides a tunable asynchronous latency simulator for controlled latency experiments.","The GUID identifies which returning response belongs to an interaction, enabling per-interaction timing rather than confusing unrelated frame updates with its result. Measuring at pipeline boundaries can distinguish network transit from client, server, and display delays. The simulator allows controlled latency changes without synchronous backlog growth, supporting repeatable tests; however, the evidence does not establish a method for diagnosing rare network tails or separating queue buildup within the network.","Attach request IDs and timestamps at robot action creation/send and server receipt/response/send, then match them at the robot on response arrival. This would give per-action end-to-end and boundary timings to separate transport delay from server processing, while the simulator offers a controlled test platform. The supplied evidence does not describe packet/ACK-level signals or a queue-specific diagnostic.","In a robot inference loop, correlate action requests and returned results with unique IDs and record timestamps at client send, server receive, server response, and client receive. Inject controlled network delays using asynchronous processing, then compare the inferred network component against known injected delay and separately measure server time. Test repeated runs with ordinary delays and rare injected spikes to evaluate detection and localization; the paper itself does not report this Root experiment.",The GUID should be included in the interaction message sent to the rendering server. The first result message from the server must include the initiating GUID when sent back to the client.,"Selected PDF text, integrated measurement approach",UNKNOWN,UNKNOWN,"The context supports request-response correlation, a latency-component model, and a controllable simulator, but gives no detailed quantitative evidence for queue discrimination or rare-tail localization. The simulator validates against real-world measurements in remote rendering, not robot inference."
arxiv:1906.00228,Approximate Quantiles for Datacenter Telemetry Monitoring,https://arxiv.org/abs/1906.00228,"Datacenter systems require efficient troubleshooting and effective resource scheduling so as to minimize downtimes and to efficiently utilize limited resources. In doing so, datacenter operators employ streaming analytics for collecting and processing datacenter telemetry over a temporal window. The quantile operator is key to these systems as it can summarize the typical and abnormal behavior of the monitored system. Computing quantiles in real-time is resource-intensive as it requires processing hundreds of millions of events in seconds while providing high accuracy. We overcome these challenges in real-time quantile computation through workload-driven approximation, motivated by three insights in our study: (i) values are dominated by a set of recurring small values, (ii) distribution of small values is consistent across different time scales, and (iii) tail values are dominated by a small set of large values. That is, we propose AOMG, an efficient and accurate quantile approximation algorithm that capitalizes on these insights. AOMG minimizes memory footprint of the quantile operator via compression and frequency-based summarization of small values. While these summaries are stored and processed at sub-window granularity for memory efficiency, they can extend to compute quantiles on user-defined temporal windows. Low value error for tail quantiles is achieved by retaining a few tail values per subwindow. AOMG estimates quantiles with high throughput and less than 5% relative value error across a wide range of use cases while state-of-the-art algorithms either have a high relative value error (9.3-137.0%) or deliver lower throughput (15-92%).",firecrawl | related:citers,n09,2,"AOMG compresses and frequency-summarizes recurring small values, while retaining a few tail values per subwindow to estimate high quantiles. It uses top-k merging when subwindows have too few observations for statistically robust high quantiles, and sample-k merging to represent bursty tails; burst detection compares sampled large values across adjacent subwindows.","The method allocates memory according to observed workload structure: recurring small values need compact summaries, while a small number of large values dominate high quantiles. Explicit tail retention protects estimates from sparse or bursty extremes. This can provide low-error summaries of network-latency tails at lower cost than exact quantiles, but it does not identify which request or network event caused a tail.","Attach the method to a stream of timestamped robot inference request RTTs or other transport-latency measurements, grouped into temporal subwindows. Root could obtain lower-cost, accurate aggregate tail quantiles and detect subwindows with bursty tails; this does not itself separate network delay from server queueing, GPU compute, or action application.","Replay timestamped healthy and tail-latency measurements through AOMG and exact quantile computation over the same windows. Compare high-quantile relative value error, throughput, and memory use; inject a tail burst into selected subwindows and evaluate whether burst detection and sample-k merging preserve the resulting window quantiles. The paper reports datacenter and synthetic workload evaluations, not a Root experiment.",AOMG explicitly records tail values to better approximate the high quantiles,"Selected PDF text, section on high quantiles.","On the evaluated workloads, average relative value error for different quantiles is below 5%; compared with prior approximate quantile algorithms, space usage is around 5–20 times lower. Relative to exact quantiles, throughput is 2.4–4.8 times higher for a 10K-element window and up to 62 times higher for a 1M-element window.","Exact quantile computation and prior approximate quantile algorithms, including CMQS, AM, Random, and Moment.","The context demonstrates aggregate quantile accuracy and resource benefits, but not per-request differential diagnosis, causal localization, or tail-triggered trace retention with measured overhead savings. Transfer to Root depends on having a suitable timestamped latency stream; the method alone cannot attribute delay to network versus other inference stages."
arxiv:1907.00236,Streaming Quantiles Algorithms with Small Space and Update Time,https://arxiv.org/abs/1907.00236,"Approximating quantiles and distributions over streaming data has been studied for roughly two decades now. Recently, Karnin, Lang, and Liberty proposed the first asymptotically optimal algorithm for doing so. This manuscript complements their theoretical result by providing a practical variants of their algorithm with improved constants. For a given sketch size, our techniques provably reduce the upper bound on the sketch error by a factor of two. These improvements are verified experimentally. Our modified quantile sketch improves the latency as well by reducing the worst case update time from O(1/ε) down to O((1/ε)). We also suggest two algorithms for weighted item streams which offer improved asymptotic update times compared to na""ive extensions. Finally, we provide a specialized data structure for these sketches which reduces both their memory footprints and update times.",firecrawl,n09,2,"Maintain a bounded-space KLL quantile sketch of streaming latency measurements: compact buffered items into weighted representatives, then estimate quantiles with rank-error guarantees. Root could attach sketches to network-stage timings to retain tail-distribution summaries without storing every request.","The sketch preserves approximate rank information while discarding most individual measurements, making high quantiles measurable under a memory limit. Comparing sketches for transport, server queueing, GPU compute, and action application could show which stage's latency distribution develops a tail, though the sketch does not establish causality by itself.","Attach a separate sketch to timestamped per-request durations at robot-side send/receive and server-side transport, queue, compute, and action-application boundaries. This would provide bounded-memory stage-level tail summaries; request-level traces or additional signals would still be needed to localize individual causes.","Replay the same timestamped remote-inference requests through a full-data quantile calculation and bounded-memory KLL sketches at several space limits. Compare p95/p99 estimates and rank error for each pipeline-stage duration, including during injected network-delay episodes, and compare memory use against retaining all samples.","For a given sketch size, our techniques provably reduce the upper bound on the sketch error by a factor of two.","Abstract; also selected PDF text, Abstract.","The paper reports a factor-of-two reduction in the upper bound on sketch error for a given sketch size; it also reports reducing worst-case update time from O(1/ε) to O(log(1/ε)). These are paper results, not Root measurements.","KLL algorithm of Karnin, Lang, and Liberty; the abstract does not specify the exact experimental comparison baseline for the factor-of-two error bound.","The supplied text supports approximate quantile sketches and experimental evaluation, but does not report network-tail diagnosis or stage-specific measurements. Quantile sketches summarize distributions; they do not preserve request identities or directly distinguish network delay from server queueing without separate stage signals."
arxiv:1907.05453,Model based Level Shift Detection in Autocorrelated Data Streams using a moving window,https://arxiv.org/abs/1907.05453,"Standard Control Chart techniques to detect level shift in data streams assume independence between observations. As data today is collected with high frequency, this assumption is seldom valid. To overcome this, we propose to adapt the off-line test procedure for detection of outliers based on one-step prediction errors proposed by Tsay (1988) into an on-line framework by considering a moving window. Further, we present two algorithms, that in combination, estimate an appropriate test value for our control chart. We test our method on AR(1) processes exposed to level shifts of different sizes and compare it to CUSUM applied to one-step prediction errors. We find that, even though both methods perform comparable when tuned correctly, our method has higher probability of identifying the correct change point of the process. Furthermore, for more complicated processes our method is easier to tune, as the range of window size to be tested is independent of the process.",firecrawl,n11,3,"Use a moving-window, model-based level-shift detector on one-step prediction errors from an autocorrelated latency stream. The window tests candidate shift times, and a critical value calibrated to a target in-control average run length controls alarms. An alarm can trigger richer profiling.","Prediction errors account for the stream’s autocorrelation, while testing candidate change points within a bounded window can both flag a sustained mean shift and locate its onset. This provides a concrete trigger beyond a raw latency threshold; Root can evaluate it as an alarm for increased transport latency, distinct from server queueing, GPU compute, or action-application delay.","Attach the detector to timestamped, per-request transport latency measurements, preserving request identity and separating transport duration from server queueing, GPU time, and action application. Use an alarm to retain or collect richer traces around the suspected change.","Replay timestamped Root request traces with autocorrelated baseline variation and injected sustained network-delay level shifts. Compare the moving-window detector with a simple threshold and CUSUM at matched false-alarm rates. Measure detection delay, change-point localization, false triggers, and monitoring overhead; test whether alarms selectively trigger expensive profiling. Do not treat transient tail spikes as equivalent to the paper’s level shifts.","To convert the method by Tsay into an on-line application, we only consider a moving window of observations.","Selected PDF text, Section 2, Method","On simulated AR(1) level shifts, the paper reports 39% better overall performance than CUSUM setting 1 and comparable performance to tuned CUSUM setting 2; it also reports a higher probability of identifying the correct change point. These are paper results, not Root-measured gains.",CUSUM applied to one-step prediction errors on simulated AR(1) processes with level shifts.,"The evaluation is on simulated level shifts, not network latency tails or remote robot inference. The paper does not establish runtime overhead, performance on transient tail spikes, or whether alarms reduce profiling cost."
arxiv:1908.10693,DDSketch: A fast and fully-mergeable quantile sketch with relative-error guarantees,https://arxiv.org/abs/1908.10693,"Summary statistics such as the mean and variance are easily maintained for large, distributed data streams, but order statistics (i.e., sample quantiles) can only be approximately summarized. There is extensive literature on maintaining quantile sketches where the emphasis has been on bounding the rank error of the sketch while using little memory. Unfortunately, rank error guarantees do not preclude arbitrarily large relative errors, and this often occurs in practice when the data is heavily skewed. Given the distributed nature of contemporary large-scale systems, another crucial property for quantile sketches is mergeablility, i.e., several combined sketches must be as accurate as a single sketch of the same data. We present the first fully-mergeable, relative-error quantile sketching algorithm with formal guarantees. The sketch is extremely fast and accurate, and is currently being used by Datadog at a wide-scale.",firecrawl,n09,2,"Encode each latency observation into a fixed logarithmic bucket, increment its count, and merge sketches by summing matching bucket counts. Query the merged counts for quantiles with relative-error guarantees, retaining useful tail-latency summaries without storing every observation.","Logarithmic bucket widths preserve relative accuracy even for heavily skewed latency distributions, where rank-error sketches can give large relative errors at high quantiles. Mergeability lets summaries from distributed sources be combined while retaining quantile accuracy. For Root, applying this to separately measured transport intervals could expose changes in network p95/p99 without shipping every request sample; the sketch itself would summarize delay, not identify its cause.","Attach the sketch to request-correlated robot-side and server-side transport interval measurements, with network time separated from server queueing, GPU compute, and action application. Compare per-stage quantiles across time windows or robot/server groups. The paper does not provide request-level causal localization, so timestamps or request identities and stage-specific measurements must be collected separately.","In a controlled Root replay or test deployment, record per-request network-stage latency and exact values as ground truth. Build and periodically merge DDSketch summaries at robot and server collectors; compare estimated p50/p95/p99 and relative error against exact quantiles under normal traffic and injected network-tail conditions. Also measure bytes retained or transmitted versus raw samples, and confirm that non-network stages are summarized separately.","We present the first fully-mergeable, relative-error quantile sketching algorithm with formal guarantees.","Abstract; selected PDF text, Section 2.1 describes logarithmic buckets and merging.","The paper reports that on heavy-tailed data DDSketch's relative-accuracy improvement over GK can be measured in orders of magnitude, and that merging can be more than an order of magnitude faster than GKArray or HDR Histogram in some comparisons. No Root gain is reported.","GKArray (Greenwald–Khanna), HDR Histogram, and Moments sketch in the paper's evaluation; exact Root baseline is UNKNOWN.","The paper sketches observed values such as request or trace durations; it does not establish that those values isolate network delay. Root must instrument stage-specific transport intervals, and the proposed Root experiment has not been reported."
arxiv:1909.05392,Tiny Buffer TCP for Data Center Networks,https://arxiv.org/abs/1909.05392,"A low and stable buffer occupancy is critical to achieve high throughput, low packet drop rate, low latency, and low jitter for data center networks. It also allows switch chips to support higher port density, larger lookup tables, or richer functions. Tiny Buffer TCP creatively uses the common RED-based ECN with two novel congestion-window adjustment schemes to significantly reduce the required buffer size. Aiming to eliminate the residual packets in the bottleneck queue, Queue Canceling Decrease amortizes the ideal window reduction to the same number of flows so as to minimize the impact to active flows. In order to keep the buffer occupancy low and stable, Reduced Additive Increase recovers the flow window at a slower pace than normal. We implemented TBTCP in Linux kernel and conducted ns2-based simulations and real network-based tests. Our results show that compared to DCTCP, TBTCP reduces the switch buffer requirement by more than 80%, increases the bandwidth utilization by up to 15%, improves the FCT performance by up to 39%, and achieve a 71% better RTT fairness index.",firecrawl | related:similar,n06,2,RED-based ECN marks packets according to bottleneck queue depth. Queue Canceling Decrease spreads one-MSS congestion-window reductions across marked flows to drain residual queued packets; Reduced Additive Increase restores windows slowly to stabilize occupancy.,"The queue-dependent ECN signal ties congestion feedback to bottleneck buffering, a direct indicator of network queueing rather than server or GPU delay. The mechanisms actively reduce and stabilize that queue, so a Root experiment can compare transport queue signals with end-to-end latency and separate queue buildup from non-network latency. This is congestion control, not a standalone diagnostic method.","At the robot/server transport boundary, associate request timestamps with TCP ECN feedback and, where available, bottleneck queue-depth telemetry. This would provide evidence of transport queueing during a slow inference request, distinct from server queueing, GPU compute, or action application. The paper's mechanism assumes a controllable TCP sender and RED/ECN-capable switches, which may not be available on a robot-to-cloud path.","In a controlled Root test, induce transport contention while holding inference workload constant; record request latency, ECN marks, RTT, and queue depth where accessible. Compare latency tails with and without TBTCP-style queue control, and check whether elevated network queue signals precede slow requests while server/GPU timings remain stable.","The buffer occupancy, which is reflected in queue depth, is a direct signal for network congestion status.","Selected PDF text, paragraph beginning “The buffer occupancy, which is reflected in queue depth”.","Compared to DCTCP, the paper reports over 80% lower switch buffer requirement, up to 15% higher bandwidth utilization, up to 39% better FCT performance, and a 71% better RTT fairness index.",DCTCP,"The paper evaluates data-center TCP congestion control, not robot-to-cloud inference diagnosis. Whether the relevant path exposes ECN or queue-depth telemetry, permits sender-side TCP changes, or exhibits comparable bottleneck behavior is unknown."
arxiv:1910.03534,Accurate and Fast Retrieval for Complex Non-metric Data via Neighborhood Graphs,https://arxiv.org/abs/1910.03534,"We demonstrate that a graph-based search algorithm-relying on the construction of an approximate neighborhood graph-can directly work with challenging non-metric and/or non-symmetric distances without resorting to metric-space mapping and/or distance symmetrization, which, in turn, lead to substantial performance degradation. Although the straightforward metrization and symmetrization is usually ineffective, we find that constructing an index using a modified, e.g., symmetrized, distance can improve performance. This observation paves a way to a new line of research of designing index-specific graph-construction distance functions.",firecrawl,n12,2,"Build an approximate neighborhood graph over stored items, optionally using a modified distance for graph construction, then retrieve similar items by graph traversal using the query distance.",The graph links nearby items so search can explore promising neighborhoods rather than exhaustively compare the query with the full collection. The paper reports that a construction distance different from the retrieval distance can sometimes improve the index.,"Index feature representations of prior robot-inference requests and retrieve comparable requests when investigating a regression. This could accelerate healthy-baseline lookup, but does not itself identify whether delay came from network transport, server queueing, GPU compute, or action application.","On a fixed corpus of prior requests, compare graph-index retrieval with exhaustive nearest-neighbor retrieval for baseline lookup. Measure lookup latency and recall of the same comparable requests; test original versus modified graph-construction distances while keeping query-time distance fixed.",indexing can dramatically speed up retrieval,"Selected PDF text, Section 2.1, Retrieval Algorithms",Up to 10× speedup in some index-time symmetrization cases; the paper also reports up to an order-of-magnitude performance loss for full symmetrization in many high-dimensional cases.,Brute-force search is the reported speedup comparison; the paper also compares graph-index variants.,"The paper evaluates nearest-neighbor retrieval on non-metric data, not robot requests or network-tail diagnosis. Whether request features support useful comparable-baseline retrieval, and whether that helps localize network delay, is untested."
arxiv:1910.03962,Optimal experimental design via Bayesian optimization: active causal structure learning for Gaussian process networks,https://arxiv.org/abs/1910.03962,"We study the problem of causal discovery through targeted interventions. Starting from few observational measurements, we follow a Bayesian active learning approach to perform those experiments which, in expectation with respect to the current model, are maximally informative about the underlying causal structure. Unlike previous work, we consider the setting of continuous random variables with non-linear functional relationships, modelled with Gaussian process priors. To address the arising problem of choosing from an uncountable set of possible interventions, we propose to use Bayesian optimisation to efficiently maximise a Monte Carlo estimate of the expected information gain.",firecrawl,n10,3,"Actively select the next controlled intervention to maximize expected information gain about competing causal graphs: estimate graph-posterior entropy reduction from interventional outcomes, approximate it with Monte Carlo under GP models, and use Bayesian optimization to search intervention targets and values.","Competing causal graphs predict different outcome distributions under interventions. Choosing the intervention expected to make their posterior beliefs diverge can distinguish causes with fewer measurements than fixed or random experiments. For Root, this is a diagnostic experiment-design method, not passive network telemetry or a latency mitigation.","In a controlled Root testbed, represent network conditions, server queueing, GPU compute, and end-to-end or stage-level request latency as variables. Apply interventions such as injected transport delay/loss or controlled server load, then record request-identified outcomes and update competing causal hypotheses. This could guide which controlled condition to test next; the paper does not supply Root instrumentation or establish that its model assumptions fit production network tails.","With an equal number of request measurements, compare the method's information-gain-selected interventions against random and fixed intervention schedules. In a testbed, vary transport delay/loss and server load independently and measure transport, queueing, GPU, and end-to-end latency for identified requests. Evaluate how quickly each schedule distinguishes injected network-tail causes from server-side causes and whether it identifies the responsible intervention. Treat as a proposed Root experiment, not a reported Root result.","we follow a Bayesian active learning approach to perform those experiments which, in expectation with respect to the current model, are maximally informative about the underlying causal structure.","Abstract; Section 4, “Proposed approach,” specifies maximizing information gain over intervention target and value, with a Monte Carlo objective and Bayesian optimization.",UNKNOWN,UNKNOWN,"The active intervention-selection mechanism and its causal-discrimination rationale are supported, making n10 transferable to controlled Root diagnosis. The paper studies causal discovery in small Gaussian-process networks, not network-performance diagnosis; it does not establish that Root's latency variables satisfy its assumptions or report a comparison demonstrating fewer measurements."
arxiv:2001.01056,Root Cause Detection Among Anomalous Time Series Using Temporal State Alignment,https://arxiv.org/abs/2001.01056,"The recent increase in the scale and complexity of software systems has introduced new challenges to the time series monitoring and anomaly detection process. A major drawback of existing anomaly detection methods is that they lack contextual information to help stakeholders identify the cause of anomalies. This problem, known as root cause detection, is particularly challenging to undertake in today's complex distributed software systems since the metrics under consideration generally have multiple internal and external dependencies. Significant manual analysis and strong domain expertise is required to isolate the correct cause of the problem. In this paper, we propose a method that isolates the root cause of an anomaly by analyzing the patterns in time series fluctuations. Our method considers the time series as observations from an underlying process passing through a sequence of discretized hidden states. The idea is to track the propagation of the effect when a given problem causes unaligned but homogeneous shifts of the underlying states. We evaluate our approach by finding the root cause of anomalies in Zillows clickstream data by identifying causal patterns among a set of observed fluctuations.",firecrawl,n04,3,"Residual-state temporal alignment: fit a state-space model to each anomalous metric series, discretize its residuals into ordered states, then apply shifted DTW to align and cluster lagged state-propagation patterns and score candidate causal groups.","The method compares local anomaly-state patterns rather than raw values, making differently scaled metrics comparable. Shifted temporal alignment can expose a metric entering an anomalous state before related metrics, while clustering narrows which dimensions need investigation. For Root, this offers a candidate way to localize lagged cross-layer propagation from sparse timestamped metrics rather than requiring full request traces. It identifies candidate relationships, not definitive causation, and does not inherently distinguish network delay from server queueing or compute.","Attach the method to timestamped, per-window robot/server metrics: transport send/receive or ACK/loss timing, queue/NIC signals, and inference-stage timings. Use already-detected anomalous windows to compare discretized residual-state sequences, cluster similar propagation patterns, and rank which signals precede the tail. No Reflex private infrastructure is assumed.","In an isolated remote-inference test, inject network delay or loss separately from server queueing and GPU load. Collect timestamped metrics across those layers, identify anomalous windows, and compare state-alignment clusters and causality scores with the known injected cause and full traces. Measure localization accuracy and the number of signals required against a full-tracing baseline; do not interpret paper results as Root gains.",we perform a DTW based temporal alignment to group the similar residual state propagations into clusters.,"Selected PDF text, Section I (Introduction); method details in Section III, “Temporal Alignment.”",Lower empirical clustering classification error for SAC-DTW than C-DTW in the simulation study; numeric gain unavailable in supplied text. No Root-measured gain.,"C-DTW, a DTW-based causality detection method.","The method assumes anomalies are already detected and metrics are granular enough for temporal lags to be identifiable. Evidence is from simulations and Zillow clickstream data, not remote robot inference. Whether sparse transport and inference metrics yield stable clusters, and whether the method can separate network delay from queueing or compute, requires controlled validation."
arxiv:2001.01888,Indoor Localization System of ROS mobile robot based on Visible Light Communication,https://arxiv.org/abs/2001.01888,"In this paper, an indoor robot localization system based on Robot Operating System (ROS) and visible light communication (VLC) is presented. On the basis of our previous work, we innovatively designed a VLC localization and navigation package based on Robot Operating System (ROS), which contains the LED-ID detection and recognition method, the video target tracking algorithm and the double-lamp positioning algorithm. This package exploited the principle of double-lamp positioning and the loose coupling characteristics of the ROS system, which is implemented by loosely coupled ROS nodes. Consequently, this paper combines ROS and VLC, aiming at promoting the application of VLC positioning in mature robotic systems. Moreover, it pushed forward the development of localization application based on VLC technology and lays a foundation for transplanting to other ROS robot platforms. Experimental results show that the proposed system can provide indoor localization within 1 cm and possesses a good real-time performance which takes only 0.4 seconds for one-time positioning. And if a high-performance laptop is used, the single positioning time can be reduced to 0.08 seconds. Therefore, this study confirms the practical application and the superior performance of VLC technology in ROS robot, showing the great potential of VLC localization. T he video demo of the proposed robot positioning system based on VLC can be seen in *",firecrawl,n04,3,"Payload-size and placement differential: vary image resolution, then compare cross-device ROS publish-subscribe with same-device execution to identify delay associated with transferring large images.","The payload-size intervention changes the amount sent, while same-device execution acts as a control for effects that do not require cross-device transfer. The paper reports a two-second transfer for full-resolution images and says the effect is absent on the same device. This provides a minimal diagnostic contrast for transfer-related delay, though it does not establish tail behavior or fully exclude network/runtime confounders.","At the robot-to-server image handoff, record request identity, payload size, publish and receive timestamps, plus locator completion time. Compare remote and same-host runs at matched resolutions to tell whether a slow request accumulated delay before receipt or after it, without collecting a full trace.","Replay identical inference inputs at several payload sizes in remote and same-host configurations, holding processing workload constant. Record per-request publish, receive, and completion timestamps; compare transfer-stage and end-to-end latency distributions, including tail quantiles. Check that any remote-only size effect occurs before receipt rather than in server queueing, compute, or action application.","When an image of this size is subscribed through ROS, it takes two seconds to transfer the image to another device.","Selected PDF text, section 3.2.2.b, “Real-Time Performance.”",UNKNOWN,Cross-device transfer of 2048×1536 images is contrasted with smaller images and with same-device publish-subscribe; no controlled quantitative diagnostic gain is reported.,"The paper reports average positioning times and a transfer-time observation, not per-request tail distributions or a detailed timing breakdown. Payload-size changes may also affect processing, so Root should use the placement control and handoff timestamps to separate transport delay from server queueing and computation."
arxiv:2004.08255,A Survey of Approximate Quantile Computation on Large-scale Data (Technical Report),https://arxiv.org/abs/2004.08255,"As data volume grows extensively, data profiling helps to extract metadata of large-scale data. However, one kind of metadata, order statistics, is difficult to be computed because they are not mergeable or incremental. Thus, the limitation of time and memory space does not support their computation on large-scale data. In this paper, we focus on an order statistic, quantiles, and present a comprehensive analysis of studies on approximate quantile computation. Both deterministic algorithms and randomized algorithms that compute approximate quantiles over streaming models or distributed models are covered. Then, multiple techniques for improving the efficiency and performance of approximate quantile algorithms in various scenarios, such as skewed data and high-speed data streams, are presented. Finally, we conclude with coverage of existing packages in different languages and with a brief discussion of the future direction in this area.",related:similar,n09,2,Maintain compact approximate-quantile summaries of latency samples and merge summaries across nodes; query the merged summary for tail percentiles instead of retaining every sample.,"Quantile summaries retain information about the latency distribution in bounded space, and their mergeability supports combining observations from distributed sources. Approximation bounds make it possible to assess tail percentiles while reducing trace-retention and transmission costs.","Attach samples to request timestamps or identities and record per-stage durations at the robot and inference server. Summaries of transport-stage latency, kept separate from queueing, GPU compute, and action-application durations, could show whether a regression affects tail percentiles without storing every request trace.","On a fixed Root workload, compare full per-request latency traces with compact quantile summaries at matched memory and transmission budgets. Evaluate tail-percentile error and whether the summaries detect injected transport-delay tails; report collection overhead and distinguish transport from server-side stages.","When a network node receives q-digest trees from other nodes, it merges them with its own tree by adding up count of nodes representing the same elements and applying COMPRESS.","Selected PDF text, Section II.B, Distributed Model (q-digest description).",UNKNOWN,UNKNOWN,"This is a survey of approximate quantile methods, not a Root or remote-inference evaluation. It supports compact, mergeable quantile summaries, but provides no evidence that such summaries preserve the diagnostic power needed to localize network tails in Root."
arxiv:2006.08420,Combinatorial Group Testing and Sparse Recovery Schemes with Near-Optimal Decoding Time,https://arxiv.org/abs/2006.08420,"In the long-studied problem of combinatorial group testing, one is asked to detect a set of k defective items out of a population of size n, using m ≪ n disjunctive measurements. In the non-adaptive setting, the most widely used combinatorial objects are disjunct and list-disjunct matrices, which define incidence matrices of test schemes. Disjunct matrices allow the identification of the exact set of defectives, whereas list disjunct matrices identify a small superset of the defectives. Apart from the combinatorial guarantees, it is often of key interest to equip measurement designs with efficient decoding algorithms. The most efficient decoders should run in sublinear time in n, and ideally near-linear in the number of measurements m. In this work, we give several constructions with an optimal number of measurements and near-optimal decoding time for the most fundamental group testing tasks, as well as for central tasks in the compressed sensing and heavy hitters literature. For many of those tasks, the previous measurement-optimal constructions needed time either quadratic in the number of measurements or linear in the universe size. Most of our results are obtained via a clean and novel approach which avoids list-recoverable codes or related complex techniques which were present in almost every state-of-the-art work on efficiently decodable constructions of such objects.",firecrawl,n10,3,"Non-adaptive sparse fault group testing: design disjunct or list-disjunct test matrices, run tests on selected combinations of candidate causes, then decode the positive/negative outcomes to identify the sparse cause set or a small superset. The decoder progressively extends candidate prefixes and discards prefixes that participate in negative tests.","A true cause cannot occur in a negative test, so negative outcomes prune candidates; the matrix construction lets a small number of tests distinguish a sparse set of causes, while the decoding procedure keeps recovery efficient. This is a concrete way to investigate fewer cause combinations than testing every cause individually, provided Root can define informative tests and outcomes.","Attach at controlled Root fault-injection runs: treat candidate causes such as network delay/loss, server queueing, and GPU delay as items; apply designed combinations of those causes; and record whether a specified tail regression occurs. This could narrow the causes implicated in a regression with fewer runs. It does not itself localize delay within a request or distinguish transport from queueing/compute from passive telemetry; those require suitable test definitions and stage-specific signals.","In a controlled test environment, define candidate fault interventions and a fixed tail-regression outcome, construct a disjunct or list-disjunct test matrix, and run its prescribed combinations. Decode the outcomes and compare cause recovery, false positives, and number of runs against one-cause-at-a-time testing. Include network and server-side faults separately and in combinations; assess whether interactions or noisy outcomes violate the group-test assumptions.","Our algorithm then starts from ℓ = log k and processes prefixes in increasing length ℓ, trying to gradually find the prefixes of all the defective items, by discarding prefixes that do not participate in a positive test.","Selected PDF text, paragraph beginning “Our approach departs from previous work”; also the later paragraph beginning “Given the above definitions” describes checking prefixes for participation in a negative test.",The paper reports optimal measurement counts and near-optimal decoding time for stated constructions; the abstract says prior measurement-optimal constructions for many tasks required quadratic time in the number of measurements or linear time in the universe size. Root-measured gain: UNKNOWN.,"Previous measurement-optimal constructions for many tasks, reported as requiring quadratic time in the number of measurements or linear time in the universe size.","The paper studies combinatorial group testing and sparse recovery, not network diagnosis. Applying it at Root depends on designing tests whose outcomes reliably indicate whether a cause subset produces the defined regression; interactions, stochastic tails, and cause dependence may complicate that encoding. It provides no network-tail results or Root experiment."
arxiv:2007.03731,PINT: Probabilistic In-band Network Telemetry,https://arxiv.org/abs/2007.03731,"Commodity network devices support adding in-band telemetry measurements into data packets, enabling a wide range of applications, including network troubleshooting, congestion control, and path tracing. However, including such information on packets adds significant overhead that impacts both flow completion times and application-level performance. We introduce PINT, an in-band telemetry framework that bounds the amount of information added to each packet. PINT encodes the requested data on multiple packets, allowing per-packet overhead limits that can be as low as one bit. We analyze PINT and prove performance bounds, including cases when multiple queries are running simultaneously. PINT is implemented in P4 and can be deployed on network devices. Using real topologies and traffic characteristics, we show that PINT concurrently enables applications such as congestion control, path tracing, and computing tail latencies, using only sixteen bits per packet, with performance comparable to the state of the art.",firecrawl | related:similar,n04 | n09 | n14,2,"PINT probabilistically distributes in-band per-hop telemetry across multiple packets while enforcing a per-packet bit budget. For latency queries, switches contribute sampled per-hop latency values; per-switch sketches aggregate the samples to estimate flow latency quantiles, including the median and tail.","The collected packets provide sampled measurements associated with individual switches along a flow's path, so estimates can expose which network hops contribute latency without embedding every hop's measurements in every packet. This could give Root network-side evidence at the packet and switch level, while sketches and bounded packet overhead reduce collection and processing costs. The supplied context does not establish that this separates network delay from server or GPU time end to end.","Instrument the robot-to-cloud transport path so switches attach PINT telemetry to packets associated with an inference request or flow. Preserve a request/flow identity at the endpoint, then compare per-switch latency estimates with endpoint request timings to localize network contributions; server queueing, GPU compute, and action application would require separate timestamps.","On a controlled remote-inference path, compare PINT-derived per-hop latency quantiles against full per-packet switch telemetry and endpoint timings during induced network congestion. Measure localization error for tail requests, packet overhead, and sketching/collection cost; separately timestamp server queueing and GPU execution to test whether network delay is distinguishable.","we can estimate the median and tail latency of the (flow, switch) pair by finding the relevant quantile of the subsampled stream.","Selected PDF text, PINT Encoding and Recording Module discussion (page 7 in the excerpt).","The abstract reports that PINT supports computing tail latencies using only sixteen bits per packet, with performance comparable to the state of the art. In the combined-query evaluation, median-latency relative error increases by 0.7% versus the baseline of running each query separately.","State-of-the-art approaches for the abstract's performance comparison; for the combined-query result, running each query separately.","The supplied text does not specify the precise switch-level latency measurement definition or show a robot-to-cloud deployment. Per-flow telemetry may require enough packets from that flow, and the paper notes that PINT is ineffective for some single-packet short flows. Request-to-packet association and separation from server/GPU delay are proposed transfer requirements, not demonstrated results."
arxiv:2009.09786,Cloud-gaming:Analysis of Google Stadia traffic,https://arxiv.org/abs/2009.09786,"Interactive, real-time, and high-quality cloud video games pose a serious challenge to the Internet due to simultaneous high-throughput and low round trip delay requirements. In this paper, we investigate the traffic characteristics of Stadia, the cloud-gaming solution from Google, which is likely to become one of the dominant players in the gaming sector. To do that, we design several experiments, and perform an extensive traffic measurement campaign to obtain all required data. Our first goal is to gather a deep understanding of Stadia traffic characteristics by identifying the different protocols involved for both signalling and video/audio contents, the traffic generation patterns, and the packet size and inter-packet time probability distributions. Then, our second goal is to understand how different Stadia games and configurations, such as the video codec and the video resolution selected, impact on the characteristics of the generated traffic. We also evaluate the ability of Stadia to adapt to different link capacity conditions, including cases where the capacity drops suddenly, as well as sudden increases in the network latency. Our results and findings, besides illustrating the characteristics of Stadia traffic, are also valuable for planning and dimensioning future networks, as well as for designing new resource management strategies. Finally, we compare Stadia traffic to other video streaming applications, showcasing the main differences between them, and introduce a traffic model using our captures. We show that this model can be used in simulations to further investigate the network performance in presence of Stadia traffic.",firecrawl | previous_seed,n14,2,"Controlled network-condition perturbation: add/remove latency or constrain bandwidth at the client, then correlate WebRTC RTT and jitter-buffer measurements with traffic and stream behavior.","The intervention provides a known change in network conditions, while transport metrics and observed stream changes show whether delay or capacity affects delivery. RTT and jitter-buffer delay offer distinct evidence about network round trips and client-side packet buffering, respectively.","In a Root experiment, perturb the robot–server path and record synchronized request IDs and timestamps alongside transport RTT, packet loss/jitter, and client/server queue and compute timings. This could test whether a tail follows network delay or buffering rather than server queueing or inference. The paper’s Chrome WebRTC metrics may not be available in Root’s runtime.","Replay comparable inference requests under baseline conditions and under controlled added latency or reduced bandwidth. Compare end-to-end tails with transport RTT, packet-delivery or buffering signals, server queue time, and inference time; repeat after removing the perturbation to check whether the tail tracks the network change.","Then, after 60 seconds, we add the same extra latency value to both incoming and outgoing packets from the client. We add 40 ms, 50 ms and 60 ms to each link","Selected PDF text, Section 11, “How Stadia reacts to latency changes”",UNKNOWN,UNKNOWN,"The study measures a cloud-gaming stream, not remote robot inference. Its RTT is derived from STUN request/response timing, and the excerpt does not establish that this metric isolates application request latency or one-way network delay."
arxiv:2010.09584,Latency-aware and -predictable Communication with Open Protocol Stacks for Remote Drone Control,https://arxiv.org/abs/2010.09584,"In order to create cooperating swarms of Unmanned Autonomous Vehicles (UAVs) that also interact with various other systems and devices, open and free communication systems are mandatory. This paper presents an implementation of such a communication system to incorporate the Crazyflie nano-drone as a UAV platform. The protocol stack leverages the open Predictably Reliable Real-time Transport (PRRT) protocol that adds latency-awareness and -predictability to stacks composed of standard Internet protocols. To enable the drone to receive and reply to control commands via Wi-Fi, it has been extended with a Raspberry Pi that runs two variants of the Crazybridge---a software to connect the control board to the network. To evaluate how practical this solution is for the use in control applications, the communication has been analysed with a focus on the latency properties. Our investigations show that despite using the open protocol stack---and hence opting out of specialised implementations---the resulting latencies are in the same order of magnitude (4 to 9 ms) as the latency of the proprietary link.",firecrawl,n16,2,"Cross-layer packet tracing (X-Lap) records how long each request-response packet pair spends in communication and processing steps, allowing end-to-end latency to be decomposed by stage.","Stage-level timing can distinguish network transmission delay from bridge processing and UART delay, so a tail can be localized rather than inferred from end-to-end RTT alone. The paper uses this analysis to identify the Raspberry Pi UART driver as a source of latency and jitter.","Attach timestamps to request/response identity at the robot and server-side transport and processing boundaries. Retain per-stage timings for tail requests so Root can identify whether excess latency arose on the network path or in local queueing, bridge processing, or UART handling.","Replay the same remote-control request workload under baseline and controlled network impairment (such as injected delay, loss, or contention). Capture per-stage packet traces and compare tail RTTs and stage contributions; verify that network-induced tails increase network-stage time while local bridge or UART delays remain separable.",X-Lap captures traces that allow to deduce how long a packet needed to be processed in a certain step in the communication and processing chain.,"Selected PDF text, section IV-D, “Cross-Layer Analysis using X-Lap”",The paper reports that replacing the Python bridge with the Rust bridge reduced RTT from about 18 ms to 9 ms; this is not a measured Root gain.,"The communication-path comparison reports about 4 ms RTT for Crazyradio, 18 ms for PRRT with the Python bridge, and 9 ms for PRRT with the Rust bridge. For the Python-bridge trace, PRRT round-trip latency had a median below 7 ms, versus 17.50 ms median end-to-end latency.",The paper analyzes latency components but does not report a controlled rare-network-delay experiment. The Rust bridge lacks the logging required for the same in-depth X-Lap analysis.
arxiv:2010.13681,Aggregate-Driven Trace Visualizations for Performance Debugging,https://arxiv.org/abs/2010.13681,"Performance issues in cloud systems are hard to debug. Distributed tracing is a widely adopted approach that gives engineers visibility into cloud systems. Existing trace analysis approaches focus on debugging single request correctness issues but not debugging single request performance issues. Diagnosing a performance issue in a given request requires comparing the performance of the offending request with the aggregate performance of typical requests. Effective and efficient debugging of such issues faces three challenges: (i) identifying the correct aggregate data for diagnosis; (ii) visualizing the aggregated data; and (iii) efficiently collecting, storing, and processing trace data. We present TraVista, a tool designed for debugging performance issues in a single trace that addresses these challenges. TraVista extends the popular single trace Gantt chart visualization with three types of aggregate data - metric, temporal, and structure data, to contextualize the performance of the offending trace across all traces.",firecrawl | previous_seed,n04,3,Overlay per-task latency distributions and millisecond-aligned counts of concurrent requests handled by the same process on a selected request trace; use the distributions and concurrency overlay to flag atypical task latency and potential server-side contention.,"The selected trace gains comparison context from typical executions and concurrent work. A slow task aligned with high same-process concurrency supports a server-contention explanation; a slow task without that signal, especially around a communication edge, remains a candidate for network or other causes. This is a diagnostic cue, not packet-level proof of network delay.","At the server-side spans for remote inference, attach the contemporaneous per-process active-request count and task-latency distribution to the request-correlated trace. This can expose server contention as an alternative to network tail delay without requiring packet-level instrumentation, though it cannot by itself distinguish network delay from every other cause.","Replay comparable inference requests with separately controlled network-delay and server-queueing perturbations. Compare task-latency distributions and same-process concurrency overlays for affected spans, and measure whether the cues distinguish queueing from network perturbation. Treat the result as a Root experiment; the paper reports no Root gain.","Currently, TraVista uses the number of requests being handled by a process executing a task to approximate the contention during the execution of that task.","Selected PDF text, §3.1, “Temporal Aggregation”; the following interface description says this data is gathered at millisecond granularity and plotted over spans.",UNKNOWN,Single-trace Gantt chart without aggregate context.,"The concurrency count approximates contention but does not establish causality or identify packet-level network delay. The paper does not evaluate whether these cues distinguish network delay from server queueing, and its reported work is not a measured Root result."
arxiv:2011.06059,Empirically Characterizing the Buffer Behaviour of Real Devices,https://arxiv.org/abs/2011.06059,"All the routers include a buffer in order to enqueue packets waiting to be transmitted. The behaviour of the routers' buffer is of primary importance when studying network traffic, since it may modify some characteristics, as delay or jitter, and may also drop packets. As a consequence, the characterization of this buffer is interesting, especially when real-time flows are being transmitted: if the buffer characteristics are known, then different techniques can be used so as to adapt the traffic: multiplexing a number of small packets into a big one, fragmentation, etc. This work presents a preliminary study of how to determine the technical and functional characteristics of the buffer of a certain device (as e.g. behaviour, size, limits, input and output rate), or even in a remote Internet network node. Two different methodologies are considered, and tested on two real scenarios which have been implemented; real measurements permit the estimation of the buffer size, and the input and output rates, when there is physical or remote access to the ""System Under Test"". In case of having physical access, the maximum number of packets in the queue can be determined by counting. In contrast, if the node is remote, its buffer size has to be estimated. We have obtained accurate results in wired and wireless networks.",firecrawl,n06 | n14,2,"Actively flood a suspected bottleneck with sequenced UDP packets at an input rate above its output capacity, then use destination-side packet arrival times and sequence-number gaps to estimate output rate, losses, and buffer occupancy/size. With physical access, synchronized input/output captures instead count packets queued between arrival and departure.","Overload makes queue growth observable: output timing reflects packets draining at the bottleneck rate, while the first missing sequence number marks overflow. The remote method uses the delay until that loss, together with estimated input and output rates, to infer buffer size. This provides evidence of transport queue buildup rather than merely recording an end-to-end tail; it does not by itself distinguish that delay from server queueing or compute unless the measurement endpoints isolate the network.","Attach sequence IDs and send/receive timestamps to robot-to-cloud requests, and capture transport events at the robot and inference server. A controlled, rate-limited overload probe on a test path could estimate whether a bottleneck queue contributes to tail latency; compare its arrival, loss, and queue-delay signature with request latency. This would add evidence about network buffering, but the paper's remote estimate relies on deliberate buffer flooding and does not establish a safe passive method for production action loops.","In a controlled Root testbed, replay identical robot requests over a path with a configurable bottleneck. Vary offered load around the bottleneck capacity; record request identity, sender/receiver timestamps, sequence gaps, and (where available) synchronized captures at both ends. Compare inferred queue delay/overflow against measured queue occupancy and end-to-end tail latency, with server queueing and GPU workload held fixed. Include an unloaded control and test whether the probe itself affects action-loop latency.",The method is based on sending a continuous packet flow at a rate bigger than the output capacity. This will flood the buffer and cause packet loss.,"Selected PDF text, Section III.B, “Finding buffer size with remote access”",UNKNOWN,UNKNOWN,"The paper reports buffer-characterization tests on wired and wireless devices, not robot inference or rare control-loop tails. Remote estimates are less accurate than physical-access measurements and are reported as acceptable when input rate exceeds output rate by more than three times and large packets are used. The method's deliberate overload may be unsafe or unrepresentative for live robot traffic; n13 and n16 remain keep because direct action-loop applicability and rare-delay performance are not demonstrated."
arxiv:2012.06774,"A network analysis on cloud gaming: Stadia, GeForce Now and PSNow",https://arxiv.org/abs/2012.06774,"Cloud gaming is a new class of services that promises to revolutionize the videogame market. It allows the user to play a videogame with basic equipment while using a remote server for the actual execution. The multimedia content is streamed through the network from the server to the user. This service requires low latency and a large bandwidth to work properly with low response time and high-definition video. Three of the leading tech companies, (Google, Sony and NVIDIA) entered this market with their own products, and others, like Microsoft and Amazon, are planning to launch their own platforms in the near future. However, these companies released so far little information about their cloud gaming operation and how they utilize the network. In this work, we study these new cloud gaming services from the network point of view. We collect more than 200 packet traces under different application settings and network conditions for 3 cloud gaming services, namely Stadia from Google, GeForce Now from NVIDIA and PS Now from Sony. We analyze the employed protocols and the workload they impose on the network. We find that GeForce Now and Stadia use the RTP protocol to stream the multimedia content, with the latter relying on the standard WebRTC APIs. They result in bandwidth-hungry and consume up to 45 Mbit/s, depending on the network and video quality. PS Now instead uses only undocumented protocols and never exceeds 13 Mbit/s.",firecrawl | related:similar | related:citers | related:references,n14,3,"Use packet-level retransmission activity as a loss-linked streaming signal, and validate its response under controlled packet-loss impairment.","For Stadia, the paper identifies a separate video-retransmission flow that becomes active alongside packet losses and bitrate adaptations. Controlled loss injection provides a way to check whether this signal responds to network impairment. This can expose loss-related streaming degradation, though it does not by itself localize end-to-end latency tails or distinguish network delay from server and compute time.","Capture transport packets at a robot-side gateway and correlate loss or retransmission events with request IDs and action-loop timestamps. This adds a network-side signal that can be compared against server queueing, GPU completion, and action-application timestamps; it does not require Reflex's private infrastructure.","Replay the same Root workload while independently injecting packet loss and delay with tc-netem. Capture packet traces and correlate loss/retransmission sequences with request-level network time and end-to-end tail latency. In separate runs, vary server queueing or GPU load without network impairment; test whether the packet signal distinguishes network-linked regressions from those server-side causes.","the ow becomes suddenly active, carrying large packets containing video content. Moreover, this behaviour co-occurs with packet losses and bi- trate adaptations on the video stream","Selected PDF text, Section 4.3, Multimedia streaming",UNKNOWN,Sessions with no packet loss are reported as a reference for the controlled loss experiments; a diagnostic-performance baseline is UNKNOWN.,"The paper supports a loss-linked streaming indicator, not request-level tail diagnosis. It does not show that the indicator localizes latency or separates network delay from server queueing and compute. The cloud-gaming streaming setting is analogous to, but not identical to, a robot-to-cloud action loop."
arxiv:2012.13178,Optimal Estimation of Link Delays based on End-to-End Active Measurements,https://arxiv.org/abs/2012.13178,"Current IP based networks support a wide range of delay-sensitive applications such as live video streaming of network gaming. Providing an adequate quality of experience to these applications is of paramount importance for a network provider. The offered services are often regulated by tight Service Level Agreements that needs to be continuously monitored. Since the first step to guarantee a metric is to measure it, delay measurement becomes a fundamental operation for a network provider. In many cases, the operator needs to measure the delay on all network links. We refer to the collection of all link delays as the Link Delay Vector (LDV). Typical solutions to collect the LDV impose a substantial overhead on the network. In this paper, we propose a solution to measure the LDV in real-time with a low-overhead approach. In particular, we inject some flows into the network and infer the LDV based on the delay of those flows. To this end, the monitoring flows and their paths should be selected minimizing the network monitoring overhead. In this respect, the challenging issue is to select a proper combination of flows such that by knowing their delay it is possible to solve a set of a linear equation and obtain a unique LDV. We first propose a mathematical formulation to select the optimal combination of flows, in form of ILP problem. Then we develop a heuristic algorithm to overcome the high computational complexity of existing ILP solvers. As a further step, we propose a meta-heuristic algorithm to solve the above-mentioned equations and infer the LDV. The challenging part of this step is the volatility of link delays. The proposed solution is evaluated over real-world emulated network topologies using the Mininet network emulator. Emulation results show the accuracy of the proposed solution with a negligible networking overhead in a real-time manner.",firecrawl,n10,3,"Select a low-overhead set of routed active probe flows whose measured end-to-end delays form a solvable linear system, then infer per-link delays from the flow paths and delays.","Each probe reports the sum of delays along its known route. Combining measurements from selected routes allows the method to attribute elevated delay to individual links rather than leave it as an end-to-end symptom, while flow selection aims to use fewer probes. Repeating measurements can expose changing link delay, including queuing-related increases. This is a plausible way to distinguish network-path delay from server queueing or GPU compute, provided those server-side stages are measured separately.","Attach probes and timestamps to the robot–server path, retaining each probe's route identity and end-to-end delay. Root would need a known topology and the ability to map or control probe paths; inferred link delay could then be compared with inference-request latency and separately measured server stages.","In a controlled Root setup with known probe routes, induce delay or queueing on one network link, then separately induce server queueing and GPU delay. Compare inferred per-link delays and end-to-end probe measurements with ground truth across repeated samples, including tail periods. Measure detection/localization accuracy and probe count and traffic overhead against a denser probing baseline.",The number of flows and the selected path for each of them should be chosen in a way that by solving a system of linear equations the delays of desired links could be specified.,"selected_pdf_text, Proposed Architecture discussion of flow selection and per-link delay inference.",The abstract reports accurate emulation results with negligible networking overhead in real time; quantitative gain is UNKNOWN.,UNKNOWN,"The method supports link-level delay localization, but the supplied text does not establish tail-specific accuracy or a Root result. Transfer depends on known topology and route identity, and the inferred link delay includes processing, transmission, queuing, and propagation components. Server queueing, GPU compute, and action application require separate measurements to distinguish them."
arxiv:2101.02074,Latency Analysis of ROS2 Multi-Node Systems,https://arxiv.org/abs/2101.02074,"The Robot Operating System 2 (ROS2) targets distributed real-time systems and is widely used in the robotics community. Especially in these systems, latency in data processing and communication can lead to instabilities. Though being highly configurable with respect to latency, ROS2 is often used with its default settings. In this paper, we investigate the end-to-end latency of ROS2 for distributed systems with default settings and different Data Distribution Service (DDS) middlewares. In addition, we profile the ROS2 stack and point out latency bottlenecks. Our findings indicate that end-to-end latency strongly depends on the used DDS middleware. Moreover, we show that ROS2 can lead to 50% latency overhead compared to using low-level DDS communications. Our results imply guidelines for designing distributed ROS2 architectures and indicate possibilities for reducing the ROS2 overhead.",firecrawl,n04,2,"Intra-layer message-path profiling: insert timestamps at ROS2 call-stack boundaries, then categorize elapsed time into DDS, ROS2 middleware-interface, common ROS2, and notification-to-retrieval intervals.",The timestamped intervals can distinguish time attributed to DDS transport and receive handling from ROS2 overhead and the delay between data-available notification and message retrieval. This provides a concrete cross-layer localization signal rather than an end-to-end latency alone.,"Attach request/message identity and timestamps at robot-side send and cloud-side receive boundaries, and retain comparable transport and application-layer events. This method suggests how to separate transport time from middleware or dispatch delay, but its evaluation used localhost, so it does not establish behavior on a robot-to-cloud network.","The paper evaluates ROS2 message pipelines while varying publisher frequency, payload, node count, DDS backend, and reliability; it reports 95th-percentile latency and profiles call-stack intervals. A Root experiment could apply equivalent boundary timestamps to remote inference requests and compare the transport interval with server-side queueing and compute intervals during tail events.",It patches the ROS2 source tree to include timestamps into processed messages.,"Selected PDF text, §3.4 Evaluation Framework",Up to 50% ROS2 latency overhead compared to low-level DDS communications for small messages.,Low-level DDS communications,"The profiling evaluation uses localhost rather than a distributed network, and reports the 95th percentile rather than analyzing latency distributions. It does not evaluate tail-versus-healthy request divergence, off-path flows, sampling, or robot-to-cloud inference."
arxiv:2101.10113,ROS-NetSim: A Framework for the Integration of Robotic and Network Simulators,https://arxiv.org/abs/2101.10113,"Multi-agent systems play an important role in modern robotics. Due to the nature of these systems, coordination among agents via communication is frequently necessary. Indeed, Perception-Action-Communication (PAC) loops, or Perception-Action loops closed over a communication channel, are a critical component of multi-robot systems. However, we lack appropriate tools for simulating PAC loops. To that end, in this paper, we introduce ROS-NetSim, a ROS package that acts as an interface between robotic and network simulators. With ROS-NetSim, we can attain high-fidelity representations of both robotic and network interactions by accurately simulating the PAC loop. Our proposed approach is lightweight, modular and adaptive. Furthermore, it can be used with many available network and physics simulators by making use of our proposed interface. In summary, ROS-NetSim is (i) Transparent to the ROS target application, (ii) Agnostic to the specific network and physics simulator being used, and (iii) Tunable in fidelity and complexity. As part of our contribution, we have made available an open-source implementation of ROS-NetSim to the community.",firecrawl | related:similar | related:references,n16,3,"Synchronized, geometry-conditioned network co-simulation: capture the target application's IP packets, apply channel conditions derived from robot positions and environment, and record simulated packet delays alongside communication rates and robot state.","The operation enables controlled variation of network conditions on actual application traffic while keeping the robot and network simulations synchronized. Packet-delay tails can then be compared with channel state, rate drops, and retransmission conditions, helping test whether a regression is network-related rather than caused by inference compute or action application. The paper demonstrates a long delay tail and associates spikes with poor propagation conditions; it does not diagnose a deployed Root regression.","At a request's transport boundary, retain request identity and packet timestamps, then compare observed or replayed traffic with synchronized robot/channel state and network-layer delay metrics. This could provide controlled attribution of tail changes to network conditions without treating end-to-end inference latency alone as network delay.","Replay a fixed request workload and robot-state trace through a network simulator, varying channel geometry or impairment settings while holding server queueing, GPU compute, and action application fixed. Compare packet-delay tail distributions with request-level end-to-end latency and rate/retransmission metrics; verify that induced network changes affect transport delay without changing the fixed compute portion.",the average delay distribution has a main mode around 40 ms and a long exponential tail extending towards larger delays.,"Selected PDF text, numerical results following Figure 9 and Figure 10 discussion",UNKNOWN,UNKNOWN,"The paper supports controlled, simulation-based network-tail attribution, not a method for diagnosing live remote-inference regressions. It does not report a controlled rare-tail diagnostic experiment or separate inference-server queueing and compute from network delay."
arxiv:2101.12631,A Comprehensive Survey and Experimental Comparison of Graph-Based Approximate Nearest Neighbor Search,https://arxiv.org/abs/2101.12631,"Approximate nearest neighbor search (ANNS) constitutes an important operation in a multitude of applications, including recommendation systems, information retrieval, and pattern recognition. In the past decade, graph-based ANNS algorithms have been the leading paradigm in this domain, with dozens of graph-based ANNS algorithms proposed. Such algorithms aim to provide effective, efficient solutions for retrieving the nearest neighbors for a given query. Nevertheless, these efforts focus on developing and optimizing algorithms with different approaches, so there is a real need for a comprehensive survey about the approaches' relative performance, strengths, and pitfalls. Thus here we provide a thorough comparative analysis and experimental evaluation of 13 representative graph-based ANNS algorithms via a new taxonomy and fine-grained pipeline. We compared each algorithm in a uniform test environment on eight real-world datasets and 12 synthetic datasets with varying sizes and characteristics. Our study yields novel discoveries, offerings several useful principles to improve algorithms, thus designing an optimized method that outperforms the state-of-the-art algorithms. This effort also helped us pinpoint algorithms' working portions, along with rule-of-thumb recommendations about promising research directions and suitable algorithms for practitioners in different fields.",related:similar,n12,2,"Build an approximate nearest-neighbor graph index over feature vectors; for a query, start from seed vertices and greedily propagate through neighboring vertices with smaller query distance to retrieve similar items.","The graph encodes neighbor relationships, so search can evaluate fewer data points than a linear scan. Root could index request or trace features and retrieve comparable healthy requests more quickly, with approximate-search recall measured against exact retrieval.","Attach the index to stored request or trace features and use a new request as the query. This could accelerate comparable-baseline lookup, but the paper does not define network-specific features or a Root integration.","On a fixed corpus of healthy request or trace feature vectors, compare graph-index lookup with exact linear-scan retrieval at matched recall; measure lookup latency and recall as corpus size varies.",they only need to evaluate fewer points of dataset to receive more accurate results,"Selected PDF text, Introduction",UNKNOWN,UNKNOWN,The paper surveys and compares graph-based approximate nearest-neighbor algorithms rather than proposing a network diagnostic method. Applying its retrieval mechanism to Root requires choosing request features and validating that approximate matches are diagnostically useful.
arxiv:2102.09299,Theory meets Practice at the Median: a worst case comparison of relative error quantile algorithms,https://arxiv.org/abs/2102.09299,"Estimating the distribution and quantiles of data is a foundational task in data mining and data science. We study algorithms which provide accurate results for extreme quantile queries using a small amount of space, thus helping to understand the tails of the input distribution. Namely, we focus on two recent state-of-the-art solutions: t-digest and ReqSketch. While t-digest is a popular compact summary which works well in a variety of settings, ReqSketch comes with formal accuracy guarantees at the cost of its size growing as new observations are inserted. In this work, we provide insight into which conditions make one preferable to the other. Namely, we show how to construct inputs for t-digest that induce an almost arbitrarily large error and demonstrate that it fails to provide accurate results even on i.i.d. samples from a highly non-uniform distribution. We propose practical improvements to ReqSketch, making it faster than t-digest, while its error stays bounded on any instance. Still, our results confirm that t-digest remains more accurate on the ``non-adversarial'' data encountered in practice.",firecrawl | related:similar | related:citers,n09,3,"Maintain a ReqSketch over streaming latency observations: sorted buffers are compacted using randomized promotion and level-dependent weights, yielding a bounded-size summary for relative-rank and tail-quantile queries.","The weighted summary retains information for estimating ranks without keeping every observation, and ReqSketch has a relative-error guarantee. This can expose a change in a measured boundary's tail distribution with bounded storage; unlike a single threshold, it supports tail-quantile comparisons. It summarizes the distribution, however, rather than identifying the cause of a delay.","Attach sketches to timestamped request-level latency measurements at robot-side and server-side transport boundaries, keeping those measurements separate from server queueing, GPU compute, and action-application time. Root could retain bounded-space tail summaries at each boundary, but would still need request attribution or other signals to localize the cause.","Replay labeled Root request traces through ReqSketch, a t-digest, and an exact raw-sample reference. Inject controlled network-tail delays while holding queueing and compute fixed, then separately inject queueing and compute delays. Compare tail-quantile error, detection of distribution shifts, and retained bytes across stream orders and heavy-tailed inputs.","The error in the rank estimate for any item is unbiased, that is, 0 in expectation, and since it is a weighted sum of a bounded number of independent uniform 1 random variables, its distribution is sub-Gaussian","Selected PDF text, Section 3.2, ReqSketch description and rank-estimation error.",The paper reports that ReqSketch's empirical standard deviation of error on randomly shuffled inputs is over 10 times smaller than predicted by its worst-case analysis; this is not a Root result.,t-digest is the paper's principal comparison baseline.,"The paper evaluates quantile-summary accuracy, not network diagnostics. A sketch can reveal a tail shift only for the measurements supplied to it; it does not distinguish network delay from other latency components without suitable measurement placement and request attribution."
arxiv:2103.04954,Automatic Cause Detection of Performance Problems in Web Applications,https://arxiv.org/abs/2103.04954,"The execution of similar units can be compared by their internal behaviors to determine the causes of their potential performance issues. For instance, by examining the internal behaviors of different fast or slow web requests more closely and by clustering and comparing their internal executions, one can determine what causes some requests to run slowly or behave in unexpected ways. In this paper, we propose a method of extracting the internal behavior of web requests as well as introduce a pipeline that detects performance issues in web requests and provides insights into their root causes. First, low-level and fine-grained information regarding each request is gathered by tracing both the user space and the kernel space. Second, further information is extracted and fed into an outlier detector. Finally, these outliers are then clustered by their behavior, and each group is analyzed separately. Experiments revealed that this pipeline is indeed able to detect slow web requests and provide additional insights into their true root causes. Notably, we were able to identify a real PHP cache contention using the proposed approach.",firecrawl,n03 | n04,2,"Correlate user-space request boundaries with kernel scheduling, syscall, timer, and wakeup events; reconstruct each request’s cross-thread critical path and summarize its execution-state durations, including time blocked on network. Detect and cluster behavior outliers, then compare their features with normal requests to identify where time is spent.","Per-request execution-state durations and cross-thread wakeup relationships can distinguish network-blocked time from running or other blocked states, while comparison with normal requests highlights anomalous behavior. Root could attach request identities and timestamps to transport and runtime events, then test whether tail requests spend excess critical-path time blocked on network rather than in server queues, compute, or action application. The paper does not reconstruct packet-level causality.","Join request start/end timestamps and request identity to robot-side and server-side transport events, then use scheduling and wakeup events to identify network-blocked intervals on the request’s critical path. This supplies a cross-layer localization signal without requiring full tracing; packet/ACK/loss attribution would require additional instrumentation.","On matched healthy and tail remote-inference requests, collect request boundaries plus minimal scheduling, syscall, timer, and wakeup events; reconstruct critical paths and compare network-blocked duration with queueing and compute states. Check whether identified network waits align with transport events, and measure localization accuracy and tracing overhead against full tracing and request-duration-only baselines.",The following execution states are considered: Running in system call mode (RS) Running in user mode (RU) Blocked for disk I/O (BD) Blocked for network (BN),"Selected PDF text, Section III.A, Data Collection, execution states considered.","The paper reports minimal tracing overhead of 5.1–11.9% slowdown, compared with 29–62% for full tracing; it also reports identifying PHP OPcache contention. These are paper results, not Root gains.","No tracing and full tracing are the tracing-cost comparisons; for diagnosis, the method compares outlier request behavior with normal requests.","The reported network-blocked state and cross-thread critical path are transferable, but the supplied text does not show packet/ACK/loss attribution or validation on remote robot inference. The trace is not tail-triggered, so it does not support the tail-aware sampling lane."
arxiv:2104.13774,Scouting the Path to a Million-Client Server,https://arxiv.org/abs/2104.13774,"To keep up with demand, servers will scale up to handle hundreds of thousands of clients simultaneously. Much of the focus of the community has been on scaling servers in terms of aggregate traffic intensity (packets transmitted per second). However, bottlenecks caused by the increasing number of concurrent clients, resulting in a large number of concurrent flows, have received little attention. In this work, we focus on identifying such bottlenecks. In particular, we define two broad categories of problems; namely, admitting more packets into the network stack than can be handled efficiently, and increasing per-packet overhead within the stack. We show that these problems contribute to high CPU usage and network performance degradation in terms of aggregate throughput and RTT. Our measurement and analysis are performed in the context of the Linux networking stack, the the most widely used publicly available networking stack. Further, we discuss the relevance of our findings to other network stacks. The goal of our work is to highlight considerations required in the design of future networking stacks to enable efficient handling of large numbers of clients and flows.",firecrawl,n06,2,"Isolate Qdisc queueing through controlled interventions: compare baseline fair queuing with per-flow rate limiting that keeps aggregate demand below NIC capacity, then validate with CoDel configured to drop packets when queueing delay exceeds a target.","Rate limiting is intended to remove Qdisc queuing while preserving the workload, so a latency reduction implicates scheduler queue buildup. CoDel provides an independent check by constraining queueing delay. This helps distinguish queue delay from other stack overhead, though it does not identify every possible tail cause.","At the server-side transport boundary, correlate request identity and end-to-end latency with Qdisc enqueue/dequeue timestamps or queue-delay measurements. A controlled comparison with and without egress shaping or an AQM can show whether a remote-inference tail comes from transport queueing rather than server queueing, GPU compute, or action application.",Replay comparable robot-inference requests while holding aggregate offered load and compute workload constant. Compare baseline scheduling with a rate-limited condition that avoids Qdisc queueing and a CoDel condition with a known delay target. Record per-request end-to-end latency and server-side Qdisc queue delay; test whether tail latency falls with queue delay while GPU and application timings remain stable.,"Latency drops by an order of magnitude in that scenario at 300k ows and by more at smaller numbers of ows, leading to the conclusion that hundreds of milliseconds of delay are added because of queuing delays at the Qdisc.","Selected PDF text, discussion of Figure 2 and the comparison between baseline fq and per-flow rate limit.","At 300k flows, latency drops by an order of magnitude with per-flow rate limiting relative to baseline; CoDel delay is also reported as an order of magnitude below baseline.",Baseline fq (fair queuing) with flows not rate limited.,"The experiments use long-lived flows on a Linux testbed, not remote robot inference. The supplied text does not provide request-level event sequences or directly establish how much of a robot-inference tail this mechanism would explain."
arxiv:2105.04524,AP-side WLAN Analytics,https://arxiv.org/abs/2105.04524,"Monitoring the network performance experienced by the end-user is crucial for managers of wireless networks as it can enable them to remotely modify the network parameters to improve the end-user experience. Unfortunately, for performance monitoring, managers are typically limited to the logs of the Access Points (APs) that they manage. This information does not directly capture factors that can hinder station (STA) side transmissions. Consequently, state-of-the-art methods to measure such metrics primarily involve active measurements. Unfortunately, such active measurements increase traffic load and if used regularly and for all the STAs can potentially disrupt user traffic, thereby worsening performance for other users in the network and draining the battery of mobile devices. This thesis enables passive AP-side network analytics. In the first part of the thesis, I present virtual speed test, a measurement based framework that enables an AP to estimate speed test results for any of its associated clients solely based on AP-side observables. Next, I present Uplink Latency Microscope (uScope), an AP-side framework for estimation of WLAN uplink latency for any of the associated STAs and decomposition into its constituent components. Similar to virtual speed test, uScope makes estimations solely based on passive AP-side observations. We implement both frameworks on a commodity hardware platform and conduct extensive field trials on a university campus and in a residential apartment complex. In over 1 million tests, the two proposed frameworks demonstrate an estimation accuracy with errors under 10%.",firecrawl,n13,3,"Passive TCP virtual probing: correlate a downlink TCP segment with its returning uplink ACK to estimate WLAN uplink latency, then use intervening STA transmissions and 802.11 timing rules to decompose it into queueing and access delays, including retransmission and defer estimates.","TCP’s closed loop links the downlink segment to a later uplink ACK, so their timing reveals WLAN uplink delay without adding probe traffic. AP-observed STA transmissions help infer when the ACK reaches the STA queue, while 802.11 timing rules support further decomposition. This can expose WLAN delay as distinct from server queueing, GPU inference, or action application, though it does not diagnose those other delays.","At a managed AP on the robot-cloud path, correlate per-robot downlink TCP segments with returning ACKs and retain AP packet and 802.11 transmission timestamps. Root could obtain passive estimates of WLAN uplink delay and its components without generating probe traffic or requiring robot-side logs. Access to suitable AP telemetry and TCP traffic is not established.","In a controlled robot-cloud WLAN test, collect AP-side TCP and 802.11 timestamps during inference requests and compare uScope-style latency and component estimates with synchronized robot- and server-side packet captures. Introduce controlled WLAN contention and retransmissions; separately time server queueing, GPU inference, and action application. Test whether the estimates identify WLAN-tail episodes without adding traffic.",The duration between transmission of a TCP segment on the downlink to the reception of the TCP ACK on the uplink exposes the total WLAN uplink latency for that STA.,"Selected PDF text, Chapter 4 uScope virtual-probing description.","Mean estimation errors under 10% across estimated parameters in 1,296,000 tests.",Ground-truth values collected from STA-side observations for evaluation.,"The evidence supports WLAN uplink latency estimation and decomposition, not end-to-end inference-tail diagnosis specifically. Tail sensitivity, suitability of Root’s traffic, and access to AP-side telemetry remain unestablished; the reported accuracy is not a Root-measured gain."
arxiv:2105.12456,Path-Aware OMP Algorithms for Provenance Recovery in Wireless Networks,https://arxiv.org/abs/2105.12456,"Low-latency provenance embedding methods have received traction in vehicular networks for their ability to track the footprint of information flow. One such known method is based on Bloom filters wherein the nodes that forward the packets appropriately choose a certain number of hash functions to embed their signatures in a shared space in the packet. Although Bloom filter methods can achieve the required accuracy level in provenance recovery, they are known to incur higher processing delay since higher number of hash functions are needed to meet the accuracy level. Motivated by this behaviour, we identify a regime of delay-constraints within which new provenance embedding methods must be proposed as Bloom filter methods are no longer applicable. To fill this research gap, we present network-coded edge embedding (NCEE) protocols that facilitate low-latency routing of packets in vehicular network applications. First, we show that the problem of designing provenance recovery methods for the NCEE protocol is equivalent to the celebrated problem of compressed sensing, however, with additional constraints of path formation on the solution. Subsequently, we present a family of path-aware orthogonal matching pursuit algorithms that jointly incorporates the sparsity and path constraints. Through extensive simulation results, we show that our algorithms enjoy low-complexity implementation, and also improve the path recovery performance when compared to path-agnostic counterparts.",firecrawl,n09,3,"Compact in-packet route provenance with path-constrained sparse reconstruction: each forwarding node algebraically adds a pre-shared edge identity to the packet; the destination uses the encoded summary, hop count, and path-aware OMP to recover the traversed route.","The packet retains an encoded summary of the edges it traversed rather than a full forwarding trace. Path and sparsity constraints help reconstruct a valid route from that summary. For Root, attaching the recovered route to request identities could show whether tail requests use different paths or share route segments with other slow requests. This can narrow route-level investigation, but route provenance alone cannot identify which segment was slow or distinguish network delay from server queueing, GPU compute, or action application.","At the robot/server transport boundary, attach request identity and compact edge provenance to packets or requests, then reconstruct the route at the receiver. Correlate recovered routes with transport timestamps and separately measured server/GPU/action timings. This could avoid retaining full packet traces when route variation is the diagnostic question.","In a controlled Root test, collect provenance and request identity for robot-to-server requests while independently recording transport timing and server, GPU, and action-application timing. Compare tail requests with healthy requests: test whether route summaries identify distinct paths or shared segments associated with network delay, and whether they retain that route-level diagnostic value with less trace storage. The paper does not evaluate Root or establish a Root-measured gain.",the received provenance at the destination is,"Selected PDF text, NCEE protocol description; followed by the formulation of recovery as a sparse solution whose nonzero edge identities form a path.",UNKNOWN,Path-agnostic OMP counterparts for path-recovery comparisons; Bloom-filter provenance embedding for the delay-profile comparison.,"The paper demonstrates route recovery, not tail-latency diagnosis. It provides no timing for individual route segments, no attribution of shared-resource contention, and no Root evaluation. The Root experiment would need independent transport timing to associate route information with network delay and separate network delay from server-side and action-application time."
arxiv:2106.09206,QWin: Enforcing Tail Latency SLO at Shared Storage Backend,https://arxiv.org/abs/2106.09206,"Consolidating latency-critical (LC) and best-effort (BE) tenants at storage backend helps to increase resources utilization. Even if tenants use dedicated queues and threads to achieve performance isolation, threads are still contend for CPU cores. Therefore, we argue that it is necessary to partition cores between LC and BE tenants, and meanwhile each core is dedicated to run a thread. Expect for frequently changing bursty load, fluctuated service time at storage backend also drastically changes the need of cores. In order to guarantee tail latency service level objectives (SLOs), the abrupt changing need of cores must be satisfied immediately. Otherwise, tail latency SLO violation happens. Unfortunately, partitioning-based approaches lack the ability to react the changing need of cores, resulting in extreme spikes in latency and SLO violation happens. In this paper, we present QWin, a tail latency SLO aware core allocation to enforce tail latency SLO at shared storage backend. QWin consists of an SLO-to-core calculation model that accurately calculates the number of cores combining with definitive runtime load determined by a flexible request-based window, and an autonomous core allocation that adjusts cores at adaptive frequency by dynamically changing core policies. When consolidating multiple LC and BE tenants, QWin outperforms the-state-of-the-art approaches in guaranteeing tail latency SLO for LC tenants and meanwhile increasing bandwidth of BE tenants by up to 31x.",firecrawl,n06,3,"Queue-growth-triggered core-need diagnosis: within each request-based window, QWin snapshots queued work, estimates the cores required to meet the SLO using queue size, request waiting time, and storage service-time measurements, then compares that estimate with the current allocation. Within-window queue growth triggers a temporary-window recalculation.","The operation makes backlog an explicit runtime signal rather than inferring resource need only from past tail-latency percentiles. Its SLO-to-core estimate, informed by storage service time, provides a concrete test of whether queued work is consistent with insufficient processing capacity. This can expose backend queue buildup as a tail contributor, though it does not establish that a tail is network-caused or fully separate storage service delay from queue delay.","Attach at the inference server’s request queue: retain request identity, queue depth or enqueue/dequeue timestamps, current worker capacity, and server-compute and transport-stage timestamps. These signals would let Root test whether backlog and insufficient server capacity precede a tail, rather than relying on end-to-end latency alone. The paper does not provide transport-event attribution.","Replay comparable remote-inference requests while independently injecting server queue/worker-capacity pressure, GPU-compute load, and network delay. Record queue depth and enqueue/dequeue, transport, compute, and action-application timestamps. Test whether queue-growth and core-need estimates identify server-side backlog under server pressure while remaining low under network-only delay; compare attribution against latency-only observation. This is a proposed Root experiment, not a reported paper result.","In any case, insufficient cores cause queue to grow. Thus, the change of queue length indicates the changing need of cores.","Selected PDF text, discussion of temporary windows and within-window core adjustment.",BE-tenant bandwidth increased by up to 31x without violating LC-tenant target SLOs.,"Ceph-priority, Cake, and Shenango.","The paper uses queue growth to trigger core allocation, not to validate general tail-cause attribution. Its signals are from a storage backend; it provides no network-delay diagnostic or direct test of distinguishing network delay from backend queueing."
arxiv:2106.13710,"L, Q, R, and T -- Which Spin Bit Cousin Is Here to Stay?",https://arxiv.org/abs/2106.13710,"Network operators utilize traffic monitoring to locate and fix faults or performance bottlenecks. This often relies on intrinsic protocol semantics, e.g., sequence numbers, that many protocols share implicitly through their packet headers. The arrival of (almost) fully encrypted transport protocols, such as QUIC, significantly complicates this monitoring as header data is no longer visible to passive observers. Recognizing this challenge, QUIC offers explicit measurement semantics by exposing the spin bit to measure a flow's RTT. Ongoing efforts in the IETF IPPM working group argue to expose further information and enable the passive quantification of packet loss. This work implements and evaluates four currently proposed measurement techniques (L-, Q-, R-, and T-bit). We find that all techniques generally provide accurate loss estimations, but that longer algorithmic intervals for Q and R, yet foremost for T, complicate detecting very small loss rates or loss on short connections. Deployment combinations of Q & R as well as Q & L, thus, have the best potential for accurately grasping the loss in networks.",firecrawl,n09,2,"Explicit in-band flow measurement: transport loss detections are encoded as L-bit marks on subsequent packets, while Q/R/T variants encode packet counts or loss through periodic marked-packet phases. A passive on-path observer counts or compares the marks to estimate packet loss.",The marks expose loss information to an observer even when encrypted transport headers hide ordinary semantics. Comparing observed marks or phase counts with expected counts can quantify loss without relying on application-level inference timing. The paper also finds that phase-based methods can miss loss when an entire phase is lost or flows are short.,"Attach a passive observer to the robot-cloud transport path and associate observed per-flow loss-mark counts with request timestamps or identities. This could reveal packet loss as a network contributor to slow inference requests, but does not by itself distinguish queueing, jitter, endpoint stalls, server queueing, GPU compute, or action application. The paper does not evaluate robot action loops.","The authors implemented L-, Q-, R-, and T-bit mechanisms in aioquic and evaluated them in a Mininet client-server testbed with a downstream observer. They induced random and burst loss using tc netem, varied download sizes, captured traffic with tcpdump, and compared inferred loss with ground truth derived from arbiter queue statistics and traffic captures.","To convey the number of lost packets to an on-path observer, she sets the L-Bit (in the observable packet header) in the next packet","Selected PDF text, Section 2.2.1, “Loss Event Bit (L-Bit)”",UNKNOWN,Ground-truth packet loss derived from network-arbiter queue statistics and traffic captures; no scalar improvement over baseline reported.,"The mechanism measures packet loss, not tail latency or queue buildup. The paper does not test event-sequence features for separating jitter, retransmission, and endpoint stalls, nor does it validate use in robot-to-cloud action loops. Its evaluation supports in-band loss summaries and a controlled Root experiment, but applicability to short robot requests is uncertain because phase-based mechanisms need sufficient flow length."
arxiv:2107.13968,Improving Latency with Active Queue Management (AQM) During COVID-19,https://arxiv.org/abs/2107.13968,"During the COVID-19 pandemic the Comcast network performed well in response to unprecedented changes in Internet usage and video communications applications that are sensitive to network latency have exploded in popularity. However, in today's typical networks-such as a home network-those applications often degrade if they are sharing a network link with other network traffic. This is a problem caused by a network design flaw often described using the term 'buffer bloat'. Several years ago, Comcast helped to fund research and development in the technical community into new Active Queue Management (AQM) techniques to eliminate this issue and AQM was later built into Data Over Cable Service Interface Specification (DOCSIS) standards. Just prior to the pandemic, Comcast also deployed a large-scale network performance measurement system that included a latency under load test. In addition, Comcast happened to deploy two otherwise identical cable modems; one with upstream AQM enabled, and the other without. This fortuitous confluence of events has enabled Comcast to perform a comparative analysis of the differences between cable modem gateways using AQM with those that lack that enhancement, at a unique level of scale across many months of time and millions of devices. The data reveals significantly better upstream latency under load performance when AQM is used. For the device with AQM, most of the latency under load tests resulted in 15-30 milliseconds of latency. In comparison, the device without AQM averaged roughly 250 milliseconds of latency, between 8-16 times higher, a highly significant difference to the end user quality of experience. These large-scale measurement comparisons should provide additional data to justify accelerated deployment of AQM in DOCSIS and other Internet Service Provider networks and user-purchased home network equipment.",firecrawl,n06,2,"Measure latency while iperf3 saturates the upstream link, then compare otherwise similar modem configurations with DOCSIS-PIE AQM enabled versus disabled. AQM manages the queue under load; reduced working latency with AQM indicates that queue buildup contributes to the observed delay.","The simultaneous load-and-latency test exposes delay that appears when traffic fills queues, while the AQM-on/off comparison tests whether managing that queue reduces latency. This can help distinguish queue-related network delay from inference compute or action-application delay, although the test measures end-to-end path latency rather than isolating every hop.","Attach a latency-under-load probe to the robot-to-server transport path and correlate its result with request timestamps. A controlled AQM or queue-management comparison could reveal whether network queue buildup contributes to remote-inference tails, separately from server queueing and GPU execution. The paper does not provide packet-drought or loss-recovery signatures.","Run repeated remote-inference requests under controlled upstream background load, measuring request-path latency and inference/server timings. Compare queue-management enabled and disabled conditions while holding other factors constant; check whether network-path tail latency falls under load without a corresponding change in server or GPU time.",To determine the impact to latency during periods when a data flow is causing queues to be filled to capacity the system uses a measurement that will simultaneously load the network and measure latency.,"Selected PDF text, Section 9, “Latency Testing.”","With AQM, most latency-under-load tests were 15–30 ms; without AQM, latency averaged roughly 250 ms, reported as 8–16 times higher.","XB6 modem variant without upstream AQM, using the older buffer-control configuration.","The comparison is between different XB6 hardware variants, and the context notes chipset differences; this may confound the AQM comparison. The measurement is path-level and does not independently separate access-network queueing from other network-path delays. No Root experiment or robot-inference result is reported."
arxiv:2109.01201,ECO: Edge-Cloud Optimization of 5G applications,https://arxiv.org/abs/2109.01201,"Centralized cloud computing with 100+ milliseconds network latencies cannot meet the tens of milliseconds to sub-millisecond response times required for emerging 5G applications like autonomous driving, smart manufacturing, tactile internet, and augmented or virtual reality. We describe a new, dynamic runtime that enables such applications to make effective use of a 5G network, computing at the edge of this network, and resources in the centralized cloud, at all times. Our runtime continuously monitors the interaction among the microservices, estimates the data produced and exchanged among the microservices, and uses a novel graph min-cut algorithm to dynamically map the microservices to the edge or the cloud to satisfy application-specific response times. Our runtime also handles temporary network partitions, and maintains data consistency across the distributed fabric by using microservice proxies to reduce WAN bandwidth by an order of magnitude, all in an application-specific manner by leveraging knowledge about the application's functions, latency-critical pipelines and intermediate data. We illustrate the use of our runtime by successfully mapping two complex, representative real-world video analytics applications to the AWS/Verizon Wavelength edge-cloud architecture, and improving application response times by 2x when compared with a static edge-cloud implementation.",related:references,n13,2,"Continuously monitor application- and network-level performance, and when the current microservice placement no longer meets its latency constraint, recompute an edge/cloud placement with a graph min-cut and reschedule the affected services.","Moving latency-critical services toward the edge can reduce dependence on a degraded WAN link. The method uses application-specific pipeline and communication information to select a placement under an end-to-end latency constraint, rather than treating network degradation as an isolated log signal.","For a robot-cloud action loop, Root could attach network-performance measurements and action-loop latency to a placement-change event, then test whether moving inference or related services to the robot-side edge removes the tail. This is primarily a mitigation and causal intervention, not a method for separating network delay from server queueing or compute time.","In a 24-hour real-time monitoring deployment with a 250 ms latency constraint, compare dynamic mapping enabled versus disabled during observed drops in upload bandwidth between Wavelength and Availability Zone. The paper reports that services were temporarily moved to Wavelength when dynamic mapping was enabled.","when dynamic mapping was turned ON, the spike was handled seamlessly by our runtime by moving FE and FM microservices temporarily from availability zone to the wavelength zone, thereby keeping the end-to-end application latency below 250 milliseconds","Selected PDF text, Section IV-D-2, “Impact on dynamic mapping”",End-to-end application latency stayed below the specified 250 ms constraint during three near-zero upload-bandwidth episodes; the abstract also reports 2x improved response time versus a static edge-cloud implementation.,"Dynamic mapping OFF for the 24-hour experiment; for the reported 2x gain, a static, manually optimized edge-cloud implementation.","The context does not specify the network-performance signals or trigger thresholds used by the scheduler, nor does it report tail percentiles or isolate network delay from compute and queueing. The intervention is promising for Root but is not itself a fine-grained network-tail diagnosis."
arxiv:2109.07743,Optimal Probing with Statistical Guarantees for Network Monitoring at Scale,https://arxiv.org/abs/2109.07743,"Cloud networks are difficult to monitor because they grow rapidly and the budgets for monitoring them are limited. We propose a framework for estimating network metrics, such as latency and packet loss, with guarantees on estimation errors for a fixed monitoring budget. Our proposed algorithms produce a distribution of probes across network paths, which we then monitor; and are based on A- and E-optimal experimental designs in statistics. Unfortunately, these designs are too computationally costly to use at production scale. We propose their scalable and near-optimal approximations based on the Frank-Wolfe algorithm. We validate our approaches in simulation on real network topologies, and also using a production probing system in a real cloud network. We show major gains in reducing the probing budget compared to both production and academic baselines, while maintaining low estimation errors, even with very low probing budgets.",firecrawl,n10,2,"Use A- or E-optimal experimental design to allocate a fixed probe budget across network paths so path measurements best estimate per-edge latency or loss; compute scalable near-optimal probing distributions with Frank-Wolfe, then fit a model to estimate metrics for probed and unprobed paths.","Paths are represented by their constituent edges, allowing observed path metrics to inform estimates of edge metrics and, in turn, other path metrics. The design directs scarce probes toward measurements that reduce estimation error, rather than probing all paths uniformly. This could help identify which links contribute to elevated path latency, but the method estimates metrics such as mean latency and does not specifically diagnose tail events or separate network delay from server queueing or compute.","A possible Root attachment is to treat robot-to-server or server-to-robot transport routes as paths and allocate probes across them, using path measurements to estimate shared-link contributions. Root would gain estimates for less-probed paths or links under a fixed probe budget. The paper does not establish how to map its cloud topology and probe observations to Root's request-level timing or isolate network delay from other inference stages.","On a fixed probe budget, compare optimal-design probing with uniform path probing and QR-selected paths in a controlled Root test. Estimate shared transport-link latency from measured path latencies, then compare estimation error and detection of injected link-delay regressions. Keep request-level network timing separate from server queueing, GPU compute, and action application.","Our proposed algorithms produce a distribution of probes across network paths, which we then monitor; and are based on A- and E-optimal experimental designs in statistics.","Abstract; selected PDF text, Section 2 Framework","The paper reports lower estimation errors than QR and uniform-probing baselines at similar budgets, including real-cloud probing experiments. It describes major probing-budget gains but gives no specific budget-reduction figure in the supplied context.","QR path selection from Chua, Kolaczyk, and Crovella (2005), and Prod, which allocates probes evenly across all paths.","The supplied results concern metric-estimation error for latency and packet loss, not tail-latency diagnosis. The context does not establish request-level or robot-to-server deployment, tail-aware sampling, or attribution that separates transport delay from server-side delays."
arxiv:2109.08329,Cross-layer Visualization and Profiling of Network and I/O Communication for HPC Clusters,https://arxiv.org/abs/2109.08329,"Understanding and visualizing the full-stack performance trade-offs and interplay between HPC applications, MPI libraries, the communication fabric, and the file system is a challenging endeavor. Designing a holistic profiling and visualization method for HPC communication networks is challenging since different levels of communication coexist and interact with each other on the communication fabric. A breakdown of traffic is essential to understand the interplay of different layers along with the application's communication behavior without losing a general view of network traffic. Unfortunately, existing profiling tools are disjoint and either focus on only profiling and visualizing a few levels of the HPC stack, which limits the insights they can provide, or they provide extremely detailed information which necessitates a steep learning curve to understand. We target our profiling tool visualization to provide holistic and real-time insights into HPC communication stacks. In this paper, we propose and implement our visualization methods to enable holistic insight for representing the cross-stack metrics. Moreover, we propose and implement a low-overhead I/O profiling inside the communication library, collect and store the profiling information, and then study the correlation and evaluation of I/O traffic with MPI communication using a cross-stack approach by INAM. Through experimental evaluations and use cases, we demonstrate novel benefits of our cross-stack communication analysis in real-time to detect bottlenecks and understand communication performance.",firecrawl,n14,3,"Cross-layer route attribution of traffic: collect client-side Lustre I/O and MPI traffic statistics, map known endpoints through fabric routing tables, then correlate each traffic class with utilization on traversed links and visualize overlaps.","Route mapping connects communication-library and I/O measurements to specific fabric links. Link-level utilization and traffic-class breakdown can reveal a congested shared path and help distinguish network contention from application communication patterns. The paper’s example connects root-switch I/O traffic from a concurrent checkpoint-restart job with MPI performance variation. This offers a concrete streaming-diagnosis operation for n14, though it does not establish request-level inference attribution.","Attach request timestamps or transport intervals to robot/server endpoints, then collect available NIC or switch link counters for their route. Correlate path utilization with request delay alongside server queue and GPU timing. This could identify a busy shared path without requiring packet-to-request identity; the paper does not establish that request-level correlation.","Replay identical inference traffic while injecting competing traffic on a known shared path, then on a disjoint path. Correlate request intervals with route-mapped link utilization and compare localization of induced network tails against server queue and GPU timings. Include a no-contention run as control.","Considering we are gathering this information in real-time, we know how much traffic for MPI and I/O is going through each link and can see if they are colliding in the network.","Selected PDF text, Section V implementation discussion on mapping traffic onto fabric routes.",UNKNOWN,UNKNOWN,"The evidence supports route-based, cross-layer localization of aggregate traffic contention in HPC, including a reported MPI performance-variation example. It does not show request-level or packet-level attribution, tail-latency detection, or performance on streaming robot inference; Root’s diagnostic value remains to be tested."
arxiv:2111.09281,An Experimental Study of Latency for IEEE 802.11be Multi-link Operation,https://arxiv.org/abs/2111.09281,"Will Multi-Link Operation (MLO) be able to improve the latency of Wi-Fi networks? MLO is one of the most disruptive MAC-layer techniques included in the IEEE 802.11be amendment. It allows a device to use multiple radios simultaneously and in a coordinated way, providing a new framework to improve the WLAN throughput and latency. In this paper, we investigate the potential latency benefits of MLO by using a large dataset containing 5 GHz spectrum occupancy measurements. Experimental results show that when the channels are symmetrically occupied, MLO can improve latency by one order of magnitude. In contrast, in asymmetrically occupied channels, MLO can sometimes be detrimental and increase latency. To address this case, we introduce Opportunistic Simultaneous Transmit and Receive (STR+) channel access and study its benefits.",firecrawl | related:citers,n14,2,"Use real-world channel-occupancy traces to drive a Wi-Fi MAC state-machine emulation; compare channel-access modes under identical packet arrivals. The proposed STR+ runs backoff counters on both links in parallel and assigns a waiting packet to the interface whose counter expires first, avoiding assignment to a link whose backoff will be repeatedly paused by occupancy.","Parallel contention exposes which link offers the earliest actual transmission opportunity, rather than committing a packet to a temporarily idle but soon-busy link. The trace-driven comparison shows how asymmetric occupancy can create a tail through frozen backoff, and how opportunistic link selection avoids that particular delay. This diagnoses link contention, not server queueing, GPU work, or action application.","At the robot or AP transport boundary, retain per-request packet timestamps plus per-link channel-busy/backoff-pause and transmission/ACK events. Associate them with request identity to distinguish wireless contention and link asymmetry from downstream inference time. The paper does not identify off-path flows or shared-resource owners, so transfer to n02 is only partial.","Replay matched remote-inference request traffic over a controlled two-link wireless setup with symmetric and asymmetric occupancy, comparing single-link, ordinary multi-link packet assignment, and parallel-backoff/first-expiring-link assignment. Record per-request tail latency and per-link busy, backoff, transmit, and ACK intervals; compare with a wired or otherwise uncongested control to separate network delay from server compute and queueing.","When both interfaces are idle, one backoff instance is started on each. Packet allocation is deferred until either backoff counter expires, and the first waiting packet is allocated to the interface whose counter expires first.","Selected PDF text, section IV.C, “Opportunistic MLO-STR” (mechanism); section III.B describes trace-based simulations.",Up to 70% delay reduction in the best observed case versus SLO; the paper also reports up to a 78% 95th-percentile reduction for MLO under symmetric occupancy.,"SLO (single-link operation); for the STR+ mechanism, the paper also compares ordinary MLO-STR.","The work evaluates Wi-Fi MAC latency with trace-driven emulation, not remote robot inference or live streaming diagnosis. It demonstrates a transferable mechanism for link selection and controlled latency comparison, but does not measure whether the proposed Root instrumentation can identify off-path flows or shared-resource causes."
arxiv:2112.07010,Slowing Down for Performance and Energy: An OS-Centric Study in Network Driven Workloads,https://arxiv.org/abs/2112.07010,"This paper studies three fundamental aspects of an OS that impact the performance and energy efficiency of network processing: 1) batching, 2) processor energy settings, and 3) the logic and instructions of the OS networking paths. A network device's interrupt delay feature is used to induce batching and processor frequency is manipulated to control the speed of instruction execution. A baremetal library OS is used to explore OS path specialization. This study shows how careful use of batching and interrupt delay results in 2X energy and performance improvements across different workloads. Surprisingly, we find polling can be made energy efficient and can result in gains up to 11X over baseline Linux. We developed a methodology and a set of tools to collect system data in order to understand how energy is impacted at a fine-grained granularity. This paper identifies a number of other novel findings that have implications in OS design for networked applications and suggests a path forward to consider energy as a focal point of systems research.",firecrawl,n16,3,"Controlled NIC-interrupt-delay perturbation: sweep the NIC’s interrupt delay and observe per-request tail latency and per-interrupt events. A latency response to the setting provides evidence that delay in NIC-to-software packet handling contributes to the tail, rather than merely recording a correlation.","Interrupt delay controls when packet-arrival events are delivered to software. Changing it while holding the workload and other settings controlled is a causal probe of this receive-side processing stage. Per-interrupt timestamps and packet counters can help associate the latency response with NIC activity. This can localize interrupt batching or packet-processing delay, but does not by itself identify arbitrary network transit delay.","At the robot or server transport boundary, correlate NIC interrupt timestamps and packet counters with request identity and request-stage timestamps. This could distinguish delayed NIC delivery/software handling from transport transit, server queueing, GPU compute, and action application; the paper does not establish those other stages.","Replay a fixed remote-inference workload with CPU frequency, workload, and other relevant settings controlled. Sweep NIC interrupt delay around the default while recording packet/NIC events and per-request transport and inference-stage timestamps. Test whether the tail changes with the intervention and whether the change aligns with receive-side handling; compare against an unchanged-setting control and report network, server, GPU, and action-application intervals separately.",Figure 6(d) shows the direct effect of interrupt delay on tail latency.,"Selected PDF text, §5.2.1, Memcached discussion of interrupt-delay effects on tail latency.",The paper reports that Linux-tuned improved tail latency over Linux-default by 40% at 200K QPS and 25% at 600K QPS; this is not a Root-measured gain.,"Linux-default, with interrupt delay and processor speed controlled dynamically by built-in policies.","The study concerns datacenter workloads, not robot inference or rare network-tail diagnosis. The proposed transfer is a controlled receive-side intervention, not a method for detecting unperturbed tails or measuring network transit independently. Request-identity correlation and stage-separated Root measurements are not established by the paper."
arxiv:2201.08978,Rosebud: Making FPGA-Accelerated Middlebox Development More Pleasant,https://arxiv.org/abs/2201.08978,"We introduce an approach to designing FPGA-accelerated middleboxes that simplifies development, debugging, and performance tuning by decoupling the tasks of hardware-accelerator implementation and software-application programming. Rosebud is a framework that links hardware accelerators to a high-performance packet processing pipeline through a standardized hardware/software interface. This separation of concerns allows hardware developers to focus on optimizing custom accelerators while freeing software programmers to reuse, configure, and debug accelerators in a fashion akin to software libraries. We show the benefits of the Rosebud framework by building a firewall based on a large blacklist and porting the Pigasus IDS pattern-matching accelerator in less than a month. Our experiments demonstrate that Rosebud delivers high performance, serving 200 Gbps of traffic while adding only 0.7-7 microseconds of latency.",related:citers,n04,3,"Timestamp broadcast messages and compare sparse-load with saturated-load latency, then account for the added delay using the known FIFO depth and round-robin arbitration schedule. This is queueing-delay decomposition from sparse timing and queue structure, not full tracing.","The sparse-versus-saturated comparison exposes load-dependent delay, while the FIFO-slot and arbitration calculation attributes a large portion of that delay to a specific queueing mechanism. That gives a concrete path-localizing signal rather than an end-to-end RTT alone.","At a robot or inference server NIC/transport queue, correlate request or packet timestamps with queue occupancy or known queue depth and scheduling policy. This could help identify network-side queueing as a contributor to tail latency without retaining full traces; it would not by itself separate network queueing from server queueing, GPU compute, or action application.","On a controlled Root test, timestamp request-correlated packets at transport ingress and egress and record the relevant NIC or transport queue signal. Compare sparse and saturated network load while holding server and GPU load fixed, then inject server queueing with network load fixed. Test whether the queue-based delay estimate tracks network-induced tails and distinguishes them from server-induced tails.",This latency mostly comes from the 18 FIFO slots in each RPU—16 from actual FIFO and 2 from PR registers—which can be sent out every 16 cycles due to round-robin arbitration among cores,"Selected PDF text, Section 6.3, “Inter-RPU Messaging Performance”",UNKNOWN,UNKNOWN,"The paper demonstrates attribution for an FPGA broadcast queue, not a network transport queue or robot-inference workload. Root would need access to relevant queue or scheduling signals, and the proposed controlled experiment must establish that these signals distinguish network queueing from server-side delay."
arxiv:2201.13018,Monitoring Jitter in Software Defined Networks,https://arxiv.org/abs/2201.13018,"End-to-end jitter of a flow is an important metric that indicates the Quality of Service a user is experiencing, particularly for real-time applications such as video streaming, cloud gaming, and so on. Monitoring the jitter can help controllers make routing decisions for certain flows. This paper discusses methods in which we can estimate/follow important patterns in the end-to-end jitter of a flow. Two main approaches are taken, one using a Software Defined Network controller and the other using P4 programmable data-planes. Results from the simulations of each method are discussed.",firecrawl | previous_seed,n14,2,"At programmable switches, timestamp packets and retain a window of one-way delays from the source; periodically estimate jitter from delay deviation (including a computationally cheaper mean absolute deviation). Comparing estimates at successive switches can indicate where along the path jitter grows. A separate SDN-controller method estimates per-port load/offload-time variation from packet counters polled over intervals and combines changes across path ports.","Delay variation is measured on packets rather than inferred only from application completion times. Switch-local estimates can expose jitter surges and, when compared across hops, help narrow where variation is added. The P4 approach also aligns estimates with packet arrivals, avoiding the SDN polling method’s time-series synchronization problem.","Attach request or flow identity and packet timestamps at robot egress and successive transport observation points, retaining a bounded delay window and computing a jitter statistic. Compare estimates hop by hop to identify where network delay variation increases, separately from server queueing, GPU compute, or action application. Root would need suitable timestamping and clock alignment; the paper does not establish those for a robot/server deployment.","In a controlled Root replay, timestamp packets for matched inference requests at robot egress and available intermediate/server ingress points. Compute windowed delay-deviation estimates at each point and compare against synchronized per-request one-way network delay and end-to-end latency under induced network jitter and server-side queue/GPU-load changes. Test whether hop-to-hop changes flag network jitter without misclassifying server delays; compare with endpoint-only logging.",the peaks of the estimate fall right in place with the peaks of the actual end-to-end jitter experienced in the network,"Selected PDF text, Section 5.2, Euclidean Distance estimate (results at Switch S2).",UNKNOWN,"Actual end-to-end jitter measured at the host; the paper compares estimated and actual jitter time series, including their peaks and distance measures.","The evidence is from Mininet simulations and does not demonstrate Root-like remote inference, tail-latency attribution, or cross-hop localization as a controlled result. SDN polling estimates are not time-synchronized with host jitter; P4 estimates depend on packet timestamps and a finite delay window. The paper reports estimate similarity, not a quantified Root diagnostic gain."
arxiv:2202.05769,The Benefit of Hindsight: Tracing Edge-Cases in Distributed Systems,https://arxiv.org/abs/2202.05769,"Today's distributed tracing frameworks are ill-equipped to troubleshoot rare edge-case requests. The crux of the problem is a trade-off between specificity and overhead. On the one hand, frameworks can indiscriminately select requests to trace when they enter the system (head sampling), but this is unlikely to capture a relevant edge-case trace because the framework cannot know which requests will be problematic until after-the-fact. On the other hand, frameworks can trace everything and later keep only the interesting edge-case traces (tail sampling), but this has high overheads on the traced application and enormous data ingestion costs. In this paper we circumvent this trade-off for any edge-case with symptoms that can be programmatically detected, such as high tail latency, errors, and bottlenecked queues. We propose a lightweight and always-on distributed tracing system, Hindsight, which implements a retroactive sampling abstraction: instead of eagerly ingesting and processing traces, Hindsight lazily retrieves trace data only after symptoms of a problem are detected. Hindsight is analogous to a car dash-cam that, upon detecting a sudden jolt in momentum, persists the last hour of footage. Developers using Hindsight receive the exact edge-case traces they desire without undue overhead or dependence on luck. Our evaluation shows that Hindsight scales to millions of requests per second, adds nanosecond-level overhead to generate trace data, handles GB/s of data per node, transparently integrates with existing distributed tracing systems, and successfully persists full, detailed traces in real-world use cases when edge-case problems are detected.",firecrawl | related:references | related:similar | previous_seed,n06 | n07 | n11,2,"Retroactive symptom-triggered trace retrieval: record request trace data into local buffers across machines, then, when an outlier or queue symptom is detected, use its trace ID and breadcrumbs to retrieve a coherent distributed trace. For queue buildup, a QueueTrigger can retrieve the preceding N related request traces.","The trigger can use a cheap signal such as completed-request latency or queue latency without inspecting trace data. Retaining trace data locally until a trigger avoids eagerly sending every trace to a collector, while retroactive retrieval preserves evidence from before the symptom. Capturing related prior requests can expose work that contributed to a queue buildup.","Attach a request identity and timestamps to robot-side and server-side transport events, and trigger retained trace retrieval when end-to-end action latency or queue latency crosses a threshold. The resulting trace could expose the request's cross-machine timeline and related queued requests without continuous centralized trace ingestion. The paper does not itself separate network delay from server queueing, GPU compute, or action application; Root would need explicit transport and compute timestamps to localize those intervals.","The paper evaluates percentile-triggered trace capture after ComposePost RPC completion with injected 20–30 ms slow requests, and a HDFS QueueTrigger configured to retrieve the 10 most recently dequeued lateral requests after high queue latency. It also evaluates tracing overhead and comparison tracing strategies.","instead of eagerly ingesting and processing traces, Hindsight lazily retrieves trace data only after symptoms of a problem are detected.","Abstract; also selected PDF text, §3 Approach and §6.3 Case Studies","The paper reports nanosecond-level overhead to generate trace data and less than 3.5% impact on end-to-end application latency and throughput while tracing 100% of requests and generating over 200 MB/s per node. In its tail-latency case study, Hindsight specifically targets high-percentile latency traces. These are paper results, not measured Root gains.",OpenTelemetry with Jaeger under head-sampling (1% unless indicated) and tail-sampling; the tail-latency case study also contrasts captured requests with random head sampling.,"Applicability to robot-to-cloud action loops is not evaluated. The method retrieves application-level traces rather than packet/ACK/loss histories, and the supplied context does not establish that its traces alone distinguish network delay from server queueing, GPU computation, or action application."
arxiv:2204.00824,Graph-based Approximate NN Search: A Revisit,https://arxiv.org/abs/2204.00824,"Nearest neighbor search plays a fundamental role in many disciplines such as multimedia information retrieval, data-mining, and machine learning. The graph-based search approaches show superior performance over other types of approaches in recent studies. In this paper, the graph-based NN search is revisited. We optimize two key components in the approach, namely the search procedure and the graph that supports the search. For the graph construction, a two-stage graph diversification scheme is proposed, which makes a good trade-off between the efficiency and reachability for the search procedure that builds upon it. Moreover, the proposed diversification scheme allows the search procedure to decide dynamically how many nodes should be visited in one node's neighborhood. By this way, the computing power of the devices is fully utilized when the search is carried out under different circumstances. Furthermore, two NN search procedures are designed respectively for small and large batch queries on the GPU. The optimized NN search, when being supported by the two-stage diversified graph, outperforms all the state-of-the-art approaches on both the CPU and the GPU across all the considered large-scale datasets.",related:similar,n12,3,"Two-stage graph diversification for approximate nearest-neighbor retrieval: prune clearly redundant edges, then assign surviving edges occlusion factors that let search choose how many neighbors to visit.","The occlusion factors preserve a way to trade search cost against reachability at query time. One graph can therefore support different retrieval circumstances without maintaining multiple graphs. Root could use it to retrieve comparable historical requests more efficiently; it would speed baseline lookup, not itself identify the cause of a network tail.","At request identity and feature-vector creation, index past requests together with their outcomes and timing evidence. Query the index for feature-similar healthy requests when a regression occurs, then inspect the retrieved cases' timing or transport evidence.","On the same historical request-feature corpus, compare this diversified graph with a full scan and a fixed-neighbor graph index at matched retrieval recall. Measure query latency and the quality of retrieved healthy comparables across query batch sizes. Separately assess whether those comparables help identify the regressed request's network-delay component.","The second stage diversification associates an occlusion factor with each edge, which indicates the importance of an edge.","Selected PDF text, section 2.2, “Graph-based Approaches”; query-time use is further described in section 3.3, “Soft Graph Diversification.”","For small-batch queries, the paper reports 2–10× faster NN search than state-of-the-art approaches.",State-of-the-art NN search approaches; the supplied text does not specify a single baseline for the 2–10× comparison.,"The paper evaluates vector nearest-neighbor search, not retrieval of comparable robot requests or network-tail diagnosis. Whether Root request features produce useful healthy comparables, and any Root retrieval or diagnostic gain, remain unmeasured."
arxiv:2205.09778,FogROS2: An Adaptive Platform for Cloud and Fog Robotics Using ROS 2,https://arxiv.org/abs/2205.09778,"Mobility, power, and price points often dictate that robots do not have sufficient computing power on board to run contemporary robot algorithms at desired rates. Cloud computing providers such as AWS, GCP, and Azure offer immense computing power and increasingly low latency on demand, but tapping into that power from a robot is non-trivial. We present FogROS2, an open-source platform to facilitate cloud and fog robotics that is included in the Robot Operating System 2 (ROS 2) distribution. FogROS2 is distinct from its predecessor FogROS1 in 9 ways, including lower latency, overhead, and startup times; improved usability, and additional automation, such as region and computer type selection. Additionally, FogROS2 gains performance, timing, and additional improvements associated with ROS 2. In common robot applications, FogROS2 reduces SLAM latency by 50 %, reduces grasp planning time from 14 s to 1.2 s, and speeds up motion planning 45x. When compared to FogROS1, FogROS2 reduces network utilization by up to 3.8x, improves startup time by 63 %, and network round-trip latency by 97 % for images using video compression. The source code, examples, and documentation for FogROS2 are available at https://github.com/BerkeleyAutomation/FogROS2, and is available through the official ROS 2 repository at https://index.ros.org/p/fogros2/.",firecrawl,n13,2,"Transparent H.264 streaming compression of robot image topics before cloud transmission, paired with cloud-side decompression; the paper measures round-trip time using an immediate acknowledgement.","Reducing image-stream bandwidth can reduce transmission delay when sending raw images is a bottleneck. Comparing compressed and uncompressed streams in a controlled robot-to-cloud setup can test whether image transfer contributes to a delay, though the measured round trip does not separately identify network delay from other components.","Attach an A/B intervention at the robot image publisher and cloud subscriber, preserving request identity and recording send, receive, and acknowledgement timestamps. Compare raw and H.264 streams to learn whether image traffic contributes to Root's delay; separate transport timing from cloud processing where possible.","Publish images from a robot node to a cloud node under uncompressed and H.264 modes; have the cloud node immediately acknowledge each image, then measure round-trip time and received FPS. Root could repeat this comparison with its representative robot-to-cloud image workload and retain per-request timing.",FogROS2 can setup transparent streaming compression between robot and cloud.,"Selected PDF text, Section E, “Streaming Image Compression”; evaluation in Section V.A.",H.264 reduced measured image round-trip latency from 1401 ms to 38 ms (97%); received FPS increased from 1.42 to 29.0.,Uncompressed image transmission.,"The reported acknowledgement round-trip time is not a decomposition of network, queueing, or processing delay, and the context provides no tail-percentile measurements. The result is for image streams, not necessarily action-loop traffic."
arxiv:2207.01730,Service Modeling and Delay Analysis of Packet Delivery over a Wireless Link,https://arxiv.org/abs/2207.01730,"For delay analysis of packet delivery over a wireless link, several novel ideas are introduced. One is to construct an equivalent G/G/1 non-lossy queueing model to ease the analysis, enabled by exploiting empirical models of packet error rate, packet service time and packet loss rate obtained from measurement. The second is to exploit a classical queueing theory result to approximate the mean delay. For estimating the delay distribution, the newly developed stochastic network calculus (SNC) theory is made use of, forming the third idea. To enable this SNC based analysis, a stochastic service curve characterization of the link is introduced, relying on a packet service time model obtained from the empirical models. The focused link is a 802.15.4 wireless link. Extensive experimental investigation under a wide range of settings was conducted. The proposed ideas are validated with the experiment results. The validation confirms that the proposed approaches, integrating both empirical and analytical modes, are effective for service modeling and delay analysis. This suggests an integrated approach, now found previously, for quantitative understanding of the delay performance of packet delivery over a wireless link.",firecrawl,n16,2,"Use measurements to model packet error rate, packet service time, and packet loss; convert successful deliveries into an equivalent non-loss G/G/1 queue; then derive a stochastic service curve and apply stochastic network calculus to estimate the delay distribution.","The empirical service-time model incorporates retransmission variability, while the queueing and stochastic-network-calculus steps turn traffic and link-service variability into a predicted delay tail. Comparing that prediction with packet-level measurements can reveal whether observed tail delays are consistent with link service and load. This is a link-level estimate, not per-request causal reconstruction.","Attach packet send/receive timestamps and request identities at the robot and server transport boundary; use observed traffic and link-service measurements to estimate a network-delay distribution, then compare it with measured end-to-end tails. Separately timestamp server queueing and compute so those delays are not attributed to the link.","In a controlled Root test, vary network conditions and request arrival load while recording per-request transport timestamps and end-to-end latency. Fit the paper’s empirical service-time and error models from a training run, predict delay distributions for held-out runs, and compare predicted and measured network-delay tails against server queueing and compute timings.","To apply SNC results to delay distribution analysis of the wireless link, the discussion above indicates that we need to find a stochastic service curve for the link.","Selected PDF text, Section V-B, “Service modeling of the wireless link”",Qualitative validation: predicted delay distributions are reported to agree approximately with measurements across tested settings; no numerical gain is supplied.,UNKNOWN,"The study concerns a measured 802.15.4 link, not remote robot inference. Its model predicts link-level delay distributions from empirical link and traffic characteristics; the supplied text does not show per-request packet-to-inference causal reconstruction or separation from server-side delays."
arxiv:2207.05624,DWTCP: Ultra Low Latency Congestion Control Protocol for Data Centers,https://arxiv.org/abs/2207.05624,"Congestion control algorithms rely on a variety of congestion signals (packet loss, Explicit Congestion Notification, delay, etc.) to achieve fast convergence, high utilization, and fairness among flows. A key limitation of these congestion signals is that they are either late in feedback or they incur significant overheads. An ideal congestion control must discover any available bandwidth in the network, detect congestion as soon as link utilization approaches full capacity, and react timely to avoid queuing and packet drops, without significant overheads. To this end, this work proposes Scout service that leverages priority queues to infer bandwidth availability and link busyness at the host. The key observation here is that as the high priority queue (HPQ) gets busier, the low priority queue (LPQ) is served less. Therefore, the state of the link can be observed from the LPQ and any congestion can be detected several RTTs earlier than observing the HPQ. We propose a new transport protocol, Double-Window Transmission Control Protocol (DWTCP) that builds upon the Scout service to dynamically adjust its congestion window. Our testbed and simulation-based evaluation demonstrates that Scout enables a data center transport to achieve high throughput, near-zero queues, lower latency, and high fairness.",firecrawl,n06,2,"Send low-priority Scout packets alongside normal traffic and analyze their ACK delay or loss: because switches serve them only when the link is idle, delayed or missing Scouts signal link busyness and congestion earlier than signals from the high-priority queue.","As normal traffic occupies more link capacity, low-priority Scouts get fewer opportunities to transmit. Their delay or loss therefore exposes network contention before ordinary traffic experiences comparable queueing or loss, helping distinguish a network-side tail from delays arising solely in inference computation.","Attach a low-priority probe stream to the robot-to-server path and correlate Scout send/ACK timing and loss with request identity and inference-stage timestamps. This gives Root an early network-contention signal to compare against server queueing, GPU execution, and action-application time. A controlled experiment can vary network load while holding inference work fixed, then vary inference load while holding network conditions fixed.","Under fixed inference workload, increase competing traffic on the robot-server path and measure whether Scout delay/loss rises before request latency; then hold network load fixed and vary server/GPU load to test whether the Scout signal remains specific to network contention.","The absence (loss) of, or a delay in serving Scout packets indicates a busy link","Selected PDF text, Scout service description.",The paper reports congestion detection several RTTs earlier than observing the high-priority queue; it also reports DWTCP tail-latency improvements of up to 5x versus DCTCP/HPCC in stated workloads.,"Existing congestion signals based on high-priority traffic, including packet loss, delay, and ECN; DWTCP is also compared with DCTCP and HPCC.",Scout delay/loss indicates path busyness but does not directly measure a particular queue or identify a specific hop; the supplied text does not establish how to separate forward-path delay from ACK-path delay.
arxiv:2207.06515,Automated Cause Analysis of Latency Outliers Using System-Level Dependency Graphs,https://arxiv.org/abs/2207.06515,"Detecting performance issues and identifying their root causes in the runtime is a challenging task. Typically, developers use methods such as logging and tracing to identify bottlenecks. These solutions are, however, not ideal as they are time-consuming and require manual effort. In this paper, we propose a method to automate the task of detecting latency outliers using system-level traces and then comparing them to identify the root cause(s). Our method makes use of dependency graphs to show internal interactions between threads and system resources. With these graphs, one can pinpoint where performance issues occur. However, a single trace can be composed of a large number of requests, each generating one graph. To automate the task of identifying outliers within the dataset, we use machine learning density-based models and statistical calculations such as -score. Our evaluation shows an accuracy greater than 97 % on outlier detection, making them appropriate for in-production servers and industry-level use cases.",firecrawl | previous_seed,n03,2,"Collect kernel-level system traces, extract per-request Waiting-Dependency Graphs that represent thread and resource waits, and detect outlier requests by graph embedding and clustering. Merge normal-request graphs into a representative graph and compare each outlier graph against it to highlight missing or quantitatively different nodes and dependencies.","The graph comparison exposes where an outlier diverges from normal executions, including resource waits and interacting threads. For Root, per-request graphs built from robot- and server-side execution traces could distinguish transport-related waiting from server-side waits or CPU contention when those events are represented in the trace. The paper demonstrates differential diagnosis against normal requests, but does not establish packet-level attribution.","Attach request identity and timestamps to robot-side and server-side kernel events, construct per-request dependency graphs, and compare tail requests with a merged graph of healthy requests. This could localize whether extra waiting appears on the client, in network-related waits, or within server execution; it requires trace collection rather than sparse packet reconstruction.","For matched healthy and tail robot-inference requests, collect per-request kernel traces at the robot and inference server, construct waiting-dependency graphs, and compare each tail graph with a representative healthy graph. Check whether highlighted differences correctly identify injected network delay versus server queueing, CPU contention, GPU compute, or action-application delay.","After detecting outliers, we can compare them with a group of normal DepGraphs to identify the root causes of the anomalies.","selected_pdf_text, introduction and method description",Outlier-detection accuracy greater than 97%; this is not a measured Root gain or a localization-accuracy result.,UNKNOWN,"The method uses system-level kernel tracing and graph comparison, not packet/ACK-level reconstruction. The supplied text does not show that its traces distinguish network-tail causes from all other delay sources, nor does it evaluate robot-to-cloud inference. The reported accuracy concerns outlier detection, not root-cause localization."
arxiv:2207.06718,Hardware-in-the-Loop Simulation for Evaluating Communication Impacts on the Wireless-Network-Controlled Robots,https://arxiv.org/abs/2207.06718,"More and more robot automation applications have changed to wireless communication, and network performance has a growing impact on robotic systems. This study proposes a hardware-in-the-loop (HiL) simulation methodology for connecting the simulated robot platform to real network devices. This project seeks to provide robotic engineers and researchers with the capability to experiment without heavily modifying the original controller and get more realistic test results that correlate with actual network conditions. We deployed this HiL simulation system in two common cases for wireless-network-controlled robotic applications: (1) safe multi-robot coordination for mobile robots, and (2) human-motion-based teleoperation for manipulators. The HiL simulation system is deployed and tested under various network conditions in all circumstances. The experiment results are analyzed and compared with the previous simulation methods, demonstrating that the proposed HiL simulation methodology can identify a more reliable communication impact on robot systems.",firecrawl,n13,2,"Hardware-in-the-loop network substitution: connect a simulated robot controller and robot model through real network devices, forward command and status traffic over UDP, and compare network conditions while observing robot outcomes. The system also integrates ET2000 timestamp-based network monitoring.","Real Ethernet or Wi-Fi communication exposes effects such as unstable delivery, packet loss, and connection interruption that static delay/loss models may miss. Comparing sent and executed motion loops or robot motion across network conditions links communication changes to control-loop effects.","Attach request or action-cycle identity and timestamps at robot-side and server-side send/receive events, then correlate them with packet/ACK/loss telemetry and action execution. This would help distinguish network delay or loss from computation and action-application delay; the paper does not describe request-level tracing or its ET2000 measurement implementation in detail.","Run identical robot inference/action loops over Ethernet and controlled Wi-Fi conditions using a real network path. Synchronize request/action IDs with endpoint timestamps and packet-level telemetry; compare end-to-end tail latency and motion-loop loss against the network-segment measurements, while separately recording server compute and action-application time.","The hardware interface for the network devices is designed and injected between the controller and the robot model, providing practical communication options.","Selected PDF text, Section II.A, System Architecture","The paper reports that teleoperation motion loss rate was 0 under Ethernet, 0.008 under short-range Wi-Fi 6, and 0.03 under long-range Wi-Fi 6; it also reports more realistic coordination outcomes than static network modeling. These are paper results, not Root measurements.",Static network modeling for multi-robot coordination; Ethernet for the teleoperation comparison.,"The paper does not provide compact temporal signatures of packet droughts or loss recovery, nor does it evaluate rare network-delay tails specifically. ET2000 timing resolution is stated, but its measurement software is not detailed and synchronized real-time network testing is described as future work."
arxiv:2207.11857,SQP: Congestion Control for Low-Latency Interactive Video Streaming,https://arxiv.org/abs/2207.11857,"This paper presents the design and evaluation of SQP, a congestion control algorithm (CCA) for interactive video streaming applications that need to stream high-bitrate compressed video with very low end-to-end frame delay (eg. AR streaming, cloud gaming). SQP uses frame-coupled, paced packet trains to sample the network bandwidth, and uses an adaptive one-way delay measurement to recover from queuing, for low, bounded queuing delay. SQP rapidly adapts to changes in the link bandwidth, ensuring high utilization and low frame delay, and also achieves competitive bandwidth shares when competing with queue-building flows within an acceptable delay envelope. SQP has good fairness properties, and works well on links with shallow buffers. In real-world A/B testing of SQP against Copa in Google's AR streaming platform, SQP achieves 27% and 15% more sessions with high bitrate and low frame delay for LTE and Wi-Fi, respectively. When competing with queue-building traffic like Cubic and BBR, SQP achieves 2-3X higher bandwidth compared to GoogCC (WebRTC), Sprout, and PCC-Vivace, and comparable performance to Copa (with mode switching).",firecrawl | previous_seed,n14,2,Frame-coupled paced packet trains sample available bandwidth; adaptive one-way delay measurements detect queuing and trigger rate/bitrate reduction to drain self-induced queues.,"The delay signal and per-frame delivery feedback reveal network queuing while pacing keeps probing at sub-frame timescales. For Root, attaching one-way transport-delay measurements and frame/request identity would help distinguish network-path delay growth from server-side inference or action-application time; the paced-train approach also provides an active bandwidth sample.","At the robot/server transport boundary, correlate frame or request identity with send and delivery timestamps, and record one-way delay and per-frame delivery feedback. Compare these signals with inference and action timestamps to isolate transport queuing or bandwidth changes from compute delay.","In a controlled Root replay, hold inference workload constant while injecting bandwidth drops and queue-building cross traffic. Compare transport-tail detection using frame-coupled paced probes plus one-way delay feedback against ordinary request timing, and check whether it detects network delay changes without attributing server queueing or compute time to the network.","SQP uses frame-coupled, paced packet trains to sample the network bandwidth, and uses an adaptive one-way delay measurement to recover from queuing","Abstract and selected PDF text, opening paragraph","The paper reports 27% and 15% more sessions with high bitrate and low frame delay than Copa in real-world LTE and Wi-Fi A/B tests, respectively; this is not a Root gain.",Copa for the real-world A/B tests; the paper also compares against other congestion-control algorithms in emulated scenarios.,"SQP is a congestion-control intervention, not a standalone tail-diagnosis method. The context does not establish that its one-way delay signal separates network delay from all other sources of end-to-end delay, and it reports no Root evaluation."
arxiv:2207.12499,Interference and Need Aware Workload Colocation in Hyperscale Datacenters,https://arxiv.org/abs/2207.12499,"Datacenters suffer from resource utilization inefficiencies due to the conflicting goals of service owners and platform providers. Service owners intending to maintain Service Level Objectives (SLO) for themselves typically request a conservative amount of resources. Platform providers want to increase operational efficiency to reduce capital and operating costs. Achieving both operational efficiency and SLO for individual services at the same time is challenging due to the diversity in service workload characteristics, resource usage patterns that are dependent on input load, heterogeneity in platform, memory, I/O, and network architecture, and resource bundling. This paper presents a tunable approach to resource allocation that accounts for both dynamic service resource needs and platform heterogeneity. In addition, an online K-Means-based service classification method is used in conjunction with an offline sensitivity component. Our tunable approach allows trading resource utilization efficiency for absolute SLO guarantees based on the service owners' sensitivity to its SLO. We evaluate our tunable resource allocator at scale in a private cloud environment with mostly latency-critical workloads. When tuning for operational efficiency, we demonstrate up to 50% reduction in required machines; 40% reduction in Total-Cost-of-Ownership (TCO); and 60% reduction in CPU and memory fragmentation, but at the cost of increasing the number of tasks experiencing degradation of SLO by up to 25% compared to the baseline. When tuning for SLO, by introducing interference-aware colocation, we can tune the solver to reduce tasks experiencing degradation of SLO by up to 22% compared to the baseline, but at an additional cost of 30% in terms of the number of hosts. We highlight this trade-off between TCO and SLO violations, and offer tuning based on the requirements of the platform owners.",firecrawl,n02,3,"Controlled network-contention sensitivity testing: inject competing host traffic with iperf, measure the service SLI change in an A/B experiment, and derive a sensitivity score tied to the SLO.","The intervention tests whether added network bandwidth contention causes service degradation, rather than merely correlating host telemetry with a tail. The SLI response and SLO-based sensitivity score can implicate shared-host network bandwidth as a contributor. This can expose a resource-level cause of latency regression, though it does not identify the particular competing flow or attribute an individual request's delay.","At the robot/server request path, retain request identity and timing alongside server-side network/runtime signals. In a controlled deployment, inject bounded competing traffic on the server host and compare request-tail latency and SLI with a no-injection control. Where available, separately measure transport delay, server queueing, GPU compute, and action-application time; the paper itself measures service SLI impact, not these per-request components.","Run randomized A/B trials with and without bounded competing host network traffic while holding inference load and other resources constant. Compare request-tail latency and network/runtime measurements, and check whether any change is attributable to transport or shared network contention rather than server queueing, GPU compute, or action application. Use no Root gain as assumed.",Network Bandwidth: We use iperf [3] to add extra network bandwidth on hosts and see the impact it has on services running on it.,"Selected PDF text, Section III-C, Sensitivity Analysis.","Sensitivity scores reduced tasks experiencing interference by up to 22% relative to baseline, at an additional cost of 30% in host count.",Baseline placement without sensitivity scores.,"The evidence supports a causal test of shared-host network-bandwidth contention using service-level SLI measurements, but not identification of specific off-path flows or localization of an individual request's network tail. The paper does not separate network delay from server queueing or compute, and reports no Root-measured gain."
arxiv:2208.11405,Adaptive QoS of WebRTC for Vehicular Media Communications,https://arxiv.org/abs/2208.11405,"Vehicles shipping sensors for onboard systems are gaining connectivity. This enables information sharing to realize a more comprehensive understanding of the environment. However, peer communication through public cellular networks brings multiple networking hurdles to address, needing in-network systems to relay communications and connect parties that cannot connect directly. Web Real-Time Communication (WebRTC) is a good candidate for media streaming across vehicles as it enables low latency communications, while bringing standard protocols to security handshake, discovering public IPs and transverse Network Address Translation (NAT) systems. However, the end-to-end Quality of Service (QoS) adaptation in an infrastructure where transmission and reception are decoupled by a relay, needs a mechanism to adapt the video stream to the network capacity efficiently. To this end, this paper investigates a mechanism to apply changes on resolution, framerate and bitrate by exploiting the Real Time Transport Control Protocol (RTCP) metrics, such as bandwidth and round-trip time. The solution aims to ensure that the receiving onboard system gets relevant information in time. The impact on end-to-end throughput efficiency and reaction time when applying different approaches to QoS adaptation are analyzed in a real 5G testbed.",firecrawl,n13,3,"Forward receiver-side RTCP path reports across the relay to the sender, restoring visibility into the otherwise hidden download path. The reported bandwidth, RTT, and jitter provide a path-specific signal that can expose whether network conditions coincide with a tail.","When a relay splits the connection, sender-side feedback may cover only the upload path, leaving receiver-side download degradation invisible. Forwarding the receiver's reports makes that missing path observable. In Root, request-correlated reports could help distinguish a degraded transport path from server-side queueing or inference compute, though the paper does not itself perform that separation.","At a robot/server relay boundary, retain receiver-side RTCP metrics and associate them with request or time-window identifiers. Compare upload- and download-path reports with Root's request timestamps and server queue/GPU timings; the added signal would reveal download-path conditions unavailable from sender-side telemetry alone.","In a controlled Root replay or testbed, inject bandwidth and latency impairments independently on the robot-to-server and server-to-robot paths. Compare sender-only telemetry with receiver RTCP reports forwarded across the relay. Measure whether request-correlated reports identify the impaired path for tail requests, while separately recording server queueing, GPU compute, and action-application time.","the relay server forwards the RTCP reports generated between the relay and the receiver towards the sender peer through a WebRTC data channel. This way, the relay provides awareness of the receiver download metrics to the sender.","Selected PDF text, Section III, “Reporting Relay” paragraph.","Average sender reaction: 2.5 s for direct communication, 3.3 s for Simple Gateway, and 3.6 s for Janus Gateway; receiver encoding-update times: 0.7 s, 0.7 s, and 1.0 s, respectively. These are paper results, not Root gains.","The paper compares direct communication, a Simple Gateway with sender visibility limited to upload, and a Janus Gateway forwarding receiver RTCP reports to the sender.","The paper studies video adaptation, not inference-tail diagnosis. It does not establish request-level correlation or separate network delay from server queueing, GPU compute, and action application. The diagnostic transfer is plausible and testable, but its effectiveness for Root is unknown."
arxiv:2209.00965,Waiting for QUIC: Passive Measurements to Understand QUIC Deployments,https://arxiv.org/abs/2209.00965,"QUIC experiences a rapid adoption since its standardization in 2021, and hypergiants configure their infrastructure to optimize for QUIC performance. In this paper, we introduce a passive measurement method to study both the progressive rollout and individual hypergiant configurations during the last five years. By analyzing backscatter traffic of the UCSD network telescope, we are able to make the following observations. First, Meta, Google, and Cloudflare configure significantly different maximal retransmission numbers and timeouts. Second, we can identify different off-net deployments of hypergiants, using packet features, such as QUIC connection IDs, packet coalescence, and packet lengths. Third, we observe changing hypergiant deployment configurations during our different measurement periods. Fourth, connection IDs can allow further insights into load balancer deployments, such as the number of servers. We bolster our results using two orthogonal measurements: passive recording of QUIC flows and active probing.",firecrawl,n13,3,"Infer QUIC retransmission timing from packet timestamps, then compare observed intervals with an initial RTO and binary exponential backoff. For Root, applying this to packets associated with an individual request could expose transport retransmissions and their contribution to a long request delay.","A retransmission sequence with backoff intervals is a transport-level signal of missing acknowledgments and can distinguish network/ACK-path delay from server queueing or GPU compute when aligned with request-stage timestamps. The paper uses this signal to classify deployments, not to diagnose individual inference requests, so that per-request diagnostic effect remains a transfer to test.","Correlate request identity and robot/server timestamps with QUIC packet, ACK, and retransmission events at the transport endpoints. Compare the transport interval with server queueing, GPU execution, and action-application timings to determine whether retransmission accounts for the tail.","Run controlled robot-to-cloud requests under healthy conditions, injected packet loss, and injected delay, alongside server-queueing and GPU-delay controls. Collect per-request QUIC packet/ACK/retransmission timestamps and stage timings. Test whether the inferred RTO/backoff sequence identifies network-affected tails and avoids attributing server-side delays to the network.",The Retransmission Interval classifiers calculate the time since the reception of the first packet of a connection. We then use the determined value of the Initial RTO and perform binary exponential backoff on this value.,"Selected PDF text, §3.3/§6 excerpt, paragraph beginning “Retransmission Intervals.”",UNKNOWN,UNKNOWN,The paper analyzes passive backscatter and uses retransmission intervals to classify server deployments; it does not validate per-request tail diagnosis or separation from inference-stage delays. Root applicability depends on having request-correlated endpoint transport events.
arxiv:2209.01078,Dual Queue Coupled AQM: Deployable Very Low Queuing Delay for All,https://arxiv.org/abs/2209.01078,"On the Internet, sub-millisecond queueing delay and capacity-seeking have traditionally been considered mutually exclusive. We introduce a service that offers both: Low Latency Low Loss Scalable throughput (L4S). When tested under a wide range of conditions emulated on a testbed using real residential broadband equipment, queue delay remained both low (median 100--300 μs) and consistent (99th percentile below 2 ms even under highly dynamic workloads), without compromising other metrics (zero congestion loss and close to full utilization). L4S exploits the properties of `Scalable' congestion controls (e.g., DCTCP, TCP Prague). Flows using such congestion control are however very aggressive, which causes a deployment challenge as L4S has to coexist with so-called `Classic' flows (e.g., Reno, CUBIC). This paper introduces an architectural solution: `Dual Queue Coupled Active Queue Management', which enables balance between Scalable and Classic flows. It counterbalances the more aggressive response of Scalable flows with more aggressive marking, without having to inspect flow identifiers. The Dual Queue structure has been implemented as a Linux queuing discipline. It acts like a semi-permeable membrane, isolating the latency of Scalable and `Classic' traffic, but coupling their capacity into a single bandwidth pool. This paper justifies the design and implementation choices, and visualizes a representative selection of hundreds of thousands of experiment runs to test our claims.",firecrawl,n06,3,Timestamp packets on enqueue and measure their sojourn time at dequeue in a DualQ AQM; retain queue-specific delay signals and use them for congestion marking or dropping. The queue-sojourn measurement is the transferable diagnostic operation.,"Sojourn time measures time spent waiting in the network queue, rather than total request latency. A tail that coincides with elevated bottleneck queue-sojourn measurements therefore has direct evidence of network queue buildup; low sojourn alongside a slow request points away from that queue as the cause. This helps separate queueing from server queueing, GPU compute, and action application, though correlation to a request is not supplied by the paper.","At an instrumentable transport bottleneck, retain enqueue/dequeue timestamps or equivalent queue-sojourn samples and ECN marks, then associate packet events with robot/server request timestamps or request IDs. Compare those signals with server queue, GPU, and action-application timing. No Reflex-private infrastructure is assumed.","In a controlled Root test, create network queue buildup while holding server queueing, GPU compute, and action application constant; then introduce server-side delay while keeping the network queue shallow. Compare request-tail attribution using end-to-end timings alone against timings augmented with per-queue sojourn telemetry and ECN events. Check whether the telemetry identifies network-queue contribution in the first condition without misattributing the second.","The function LEN() returns the the queue in bytes, while TIME() returns the duration since a packet was time-stamped (its sojourn time). On enqueue (not shown), packets are time-stamped","Selected PDF text, section III-E, Implementation, description of Algorithm 1.","Abstract reports median queue delay of 100–300 μs and 99th percentile below 2 ms under highly dynamic workloads. The paper also reports an order of magnitude lower queue delay for Prague over DualPI2 than other AQMs; this is a paper result, not a Root gain.",The paper names PIE and FQ-CoDel as comparison AQMs; the supplied text does not give a single numeric baseline for the abstract's reported delay.,"The paper supports measuring queue-specific packet sojourn time, but does not provide request-level identity correlation or demonstrate causal attribution of remote-robot inference tails. Root would need to establish the packet-to-request attachment and validate that the monitored queue is on the relevant path."
arxiv:2209.09794,Low latency communication over commercially available LTE and remote driving,https://arxiv.org/abs/2209.09794,"In addition to autonomous car operation, in many cases it is desirable to let a human drive the vehicle remotely. To make remote operation possible, it is very critical to have a low and predictable latency to transmit video from the car cameras and receive control commands back. In this paper, we analyze the problem and present a communication and video streaming system that addresses the latency challenges and enables teleoperation of a real car over commercially available LTE network; demonstrating sub-50ms roundtrip latencies for 720p, 60FPS video, with average PSNR 36db.",firecrawl,n16,3,"Measure packet-delay autocorrelation across LTE links to expose persistent, correlated delay bursts; compare the correlation as the number of links changes.","A slow packet followed by more slow packets indicates a persistent network tail rather than isolated jitter. The paper reports that packet delays on a single last-mile link are highly correlated and that adding modems reduces autocorrelation, providing a measurable way to characterize whether delay tails cluster over time. This is diagnostic evidence, distinct from the paper’s separate mitigation using coding and multiple links.","At the robot/server transport boundary, record packet sequence or request identity and send/receive timestamps, retaining the transport path or interface when available. Compute packet-delay autocorrelation and relate slow-packet runs to request completion tails. These measurements could show whether Root’s network delays are temporally clustered, separately from server queueing, GPU compute, or action application.","Replay or generate controlled inference-like traffic over a single path and over multiple paths under matched load. Capture per-packet send/receive times and request IDs; compare delay autocorrelation, runs of slow packets, and request-level tail latency. Keep server queue, inference, and action timestamps separate, and include a controlled network impairment with bursty versus independent delays.","Experiments show that even using 2 modems the latency autocorrelation function decreases significantly (see Figure 6), and if the number of modems becomes 4, there is no correlation in packet latency at all.","Selected PDF text, Section III.C, “Last mile connection with multiple LTE modems”; see also Section II’s discussion of correlated packet delays and Figure 3.",8.5 ms latency gain at probability 0.95 in the two-modem experiment.,Hypothetical uncoded reconstructed latency based on individual-modem latency statistics measured at the start of the experiment.,"The paper supports measuring packet-delay correlation, but does not establish that this analysis diagnoses Root inference regressions directly. The reported uncoded comparison is hypothetical, and no Root gain is measured."
arxiv:2209.09819,Efficient Model Based Diagnosis,https://arxiv.org/abs/2209.09819,"In this paper an efficient model based diagnostic process is described for systems whose components possess a causal relation between their inputs and their outputs. In this diagnostic process, firstly, a set of focuses on likely broken components is determined. Secondly, for each focus the most informative probing point within the focus can be determined. Both these steps of the diagnostic process have a worst case time complexity of O(n²) where n is the number of components. If the connectivity of the components is low, however, the diagnostic process shows a linear time complexity. It is also shown how the diagnostic process described can be applied in dynamic systems and systems containing loops. When diagnosing dynamic systems it is possible to choose between detecting intermitting faults or to improve the diagnostic precision by assuming non-intermittency.",firecrawl,n10,2,"Model-based fault focusing followed by entropy-guided probing: use causal dependency sets and observed conflicts/confirmations to focus on likely faulty components, then select the most informative component output to measure using the focus and its dependencies.","Confirmation and conflict observations narrow the likely fault set, while the probe-selection rule targets a measurement expected to divide that focus informatively. This can distinguish causes with fewer additional measurements than measuring every component output.","Attach a causal component model to timestamped robot/server inference events and transport observations. Treat network-path stages, server queues, GPU execution, and action application as distinct components; use measured outputs and conflicts to focus diagnosis, then probe the most informative unmeasured event or counter. The paper provides no network-specific model or transport telemetry.","In a controlled Root replay or testbed, inject faults separately into transport delay/loss, server queueing, GPU execution, and action application. Compare the number of additional measurements needed to identify the injected cause using entropy-guided probing against measuring all component outputs and against a fixed probe order; also report cause-identification accuracy.","Given a focus, the most informative new probing can be determined.","Selected PDF text, abstract/overview paragraph beginning “The diagnostic process described in this paper is based on a careful determination…”",UNKNOWN,GDE is discussed as a qualitative comparison; no measured baseline gain is reported in the supplied context.,"The context supports efficient fault focusing and probe selection, but does not demonstrate the method on network regressions or specify how to construct a Root transport/runtime causal model."
arxiv:2210.08432,QStack: Re-architecting User-space Network Stack to Optimize CPU Efficiency and Service Quality,https://arxiv.org/abs/2210.08432,"TCP/IP network stack is irreplaceable for Web services in datacenter front-end servers, and the demand for which is growing rapidly for emerging high concurrency network service applications (including Internet, Internet of Things, mobile Internet, etc.) especially. The existing network stack schemes often face the dilemma between the data center server resource utilization (i.e., high CPU efficiency) and application service quality (i.e., low tail latency). We break this dilemma via a flexible architectural design QStack, which simultaneously achieves CPU efficiency and low tail latency in user-space network stack for front-end datacenter server. QStack proposes elastic framework and application definable full-datapath priority, such that the network stack collaboration among CPU cores horizontally and coordination across network layers in fine grained vertically on demand. We prototype QStack on commodity servers. Testbed experiments demonstrate the effectiveness of QStack over state-of-the-art user-space network stack designs.",firecrawl,n16,3,"Timed fastcalldown checks interrupt long-running application coroutines to service overdue NIC receive checks, TCP processing, and packet sends; it can batch packet work and yield when a higher-priority event arrives. This exposes a server-side network-stack service delay by checking whether packet handling was postponed while application work occupied the core. It is a mitigation and diagnostic signal for endpoint processing stalls, not a detector of network-path delay.","The governing rule compares elapsed time since NIC and TCP processing with configured thresholds, then directly invokes the overdue network work. The paper connects long application execution on a shared core to NIC queue overflow and packet drops. Logging fastcalldown triggers alongside packet arrival, queue, and request timestamps could show whether a tail coincides with delayed server packet service; robot-send/server-receive timestamps would still be needed to separate path delay from server-side delay.","At the server's user-space network stack, record request or packet identity, arrival time, NIC queue depth, fastcalldown check time and trigger reason, packet-processing time, and response-send time. Pair with robot-side send/receive timestamps to distinguish network transit from server NIC/service delay, server queueing, inference compute, and action application. This uses QStack's explicit timed checks as an attachment point; it does not require access to Reflex infrastructure.","Under a fixed mixed workload, compare fastcalldown enabled and disabled while varying the duration of application coroutines and injecting controlled network delay/loss separately. Retain per-request robot send, server packet arrival/service, inference queue/dequeue, compute completion, response send, and robot receive timestamps, plus NIC queue depth and fastcalldown trigger events. Test whether tails align with overdue server network service or queue buildup versus injected transit delay, and whether the instrumentation localizes those cases. Treat latency reduction as a separate mitigation result from diagnostic accuracy.","If NIC check interval is timed out, fastcalldown would directly call the packet receiving function to collect data packets to the driver buffer for temporary storage.","Selected PDF text, Fastcalldown section; the following sentences describe timed-out TCP processing and application-coroutine runtime checks.",UNKNOWN,UNKNOWN,"The paper describes timed service checks and their role in avoiding delayed packet processing, but does not evaluate fastcalldown as a network-tail diagnostic or provide a localization-accuracy result. The extracted text does not give a Root experiment or Root-measured gain. This supports a controlled experiment for identifying server-side packet-service stalls; it cannot by itself diagnose delay on the network path."
arxiv:2210.12808,Flow-Level Packet Loss Detection via Sketch Decomposition and Matrix Optimization,https://arxiv.org/abs/2210.12808,"For cloud service providers, fine-grained packet loss detection across data centers is crucial in improving their service level and increasing business income. However, the inability to obtain sufficient measurements makes it difficult owing to the fundamental limit that the wide-area network links responsible for communication are not under their management. Moreover, millisecond-level delay jitter and clock synchronization errors in the WAN disable many tools that perform well in data center networks on this issue. Therefore, there is an urgent need to develop a new tool or method. In this work, we propose SketchDecomp, a novel loss detection method, from a mathematical perspective that has never been considered before. Its key is to decompose sketches upstream and downstream into several sub-sketches and builds a low-rank matrix optimization model to solve them. Extensive experiments on the test bed demonstrate its superiority.",firecrawl,n09,2,"Collect upstream and downstream count-min sketches by flow and time window, model each sketch as a sum of sub-sketches spanning possible jitter-shifted receive windows, then use low-rank matrix optimization to recover those sub-sketches and estimate per-flow, per-window packet loss.","The decomposition accounts for packets arriving in later windows because of delay jitter, rather than mistaking window misalignment for loss. The low-rank assumption—flows share similar delay distributions over short intervals—constrains the otherwise underdetermined reconstruction. Comparing recovered sent and received sub-sketches estimates loss without packet modification or visibility into the WAN.","Attach sketches to robot-side and server-side transport boundaries, keyed by flow/request identity and time window. The method could expose loss hidden by jitter despite sparse summaries, but does not itself reconstruct request-to-packet causality or distinguish network delay from server queueing, GPU compute, or action application.","In a controlled Root replay, collect endpoint sketches while injecting known per-flow packet loss and variable delay that shifts packets across windows. Compare reconstructed per-flow, per-window loss with ground truth, and test sensitivity to sketch width/depth, jitter range, and violations of the shared-delay-distribution assumption.","Given that packets sent may be branched to multiple receive windows due to delay jitter, we regard the sketches as the sum of several unknown sub-sketches.","Selected PDF text, Section 1 Introduction; mechanism details in Sections 2.3–2.5.","On the test bed, reported error ratios (average error divided by average actual loss) were 0.019 for extremely severe loss, 0.070 for severe loss, and 0.073 for slight loss.",Ground-truth packet loss on the test bed.,"The paper evaluates flow-level loss estimation, not remote robot inference or request-level tail latency. Root transfer depends on obtaining compatible sketches at both endpoints and on the assumed bounded jitter range and low-rank/shared-delay structure."
arxiv:2211.12249,Enabling On-Demand Cyber-Physical Control Applications with UAV Access Points,https://arxiv.org/abs/2211.12249,"Achieving cyber-physical control over a wireless channel requires satisfying both the timeliness of a single packet and preserving the latency reliability across several consecutive packets. To satisfy those requirements as an ubiquitous service requires big infrastructural developments, or flexible on-demand equipment such as UAVs. To avoid the upfront cost in terms of finance and energy, this paper analyzes the capability of UAV access points (UAVAPs) to satisfy the requirements for cyber-physical traffic. To investigate this, we perform a Gilbert-Eliott burst-error analysis that is analytically derived as a combination of two separate latency measurement campaigns and provide an upper-bound analysis of the UAVAP system. The analysis is centered around a UAVAP that uses its LTE connection to reach the backhaul, while providing service to ground nodes (GNs) with a Wi-Fi access point (AP). Thus, we combine both measurement campaigns to analyze the plausibility of the described setup in casual, crowded or mixed network settings.",firecrawl,n16,2,"Classify each hop's packet as timely or untimely against a latency deadline, fit a two-state Gilbert-Elliott model to consecutive packet outcomes, then combine the hop models to estimate end-to-end burst lengths.","The state-transition probabilities capture temporal correlation: a hop that enters a bad state may keep producing consecutive late or lost packets. Modeling Wi-Fi and LTE separately also indicates which hop contributes to a burst, rather than treating end-to-end latency as one undifferentiated measurement.","Attach request identities and timestamps to robot-side and server-side transport events, classify per-hop network timeliness against deadlines, and fit transition probabilities to consecutive outcomes. This could expose whether a tail is a persistent network bad state and which hop contributes; separating network delay from server queueing or inference compute would require timestamps at those boundaries.","On a controlled remote-inference workload, record per-request network timings at each available hop and mark deadline misses. Fit the two-state transition model on one trace, then test its predicted probabilities of consecutive misses against held-out traces and injected bursty network conditions. Compare per-hop predictions with an end-to-end-only model.",each untimely transmission on each interface of the UAVAP can be considered as a transition to a failed state for that link of the hop.,"Selected PDF text, Section III, “Burst Errors in UAVAP Systems.”",The paper reports that all UAVAP implementations outperform a direct-relaxed LTE link in burst-error performance; no numerical gain is available in the supplied context.,Direct-relaxed LTE link.,"This is a burst-probability analysis, not an online diagnostic or a Root evaluation. Its combined-link analysis uses independently modeled interfaces and some scenarios are synthesized from separate measurement campaigns, so transfer to inference requires validating the model on per-request traces and separating network delays from compute and queueing."
arxiv:2211.14138,The TSN Building Blocks in Linux,https://arxiv.org/abs/2211.14138,"Various application areas e.g. industrial automation, professional audio-video, automotive in-vehicle, aerospace on-board, and mobile fronthaul networks require deterministic communication: loss-less forwarding with bounded maximum latency. There is a lot of ongoing standardization activity in different organizations to provide vendor-agnostic building blocks for Time-Sensitive Networking (TSN), what is aimed as the universal solution for deterministic forwarding in OSI Layer-2 networks. Furthermore, the implementation of those standards is also happening in Linux. Some of them require software changes only, but others have hardware support requirements. In this paper, we give an overview of the implementation of the main TSN standards in the mainline Linux kernel. Furthermore, we provide measurement results on key functionality in support of TSN, e.g., scheduled transmission and Linux bridging characteristics.",firecrawl,n15,2,"Use synchronized software and NIC hardware timestamps at transmit and receive: software TX, hardware TX, hardware RX, and software RX. Comparing adjacent timestamps separates host-side send/receive overhead from time on the wire and switching, making the network-delay component localizable.","NIC hardware timestamps bracket transmission across the link, while software timestamps mark the driver-side boundaries. With clocks synchronized, differences between these points can distinguish network or switching delay from sender-side scheduling and stack delay and receiver-side processing delay.","Attach the four timestamp events to each Root request or packet, using request identity to correlate robot-side and server-side transport events. Compare hardware TX-to-RX time with the surrounding software-to-hardware intervals to determine whether a tail occurs on the network path or at an endpoint.","On a controlled robot-inference path, collect synchronized software and NIC hardware timestamps for each request packet while independently varying network conditions and server/GPU load. Check whether injected network delay appears in hardware TX-to-RX intervals while endpoint intervals remain stable; then assess whether naturally occurring tail requests localize the same way.",It records 4 timestamps for each packet:,"Selected PDF text, section “On scheduling precision”","With hardware-offloaded ETF scheduling, the average difference from the intended transmission time was 5 ns and the maximum observed difference was 11 ns.",Clock-nanosleep scheduled transmission; its maximum observed difference from intended timestamps was 3.5 µs in the reported sample.,"The paper demonstrates timestamp-based timing characterization, not a controlled diagnosis of rare network tails. Its timestamp intervals can support network-versus-endpoint localization, but the context does not report a rare-delay injection experiment or a Root evaluation."
arxiv:2212.14073,Measuring and Estimating Key Quality Indicators in Cloud Gaming services,https://arxiv.org/abs/2212.14073,"User equipment is one of the main bottlenecks facing the gaming industry nowadays. The extremely realistic games which are currently available trigger high computational requirements of the user devices to run games. As a consequence, the game industry has proposed the concept of Cloud Gaming, a paradigm that improves gaming experience in reduced hardware devices. To this end, games are hosted on remote servers, relegating users' devices to play only the role of a peripheral for interacting with the game. However, this paradigm overloads the communication links connecting the users with the cloud. Therefore, service experience becomes highly dependent on network connectivity. To overcome this, Cloud Gaming will be boosted by the promised performance of 5G and future 6G networks, together with the flexibility provided by mobility in multi-RAT scenarios, such as WiFi. In this scope, the present work proposes a framework for measuring and estimating the main E2E metrics of the Cloud Gaming service, namely KQIs. In addition, different machine learning techniques are assessed for predicting KQIs related to Cloud Gaming user's experience. To this end, the main key quality indicators (KQIs) of the service such as input lag, freeze percent or perceived video frame rate are collected in a real environment. Based on these, results show that machine learning techniques provide a good estimation of these indicators solely from network-based metrics. This is considered a valuable asset to guide the delivery of Cloud Gaming services through cellular communications networks even without access to the user's device, as it is expected for telecom operators.",firecrawl,n14,3,"Timestamped action-to-visible-response measurement using frame-change detection: record each user action's timestamp, identify the first corresponding changed frame, and take the time difference as response latency. The framework also detects freezes from repeated frames, with capture-rate decimation to avoid false detections.","This is a concrete measurement operation, not just the paper's learned KQI estimator. It can expose a tail in user-visible end-to-end response times without needing application internals: per-action latency samples can be summarized by tail quantiles, while repeated displayed frames provide a separate freeze signal. It measures the combined path through network, server, and display, however, and does not by itself attribute delay to the network.","At the robot/client observation point, pair action or request timestamps with timestamps for the first resulting visible state change, using request identity or controlled action intervals to associate them. Compare these end-to-end samples with robot/server transport timestamps, queueing, compute, and action-application events to determine whether a visible tail aligns with network delay or another stage. This offers Root an application-data-independent observable, but not network localization on its own.","In a controlled Root replay, record action timestamps and frame/state-change timestamps and compute per-action end-to-end latency and tail quantiles. Independently inject network delay, loss, or jitter while holding server load constant, then inject server queueing or compute delay while holding network conditions constant. Compare the visual-measurement tail and freeze signal with transport and server-stage timings; verify that capture-rate decimation avoids false freeze detections.","For the latter one, it is taken the timestamp of those frames in which movement is detected.","Selected PDF text, Section 4.1.3 (“Input Lag”); frame-based freeze measurement and decimation are described in Sections 4.1.1–4.1.2.",UNKNOWN,UNKNOWN,"The paper describes measurement of end-to-end response and freezes, not tail-specific evaluation or causal network localization. The transfer assumes Root can observe action timestamps and resulting visible state changes; a Root gain has not been measured."
arxiv:2212.14876,Reliable and Distributed Network Monitoring via In-band Network Telemetry,https://arxiv.org/abs/2212.14876,"Traditional network monitoring solutions usually lack of scalability due to their centralized nature collecting heartbeats from all network components via a single controller. As a solution, In-Band Network Telemetry (INT) framework has been recently proposed to collect network telemetry information more autonomously and distributedly by employing programmable switches. However, it imposes further challenges to (i) find suitable INT paths to optimize the control overhead and information freshness and (ii) ensure reliable delivery of control information over multi-hop INT paths. In this work, we propose a monitoring scheme, reliable Graph Partitioned INT (GPINT), by extending our previous work and integrating shared queue ring (SQR) as a reliability feature against potential failures in network telemetry collection due to network congestion and link degradation that may cause loss of the visibility of the network. We implement our proposal in a recent data plane programming language P4, and compare it with traditional Simple Network Management Protocol (SNMP) and also another state-of-the-art study employing Euler's method for INT path generation. Our analysis first shows the importance of having a data recovery mechanism against packet losses under different network conditions. Then, our emulation results indicate that GPINT with reliability extension performs much better than its opponent in terms of telemetry collection latency and overhead monitoring scheme even under a high amount of packet losses.",firecrawl,n06,3,"Piggyback per-switch queue depth and queuing latency onto an INT probe as it traverses a predetermined path; use the accumulated measurements to inspect queue buildup along the network path. The separate SQR recovery mechanism retains probes and uses next-hop feedback timeouts to flag a possibly unresponsive link, then probe completion can revise that status to congested.","Per-hop queue measurements provide direct evidence of where packets waited, helping distinguish network queue buildup from server queueing or GPU delay when correlated with inference-stage timestamps. SQR adds path-level loss or delay evidence, but its timeout alone cannot identify congestion as the cause.","Correlate an inference request or transport flow with an INT probe traversing the robot-to-server path. Compare per-hop queue depth and queuing latency with robot/server transport timestamps, server queue time, GPU execution, and action-application time. Preserve SQR feedback timeout and eventual probe completion as separate link-status evidence.","In a controlled remote-inference setup, independently inject switch queue buildup, link loss/degradation, server queueing, and GPU delay. Correlate request or flow identity with per-hop INT queue measurements and SQR feedback/timeout/completion events. Measure whether queue measurements localize network waiting and distinguish it from non-network delay; report probe overhead. Do not infer a Root gain from the paper.",each node through on the path extends this packet by appending its own measurements,"Selected PDF text, Introduction, INT description; the preceding sentence identifies queuing latency and queue depth as telemetry queried from P4-programmable switches.",The abstract reports better telemetry collection latency and monitoring overhead than its opponent under high packet loss; exact scalar gain is UNKNOWN.,SNMP and Pan et al.’s Euler-method INT path-based monitoring scheme,"The paper supports per-hop queue telemetry as a diagnostic signal, but does not test request-level remote-inference correlation or a classifier separating network queue buildup from other inference-stage delays. Root integration and measured Root effects are UNKNOWN."
arxiv:2301.00615,ChameleMon: Shifting Measurement Attention as Network State Changes,https://arxiv.org/abs/2301.00615,"Flow-level network measurement is critical to many network applications. Among various measurement tasks, packet loss detection and heavy-hitter detection are two most important measurement tasks, which we call the two key tasks. In practice, the two key tasks are often required at the same time, but existing works seldom handle both tasks. In this paper, we design ChameleMon to support the two key tasks simultaneously. One key design/novelty of ChameleMon is to shift measurement attention as network state changes, through two dimensions of dynamics: 1) dynamically allocating memory between the two key tasks; 2) dynamically monitoring the flows of importance. To realize the key design, we propose a key technique, leveraging Fermat's little theorem to devise a flexible data structure, namely FermatSketch. FermatSketch is dividable, additive, and subtractive, supporting the two key tasks. We have fully implemented a ChameleMon prototype on a testbed with a Fat-tree topology. We conduct extensive experiments and the results show ChameleMon supports the two key tasks with low memory/bandwidth overhead, and more importantly, it can automatically shift measurement attention as network state changes.",firecrawl | related:similar,n09,2,"ChameleMon uses compact, dividable FermatSketch structures to measure both per-flow packet loss and flow sizes, then reallocates sketch memory and monitoring attention as network state changes. In healthy states it emphasizes packet-accumulation measurements; when losses increase, it shifts resources toward detecting victim flows.",The shared sketch structure allows resources to move between loss detection and flow-size measurement instead of being fixed to separate measurement schemes. The resulting flow-level summaries can retain evidence of which flows experienced losses while using less memory than recording every flow or lost packet.,"Attach epoch-aligned ingress and egress packet counts or loss summaries to robot inference requests or flows. This could help distinguish transport loss from server queueing, GPU compute, or action-application delay, provided requests can be mapped to measured flows. The paper does not establish request-level latency diagnosis.","On a controlled robot-inference workload, compare ChameleMon-style compact per-flow loss and size sketches against full packet or per-request transport traces. Inject packet loss and congestion while holding server load and GPU work fixed, then measure tail-regression detection and flow localization accuracy, memory use, and monitoring overhead. Separately vary server queueing to test whether the summaries distinguish network delay from server delay.",ChameleMon can monitor the network every 50ms and shift measurement attention within at most 3 epochs as network state changes.,"Selected PDF text, §7 Conclusion","The paper reports 50 ms network monitoring and attention shifts within at most 3 epochs; it also reports up to 15.9× and 23.2× memory savings over FlowRadar and LossRadar, respectively, for packet-loss detection.",FlowRadar and LossRadar are the stated memory-comparison baselines for the packet-loss results; no baseline is stated for the 50 ms monitoring interval or 3-epoch shift.,"The evaluation concerns data-center flow measurement, not robot inference or request-level tail latency. The supplied text does not specify a complete state-change trigger rule or show how to associate sketch summaries with individual inference requests."
arxiv:2301.04633,Accelerating Machine Learning Inference with GPUs in ProtoDUNE Data Processing,https://arxiv.org/abs/2301.04633,"We study the performance of a cloud-based GPU-accelerated inference server to speed up event reconstruction in neutrino data batch jobs. Using detector data from the ProtoDUNE experiment and employing the standard DUNE grid job submission tools, we attempt to reprocess the data by running several thousand concurrent grid jobs, a rate we expect to be typical of current and future neutrino physics experiments. We process most of the dataset with the GPU version of our processing algorithm and the remainder with the CPU version for timing comparisons. We find that a 100-GPU cloud-based server is able to easily meet the processing demand, and that using the GPU version of the event processing algorithm is two times faster than processing these data with the CPU version when comparing to the newest CPUs in our sample. The amount of data transferred to the inference server during the GPU runs can overwhelm even the highest-bandwidth network switches, however, unless care is taken to observe network facility limits or otherwise distribute the jobs to multiple sites. We discuss the lessons learned from this processing campaign and several avenues for future improvements.",firecrawl,n13,3,"Estimate workload-specific network demand from the sub-saturation slope of switch traffic versus event-start rate, account for background traffic using the fitted intercept, and compare resulting demand with switch capacity. The authors use that capacity estimate to interpret the slowdown as outbound-link saturation and set a concurrency cap.","The fitted slope estimates outbound bits per event despite aggregate switch counters, while the intercept estimates traffic from other jobs. When aggregate traffic approaches the known link capacity and EmTrk wall time rises, this supports a network-contention diagnosis; the capacity calculation then yields an actionable concurrency limit. The paper reports the switch saturated while Google ingress was not. This identifies a site-side network bottleneck, but does not isolate per-request transport delay from queueing or compute.","Join robot request-start rate or concurrency and request-stage timestamps with robot-side egress/NIC utilization or switch counters. Fit traffic against request rate below saturation to estimate per-request network demand and background load, then compare predicted demand with link capacity. This adds a way to infer workload-specific bandwidth demand from aggregate counters without requiring private infrastructure or per-packet traces.","Replay a fixed Root inference workload while varying request concurrency below and above the observed egress-capacity threshold. Record request start rate, aggregate egress traffic, per-request end-to-end and inference-stage latency, and server queue/GPU timings. Fit the below-saturation traffic-versus-rate slope and intercept, predict the saturation point, and check whether latency rises there and returns toward baseline when concurrency is capped. Treat the experiment as a network diagnosis test, not as evidence of a Root latency gain.","The linear fit to the traffic below 80 Gb/s indicates that each event sends 4.2 ± 0.2 Gb of outbound traffic, on top of 44 ± 2 Gb/s of baseline traffic from non-ProtoDUNE sources.","Selected PDF text, Section 4 Discussion and Figure 8 caption; the cap and recovery are described in Section 3.2.1, Outbound network saturation.",UNKNOWN,UNKNOWN,"The paper's evidence is from batch jobs and aggregate switch traffic, not robot action loops or per-request transport measurements. EmTrk wall time includes network latency but does not separate it from server queueing or compute. Traffic from other jobs contributes to the switch counters, and the authors report that they could not disambiguate its sources. The reported concurrency cap is an operational intervention, not a controlled Root experiment."
arxiv:2303.06288,Generalizing Greenwald-Khanna Streaming Quantile Summaries for Weighted Inputs,https://arxiv.org/abs/2303.06288,"Estimating quantiles, like the median or percentiles, is a fundamental task in data mining and data science. A (streaming) quantile summary is a data structure that can process a set S of n elements in a streaming fashion and at the end, for any phi in (0,1], return a phi-quantile of S up to an eps error, i.e., return a phi'-quantile with phi'=phi +- eps. We are particularly interested in comparison-based summaries that only compare elements of the universe under a total ordering and are otherwise completely oblivious of the universe. The best known deterministic quantile summary is the 20-year old Greenwald-Khanna (GK) summary that uses O((1/eps) log(eps n)) space [SIGMOD'01]. This bound was recently proved to be optimal for all deterministic comparison-based summaries by Cormode and Vesle'y [PODS'20]. In this paper, we study weighted quantiles, a generalization of the quantiles problem, where each element arrives with a positive integer weight which denotes the number of copies of that element being inserted. The only known method of handling weighted inputs via GK summaries is the naive approach of breaking each weighted element into multiple unweighted items and feeding them one by one to the summary, which results in a prohibitively large update time (proportional to the maximum weight of input elements). We give the first non-trivial extension of GK summaries for weighted inputs and show that it takes O((1/eps) log(eps n)) space and O(log(1/eps)+ log log(eps n)) update time per element to process a stream of length n (under some quite mild assumptions on the range of weights and eps). En route to this, we also simplify the original GK summaries for unweighted quantiles.",related:citers,n09,2,"Maintain a deterministic weighted Greenwald–Khanna quantile summary: process each weighted observation as a single update, retain a compact subset with rank metadata, and delete entries only when the summary’s approximation invariant remains valid.","The maintained invariant bounds quantile error in rank, so the compact summary can estimate latency percentiles without storing every observation or expanding a weighted observation into many copies. This preserves distributional tail information, though it does not by itself identify the cause of a tail.","Attach the summary to per-request network-delay measurements derived from robot/server transport timestamps, optionally maintaining separate summaries by request class or transport event. Root gains bounded-error latency quantiles with reduced storage and avoids retaining every measurement; causal localization still requires request identity or additional cross-layer signals.","Replay the same labeled Root request traces into the weighted summary and an exact per-request latency recorder. Compare estimated network-delay quantiles against exact quantiles at several ε settings, measure memory and update cost, and verify that injected network-delay tails remain visible separately from server queueing, GPU compute, and action-application delays.",We give the first non-trivial extension of GK summaries for weighted inputs and show that it takes O((1/ε) log (εn)) space and O(log(1/ε) + log log(εn)) update time per element,"Selected PDF text, abstract; also summarized in the supplied paper abstract.",Theoretical bounds: O((1/ε) log(εn)) space and O(log(1/ε) + log log(εn)) update time per element under stated assumptions.,Naively break each weighted element into multiple unweighted items and feed them to a GK summary; update time is proportional to the maximum input weight.,"The paper concerns weighted quantile summaries, not network diagnosis. Its guarantees concern rank error, not latency-value error or causal attribution; the context reports no Root experiment or measured network-diagnostic gain."
arxiv:2305.02052,Wi-Fi Multi-Link Operation: An Experimental Study of Latency and Throughput,https://arxiv.org/abs/2305.02052,"In this article, we investigate the real-world capability of the multi-link operation (MLO) framework -- one of the key MAC-layer features included in the IEEE 802.11be amendment -- by using a large dataset containing 5 GHz spectrum occupancy measurements on multiple channels. Our results show that when both available links are often busy, as is the case in ultra-dense and crowded scenarios, MLO attains the highest throughput gains over single-link operation (SLO) since it is able to leverage multiple intermittent transmission opportunities. As for latency, if the two links exhibit statistically the same level of occupancy, MLO can outperform SLO by one order of magnitude. In contrast, in asymmetrically occupied links, MLO can sometimes be detrimental and even increase latency. We study this somewhat unexpected phenomenon, and find its origins to be packets suboptimally mapped to either link before carrying out the backoff, with the latter likely to be interrupted on the busier link. We cross validate our study with real-time traffic generated by a cloud gaming application and quantify MLO's benefits for latency-sensitive applications.",related:citers,n14,2,"Decompose packet delay into queueing and link-access (contention/backoff) delay, then test deferred link allocation: run backoff on each interface and assign the head-of-queue packet to the interface whose backoff expires first, rather than assigning it before backoff.","The decomposition distinguishes waiting before interface assignment from delay after assignment. Deferring assignment uses more current link-state information and avoids committing a packet to a busy link just before occupancy pauses its backoff, exposing link contention as a source of tail delay rather than conflating it with queueing. Root could attach transport-path or interface identity and timestamps to requests, separate pre-send queue time from transport time, and test whether selecting among available paths later reduces the network tail.","At the robot-side send/interface-selection boundary, retain request identity and timestamps for queue entry, path/interface assignment, backoff or send start, and transmission completion. Compare per-path access delay with queueing delay; where multiple paths exist, test deferred assignment against the current policy. The paper's mechanism is specifically Wi-Fi MAC contention and does not directly establish behavior for other transports.","Replay identical request arrivals and occupancy traces under immediate versus deferred interface assignment, comparing queueing delay, access delay, and 95th-percentile total delay; the paper also validates its trends with real cloud-gaming traffic.","MLO-STR+ improves MLO-STR by delaying the link allocation of the packet at the head of the queue until one of the backoff counters expires, thereby leveraging up-to-date information on the link state","Selected PDF text, section on MLO-STR with Deferred Decision and its findings.",Up to 60% reduction in the 95th percentile of access delay and total delay for MLO-STR+ versus MLO-STR.,MLO-STR (for the reported up-to-60% reduction).,"The study concerns Wi-Fi multi-link MAC access, not remote robot inference or general transport paths. Applying deferred path selection and the delay decomposition at Root would require suitable path/interface timestamps and, for the intervention, control over path selection."
arxiv:2305.03165,Understanding the Benefits of Hardware-Accelerated Communication in Model-Serving Applications,https://arxiv.org/abs/2305.03165,"It is commonly assumed that the end-to-end networking performance of edge offloading is purely dictated by that of the network connectivity between end devices and edge computing facilities, where ongoing innovation in 5G/6G networking can help. However, with the growing complexity of edge-offloaded computation and dynamic load balancing requirements, an offloaded task often goes through a multi-stage pipeline that spans across multiple compute nodes and proxies interconnected via a dedicated network fabric within a given edge computing facility. As the latest hardware-accelerated transport technologies such as RDMA and GPUDirect RDMA are adopted to build such network fabric, there is a need for good understanding of the full potential of these technologies in the context of computation offload and the effect of different factors such as GPU scheduling and characteristics of computation on the net performance gain achievable by these technologies. This paper unveils detailed insights into the latency overhead in typical machine learning (ML)-based computation pipelines and analyzes the potential benefits of adopting hardware-accelerated communication. To this end, we build a model-serving framework that supports various communication mechanisms. Using the framework, we identify performance bottlenecks in state-of-the-art model-serving pipelines and show how hardware-accelerated communication can alleviate them. For example, we show that GPUDirect RDMA can save 15--50% of model-serving latency, which amounts to 70--160 ms.",firecrawl,n15,2,"Fine-grained pipeline timing combined with controlled transport substitution: measure request/response transport intervals and GPU copy/inference stages separately, then compare TCP, RDMA, and GPUDirect RDMA to identify which stage accounts for latency differences.",Separating transport measurements from CUDA-event timing for GPU stages helps distinguish data-movement delay from copy and inference time. Substituting transports provides a controlled check on whether communication-path overhead is contributing to the observed latency.,"Attach request-correlated timestamps to robot/client send and receive events, server transport completion events, and GPU copy/inference spans. This could help Root distinguish transport delay from GPU work; the paper’s internal-fabric measurements do not by themselves characterize the robot-to-cloud access network.","On a fixed remote-inference workload, record per-request transport, copy, and inference spans while varying transport (TCP/RDMA/GDR) and input size or concurrency. Compare stage breakdowns and tail distributions; attribute only the measured spans, and retain a separate server-queue span if available.",The client-perceived end-to-end model-serving latency is broken into two components: (i) transport latency and (ii) GPU latency.,"Selected PDF text, Section III.B, “Performance Metrics.”",15–50% lower model-serving latency (70–160 ms) with GPUDirect RDMA compared to TCP-based transport.,TCP-based transport (ZeroMQ).,"The context does not report tail percentiles or establish performance on the robot-to-cloud access path. TCP request timing is derived indirectly, and the described breakdown does not explicitly isolate server queueing."
arxiv:2305.03348,Flock: Accurate network fault localization at scale,https://arxiv.org/abs/2305.03348,"Inferring the root cause of failures among thousands of components in a data center network is challenging, especially for ""gray"" failures that are not reported directly by switches. Faults can be localized through end-to-end measurements, but past localization schemes are either too slow for large-scale networks or sacrifice accuracy. We describe Flock, a network fault localization algorithm and system that achieves both high accuracy and speed at datacenter scale. Flock uses a probabilistic graphical model (PGM) to achieve high accuracy, coupled with new techniques to dramatically accelerate inference in discrete-valued Bayesian PGMs. Large-scale simulations and experiments in a hardware testbed show Flock speeds up inference by >10000x compared to past PGM methods, and improves accuracy over the best previous datacenter fault localization approaches, reducing inference error by 1.19-11x on the same input telemetry, and by 1.2-55x after incorporating passive telemetry. We also prove Flock's inference is optimal in restricted settings",firecrawl,n04,2,"Use end-to-end flow measurements and network topology/routes as inputs to a Bayesian graphical model, then use maximum-likelihood inference to identify faulty links or devices. For latency, Flock converts each flow’s RTT into a binary bad/good observation using a threshold; its greedy search selects links that best explain the observations, with joint likelihood exploration updating shared flow contributions efficiently.","Flows traverse overlapping sets of candidate paths, so a link fault can explain correlated bad observations across flows without requiring full packet tracing or direct fault reports from switches. The probabilistic model accounts for uncertainty, including unknown ECMP paths. This offers a Root experiment using request-linked flow latency and candidate routes to test whether injected network faults can be localized. However, the method’s thresholded RTT signal does not by itself distinguish network delay from server queueing, GPU compute, or action application, nor does it specifically identify tail latency.","Attach request identity and timestamps to flow-level RTT measurements, and provide topology plus candidate routes for those flows. Run controlled network-fault injections and compare inferred links with ground truth. Root would gain component-level attribution from sparse end-to-end signals; further signals or controls would be needed to separate network delay from server-side stages.","Replay or collect request-linked flow RTTs and route candidates under controlled link-delay or packet-loss injections, with matched healthy runs. Apply Flock-style thresholding and link inference, then measure localization precision and recall and compare against timing-only alerts. Record server queue, GPU, and action-application timings separately to test whether apparent network diagnoses are actually server-side delays.","To capture symptoms of high latency, we use a “per-flow” analysis which is in effect a special case of the per-packet model where the number of packets sent is 1, and the number of bad packets is set to 1 if the flow’s RTT is above a threshold and 0 otherwise.","Selected PDF text, model conversion bullets under per-flow analysis; the input telemetry and topology description appears earlier in the selected PDF text.",Inference error reduced by 1.19–11x versus the best previous datacenter fault-localization approaches on the same input telemetry; greater reductions are reported after incorporating passive telemetry.,"Best previous datacenter fault-localization approaches, using the same input telemetry.","The context supports network-component fault localization from end-to-end flow measurements, but does not establish that the method diagnoses tail latency specifically or separates network delay from server queueing, GPU compute, and action application. Root-specific performance is unmeasured."
arxiv:2307.06763,Retroactive Parametrized Monitoring,https://arxiv.org/abs/2307.06763,"In online monitoring, we first synthesize a monitor from a formal specification, which later runs in tandem with the system under study, incrementally receiving its progress and evolving with the system. In offline monitoring the trace is logged as the system progresses to later do post-mortem analysis after the system has finished executing. In this paper we propose retroactive dynamic parametrization, a technique that allows a monitor to revisit the past log as it progresses, while still executing in an online manner. This feature allows new monitors to be incorporated into a running system and to revisit the past for particular behaviors based on new information discovered. Retroactive parametrization also allows a monitor to lazily ignore events and revisit and process them later, when it discovers that it should have followed those events. We showcase the use of retroactive dynamic parametrization to monitor denial of service attacks on a network using network logs.",firecrawl,n14,2,"Threshold-triggered retroactive monitoring: monitor a cheap summary of incoming events, and when a condition is met, retrieve relevant earlier events from a log and run a finer-grained monitor over them, then continue monitoring live events.","It avoids continuously maintaining expensive detailed state. A later signal can trigger recovery and analysis of the relevant past, providing context that was not retained in the live monitor. For Root, this could support a low-overhead first pass with selective retrieval of request-correlated transport events around a suspected latency tail; it would supply temporal context, not by itself distinguish network delay from server or GPU delay.","At the robot/server request-identity and timestamp boundary, retain or index transport-event logs and use a latency or queue threshold to trigger retrieval of the affected request's preceding packet, ACK, loss, or queue events. Compare this selective-retroactive collection against always-on detailed tracing for tail localization and collection overhead.","The paper evaluates DDoS monitors on network-flow batches. Its retroactive monitor defers entropy calculation until traffic volume crosses a threshold, then retrieves and processes relevant past flows. It compares brute-force, retroactive, and aggregated implementations on known attack/no-attack datasets and reports runtime and memory behavior.","The monitor only calculates the entropy, using RP, when the volume of traffic for an address surpasses the threshold.","Selected PDF text, Section 5, empirical evaluation, description of implementation S2 (Retroactive).","Qualitatively, the aggregated implementation is described as extremely fast compared with the brute-force and retroactive implementations; retroactive memory use remains close to constant, with a rise when past flows are retrieved and processed. No numeric gain is available in the supplied context.",Brute-force dynamic parametrization (S1) and retroactive implementation (S2); the aggregated implementation (S3) is also compared in the multi-batch experiment.,"The study detects DDoS from sampled, batched flow records, not inference latency tails. It does not establish request-level packet/ACK timing or distinguish network delay from server queueing, GPU compute, or action application. Transfer to Root is a proposed use of the selective retroactive retrieval mechanism, not a demonstrated result."
arxiv:2307.10648,Data-Driven Latency Probability Prediction for Wireless Networks: Focusing on Tail Probabilities,https://arxiv.org/abs/2307.10648,"With the emergence of new application areas, such as cyber-physical systems and human-in-the-loop applications, there is a need to guarantee a certain level of end-to-end network latency with extremely high reliability, e.g., 99.999%. While mechanisms specified under IEEE 802.1as time-sensitive networking (TSN) can be used to achieve these requirements for switched Ethernet networks, implementing TSN mechanisms in wireless networks is challenging due to their stochastic nature. To conform the wireless link to a reliability level of 99.999%, the behavior of extremely rare outliers in the latency probability distribution, or the tail of the distribution, must be analyzed and controlled. This work proposes predicting the tail of the latency distribution using state-of-the-art data-driven approaches, such as mixture density networks (MDN) and extreme value mixture models, to estimate the likelihood of rare latencies conditioned on the network parameters, which can be used to make more informed decisions in wireless transmission. Actual latency measurements of IEEE 802.11g (WiFi), commercial private and a software-defined 5G network are used to benchmark the proposed approaches and evaluate their sensitivities concerning the tail probabilities.",firecrawl,n16,2,"Fit a conditional latency-density model from measured packet delays and network conditions; use an extreme-value mixture model that combines a Gaussian-mixture bulk with a generalized Pareto tail, with neural-network-predicted parameters, to estimate rare-delay probabilities.","Modeling the tail explicitly avoids relying on a Gaussian mixture whose tail can diverge from empirical rare-delay behavior. Conditioning on transmission state, such as MCS, relates tail risk to wireless conditions. Applied in Root, timestamped transport measurements plus available network-state signals could estimate whether a request's network delay is unusually likely under comparable conditions.","Attach to timestamped robot-to-server and server-to-robot transport events, joined by request identity, and condition the predictor on available link-state signals. Compare predicted network-delay tails against measured link delay separately from server queueing, GPU computation, and action application. The paper does not identify off-path flows or shared-resource causes, so it does not support n02.","On a robot-cloud loop, collect timestamped request/response packet delays and available wireless conditions across repeated runs. Train and evaluate the tail predictor against held-out measurements and a Gaussian-mixture baseline; compare calibration and detection of rare network-delay events, while separately measuring server and action-application time.","In this extreme value MDN scheme, tail parameters of the distribution (threshold, tail index, and scale) are being estimated by the neural network in addition to the bulk distribution parameters.","Selected PDF text, Section III, Approach.",The paper reports that the GMEVM predictor closely follows the empirical tail where the GMM predictor diverges; it also reports that 1 ms Gaussian-noise regularization improves GMEVM performance for non-smooth conditional tails. No numerical gain is available in the supplied text.,Gaussian-mixture model (GMM) / mixture density network without the generalized Pareto tail component.,"The method predicts conditional wireless-link latency distributions; the supplied text does not establish attribution to off-path flows or shared resources, or validate the predictor on robot-cloud action loops. It also does not fully establish separation of network delay from other end-to-end latency components."
arxiv:2309.10383,EdgeP4: A P4-Programmable Edge Intelligent Ethernet Switch for Tactile Cyber-Physical Systems,https://arxiv.org/abs/2309.10383,"Tactile Internet based operations, e.g., telesurgery, rely on end-to-end closed loop control for accuracy and corrections. The feedback and control are subject to network latency and loss. We design two edge intelligence algorithms hosted at P4 programmable end switches. These algorithms locally compute and command corrective signals, thereby dispense the feedback signals from traversing the network to the other ends and save on control loop latency and network load. We implement these algorithms entirely on data plane on Netronome Agilio SmartNICs using P4. Our first algorithm, pose correction, is placed at the edge switch connected to an industrial robot gripping a tool. The round trip between transmitting force sensor array readings to the edge switch and receiving correct tip coordinates at the robot is shown to be less than 100 μ s. The second algorithm, tremor suppression, is placed at the edge switch connected to the human operator. It suppresses physiological tremors of amplitudes smaller than 100 μ m which not only improves the application's performance but also reduces the network load up to 99.9%. Our solution allows edge intelligence modules to seamlessly switch between the algorithms based on the tasks being executed at the end hosts.",firecrawl,n13,3,"Per-packet switch-residence measurement: add ingress and egress timestamps to a telemetry header, then subtract them to measure time inside the switch. The packet also carries a sequence ID, supporting correlation with the corresponding request or response.","This goes beyond bypassing the network for pose correction: it supplies a concrete timing signal that can isolate delay within an instrumented switch from delay elsewhere in the action loop. Correlated with robot- and server-side timestamps, it could expose whether a tail coincides with switch residence or lies outside that measured segment. It does not, by itself, measure every network link or distinguish link delay from server queueing.","Instrument a robot-adjacent programmable switch or SmartNIC to attach per-packet ingress/egress times and port metadata, retaining the sequence/request identity. Correlate those records with Root's robot-side send/receive and server-side queue and inference timestamps; no access to Reflex's private infrastructure is assumed.","Replay matched action-loop traffic while independently injecting switch contention and server queueing. Collect endpoint timestamps, packet identities, and switch ingress/egress timestamps; compare tail requests across conditions. Test whether switch-residence measurements rise under switch contention but remain stable under server-only queueing, and whether endpoint delay not explained by switch residence remains separately attributable. Treat any result as a Root experiment, not a reported paper gain.",We include the ingress and egress timestamps of packets into the telemetry header. The difference between the two is used to measure the time a packet spends inside the switch.,"Selected PDF text, section 4.1.1, Experimental Results and Discussion; packet fields and sequence ID described in the implementation text preceding section 4.",UNKNOWN,UNKNOWN,"The paper measures switch residence, not end-to-end network delay or tail distributions, and does not demonstrate localization of delay outside that switch. Root would need endpoint and server-stage timestamps to distinguish unmeasured network delay from server queueing, compute, or action application."
arxiv:2310.19331,AdapINT: A Flexible and Adaptive In-Band Network Telemetry System Based on Deep Reinforcement Learning,https://arxiv.org/abs/2310.19331,"In-band Network Telemetry (INT) has emerged as a promising network measurement technology. However, existing network telemetry systems lack the flexibility to meet diverse telemetry requirements and are also difficult to adapt to dynamic network environments. In this paper, we propose AdapINT, a versatile and adaptive in-band network telemetry framework assisted by dual-timescale probes, including long-period auxiliary probes (APs) and short-period dynamic probes (DPs). Technically, the APs collect basic network status information, which is used for the path planning of DPs. To achieve full network coverage, we propose an auxiliary probes path deployment (APPD) algorithm based on the Depth-First-Search (DFS). The DPs collect specific network information for telemetry tasks. To ensure that the DPs can meet diverse telemetry requirements and adapt to dynamic network environments, we apply the deep reinforcement learning (DRL) technique and transfer learning method to design the dynamic probes path deployment (DPPD) algorithm. The evaluation results show that AdapINT can redesign the telemetry system according to telemetry requirements and network environments. AdapINT can reduce telemetry latency by 75% in online games and video conferencing scenarios. For overhead-aware networks, AdapINT can reduce control overheads by 34% in cloud computing services.",firecrawl,n04,2,"Use low-frequency auxiliary probes on non-overlapping paths to collect link latency and network status; use missing probes to narrow a fault to links on their paths. Use the resulting status to plan higher-frequency, task-specific probes.","Link-level measurements provide a concrete network-delay signal, while non-overlapping probe paths make a missing probe informative about which links may have failed. This could help Root distinguish network delay or failure from server-side and inference delays.","Attach probe measurements to the robot request’s time window and path, and compare per-link latency or probe loss with the request’s end-to-end latency. This supplies network-path evidence without requiring full application tracing.","In a controlled Root test, inject delay or loss on one network link while holding server queueing and inference compute constant. Compare localization using end-to-end latency alone against latency plus per-link auxiliary-probe results; measure localization accuracy and telemetry overhead.","After obtaining the link latency, users can quickly know the location of the network fault by determining whether the latency is abnormal or not.","Selected PDF text, Telemetry Results Analysis section.",75% reduction in telemetry latency in online games and video conferencing scenarios.,Traditional network telemetry systems.,"The reported evaluations are simulations, and the context does not establish performance on robot inference workloads or quantify Root-specific localization accuracy."
arxiv:2311.02636,Compact Data Structures for Network Telemetry,https://arxiv.org/abs/2311.02636,"Collecting and analyzing of network traffic data (network telemetry) plays a critical role in managing modern networks. Network administrators analyze their traffic to troubleshoot performance and reliability problems, and to detect and block cyberattacks. However, conventional traffic-measurement techniques offer limited visibility into network conditions and rely on offline analysis. Fortunately, network devices -- such as switches and network interface cards -- are increasingly programmable at the packet level, enabling flexible analysis of the traffic in place, as the packets fly by. However, to operate at high speed, these devices have limited memory and computational resources, leading to trade-offs between accuracy and overhead. In response, an exciting research area emerged, bringing ideas from compact data structures and streaming algorithms to bear on important networking telemetry applications and the unique characteristics of high-speed network devices. In this paper, we review the research on compact data structures for network telemetry and discuss promising directions for future research.",firecrawl,n04 | n06,3,"Accumulate per-hop queue residence time in packet-carried path telemetry, then aggregate delayed packets or flows with an in-network heavy-hitter structure. Queue residence is measured as the time a packet exits the queue minus the time it entered.","The per-hop queue signal directly measures network queueing rather than inferring it from end-to-end latency, which can also include server queueing, GPU compute, or action application. Accumulating it across a packet's path exposes total network queue delay; heavy-hitter aggregation can identify flows or paths experiencing unusually high delay without retaining a full packet trace. This is a concrete diagnostic operation, though the paper is a survey rather than an evaluation of one implementation.","Where programmable switches or SmartNICs are available, associate packet or flow identity with robot-side and server-side request timestamps, collect queue-entry and queue-exit timestamps per hop, and accumulate queue delay along the path. Compare that network component with server queue, GPU, and action-application timings. An in-network heavy-hitter summary could retain delayed flows while avoiding full packet-level trace export.","Replay identical inference-request traffic while independently inducing network queueing, server queueing, GPU delay, and action-application delay. Compare end-to-end timestamps alone against per-hop queue-delay accumulation and delayed-flow aggregation. Measure attribution and localization accuracy, false network attribution under non-network delays, and telemetry overhead against packet-level tracing.","For example, as a packet goes through a switch, it can detect the delay it experienced in the queue by computing the difference between the time it entered the queue and the time it left the queue. As the packet traverses the network, it can aggregate the queuing delay it experienced across the entire path.","Selected PDF text, Section 7.1, “Network-wide Measurements”",UNKNOWN,UNKNOWN,"The survey describes a transferable queue-delay accumulation operation and a possible heavy-hitter use, but does not evaluate a complete method or establish its accuracy, implementation requirements, or Root-specific benefit. The compact-sketch discussion does not provide enough evidence here to promote n09, and no fewer-measurements comparison is established for n10."
arxiv:2311.07535,Causality Diagrams using Hybrid Vector Clocks,https://arxiv.org/abs/2311.07535,"Causality in distributed systems is a concept that has long been explored and numerous approaches have been made to use causality as a way to trace distributed system execution. Traditional approaches usually used system profiling and newer approaches profiled clocks of systems to detect failures and construct timelines that caused those failures. Since the advent of logical clocks, these profiles have become more and more accurate with ways to characterize concurrency and distributions, with accurate diagrams for message passing. Vector clocks addressed the shortcomings of using traditional logical clocks, by storing information about other processes in the system as well. Hybrid vector clocks are a novel approach to this concept where clocks need not store all the process information. Rather, we store information of processes within an acceptable skew of the focused process. This gives us an efficient way of profiling with substantially reduced costs to the system. Building on this idea, we propose the idea of building causal traces using information generated from the hybrid vector clock. The hybrid vector clock would provide us with a strong sense of concurrency and distribution, and we theorize that all the information generated from the clock is sufficient to develop a causal trace for debugging. We post-process and parse the clocks generated from an execution trace to develop a swimlane on a web interface, that traces the points of failure of a distributed system. We also provide an API to reuse this concept for any generic distributed system framework.",firecrawl,n04,3,"Hybrid-vector-clock causal ordering of logged message events, combined with explicit failure flags and missed-poll detection, to isolate a failed message or process in physical-time swimlanes.","Each process updates its clock on local/send events and merges the incoming clock on receive, preserving partial causal order while tracking physical-time epochs and bounded clock offsets. The parser orders send and receive times and the interface can isolate a subset of messages, including failures. This provides a concrete cross-layer diagnostic operation with less clock state than a full vector clock. With matched robot/server transport events, delayed intervals could be placed in causal context; explicit send/receive timestamps would still be needed to distinguish network delay from server queueing or computation.","Attach HVC metadata and explicit timestamps to matched robot send, server receive, server completion, and robot receive events; record transport failure/loss indicators and process polls. The resulting causal swimlane could expose which event boundary contains a tail and which downstream events depend on it, without requiring full vector-clock state. The paper does not establish that HVC alone measures network delay.","In a controlled Root run, emit matched HVC-tagged boundary events and explicit timestamps. Inject transport delay or loss independently from server queueing and compute delay. Check whether the causal swimlane isolates the affected message/process and whether the explicit boundary times distinguish the injected network interval from server-side intervals; compare clock metadata overhead with full vector clocks.",The API was capable of isolating a particular message and zooming in on a visualization of a snapshot that isolated a subset of messages from a trace.,"Selected PDF text, IV.C, “Designing the Web interface,” item 1",UNKNOWN,UNKNOWN,"The paper demonstrates failure-oriented trace isolation and describes HVC ordering, but does not evaluate network tail-latency localization, transport delay separation, or a Root system. The proposed Root experiment must supply explicit send/receive and processing boundary timestamps."
arxiv:2401.08890,Characterizing TCP's Performance for Low-Priority Flows Inside a Cloud,https://arxiv.org/abs/2401.08890,"Many cloud systems utilize low-priority flows to achieve various performance objectives (e.g., low latency, high utilization), relying on TCP as their preferred transport protocol. However, the suitability of TCP for such low-priority flows is relatively unexplored. Specifically, how prioritization-induced delays in packet transmission can cause spurious timeouts and low utilization. In this paper, we conduct an empirical study to investigate the performance of TCP for low-priority flows under a wide range of realistic scenarios: use-cases (with accompanying workloads) where the performance of low-priority flows is crucial to the functioning of the overall system as well as various network loads and other network parameters. Our findings yield two key insights: 1) for several popular use-cases (e.g., network scheduling), TCP's performance for low-priority flows is within 2x of a near-optimal scheme, 2) for emerging workloads that exhibit an on-off behavior in the high priority queue (e.g., distributed ML model training), TCP's performance for low-priority flows is poor. Finally, we discuss and conduct preliminary evaluation to show that two simple strategies -- weighted fair queuing (WFQ) and cross-queue congestion notification -- can substantially improve TCP's performance for low-priority flows.",firecrawl,n06,2,"Cross-Queue Congestion Notification uses low-overhead, high-priority probe packets to create a secondary feedback loop. Switches ECN-mark probes when the high-priority queue exceeds a threshold; the sender uses those marks to identify priority-induced congestion and pause low-priority TCP transmissions.","Ordinary low-priority TCP feedback can stall behind high-priority traffic, obscuring why packets are delayed. The non-blocking probe loop reports high-priority queue congestion independently, helping separate priority-induced network delay from other causes and avoiding excess low-priority queue buildup, packet loss, and spurious backoffs.","Attach probe/ECN feedback to request or flow identity and correlate it with robot-side send/receive timestamps. A mark indicates high-priority queue congestion during the request; its absence would not rule out low-priority queueing, server queueing, GPU compute, or action-application delay. This could give Root a cross-queue network signal without assuming access to Reflex's private infrastructure.","In the workload-co-location experiment with 12MB gradient updates, compare TCP+ (cross-queue notification) against TCP and measure low-priority flow completion times, including p99. A Root experiment could similarly correlate request-level probe marks with end-to-end tail latency and other pipeline timestamps.",probe packets get marked if the length of the high priority queue exceeds a certain threshold,"Selected PDF text, Cross-Queue Congestion Notification (CQCN) section.",Up to 6× decrease in FCTs for medium flows at p99 in the preliminary evaluation.,TCP without cross-queue congestion notification.,"This is a cloud transport study, not a robot-inference evaluation. The paper notes that probe thresholds require tuning and probing can interfere with high-priority traffic; no Root gain is reported."
arxiv:2401.12815,COREC: Concurrent Non-Blocking Single-Queue Receive Driver for Low Latency Networking,https://arxiv.org/abs/2401.12815,"Existing network stacks tackle performance and scalability aspects by relying on multiple receive queues. However, at software level, each queue is processed by a single thread, which prevents simultaneous work on the same queue and limits performance in terms of tail latency. To overcome this limitation, we introduce COREC, the first software implementation of a concurrent non-blocking single-queue receive driver. By sharing a single queue among multiple threads, workload distribution is improved, leading to a work-conserving policy for network stacks. On the technical side, instead of relying on traditional critical sections - which would sequentialize the operations by threads - COREC coordinates the threads that concurrently access the same receive queue in non-blocking manner via atomic machine instructions from the Read-Modify-Write (RMW) class. These instructions allow threads to access and update memory locations atomically, based on specific conditions, such as the matching of a target value selected by the thread. Also, they enable making any update globally visible in the memory hierarchy, bypassing interference on memory consistency caused by the CPU store buffers. Extensive evaluation results demonstrate that the possible additional reordering, which our approach may occasionally cause, is non-critical and has minimal impact on performance, even in the worst-case scenario of a single large TCP flow, with performance impairments accounting to at most 2-3 percent. Conversely, substantial latency gains are achieved when handling UDP traffic, real-world traffic mix, and multiple shorter TCP flows.",firecrawl,n16,2,"Share one NIC receive queue among multiple worker threads; use atomic read-modify-write coordination to claim and process descriptor batches without locking, making packet processing work-conserving.","A single-thread-per-queue receive path can serialize packet processing and leave work waiting even when other cores are available. Concurrent workers can drain that queue in parallel, potentially reducing receiver-side queueing and tail latency. This is an intervention on receive processing, not a mechanism that directly reconstructs or attributes a particular request's network delay.","At the server-side NIC receive path, compare a shared-queue concurrent receiver with the ordinary per-queue single-thread configuration while recording request-correlated receive and inference timestamps. A tail reduction would support receive-queue service contention as a contributor; packet arrival and processing timestamps would still be needed to separate network transit from receiver queueing, server scheduling, GPU compute, and action application.","Replay the same remote-inference request traffic under the standard receiver and a COREC-like shared-queue receiver. Capture packet arrival, dequeue, and request completion timestamps, and compare tail latency and queue-wait intervals under matched offered load.","By sharing a single queue among multiple threads, workload distribution is improved, leading to a work-conserving policy for network stacks.","Abstract; also selected PDF text, Section 3 contribution summary.","The abstract reports substantial latency gains for UDP traffic, real-world traffic mixes, and multiple shorter TCP flows; no exact latency improvement is provided in the supplied context. It also reports at most 2–3% performance impairment for a single large TCP flow.","Standard DPDK scale-out policy (v21.11), with each receive queue managed by an individual thread.","The paper measures driver and forwarding latency, not remote-robot inference requests or request-to-packet causality. The supplied text does not establish that a Root tail is caused by receive-queue buildup. Thus n01 and n02 lack the requested reconstruction or off-path/shared-resource identification operation; n06 remains unresolved because the method mitigates a possible per-queue processing bottleneck but does not distinguish queue buildup from other tail causes."
arxiv:2402.00540,Experimental Evaluation of Interactive Edge/Cloud Virtual Reality Gaming over Wi-Fi using Unity Render Streaming,https://arxiv.org/abs/2402.00540,"Virtual Reality (VR) streaming enables end-users to seamlessly immerse themselves in interactive virtual environments using even low-end devices. However, the quality of the VR experience heavily relies on Wireless Fidelity (Wi-Fi) performance, since it serves as the last hop in the network chain. Our study delves into the intricate interplay between Wi-Fi and VR traffic, drawing upon empirical data and leveraging a Wi-Fi simulator. In this work, we further evaluate Wi-Fi's suitability for VR streaming in terms of the Quality of Service (QoS) it provides. In particular, we employ Unity Render Streaming to remotely stream real-time VR gaming content over Wi-Fi 6 using Web Real-Time Communication (WebRTC), considering a server physically located at the network's edge, near the end user. Our findings demonstrate the system's sustained network performance, showcasing minimal round-trip time (RTT) and jitter at 60 and 90 frames per second (fps). In addition, we uncover the characteristics and patterns of the generated traffic streams, unveiling a distinctive video transmission approach inherent to WebRTC-based services: the systematic packetization of video frames (VFs) and their transmission in discrete batches at regular intervals, regardless of the targeted frame rate. This interval-based transmission strategy maintains consistent video packet delays across video frame rates but leads to increased Wi-Fi airtime consumption. Our results demonstrate that shortening the interval between batches is advantageous, as it enhances Wi-Fi efficiency and reduces delays in delivering complete frames.",firecrawl,n14,2,"Analyze endpoint packet traces to identify video-frame packets released in regularly spaced batches; compare packet delay with complete-frame assembly delay, then vary the inter-batch interval in a Wi-Fi simulator to measure its effects on delay and airtime.",The packet-batch pattern exposes sender pacing as a source of delay distinct from Wi-Fi packet queuing: packet delays can remain similar while waiting between batches increases complete-frame delivery time. Endpoint traces and simulator interventions help separate these effects.,"Attach timestamps and request/frame identity to robot-side and server-side transport events, group packets by frame and batch, and compare packet-level network delay with frame completion time. A controlled pacing-interval change could test whether a regression comes from sender batching rather than network queueing, server compute, or action application.","On a controlled remote-inference workload, capture endpoint packet timestamps and frame/request identities, then vary the inter-batch interval while holding network conditions and compute constant. Compare packet-delay and frame-completion distributions, including tail percentiles; separately vary network load to identify queueing effects.","longer inter-batch times lead to prolonged VF delays. In particular, the average delays are 3.10, 3.52, 4.45, 6.40, and 8.18 ms for inter-batch times of 0.01, 1, 2, 4, and 5.56 ms, respectively.","Selected PDF text, Section 8.2.2, “Using distinct inter-batch times”","At 60 fps in simulation, average video-frame delay was 3.10 ms with a 0.01 ms inter-batch interval versus 8.18 ms with a 5.56 ms interval.",5.56 ms inter-batch interval,"This is controlled VR traffic characterization and simulation, not an online tail-latency detector. The context does not establish how reliably the method localizes tails in remote robot inference or under variable network conditions."
arxiv:2406.00376,Approaching 100% Confidence in Stream Summary through ReliableSketch,https://arxiv.org/abs/2406.00376,"To approximate sums of values in key-value data streams, sketches are widely used in databases and networking systems. They offer high-confidence approximations for any given key while ensuring low time and space overhead. While existing sketches are proficient in estimating individual keys, they struggle to maintain this high confidence across all keys collectively, an objective that is critically important in both algorithm theory and its practical applications. We propose ReliableSketch, the first to control the error of all keys to less than Λ with a small failure probability Δ, requiring only O(1 + Δ(NΛ)) amortized time and O(NΛ + (1Δ)) space. Furthermore, its simplicity makes it hardware-friendly, and we implement it on CPU servers, FPGAs, and programmable switches. Our experiments show that under the same small space, ReliableSketch not only keeps all keys' errors below Λ but also achieves near-optimal throughput, outperforming competitors with thousands of uncontrolled estimations. We have made our source code publicly available.",firecrawl,n09,3,"Use ReliableSketch as a bounded-error, all-keys stream summary: Error-Sensible buckets sense per-key estimation error during updates, and Double Exponential Control suppresses keys with larger errors across layers.","Unlike ordinary counter sketches that mix colliding keys without observing each key’s error, this method aims to keep every queried key’s sum error below a configured bound with high overall confidence. Root could encode network-tail evidence as keyed indicator counts—for example, threshold exceedances by transport event type or request class—and retain estimates for many keys under a memory budget. Keys whose estimated counts are sufficiently beyond the error bound remain distinguishable from noise. The paper does not establish that this preserves latency quantiles or causal attribution, so promotion is for the sketch’s transferable all-key summary operation, not a claim that it diagnoses tails by itself.","At Root’s sparse retained-trace or telemetry aggregation stage, feed keyed indicators derived from timestamped transport and server events into the sketch. Keying by event layer and request class could preserve compact, bounded-error summaries of tail-threshold exceedances without retaining every record. The sketch does not itself separate network delay from queueing, GPU compute, or action application; Root must provide those distinctions in the keys or measurements.","Replay the same timestamped Root request and transport-event traces through ReliableSketch and a full-recording reference under matched memory budgets. Encode threshold exceedances as keyed indicators, varying keys across event layer and request class. Compare per-key exceedance-count errors and whether injected network-tail regressions remain detectable, while separately checking attribution against full records. Include collision-heavy traces and thresholds near the configured error bound.","Our main strategy is to sense errors in all keys in real-time, controlling those with larger errors to prevent any from becoming outliers.","Selected PDF text, Introduction, compatibility discussion and description of the two key techniques",The paper reports keeping all keys’ errors below Λ with high overall confidence and near-optimal throughput under the same small space; quantitative gain: UNKNOWN.,Counter-based and heap-based sketches; specific comparison configuration: UNKNOWN.,"The paper summarizes keyed sums, not latency quantiles or causal network delays. Whether threshold-indicator summaries preserve Root’s diagnostic power—especially for rare events and counts near the error bound—requires the proposed controlled replay experiment."
arxiv:2407.06637,Early Detection of Network Service Degradation: An Intra-Flow Approach,https://arxiv.org/abs/2407.06637,"This research presents a novel method for predicting service degradation (SD) in computer networks by leveraging early flow features. Our approach focuses on the observable (O) segments of network flows, particularly analyzing Packet Inter-Arrival Time (PIAT) values and other derived metrics, to infer the behavior of non-observable (NO) segments. Through a comprehensive evaluation, we identify an optimal O/NO split threshold of 10 observed delay samples, balancing prediction accuracy and resource utilization. Evaluating models including Logistic Regression, XGBoost, and Multi-Layer Perceptron, we find XGBoost outperforms others, achieving an F1-score of 0.74, balanced accuracy of 0.84, and AUROC of 0.97. Our findings highlight the effectiveness of incorporating comprehensive early flow features and the potential of our method to offer a practical solution for monitoring network traffic in resource-constrained environments. This approach ensures enhanced user experience and network performance by preemptively addressing potential SD, providing the basis for a robust framework for maintaining high-quality network services.",firecrawl,n09,2,"Use the first 10 observed LAN-delay samples from a flow to compute early-flow features—including delay and jitter statistics, individual values, and SD-event attributes—and classify whether service degradation will occur in the unobserved remainder.","Early packet inter-arrival patterns can signal later degradation, allowing prediction from a flow segment that remains visible before hardware offload rather than requiring continuous packet-level observation. In Root, similar early transport signals or retained summaries could flag a request for a network tail before its full execution completes.","Attach flow or request identity to robot/server transport timestamps and early packet inter-arrival measurements. Use the early-flow prediction to distinguish likely network degradation from server queueing, GPU compute, or action-application delay; the paper itself does not establish that its LAN-delay classifier separates those Root causes.","On replayed or controlled remote-inference requests, compute the proposed early-flow features from the first 10 observed LAN-delay samples and predict a later network-tail event. Compare against full-flow diagnosis and simple thresholds, measure detection lead time, false alarms, and retained telemetry cost, and separately record server queue, GPU, and action-application timings. For the profiling-trigger lane, test whether predictions selectively trigger detailed profiling and quantify missed tails and profiling overhead.",uses early flow features from the O part to predict SD events in the NO part,"Selected PDF text, Section II.F, “Intra-Flow Service Degradation Detection”","At an O/NO split threshold of 10 observed delays, XGBoost achieved F1-score 0.74, balanced accuracy 0.84, and AUROC 0.97.","Compared Logistic Regression, XGBoost, and MLP with null, all-true, random, and heuristic predictors; the reported results state that trained models outperformed the simple baseline predictors.","The evaluation uses TCP flows from one university dormitory network, and the authors note that validation across diverse environments is future work. It predicts service degradation in the unobserved flow remainder, not specifically remote-robot inference tail latency. The paper does not evaluate using predictions to trigger expensive profiling."
arxiv:2407.10985,Strategies for Tracking Individual IP Packets Towards DDoS,https://arxiv.org/abs/2407.10985,"The identification of the exact path that packets are routed in the network is quite a challenge. This paper presents a novel, efficient traceback strategy in combination with a defence system against distributed denial of service (DDoS) attacks named Tracemax. A single packets can be directly traced over many more hops than the current existing techniques allow. It let good connections pass while bad ones get thwarted. Initiated by the victim the routers in the network cooperate in tracing and become automatically self-organised and self-managed. The novel concept support analyses of packet flows and transmission paths in a network infrastructure. It can effectively reduce the effect of common bandwidth and resource consumption attacks and foster in addition early warning and prevention.",firecrawl,n01,3,Selective per-packet path stamping and reconstruction: participating routers append compact IDs for their outgoing physical ports to a packet; the receiver matches the ordered IDs against configured topology to recover that packet’s route.,"Unlike aggregate route logs, the stamp records the route actually taken by an individual packet, so packets from the same request can be compared even when routing varies or packets are reordered. Correlating selected inference packets with request identity and endpoint timestamps could expose a route change associated with a tail request. The labels identify path, not per-hop delay, so they cannot alone identify a slow link or separate network delay from server queueing, GPU compute, or action application.","At a controlled Root testbed, associate selected robot/server transport packets with request IDs and endpoint timestamps, and enable port-ID marking only on cooperating test routers. Reconstruct each marked packet’s path from the known topology. This adds packet-specific route evidence; it does not require assuming access to Reflex infrastructure.","Send matched inference requests over a controlled topology with known stable and rerouted paths. Mark selected packets, correlate their reconstructed paths with request IDs and endpoint timing, and test whether tail requests coincide with route changes or particular paths. Validate reconstructed paths against known routes, measure marking overhead, and use transport timestamps to distinguish network time from server processing and action application.",Every router writes the assigned and predefined ID of the physical port into the packets Option Field at the outgoing interface.,"Section 5.1, “Marking scheme”; reconstruction from the ordered IDs is described in Sections 5.2–5.3.",The paper reports tracing more than 50 hops for a single packet; no Root-measured gain is reported.,"Table 1 compares Tracemax with existing traceback strategies, including a listed 9-hop limit for RS-DRS. No controlled Root baseline is reported.","The paper demonstrates path labeling and reconstruction, not request-level correlation or latency measurement. Its prototype uses virtual machines and manual reconstruction; routers must cooperate and be configured. The experiment must establish request-to-packet association and whether path evidence helps explain Root tail requests."
arxiv:2409.09592,Programmable Cycle-Specified Queue for Long-Distance Industrial Deterministic Packet Scheduling,https://arxiv.org/abs/2409.09592,"The time-critical industrial applications pose intense demands for enabling long-distance deterministic networks. However, previous priority-based and weight-based scheduling methods focus on probabilistically reducing average delay, which ignores strictly guaranteeing task-oriented on-time packet delivery with bounded worst-case delay and jitter. This paper proposes a new Programmable Cycle-Specified Queue (PCSQ) for long-distance industrial deterministic packet scheduling. By implementing the first high-precision rotation dequeuing, PCSQ enables microsecond-level time slot resource reservation (noted as T) and especially jitter control of up to 2T. Then, we propose the cycle tags computation to approximate cyclic scheduling algorithms, which allows packets to actively pick and lock their favorite queue in a sequence of nodes. Accordingly, PCSQ can precisely defer packets to any desired time. Further, the queue coordination and cycle mapping mechanisms are delicately designed to solve the cycle-queue mismatch problem. Evaluation results show that PCSQ can schedule tens of thousands of time-sensitive flows and strictly guarantee ms-level delay and us-level jitter.",firecrawl,n16,2,"Programmable cycle-specified queueing: map packets to cycle-indexed queues using packet cycle tags, then rotate and drain each queue in scheduled time slots; queue coordination handles slot-boundary mismatch and permits at most a one-queue shift when the mapped queue is full.","Cycle-based pacing smooths bursts and discretizes queue waiting time, while draining the current queue within its slot bounds queue buildup and limits scheduling jitter. This is a traffic-control mechanism rather than a direct tail-cause classifier, so its queue bounds could support a controlled test of whether a tail responds to queue scheduling.","At the robot-side egress or network-switch egress, correlate request timestamps with per-port queue occupancy, cycle/queue assignment, and dequeue time. A controlled PCSQ-versus-existing-scheduler comparison could test whether tail delay changes with queue buildup; separate transport and endpoint timestamps would still be needed to distinguish network delay from server queueing, compute, or action application.","Replay the same remote-control request traffic and background load under the existing scheduler and PCSQ. Record per-request send/arrival times, per-hop queue occupancy and queue/cycle assignment, and tail latency and jitter. Check whether high-delay requests coincide with queue buildup and whether bounded cycle queues reduce those tails without changing server-side processing.",The cyclic scheduling can strictly bound the queuing delay by smoothing the bursts and discretizing the queue waiting time.,"selected_pdf_text, discussion of cyclic scheduling and bounded queuing delay; PCSQ enqueue/dequeue and rotation descriptions.",Up to 98.6% jitter reduction compared with strict-priority scheduling.,Strict-priority (SP) scheduling for the reported jitter comparison.,"The paper evaluates a scheduling intervention, not a diagnostic classifier for queue buildup versus other tail causes. Its reported gains are not Root results, and the supplied text does not provide a direct event-sequence method for separating jitter, retransmission, and endpoint stalls."
arxiv:2410.05562,FogROS2-PLR: Probabilistic Latency-Reliability For Cloud Robotics,https://arxiv.org/abs/2410.05562,"Cloud robotics enables robots to offload computationally intensive tasks to cloud servers for performance, cost, and ease of management. However, the network and cloud computing infrastructure are not designed for reliable timing guarantees, due to fluctuating Quality-of-Service (QoS). In this work, we formulate an impossibility triangle theorem for: Latency reliability, Singleton server, and Commodity hardware. The LSC theorem suggests that providing replicated servers with uncorrelated failures can exponentially reduce the probability of missing a deadline. We present FogROS2-Probabilistic Latency Reliability (PLR) that uses multiple independent network interfaces to send requests to replicated cloud servers and uses the first response back. We design routing mechanisms to discover, connect, and route through non-default network interfaces on robots. FogROS2-PLR optimizes the selection of interfaces to servers to minimize the probability of missing a deadline. We conduct a cloud-connected driving experiment with two 5G service providers, demonstrating FogROS2-PLR effectively provides smooth service quality even if one of the service providers experiences low coverage and base station handover. We use 99 Percentile (P99) latency to evaluate anomalous long-tail latency behavior. In one experiment, FogROS2-PLR improves P99 latency by up to 3.7x compared to using one service provider. We deploy FogROS2-PLR on a physical Stretch 3 robot performing an indoor human-tracking task. Even in a fully covered Wi-Fi and 5G environment, FogROS2-PLR improves the responsiveness of the robot reducing mean latency by 36% and P99 latency by 33%.",firecrawl,n13 | n16,2,"Replicate each robot request across independently connected network interfaces and cloud servers, then return the first response and discard later duplicates. A deadline-aware matcher assigns interfaces to servers to minimize deadline-miss probability.","Independent paths and replicas can experience uncorrelated delays or failures; racing responses lets a timely path avoid waiting for a slow one. The paper evaluates tail latency, including during cellular coverage and handover changes, and also deploys the method on a physical robot.","At the robot-side request proxy, attach a request ID and timestamps to each interface-specific send and response. Root could compare per-path completion times and identify whether a slow request was rescued by another path. This is a mitigation and comparative signal, not a method for distinguishing network delay from server queueing or compute time.","On a remote robot-inference loop, compare a single path with replicated requests over two independent interfaces and first-response selection. Inject controlled delay, loss, or handover on one interface while holding the inference service constant; record per-path request/response timing, end-to-end P99, and deadline misses.",FogROS2-PLR replicates requests over multiple independent network interfaces to cloud servers at different regions and routes the first response back to the robot.,"Selected PDF text, Section IV, FogROS2-PLR System Design.","P99 latency improved by up to 3.7x in the driving experiment; on the physical Stretch 3 robot, P99 improved by 33%.",Single service provider in the driving experiment; single-network option for the Stretch 3 comparison.,"The reported gains are for the paper's cloud robotics workloads, not Root. The mechanism masks tails rather than diagnosing their cause, and the supplied text does not establish per-path measurements that separate network delay from server queueing or compute."
arxiv:2410.06112,SwiftQueue: Optimizing Low-Latency Applications with Swift Packet Queuing,https://arxiv.org/abs/2410.06112,"Low Latency, Low Loss, and Scalable Throughput (L4S), as an emerging router-queue management technique, has seen steady deployment in the industry. An L4S-enabled router assigns each packet to the queue based on the packet header marking. Currently, L4S employs per-flow queue selection, i.e. all packets of a flow are marked the same way and thus use the same queues, even though each packet is marked separately. However, this may hurt tail latency and latency-sensitive applications because transient congestion and queue buildups may only affect a fraction of packets in a flow. We present SwiftQueue, a new L4S queue-selection strategy in which a sender uses a novel per-packet latency predictor to pinpoint which packets likely have latency spikes or drops. The insight is that many packet-level latency variations result from complex interactions among recent packets at shared router queues. Yet, these intricate packet-level latency patterns are hard to learn efficiently by traditional models. Instead, SwiftQueue uses a custom Transformer, which is well-studied for its expressiveness on sequential patterns, to predict the next packet's latency based on the latencies of recently received ACKs. Based on the predicted latency of each outgoing packet, SwiftQueue's sender dynamically marks the L4S packet header to assign packets to potentially different queues, even within the same flow. Using real network traces, we show that SwiftQueue is 45-65% more accurate in predicting latency and its variations than state-of-art methods. Based on its latency prediction, SwiftQueue reduces the tail latency for L4S-enabled flows by 36-45%, compared with the existing L4S queue-selection method.",firecrawl | previous_seed,n16,2,A sender-side Transformer uses recent ACK latencies and packet context to predict per-packet latency spikes; it then changes the packet's ECN marking so L4S routers place predicted high-latency packets on an alternative queue.,"Recent ACK latency reflects queuing and propagation effects, while packet timestamps, sizes, and flow IDs provide context for packet and cross-flow interactions. Attention over this history can predict sharp latency changes; per-packet queue selection can then steer packets away from a less favorable queue. This is a predictive control mechanism, not a method for identifying the specific cause of a delay.","A possible Root attachment is the sender's per-request or per-packet ACK-latency sequence, joined by request identity and timestamps. It could provide an early signal of network-path latency changes, but the paper does not separate network queuing from propagation delay, server queueing, GPU compute, or action application. Its queue-marking intervention also requires L4S-capable routers and is not directly available to Root by assumption.","On a controlled remote-inference path with packet/ACK timestamps and request IDs, replay or induce transient network congestion and test whether a predictor using recent ACK latencies flags request-tail episodes before completion. Compare against ordinary per-flow latency measurement and separately record server queueing, GPU, and action-application time. Treat the paper's queue-marking control as an optional intervention only where L4S is available.",a Transformer that predicts next outgoing packet’s latency based on information (latencies and queue selections) of recent packets from the same sender,"Selected PDF text, SwiftQueue overview; also supported by the abstract.",45–65% greater accuracy in predicting latency and its variations; 36–45% reduction in tail latency for L4S-enabled flows.,State-of-the-art prediction methods for prediction accuracy; default L4S queue-selection logic for the reported tail-latency reduction.,"The paper predicts end-to-end packet latency, which includes queuing and propagation delay, but does not isolate queue buildup from other causes. Its usefulness for diagnosing remote robot inference tails is therefore unresolved; the reported gains are not Root measurements."
arxiv:2411.03174,ZipCache: A DRAM/SSD Cache with Built-in Transparent Compression,https://arxiv.org/abs/2411.03174,"As a core component in modern data centers, key-value cache provides high-throughput and low-latency services for high-speed data processing. The effectiveness of a key-value cache relies on its ability of accommodating the needed data. However, expanding the cache capacity is often more difficult than commonly expected because of many practical constraints, such as server costs, cooling issues, rack space, and even human resource expenses. A potential solution is compression, which virtually extends the cache capacity by condensing data in cache. In practice, this seemingly simple idea has not gained much traction in key-value cache system design, due to several critical issues: the compression-unfriendly index structure, severe read/write amplification, wasteful decompression operations, and heavy computing cost. This paper presents a hybrid DRAM-SSD cache design to realize a systematic integration of data compression in key-value cache. By treating compression as an essential component, we have redesigned the indexing structure, data management, and leveraged the emerging computational SSD hardware for collaborative optimizations. We have developed a prototype, called ZipCache. Our experimental results show that ZipCache can achieve up to 72.4% higher throughput and 42.4% lower latency, while reducing the write amplification by up to 26.2 times.",firecrawl,n12,3,"Hash-assisted targeted decompression: the B+ tree leaf page is partitioned into sub-pages, and hashing the requested key identifies its sub-page so decompression can stop once that target is reconstructed.","The operation avoids decompressing the rest of the page for a cache read. This is a concrete retrieval-acceleration mechanism relevant to n12's comparable-baseline retrieval question, but it does not detect or localize network delay.","At a comparable-baseline retrieval service, attach the request key and identity to retrieval timestamps and compare targeted-retrieval time against the existing lookup time. Keep those measurements separate from transport, server queueing, GPU compute, and action-application time; this paper supplies no network-tail signal.","In a controlled Root replay, compare the existing baseline lookup with hash-assisted targeted retrieval for the same requests and cached objects. Record retrieval latency and end-to-end latency separately, along with robot/server transport, queueing, GPU, and action-application timestamps. Treat any retrieval improvement as a Root measurement, not as a result established by this paper.","To fetch a cache object from a B+ tree leaf page, we can determine its associated sub-page through a simple hashing and hence accordingly configure the decompression early termination.","Selected PDF text, Section 3.2, DRAM Cache Tier",Up to 42.4% lower 90-percentile read latency.,"CacheLib, Kangaroo, and xcache.","The reported latency gain is for the paper's cache workloads, not Root. The text does not establish that Root has a comparable-baseline retrieval service or that this operation helps diagnose network tails."
arxiv:2411.04605,Mint: Cost-Efficient Tracing with All Requests Collection via Commonality and Variability Analysis,https://arxiv.org/abs/2411.04605,"Distributed traces contain valuable information but are often massive in volume, posing a core challenge in tracing framework design: balancing the tradeoff between preserving essential trace information and reducing trace volume. To address this tradeoff, previous approaches typically used a '1 or 0' sampling strategy: retaining sampled traces while completely discarding unsampled ones. However, based on an empirical study on real-world production traces, we discover that the '1 or 0' strategy actually fails to effectively balance this tradeoff. To achieve a more balanced outcome, we shift the strategy from the '1 or 0' paradigm to the 'commonality + variability' paradigm. The core of 'commonality + variability' paradigm is to first parse traces into common patterns and variable parameters, then aggregate the patterns and filter the parameters. We propose a cost-efficient tracing framework, Mint, which implements the 'commonality + variability' paradigm on the agent side to enable all requests capturing. Our experiments show that Mint can capture all traces and retain more trace information while optimizing trace storage (reduced to an average of 2.7%) and network overhead (reduced to an average of 4.2%). Moreover, experiments also demonstrate that Mint is lightweight enough for production use.",firecrawl | related:citers,n07 | n09,2,"On agents, Mint parses spans and sub-traces into recurring patterns and variable parameters. It retains compact pattern and trace metadata for every request, using Bloom Filters to associate trace IDs with patterns; symptom and edge-case samplers select abnormal/outlier traces or rare paths whose parameters are then uploaded for fuller reconstruction. Other traces remain available as approximate traces.","The retained common structure preserves request paths and topology even when detailed parameters are omitted, while abnormal values and rare execution paths can trigger retention of those details. This can expose candidate slow requests and preserve context for analysis, but it does not reconstruct packet/ACK events or establish whether delay arose on the network rather than in queues or compute.","A transferable attachment point is the request/trace ID and its retained approximate execution path, topology, and duration attributes. Root could test whether symptom-triggered retention captures slow robot inference requests while reducing trace traffic. Mint does not provide packet-level causal reconstruction or network-versus-server delay attribution, so Root would need transport timestamps or packet/ACK/loss telemetry for that distinction.","Replay identical remote-inference requests with Mint-style pattern/parameter parsing and symptom-triggered retention enabled versus full tracing and ordinary sampling. Inject network delay/loss separately from server queueing and GPU delay; measure tail-request capture, retained diagnostic detail, network overhead, and whether transport events can be distinguished from server-side delays.","the Symptom Sampler monitors the Params Buffer, marking traces with abnormal values (e.g., status code 502) or outliers (e.g., unusually large duration values) as sampled traces; the Edge-Case Sampler monitors the Pattern Library, marking traces with rare execution paths as sampled traces.","Selected PDF text, Mint workflow and key-trace sampling description.",Average trace storage overhead reduced to 2.7% and network overhead to 4.2%; the paper also reports retaining all requests.,"Compared with tracing approaches including OpenTelemetry head sampling, OpenTelemetry tail sampling, Hindsight, and Sieve; the reported average reductions are stated for Mint, but the excerpt does not specify a single baseline for those averages. UNKNOWN","The paper evaluates distributed-service tracing, not remote robot inference. Its measured overhead reductions and retention results do not establish network-tail localization. It uses outlier duration as a retention trigger, but the supplied context does not show that this trigger activates an expensive profiler, leaving that transfer unresolved."
arxiv:2411.06004,Do Data Center Network Metrics Predict Application-Facing Performance?,https://arxiv.org/abs/2411.06004,"Applications that run in large-scale data center networks (DCNs) rely on the DCN's ability to deliver application requests in a performant manner. DCNs expose a complex design and operational space, and network designers and operators care how different options along this space affect application performance. One might run controlled experiments and measure the corresponding application-facing performance, but such experiments become progressively infeasible at a large scale, and simulations risk yielding inaccurate or incomplete results. Instead, we show that we can predict application-facing performance through more easily measured network metrics. For example, network telemetry metrics (e.g., link utilization) can predict application-facing metrics (e.g., transfer latency). Through large-scale measurements of production networks, we study the correlation between the two types of metrics, and construct predictive, interpretable models that serve as a suggestive guideline to network designers and operators. We show that no single network metric is universally the best predictor (even though some prior work has focused on a single predictor). We found that simple linear models often have the lowest error, while queueing-based models are better in a few cases.",firecrawl,n09,2,"Compress per-RPC measurements into mergeable t-digests, retaining approximate distribution quantiles; use the summarized tail AFMs alongside network-level metrics to fit predictive models and identify congestion knees.","T-digests retain distributional information with high approximation accuracy, especially in the tail, while reducing the storage and computation required for billions of RPCs. Their mergeability supports aggregation, allowing tail latency summaries to be compared with network metrics without retaining every raw RPC measurement.","Attach a t-digest to robot request or inference-stage latency measurements, keyed by an appropriate time window and request class, and compare its tail quantiles with transport events or network telemetry. This could make tail summaries practical to retain, but the paper’s five-minute aggregation does not establish request-level network attribution or separate network delay from server and application delay.","On a controlled remote-inference workload, compare raw per-request traces with t-digest summaries at matched storage budgets. Measure tail-quantile estimation error and whether models using summarized AFMs and network metrics identify injected network-delay or congestion periods. Keep request classes and time windows aligned, and separately record server queueing and compute time.","T-digests preserve the original distribution of the data through approximated quantiles. Compared to other compression methods, such as binning with histograms, the t-digest data structure has high approximation accuracy, especially at the tail, and can be merged with other independent t-digests","Selected PDF text, §4.3, “RPC instrumentation”",UNKNOWN,UNKNOWN,"The paper reports tail-preserving summaries and network-metric-to-AFM prediction in datacenter RPCs, not a Root or robot-inference evaluation. Its AFM summaries are aggregated over five-minute intervals, so their suitability for localizing short-lived network tails is unestablished."
arxiv:2501.09186,Guiding Retrieval using LLM-based Listwise Rankers,https://arxiv.org/abs/2501.09186,"Large Language Models (LLMs) have shown strong promise as rerankers, especially in ``listwise'' settings where an LLM is prompted to rerank several search results at once. However, this ``cascading'' retrieve-and-rerank approach is limited by the bounded recall problem: relevant documents not retrieved initially are permanently excluded from the final ranking. Adaptive retrieval techniques address this problem, but do not work with listwise rerankers because they assume a document's score is computed independently from other documents. In this paper, we propose an adaptation of an existing adaptive retrieval method that supports the listwise setting and helps guide the retrieval process itself (thereby overcoming the bounded recall problem for LLM rerankers). Specifically, our proposed algorithm merges results both from the initial ranking and feedback documents provided by the most relevant documents seen up to that point. Through extensive experiments across diverse LLM rerankers, first stage retrievers, and feedback sources, we demonstrate that our method can improve nDCG@10 by up to 13.23% and recall by 28.02%--all while keeping the total number of LLM inferences constant and overheads due to the adaptive process minimal. The work opens the door to leveraging LLM-based search in settings where the initial pool of results is limited, e.g., by legacy systems, or by the cost of deploying a semantic first-stage.",firecrawl,n12,2,"SlideGar uses a precomputed corpus similarity graph to retrieve neighbors of highly ranked documents, then merges those feedback documents with the initial retrieval results in successive listwise-ranking windows.","The precomputed graph reuses document-to-document similarity relationships, so the system can expand the candidate set with likely relevant documents without re-querying the index; the context describes graph lookups as constant-time and the added latency as negligible.","A possible retrieval-side transfer is an offline index of comparable requests or tasks, reused to obtain candidate references without repeatedly searching a large corpus. This would not expose or localize a network tail: the method observes ranking relevance, not transport events, queues, or network timing.","The paper evaluates SlideGar across retrievers and listwise rankers against non-adaptive LLM reranking, measuring ranking quality, recall, and latency. A Root transfer could compare ordinary retrieval with graph-neighbor reuse for identical request sets, measuring retrieval latency and candidate quality separately from network, server-queue, GPU, and action-application time.","By using a document-to-document similarity graph (“corpus graph”, akin to HNSW [16]), this process can be accomplished with minimal overheads.","Selected PDF text, Section 2.2, “Adaptive Retrieval”","Up to 13.23% improvement in nDCG@10 and 28.02% in recall; the SlideGar component adds about 2.6 ms, reported as 0.02% of ranker latency.",Standard non-adaptive LLM reranking; the paper also compares an RM3-based adaptive variant.,"The reported results concern information retrieval, not remote robot inference or network-tail diagnosis. No Root experiment or network-specific measurement is reported."
arxiv:2501.18608,RTAMT -- Runtime Robustness Monitors with Application to CPS and Robotics,https://arxiv.org/abs/2501.18608,"In this paper, we present Real-Time Analog Monitoring Tool (RTAMT), a tool for quantitative monitoring of Signal Temporal Logic (STL) specifications. The library implements a flexible architecture that supports: (1) various environments connected by an Application Programming Interface (API) in Python, (2) various flavors of temporal logic specification and robustness notion such as STL, including an interface-aware variant that distinguishes between input and output variables, and (3) discrete-time and dense-time interpretation of STL with generation of online and offline monitors. We specifically focus on robotics and Cyber-Physical Systems (CPSs) applications, showing how to integrate RTAMT with (1) the Robot Operating System (ROS) and (2) MATLAB/Simulink environments. We evaluate the tool by demonstrating several use scenarios involving service robotic and avionic applications.",firecrawl,n13,3,"Assumption-based STL fault localization: monitor a system-level temporal property and subsystem-level assumptions, then use which subsystem specification is violated to identify a likely source of system failure.","This adds diagnostic attribution beyond simply reporting a temporal-property violation. For a robot-to-cloud loop, separately specifying the request-to-transport, transport-to-server, and server-to-action intervals could let a failed end-to-end deadline be associated with the stage whose monitored property fails. The paper demonstrates this style of subsystem localization for a planner malfunction, but does not itself test network signals or network-delay attribution.","Attach request IDs and timestamps at robot send, server receive, server reply, and robot action receipt/application. Feed these stage events and the end-to-end deadline into an online STL monitor, with subsystem assumptions for each interval. This would provide stage-level evidence Root does not get from an end-to-end timeout alone; transport packet or ACK/loss data would still be needed to distinguish network delay from other delay within a stage.","In a controlled Root test, establish healthy timing distributions and monitor a bounded end-to-end response property plus separate stage-bound properties using timestamped request IDs. Inject network delay/loss, server queueing, GPU slowdown, and delayed action application separately. Check whether the failed subsystem property identifies the injected stage and whether robustness trends distinguish near-deadline behavior from larger violations. The paper reports only a simulated planner-malfunction localization experiment, not this Root experiment.",This STL assumption-based fault localization approach can also find a system issue caused by perception or controller failure,"Selected PDF text, Section 6.2, HSR fault-localization experiment.",UNKNOWN,UNKNOWN,"The paper supports subsystem-level fault localization for a planner malfunction, but does not demonstrate that its assumptions can isolate network delay from server queueing, GPU compute, or action application. Network-stage specifications and transport-event inputs would need to be designed and tested in Root."
arxiv:2502.06318,Tracezip: Efficient Distributed Tracing via Trace Compression,https://arxiv.org/abs/2502.06318,"Distributed tracing serves as a fundamental building block in the monitoring and testing of cloud service systems. To reduce computational and storage overheads, the de facto practice is to capture fewer traces via sampling. However, existing work faces a trade-off between the completeness of tracing and system overhead. On one hand, head-based sampling indiscriminately selects requests to trace when they enter the system, which may miss critical events. On the other hand, tail-based sampling first captures all requests and then selectively persists the edge-case traces, which entails the overheads related to trace collection and ingestion. Taking a different path, we propose Tracezip in this paper to enhance the efficiency of distributed tracing via trace compression. Our key insight is that there exists significant redundancy among traces, which results in repetitive transmission of identical data between services and the backend. We design a new data structure named Span Retrieval Tree (SRT) that continuously encapsulates such redundancy at the service side and transforms trace spans into a lightweight form. At the backend, the complete traces can be seamlessly reconstructed by retrieving the common data that are already delivered by previous spans. Tracezip includes a series of strategies to optimize the structure of SRT and a differential update mechanism to efficiently synchronize SRT between services and the backend. Our evaluation on microservices benchmarks, popular cloud service systems, and production trace data demonstrates that Tracezip can achieve substantial performance gains in trace collection with negligible overhead. We have implemented Tracezip inside the OpenTelemetry Collector, making it compatible with existing tracing APIs.",firecrawl | related:similar | related:citers | previous_seed,n14,3,"Online, lossless span compression using a service-side Span Retrieval Tree (SRT): spans are encoded as a path identifier plus their unique values, while differential updates synchronize changed SRT data with the receiver. The receiver reconstructs complete spans from its synchronized data.","Repeated span fields are transmitted once and retrieved for later spans, reducing the telemetry volume while preserving trace contents. For streaming diagnosis, this could make it practical to retain more requests—including outliers that sampling might miss—and inspect their traces. It can expose end-to-end span timing and service relationships, but the paper does not establish that it identifies network delay separately from server queueing, compute, or action application.","Attach at Root's OpenTelemetry span-export boundary, preserving request identity and existing span timing while compressing repeated fields and synchronizing dictionary updates. Root could retain more request traces under a telemetry budget; this adds trace coverage, not packet-, ACK-, or loss-level evidence for localizing transport delay.","Under the same remote-inference workload, compare ordinary export with SRT-compressed export at a fixed telemetry bandwidth or storage budget. Measure retained request coverage, outlier-trace completeness and reconstruction correctness, export/backend overhead, and inference tail latency. Independently record transport, server-queue, GPU, and action-application timings to test whether newly retained traces help identify which stage coincides with a tail. Treat this as a proposed Root experiment, not a paper result.","Tracezip transforms spans into a concise representation upon their generation at the service side, which can be seamlessly decompressed at the backend side. This strategy significantly reduces the volume of data that needs to be transmitted.","Selected PDF text, Introduction; SRT encoding details in Section 3 and differential synchronization in Section 4.2.","The paper reports around 10%–45% performance improvement in trace collection; the supplied excerpt does not specify the metric and comparison for that range. On Alibaba production traces, it reports Tracezip improved compression performance by 35.1%, 43.6%, and 37.8% versus gzip, bzip2, and lzma, respectively.","For the reported Alibaba comparison: gzip, bzip2, and lzma. The comparison baseline associated with the general 10%–45% claim is UNKNOWN.","The operation and its trace-volume effect are supported, and its online lossless compression is a plausible transfer for streaming diagnosis. The paper evaluates trace compression, not remote-robot inference diagnosis; it does not show improved network-tail localization or distinguish transport delay from compute and queueing."
arxiv:2505.07417,"LA-IMR: Latency-Aware, Predictive In-Memory Routing and Proactive Autoscaling for Tail-Latency-Sensitive Cloud Robotics",https://arxiv.org/abs/2505.07417,"Hybrid cloud-edge infrastructures now support latency-critical workloads ranging from autonomous vehicles and surgical robotics to immersive AR/VR. However, they continue to experience crippling long-tail latency spikes whenever bursty request streams exceed the capacity of heterogeneous edge and cloud tiers. To address these long-tail latency issues, we present Latency-Aware, Predictive In-Memory Routing and Proactive Autoscaling (LA-IMR). This control layer integrates a closed-form, utilization-driven latency model with event-driven scheduling, replica autoscaling, and edge-to-cloud offloading to mitigate 99th-percentile (P99) delays. Our analytic model decomposes end-to-end latency into processing, network, and queuing components, expressing inference latency as an affine power-law function of instance utilization. Once calibrated, it produces two complementary functions that drive: (i) millisecond-scale routing decisions for traffic offloading, and (ii) capacity planning that jointly determines replica pool sizes. LA-IMR enacts these decisions through a quality-differentiated, multi-queue scheduler and a custom-metric Kubernetes autoscaler that scales replicas proactively -- before queues build up -- rather than reactively based on lagging CPU metrics. Across representative vision workloads (YOLOv5m and EfficientDet) and bursty arrival traces, LA-IMR reduces P99 latency by up to 20.7 percent compared to traditional latency-only autoscaling, laying a principled foundation for next-generation, tail-tolerant cloud-edge inference services.",firecrawl | related:similar | previous_seed,n13,2,"LA-IMR uses a calibrated closed-form latency model that separates inference processing, task-agnostic network RTT, and queueing delay. On each request, it estimates arrival rate and predicts per-replica latency; if the predicted latency breaches the SLO, it routes or offloads the request, while sustained predicted load drives replica autoscaling before queues build.","The model predicts superlinear latency growth under rising utilization and estimates queueing pressure, allowing the controller to add capacity or redirect requests before overload produces long waits. Its network term is represented as RTT, but the method does not diagnose packet-level causes or distinguish an observed network tail from other sources of delay.","A Root experiment could attach request timestamps and identity to the robot-to-server round trip, record the model's predicted processing/network/queue components alongside observed latency, and compare predictions with measured outcomes. The RTT term could provide a coarse network-delay baseline, but the paper does not offer packet, ACK, loss, or per-request network attribution; those signals would still need to be collected separately to localize a network tail.","Replay bursty robot inference requests with controlled network RTT and server load independently varied. Compare predicted component delays and SLO-triggered routing/scaling decisions against measured request-level end-to-end, network, processing, and queue delays. Test whether the RTT term helps separate network-induced tails from server-side queueing or compute.","The model decomposes latency into three components: (i) an inference-processing term that scales with instance utilization according to an affine power law, (ii) a task-agnostic network round-trip time (RTT), and (iii) an analytically derived M/M/c queuing delay.","selected_pdf_text, Introduction; latency model description","Up to 20.7% lower P99 latency under bursty workloads; at arrival rate 6 req/s, P99 is reported as 5.4 s or less versus 6.8 s for the baseline.",A conventional latency-focused/reactive autoscaling strategy using Prometheus-measured latency.,"The paper reports a modeled network RTT component, not a method for diagnosing packet-level network tails. The supplied context does not establish per-request component measurement accuracy under independently controlled network and server delays. The robotics evaluation uses bursty arrival-rate variation, but does not report a controlled experiment isolating rare network delays."
arxiv:2505.09222,QUIC Steps: Evaluating Pacing Strategies in QUIC Implementations,https://arxiv.org/abs/2505.09222,"Pacing is a key mechanism in modern transport protocols, used to regulate packet transmission timing to minimize traffic burstiness, lower latency, and reduce packet loss. Standardized in 2021, QUIC is a UDP-based protocol designed to improve upon the TCP / TLS stack. While the QUIC protocol recommends pacing, and congestion control algorithms like BBR rely on it, the user-space nature of QUIC introduces unique challenges. These challenges include coarse-grained timers, system call overhead, and OS scheduling delays, all of which complicate precise packet pacing. This paper investigates how pacing is implemented differently across QUIC stacks, including quiche, picoquic, and ngtcp2, and evaluates the impact of system-level features like GSO and Linux qdiscs on pacing. Using a custom measurement framework and a passive optical fiber tap, we establish a baseline with default settings and systematically explore the effects of qdiscs, hardware offloading using the ETF qdisc, and GSO on pacing precision and network performance. We also extend and evaluate a kernel patch to enable pacing of individual packets within GSO buffers, combining batching efficiency with precise pacing. Kernel-assisted and purely user-space pacing approaches are compared. We show that pacing with only user-space timers can work well, as demonstrated by picoquic with BBR. With quiche, we identify FQ as a qdisc well-suited for pacing QUIC traffic, as it is relatively easy to use and offers precise pacing based on packet timestamps. Our findings provide new insights into the trade-offs involved in implementing pacing in QUIC and highlight potential optimizations for real-world applications like video streaming and video calls.",firecrawl,n06 | n16,2,"Measure on-wire packet inter-packet gaps and packet-train lengths, then compare timestamp-based pacing configurations (such as FQ) against default pacing under a controlled bottleneck. Packet bursts and their timing expose sender-side pacing problems that can contribute to queue buildup; congestion-window and loss-event analysis can reveal when transport behavior complicates that diagnosis.","A passive packet capture provides actual transmission timing rather than relying only on application-level latency. A controlled bottleneck and pacing interventions let the experiment test whether bursty sending coincides with queue-related loss or delay. The paper also shows that congestion-control behavior can confound interpretation, so packet timing should be considered alongside loss and congestion-window events.","Attach packet/request identity and send/ACK timestamps at the robot and inference server transport boundaries; retain packet-gap or burst summaries and, where available, queue and loss signals. This would help distinguish sender bursts and transport queueing from server queueing, GPU compute, and action application. The paper does not establish access to Root's private infrastructure.","In a repeatable remote-inference workload, compare default transport pacing with timestamp-based pacing while holding model, request rate, and compute constant. Capture packet send/ACK timing and queue/loss signals, and correlate them with end-to-end tail latency and server/GPU timings. Test whether pacing changes network-tail episodes without changing compute or action-application time.","The precision of FQ is 0.12 ms, which is better than the ETF implementations. The baseline measurements without any qdisc show the worst precision with 0.94 ms.","Selected PDF text, ETF/LaunchTime evaluation paragraph","FQ pacing precision: 0.12 ms versus 0.94 ms in the no-qdisc baseline. This is a paper result, not a Root gain.",Default configuration without a qdisc for the pacing-precision comparison.,"The evaluation uses a controlled 40 Mbit/s, 40 ms RTT setup and a bulk file transfer, not remote robot inference or rare control-loop tails. Packet burstiness is a diagnostic signal, not direct proof that a particular Root latency episode was caused by queue buildup."
arxiv:2505.11231,MM-INT: Telemetry in Programmable Switches with Multiple Queues using Source-based Multipath Routing,https://arxiv.org/abs/2505.11231,"This article emphasizes the importance of queues associated with the ports of switches in network monitoring. Traditionally, data collection about these queues is done using programmable data planes and telemetry based on INT (In-band Network Telemetry) probes, assuming there is only a single queue per output port. The MM-INT (Multiqueue Multicast - INT) is a solution that utilizes registers to store data from all queues and ports, enabling the efficient collection of monitoring information. The MM-INT avoids probe overload and employs the origin-based routing mechanism and multicast trees for the probes. The results demonstrate significant reductions in the number of probes sent compared to other traditional solutions found in the literature.",firecrawl,n06,2,"In the switch egress pipeline, update a dedicated register with queue telemetry as each data packet passes through its logical queue; an INT probe reads the registers to collect telemetry for all queues and ports on that switch.","Per-queue occupancy reveals which queue is building up instead of reporting only the queue traversed by a probe. Comparing queue occupancy with a request's network timing could help identify a congestion-related tail, while avoiding a separate probe for each queue.","Attach switch queue telemetry to the relevant request or time window using INT probes, and compare occupancy by port and logical queue with robot/server transport timestamps. This adds queue-level evidence for separating network queue buildup from server queueing or compute delay; the paper does not itself provide request-level correlation.","In a controlled Root replay or testbed, vary load on one switch queue while holding server/GPU work and other network conditions steady. Collect MM-INT per-queue occupancy alongside request transport timestamps and tail latency; test whether the affected queue's occupancy tracks the network tail and distinguishes it from server-side delay. Compare telemetry coverage and probe overhead with per-queue probing.","each data packet, before being removed from the queue to be transmitted to the outgoing link, invokes the calls to obtain the INT telemetry","Selected PDF text, MM-INT mechanism description (egress pipeline); the following passage says returned telemetry is stored in per-queue registers and the probe reads those registers.",4x fewer probes and approximately 2.8x fewer bytes for telemetry collection in the evaluated topology.,Traditional INT solutions evaluated in the paper (Solutions S1 and S2); the text also describes comparison with traditional solutions from the literature.,"The evaluation is a Mininet/BMv2 demonstration with heavy traffic and queue-occupancy reporting, not a Root inference-tail study. The supplied text does not establish telemetry freshness, request-level attribution, or how accurately occupancy predicts latency."
arxiv:2505.14358,Measuring Round-Trip Response Latencies Under Asymmetric Routing,https://arxiv.org/abs/2505.14358,"Latency is a key indicator of Internet service performance. Continuously tracking the latency of client requests enables service operators to quickly identify bottlenecks, perform adaptive resource allocation or routing, and mitigate attacks. Passively measuring the response latency at intermediate vantage points is attractive since it provides insight into the experience of real clients without requiring client instrumentation or incurring probing overheads. This paper presents PIRATE, a passive approach to measure response latencies when only the client-to-server traffic is visible, even when transport headers are encrypted. PIRATE estimates the time gap between causal pairs - two requests such that the response to the first triggered the second - as a proxy for the client-side response latency. Our experiments with a realistic web application show that PIRATE can estimate the response latencies measured at the client application layer to within 1 percent. A PIRATE-enhanced layer-4 load balancer (with DSR) cuts tail latencies by 37 percent.",firecrawl,n14,2,"At an intermediate vantage point observing only client-to-server traffic, PIRATE detects prominent inter-packet gaps that separate request bursts and treats the first packet after a gap as a causally triggered request. It estimates client-visible response latency from the interval between successive such requests; an IPG-distribution method can estimate average latency from the prominent inter-batch gap and the smaller packet-gap modes.","For closed-loop applications, the client may send a follow-up request only after receiving and processing a response. The request-to-follow-up interval therefore reflects response latency plus client think time, without needing reverse-path visibility or clear transport headers. This could give Root passive, client-visible end-to-end timing from robot-to-server request traffic, but does not by itself separate network delay from server processing or client think time. Applying burst-gap identification also depends on the paper’s prominent-gap assumption, which may not hold for paced traffic.","Attach at a robot-to-cloud traffic observation point and associate successive requests on a connection using packet-arrival timestamps. Compare the resulting closed-loop intervals with robot-side application/request timestamps and server-side receive, queue, and completion timestamps to distinguish network transit from server queueing, compute, and client processing. A differential tail-versus-healthy-request use is plausible, but the supplied context does not demonstrate that comparison.","Replay robot-to-cloud action-loop request traffic with controlled network delay, loss, and server queue/compute delays. Compare PIRATE-style burst-gap interval estimates against robot application-layer response timings and server timestamps for tail and healthy requests; test both bursty and paced traffic, and quantify errors and whether network-originated tails can be distinguished from server-side delay.",The time interval between consecutive causally-triggered requests provides an estimate of the response latency.,"Selected PDF text, §3 PIRATE, paragraph beginning “Our second key idea is to leverage the timings of packet arrivals”.",Within 1 percent accuracy against client application-layer response latency in a realistic web application; the PIRATE-enhanced load balancer reduced 99th-percentile tail response latency by an average of 37% across loads.,Client application-layer response latency for the accuracy comparison; vanilla layer-4 load balancer for the tail-latency comparison.,"The evidence concerns web workloads, not robot inference. Causal-pair timing includes client think time and server processing as well as network effects, and the prominent packet-gap assumption can fail under pacing. The context does not establish differential tail-versus-healthy diagnosis or a cheap trigger for profiling."
arxiv:2505.24226,E²GraphRAG: Streamlining Graph-based RAG for High Efficiency and Effectiveness,https://arxiv.org/abs/2505.24226,"Graph-based RAG methods like GraphRAG have shown promising global understanding of the knowledge base by constructing hierarchical entity graphs. However, they often suffer from inefficiency and rely on manually pre-defined query modes, limiting practical use. In this paper, we propose E²GraphRAG, a streamlined graph-based RAG framework that improves both Efficiency and Effectiveness. During the indexing stage, E²GraphRAG constructs a summary tree with large language models and an entity graph with SpaCy based on document chunks. We then construct bidirectional indexes between entities and chunks to capture their many-to-many relationships, enabling fast lookup during both local and global retrieval. For the retrieval stage, we design an adaptive retrieval strategy that leverages the graph structure to retrieve and select between local and global modes. Experiments show that E²GraphRAG achieves up to 10 times faster indexing than GraphRAG and 100 times speedup over LightRAG in retrieval while maintaining competitive QA performance.",firecrawl,n12,2,"Build bidirectional entity-to-chunk and chunk-to-entity indexes over a SpaCy-extracted entity graph and document chunks, then use those mappings to retrieve relevant chunks directly rather than repeatedly searching or reconstructing graph-to-chunk associations.","The indexes precompute the many-to-many mapping between entities and chunks, so retrieval can look up chunks associated with query entities (and entities associated with candidate chunks) efficiently. This is a concrete indexing-and-reuse mechanism for faster comparable baseline retrieval, though it concerns document retrieval rather than network-tail diagnosis.","Potentially transferable only as a lookup/reuse pattern for repeated Root comparisons: pre-index request identities or transport events to retrieve comparable healthy requests or retained traces. The paper provides no network signals, transport events, or tail-localization method, so this is an adjacent transfer rather than a direct diagnostic technique.","On a fixed corpus of requests and retained traces, compare indexed lookup of comparable healthy requests against a scan-based baseline. Measure lookup latency and whether the selected comparisons help distinguish transport delay from server queueing or compute; this would test transfer to Root, not reproduce the paper's QA experiment.",we build two one-to-many indexes to link entities and chunks and reflect the many-to-many relations between them.,"Selected PDF text, entity graph extraction and indexing description.",Up to 100× retrieval speedup over LightRAG; also up to 10× faster indexing than GraphRAG.,LightRAG for the reported retrieval speedup; GraphRAG for the reported indexing speedup.,"The paper supports faster indexed retrieval in its RAG setting, but does not test comparable-request retrieval, network telemetry, or Root. The degree to which this indexing pattern would improve Root diagnostics is unmeasured."
arxiv:2506.00834,"S""oze: One Network Telemetry Is All You Need for Per-flow Weighted Bandwidth Allocation at Scale",https://arxiv.org/abs/2506.00834,"Weighted bandwidth allocation is a powerful abstraction that has a wide range of use cases in modern data center networks. However, realizing highly agile and precise weighted bandwidth allocation for large-scale cloud environments is fundamentally challenging. In this paper, we propose S""oze, a lightweight decentralized weighted bandwidth allocation system that leverages simple network telemetry features of commodity Ethernet switches. Given the flow weights, S""oze can effectively use the telemetry information to compute and enforce the weighted bandwidth allocations without per-flow, topology, or routing knowledge. We demonstrate the effectiveness of S""oze through simulations and testbed experiments, improving TPC-H jobs completion time by up to 0.59× and 0.79× on average.",firecrawl,n04 | n06,2,"Switches measure per-hop queueing delay and retain the maximum queueing-delay value (maxQD) in each data packet; the receiver reflects it in ACKs. The sender uses that signal in an adaptive rate-update algorithm, with queueing delay mapped to weighted fair share. The maximum per-hop value is used to identify the flow’s bottleneck hop without knowing which hop produced it.","Queueing delay is a direct signal of network queueing, and its dynamics reflect the difference between link arrival rate and bandwidth. Across hops, the maximum queueing delay is argued to correspond to the flow’s bottleneck. For Root, a compact packet/ACK-carried signal could expose network queue buildup and point to a congested hop without requiring full packet-path tracing. It would not, on its own, explain server queueing, GPU compute, or action-application delay.",Attach request identity and timestamps to robot-side send/receive events and server-side packet/ACK events; retain per-hop queueing delay or maxQD where available. Compare the signal with end-to-end inference latency and server/GPU timings to test whether network queueing explains a tail.,"Replay remote inference traffic in a controlled Root setup while injecting queue buildup at a known network hop, then compare request tail latency and per-request maxQD against an otherwise identical no-injected-queue run. Check whether maxQD rises and identifies the injected bottleneck while server queue, GPU, and action-application timings remain unchanged.","When the data packet travels the forwarding path, it compares and keeps the highest per-hop queueing delay on each hop.","Selected PDF text, §3.2.3, “Collect maxQD in data packet and reflect in ACK packet.”","TPC-H job completion time improved by up to 0.59× and 0.79× on average, as stated in the abstract; the context does not clarify the interpretation of these ratios.",UNKNOWN,"This is a bandwidth-allocation and congestion-control mechanism, not a request-to-packet causal reconstruction method, so it does not support n01. Its bottleneck claim concerns queueing delay across network hops; applying it to Root depends on access to comparable transport telemetry and request correlation. The reported TPC-H gain is not a Root diagnostic gain."
arxiv:2506.01135,Understanding and Mitigating Network Latency Effect on Teleoperated-Robot with Extended Reality,https://arxiv.org/abs/2506.01135,"Robot teleoperation with extended reality (XR teleoperation) enables intuitive interaction by allowing remote robots to mimic user motions with real-time 3D feedback. However, existing systems face significant motion-to-motion (M2M) latency--the delay between the user's latest motion and the corresponding robot feedback--leading to high teleoperation error and mission completion time. This issue stems from the system's exclusive reliance on network communication, making it highly vulnerable to network degradation. To address these challenges, we introduce TeleXR, the first end-to-end, fully open-sourced XR teleoperation framework that decouples robot control and XR visualization from network dependencies. TeleXR leverages local sensing data to reconstruct delayed or missing information of the counterpart, thereby significantly reducing network-induced issues. This approach allows both the XR and robot to run concurrently with network transmission while maintaining high robot planning accuracy. TeleXR also features contention-aware scheduling to mitigate GPU contention and bandwidth-adaptive point cloud scaling to cope with limited bandwidth.",firecrawl,n13 | n15 | n16,2,"Dual reconstruction: the robot uses an online trajectory planner to fill in delayed or missing user-pose waypoints from its current pose, speed, and direction; the XR side extrapolates robot pose from the latest received state and current local user pose, then updates its estimate when new robot data arrives. A robot-side target queue orders waypoints by timestamp.","Local sensing and state let the control and visualization pipelines keep running instead of waiting for every network update. The robot plans through missing or delayed commands, while the XR side estimates current robot state and corrects that estimate on receipt of newer data. Timestamp ordering also prevents out-of-order arrivals from being executed as if they were current.","Attach request identity and timestamps at the robot command and feedback boundaries, and compare those with robot-side and server-side transport events and per-stage timings. This method itself mitigates the effects of delay rather than diagnosing its cause; Root could use the timing boundaries to distinguish network waiting from control, visualization, or compute time, and could test reconstruction as a separate mitigation.","Replay identical robot action loops under controlled added delay, jitter, packet loss, and reordering, with and without dual reconstruction. Record command-to-actuation and actuation-to-feedback timestamps alongside transport and per-stage timings; compare tail latency, trajectory error, and waiting time, while separately varying server/GPU load.","Consequently, all the delayed and missing hand poses are compensated by the generated waypoints, so the original user motion is reconstructed even under network degradation.","Selected PDF text, §III-B, Robot Control",UNKNOWN,Systems that wait for delayed network responses; no quantitative gain for dual reconstruction is provided in the supplied context.,"The supplied text describes the reconstruction and timing decomposition, but provides no quantitative result for the network-mitigation mechanism. It does not establish a diagnostic comparison of healthy and tail requests or a network-specific Root gain."
arxiv:2507.09798,Dynamic Pacing for Real-time Satellite Traffic,https://arxiv.org/abs/2507.09798,"Google's congestion control (GCC) has become a cornerstone for real-time video and audio communication, yet its performance remains fragile in emerging Low Earth Orbit (LEO) networks. In this paper, we study the behavior of videoconferencing systems in LEO constellations. We observe that video quality degrades due to inherent delays and network instability introduced by the high altitude and rapid movement of LEO satellites, with these effects exacerbated by WebRTC's conventional ""one-size-fits-all"" sender-side pacing queue management. To address these challenges, we introduce a data-driven queue management mechanism that tunes the maximum pacing queue capacity based on predicted handover activity, minimizing latency during no-handover periods and prioritizing stability when entering periods of increased handover activity. Our method yields up to 3x improvements in video bitrate and reduces freeze rate by 62% in emulation, while delivering up to a 41% reduction in freeze rate and 40% decrease in mean packet loss on real Starlink constellations compared to WebRTC's default pacing queue policy.",firecrawl,n06,3,Sender-side pacing-queue delay attribution via queue-limit intervention: compare queued-packet waiting with end-to-end delay and transport outcomes while capping the pacer queue according to predicted handover activity.,"The paper distinguishes a sender queue tail from network instability by changing the queue limit and observing the resulting delay, packet loss, and bitrate: excessive buffering during stable periods creates sender-side delay spikes, while larger queues during handovers absorb link disruptions. This provides an intervention-based diagnostic for queue buildup, though it does not offer per-request attribution or isolate all other tail causes. Root can test whether a tail shrinks when sender queue waiting is reduced, while separately recording network transport, server queue, GPU, and action-application time.","At the robot-side sender pacer, record request/frame identity and enqueue/dequeue timestamps, queue occupancy, and transport timestamps; run a controlled queue-cap change keyed to predicted or observed network instability. Compare sender queue wait against post-dequeue network delay and downstream server/GPU/action timings.","Replay the same controlled remote-inference workload across fixed and reduced sender-pacer queue limits during stable-link runs, then repeat with induced handover-like loss or outage periods and a handover-aware limit. Measure per-request pacer wait, transport delay/loss, server queueing, GPU time, and action-application delay; test whether the intervention moves tails specifically in the sender-queue component or during unstable transport.",This excessive buffering causes bloated sender-side queues; draining them introduces delay spikes and burst traffic that leads GCC to conservatively lower its target bitrate.,"Selected PDF text, Section IV-C, Sparse Satellite Constellations; queue-limit adaptation and network-delay context also in Sections I and III-D.",Up to 3x video bitrate improvement and 62% lower freeze rate in emulation; up to 41% lower freeze rate and 40% lower mean packet loss on live Starlink versus WebRTC default pacing queue policy. No Root-measured gain reported.,WebRTC default pacing queue policy; live Starlink experiments also compare random queue-size and rule-based handover policies.,"The paper supports diagnosing sender-side queue buildup through queue-limit intervention and delay/outcome changes, but does not report per-request queue occupancy or a full delay decomposition. Its live handover predictor also extrapolates from the previous interval. Root transfer remains a proposed controlled experiment, not a demonstrated Root result."
arxiv:2508.11342,CrossTrace: Efficient Cross-Thread and Cross-Service Span Correlation in Distributed Tracing for Microservices,https://arxiv.org/abs/2508.11342,"Distributed tracing has become an essential technique for debugging and troubleshooting modern microservice-based applications, enabling software engineers to detect performance bottlenecks, identify failures, and gain insights into system behavior. However, implementing distributed tracing in large-scale applications remains challenging due to the need for extensive instrumentation. To reduce this burden, zero-code instrumentation solutions, such as those based on eBPF, have emerged, allowing span data to be collected without modifying application code. Despite this promise, span correlation, the process of establishing causal relationships between spans, remains a critical challenge in zero-code approaches. Existing solutions often rely on thread affinity, compromise system security by requiring the kernel integrity mode to be disabled, or incur significant computational overhead due to complex inference algorithms. This paper presents CrossTrace, a practical and efficient distributed tracing solution designed to support the debugging of microservice applications without requiring source code modifications. CrossTrace employs a greedy algorithm to infer intra-service span relationships from delay patterns, eliminating reliance on thread identifiers. For inter-service correlation, CrossTrace embeds span identifiers into TCP packet headers via eBPF, enabling secure and efficient correlation compromising system security policies. Evaluation results show that CrossTrace can correlate thousands of spans within seconds with over 90% accuracy, making it suitable for production deployment and valuable for microservice observability and diagnosis.",firecrawl,n01,2,"CrossTrace uses eBPF to propagate span IDs in TCP header options between services, linking network communication to parent and child spans without application changes. Within a service, it infers ingress-to-egress span relationships by scoring candidate delay patterns and greedily assigning the most likely correlations.","Propagated span IDs provide an explicit causal link across services, while kernel-level event capture supplies timestamps for request and response spans. The resulting request-linked timeline could help Root associate transport events with the relevant inference request. It does not, by itself, separate network delay from server queueing, compute, or action application.","Attach span or request identity to robot-side and server-side transport events, then compare linked send/receive timestamps with inference-stage timestamps. This could expose which service or communication interval accounts for a tail, but packet-level attribution and separation from compute would need to be validated in Root.","On controlled Root requests with known injected network delay and known server-side queue or compute delay, compare linked eBPF transport/span timelines against ground truth and existing tracing. Measure whether the mechanism identifies the delayed interval and request correctly, along with collection overhead.","When the request reaches the socket layer, the eBPF program retrieves the data from the shared map and embeds the span ID in the TCP header.","Selected PDF text, Section III.C, “Cross-service Span Correlation”","CrossTrace reports over 90% intra-service correlation accuracy under high concurrency; its TCP-header span propagation overhead was reported as typically under 50 ns to reserve header space, under 300 ns to write, and over 600 ns to read.","Intra-service correlation is compared with TraceWeaver; TCP-header propagation overhead is measured across 50,000 requests. A comparative baseline for the reported per-operation overhead values is UNKNOWN.","The paper establishes cross-service span correlation, not a tested method for localizing network tails in remote robot inference. Its traces may help distinguish intervals, but the supplied evidence does not show separation of transport delay from server queueing, GPU compute, or action application. The abnormal-request option for returning multiple correlations is described, but measured overhead savings from triggered retention are not reported."
arxiv:2508.13652,Towards Timing Isolation for Mixed-Criticality Communication in Software-Defined Vehicles,https://arxiv.org/abs/2508.13652,"As the automotive industry transitions toward centralized Linux-based architectures, ensuring the predictable execution of mixed-criticality applications becomes essential. However, concurrent use of the Linux network stack introduces interference, resulting in unpredictable latency and jitter. To address this challenge, we present a layered software architecture that enforces timing isolation for Ethernet-based data exchange between mixed-criticality applications on Linux-based automotive control units. Our approach integrates traffic prioritization strategies at the middleware layer, the network stack layer, and the hardware layer to achieve isolation across the full software stack. At the middleware layer, we implement a fixed-priority, non-preemptive scheduler to manage publishers of varying criticality. At the network layer, we leverage the express data path (XDP) to route high-priority data directly from the network interface driver into critical application memory, bypassing the standard Linux network stack. At the hardware layer, we dedicate a network interface card (NIC) queue exclusively to real-time traffic. We demonstrate how our architecture performs in a Data Distribution Service (DDS)-based system. Our evaluation shows that the approach leads to consistent and predictable latencies for real-time traffic, even under heavy interference from best-effort applications.",firecrawl,n16,2,"Isolate real-time DDS traffic across middleware, network stack, and NIC: schedule middleware operations with a non-preemptive fixed-priority executor; use AF_XDP/eBPF to redirect matching RTPS packets directly to userspace; and steer real-time traffic to dedicated high-priority NIC queues while best-effort traffic uses other queues.","Priority scheduling bounds interference from lower-priority middleware work. AF_XDP bypasses much of the shared Linux networking stack and avoids packet-copying overhead, while dedicated NIC queues prevent best-effort packets from delaying real-time packets in shared queues. Under controlled best-effort load, comparing this configuration with the conventional stack can test whether host-stack and NIC contention contribute to latency tails.","At the robot and inference-server transport boundary, classify packets by request identity or traffic marking, steer selected traffic through an AF_XDP path and dedicated NIC queues, and compare tail latency with the ordinary path under matched load. This is an intervention that can implicate host-stack or NIC queue contention; it does not by itself separate those effects from wire delay, server queueing, GPU compute, or action application.","On a remote-inference request stream, compare ordinary networking with AF_XDP redirection and dedicated real-time NIC queues while holding request rate and payload constant. Add controlled best-effort traffic up to line rate; capture synchronized send/receive timestamps and report tail latency and jitter per configuration. The paper evaluates RTT and one-way delay with and without line-rate interference, but does not test a robot inference loop.",We use the latter mechanism to redirect incoming traffic right into our middleware layer in a zero-copy fashion.,"Selected PDF text, Section III-B, Network Stack; NIC queue isolation is described in Section III-C.","The paper reports that baseline maximum RTT increased up to a factor of 7 under interference, while its combined approach kept maximum RTT values under 500 µs in congestion tests. It also reports lower variance with the approach; the reported gains are not Root measurements.","A configuration using conventional socket programming and the default Linux networking stack and configuration, without AF_XDP or NIC queue separation; the middleware configuration is the same.","The evaluation enables all mitigation strategies together, and the authors state that individual strategy effects remain future work. The experiment is a two-host DDS testbed, not remote robot inference, and the architecture mitigates interference rather than directly identifying the source of an individual rare tail."
arxiv:2509.06119,A Hybrid TDMA/CSMA Protocol for Time-Sensitive Traffic in Robot Applications,https://arxiv.org/abs/2509.06119,"Recent progress in robotics has underscored the demand for real-time control in applications such as manufacturing, healthcare, and autonomous systems, where the timely delivery of mission-critical commands under heterogeneous robotic traffic is paramount for operational efficacy and safety. In these scenarios, mission-critical traffic follows a strict deadline-constrained communication pattern: commands must arrive within defined QoS deadlines, otherwise late arrivals can degrade performance or destabilize control loops.In this work, we demonstrate on a real-time SDR platform that CSMA, widely adopted in robotic communications,suffers severe degradation under high robot traffic loads, with contention-induced collisions and delays disrupting the on-time arrival of mission-critical packets. To address this problem, we propose an IEEE 802.11-compatible hybrid TDMA/CSMA protocol that combines TDMA's deterministic slot scheduling with CSMA's adaptability for heterogeneous robot traffic.The protocol achieves collision-free, low-latency mission-critical command delivery and IEEE 802.11 compatibility through the synergistic integration of sub-microsecond PTP-based slot synchronization-essential for establishing precise timing for TDMA, a three-session superframe with dynamic TDMA allocation for structured and adaptable traffic management,and beacon-NAV protection to preemptively secure these critical communication sessions from interference. Emulation experiments on real-time SDR testbed and Robot Operating System (ROS) simulation show that the proposed protocol reduces missed-deadline errors by 93% compared to the CSMA baseline. In high-speed robot path-tracking ROS simulations, the protocol lowers Root Mean Square (RMS) trajectory error by up to 90% compared with a CSMA baseline, all while maintaining throughput for non-critical traffic within +-2%.",firecrawl,n13,2,"Protect deadline-critical robot commands from competing traffic by synchronizing nodes with sub-microsecond PTP, assigning commands dynamic TDMA slots in a three-section superframe, and using beacon NAV reservations to prevent CSMA transmissions from overlapping those slots.","Scheduled, protected transmission slots reduce contention, collisions, and backoff delays for critical commands while leaving residual channel time for non-critical CSMA traffic. Comparing delivery outcomes under CSMA and the hybrid protocol tests whether shared-medium contention contributes to deadline misses.","At the robot-side wireless transport, attach request or command identity and send/receive timestamps, then compare deadline misses and delivery timing under ordinary access versus protected slots. This can expose contention-related delay in the wireless hop, but does not by itself separate that delay from server queueing, GPU compute, or action application.","Replay identical robot command and background-traffic workloads under CSMA and the hybrid TDMA/CSMA scheme. Record per-command send and receive times, deadline misses, packet loss, and non-critical throughput; compare tail delivery latency and failures while keeping traffic and network conditions fixed.","With the hybrid TDMA/CSMA protocol, the missed deadline error rate is reduced by 93% compared to the conventional CSMA baseline.","selected_pdf_text, Section III experimental results (hybrid protocol delivery status); protocol components are described in Section III, Design Principles.",93% reduction in missed-deadline error rate versus CSMA; ROS path-tracking RMS trajectory error reduced by up to 90%.,Conventional CSMA,"The demonstrated mechanism is for a shared wireless robot network, not a robot-to-cloud inference path. The context does not establish that it can be deployed on Root's transport or diagnose tails caused by server-side queueing, GPU compute, or action application."
arxiv:2509.06454,Empirical Evaluation of a 5G Transparent Clock for Time Synchronization in a TSN-5G Network,https://arxiv.org/abs/2509.06454,"Time synchronization is essential for industrial IoT and Industry 4.0/5.0 applications, but achieving high synchronization accuracy in Time-Sensitive Networking (TSN)-5G networks is challenging due to jitter and asymmetric delays. 3GPP TS 23.501 defines three 5G synchronization modes: time-aware system, boundary clock (BC), and transparent clock (TC), where TC offers a promising solution. However, to the best of our knowledge, there is no empirical evaluation of TC in a TSN-5G network. This paper empirically evaluates an 5G end-to-end TC in a TSN-5G network, implemented on commercial TSN switches with a single clock. For TC development, we compute the residence time in 5G and recover the clock domain at the slave node. We deploy a TSN-5G testbed with commercial equipment for synchronization evaluation by modifying the Precision Timing Protocol (PTP) message transmission rates. Experimental results show a peak-to-peak synchronization of 500 ns, meeting the industrial requirement of < 1 us, with minimal synchronization offsets for specific PTP message transmission rates.",firecrawl,n15,2,"Measure network residence time with ingress and egress timestamps from a shared clock, then add that duration to PTP correction fields so the receiver can compensate for variable network delay.","The paired timestamps directly quantify time spent traversing the 5G segment, including its variable delay, rather than conflating that residence time with the rest of the synchronization path. The paper also measures uplink and downlink residence times separately to account for asymmetry. For Root, the transferable operation is to timestamp transport-boundary events and compare their duration with server-side queueing and GPU-compute intervals; this paper itself does not measure inference server or GPU time.","Attach synchronized timestamps or a common request identity at the robot-side and server-side transport boundaries, and retain the corresponding ingress/egress events. Compare the measured network interval against separately measured server-queue and GPU-compute intervals to localize a tail. The paper's measurement requires a shared time reference across timestamping points; it does not establish that Root has such clock synchronization.","On controlled remote-inference requests, vary network conditions while holding server and GPU load steady, then vary server/GPU load while holding network conditions steady. Compare transport-boundary residence-time estimates with end-to-end latency and server queue/compute measurements; test whether the timestamps localize network-induced tails, including uplink/downlink asymmetry.","NW-TT and DS-TT assign timestamps to the “Sync” packets at the ingress (*t₁′*) and egress (*t₂′*) of the 5GS, respectively.","Selected PDF text, Section IV, “Transparent Clock Design,” subsection “Calculation of the 5GS residence time.”","500 ns peak-to-peak synchronization accuracy; this is a synchronization result, not a measured Root or inference-latency gain.",UNKNOWN,"The paper evaluates PTP synchronization, not remote inference, and does not measure server queueing or GPU compute. Its demonstrated residence-time measurement depends on synchronized timestamping points; transfer to Root would require suitable timestamping and request correlation."
arxiv:2509.18670,CALL: Context-Aware Low-Latency Retrieval in Disk-Based Vector Databases,https://arxiv.org/abs/2509.18670,"Embedding models capture both semantic and syntactic structures of queries, often mapping different queries to similar regions in vector space. This results in non-uniform cluster access patterns in modern disk-based vector databases. While existing approaches optimize individual queries, they overlook the impact of cluster access patterns, failing to account for the locality effects of queries that access similar clusters. This oversight increases cache miss penalty. To minimize the cache miss penalty, we propose CALL, a context-aware query grouping mechanism that organizes queries based on shared cluster access patterns. Additionally, CALL incorporates a group-aware prefetching method to minimize cache misses during transitions between query groups and latency-aware cluster loading. Experimental results show that CALL reduces the 99th percentile tail latency by up to 33% while consistently maintaining a higher cache hit ratio, substantially reducing search latency.",firecrawl,n12,2,"Group batched queries by overlap in their required cluster IDs, reorder queries to reuse cached clusters, and prefetch clusters needed by the next group at group transitions. A load-weighted greedy packing step balances large cluster reads across worker threads.","Queries that need similar clusters run near one another, increasing cache hits and reducing repeated disk reads. Group-boundary metadata lets the system prefetch upcoming clusters before they are needed; size-aware packing reduces straggler load times. This is a concrete reuse mechanism for comparable retrieval requests, but it reduces storage I/O rather than identifying network delay.","A possible Root experiment is to group comparable inference requests by shared required data or model artifacts and measure whether reuse reduces fetches. The paper provides no robot/server transport events, packet or ACK signals, or method for separating network delay from server queueing and compute, so it does not directly diagnose a network tail.","Implemented in FAISS and evaluated on disk-based IVF vector search with bursty query workloads. Compared against CLRU, WLRU, and FIFO cache policies; measured cache-hit ratio, search latency, grouping time, and cluster-loading latency.","Instead, our approach shifts caching granularity from individual queries to groups of queries sharing similar cluster access patterns.","Selected PDF text, Introduction, “Our Approach.”",Up to 33% reduction in 99th-percentile latency versus WLRU on the fever dataset; up to 84% improvement in end-to-end search latency is also reported.,"WLRU, FIFO, and CLRU cache policies; the 33% tail-latency comparison is against WLRU.","The context supports the retrieval-reuse operation and its measured effect, but gives no evidence that the mechanism applies to remote robot inference or exposes network-tail causes."
arxiv:2510.03891,Toward Co-adapting Machine Learning Job Shape and Cluster Topology,https://arxiv.org/abs/2510.03891,"Allocating resources to distributed machine learning jobs in multi-tenant torus-topology clusters must meet each job's specific placement and communication requirements, which are typically described using shapes. There is an inherent tension between minimizing network contention and maximizing cluster utilization when placing various-shaped jobs. While existing schedulers typically optimize for one objective at the expense of the other, we demonstrate that both can be achieved simultaneously. Our proposed approach, RFold, adapts both job shapes and the underlying cluster topology at runtime. This is accomplished by combining two techniques: (1) identifying homomorphic job shapes that support the jobs communication needs, and (2) reconfiguring the optical circuit switch-enabled topology to support more diverse job shapes. Preliminary evaluation performed on a 4096-node torus cluster simulator indicates that RFold can improve absolute cluster utilization by 57% and reduce job completion time by up to 11x relative to existing methods",related:similar,n06,3,"Controlled link-contention perturbation: measure a job’s communication time at a fixed placement, then add a co-runner using the shared link and increase its communication load; the target’s latency response acts as a causal signal of network contention.","Unlike passive timing alone, the intervention changes shared-link load while measuring communication time. The paper reports increasing slowdown as the competing job’s load rises, supporting contention as a cause of delay. This could distinguish a network-contention tail from queue wait when request admission/start and communication intervals are separately measured.","At the transport or communication layer, correlate request/job identity with enqueue, start, and communication timestamps. For a reproducible test, hold placement and compute workload fixed while varying competing traffic on a shared link; measure the target’s communication latency separately from queueing, GPU compute, and action application. Root need not access the paper’s private infrastructure.","Replay matched Root inference requests with fixed placement and compute. Compare an uncontended run with controlled co-runner traffic on the suspected shared path, increasing the co-runner load across trials. Record enqueue-to-start, communication, server queue, GPU, and action-application intervals separately. Test whether the target’s communication tail tracks the induced link load while queue wait remains unchanged.","When the one job’s communication load was doubled (or tripled), the other measured job’s communication time escalated by 95% (and 186%), respectively.","Selected PDF text, TPU v2 placement and shared-link contention experiment, immediately before the RFold section.","Up to 11× lower job completion time versus the reconfiguration-only policy; the paper also reports 57% higher absolute cluster utilization. These are scheduling results, not Root-measured gains.",Reconfiguration-only policy for the reported job-completion-time comparison; UNKNOWN for the utilization comparison.,"The controlled contention experiment supports a transferable causal diagnostic, but the paper does not evaluate Root or decompose end-to-end tails into queueing and network delay. The diagnostic requires identifiable communication intervals and a controllable or reproducible competing-load condition."
arxiv:2510.11348,TWIN: Two window inspection for online change point detection,https://arxiv.org/abs/2510.11348,"We propose a new class of sequential change point tests, both for changes in the mean parameter and in the overall distribution function. The methodology builds on a two-window inspection scheme (TWIN), which aggregates data into symmetric samples and applies strong weighting to enhance statistical performance. The detector yields logarithmic rather than polynomial detection delays, representing a substantial reduction compared to state-of-the-art alternatives. Delays remain short, even for late changes, where existing methods perform worst. Moreover, the new procedure also attains higher power than current methods across broad classes of local alternatives. For mean changes, we further introduce a self-normalized version of the detector that automatically cancels out temporal dependence, eliminating the need to estimate nuisance parameters. The advantages of our approach are supported by asymptotic theory, simulations and an application to monitoring COVID19 data. Here, structural breaks associated with new virus variants are detected almost immediately by our new procedures. This indicates potential value for the real-time monitoring of future epidemics. Mathematically, our approach is underpinned by new exponential moment bounds for the global modulus of continuity of the partial sum process, which may be of independent interest beyond change point testing.",previous_seed,n11,2,"Use a sequential two-window inspection (TWIN) change-point detector: aggregate symmetric samples from the monitored time series and apply strong weighting to detect a change in its mean or distribution. Use its alarm as a trigger to start expensive profiling, rather than profiling continuously.","The weighting is designed for short detection delays, including for late changes, while the sequential test controls a specified false-positive level. On Root, the detector could monitor request latency or transport-event metrics and trigger profiling when those metrics shift. It detects a change, not its cause, so network delay would still need to be distinguished from server queueing, GPU compute, and action application using the triggered profile.","Attach the detector to a timestamped per-request latency series, or a transport-specific metric if available, and use its alarm to initiate richer tracing for subsequent requests. This offers a candidate low-cost trigger for profiling, but the paper does not establish how to separate network regressions from other latency sources.","Replay healthy Root request traces, then inject controlled network-delay regressions at varied onset times and magnitudes. Compare TWIN-triggered profiling with continuous profiling and a fixed-threshold trigger, measuring detection delay, false alarms, and profiling overhead; separately label network, queueing, compute, and action-application delays to assess localization.","The methodology builds on a two-window inspection scheme (TWIN), which aggregates data into symmetric samples and applies strong weighting to enhance statistical performance.",Abstract; also repeated in selected PDF text near the beginning.,"The abstract reports logarithmic rather than polynomial detection delays versus state-of-the-art alternatives, but provides no Root-specific gain.",State-of-the-art alternative sequential change-point methods; the supplied text does not identify a single baseline for the abstract’s gain claim.,"No Root or network-latency evaluation is supplied. The detector signals a statistical change but does not identify whether the cause is network delay, server queueing, GPU compute, or action application; trigger overhead and false-alarm behavior on Root metrics are untested."
arxiv:2510.16946,Host-Side Telemetry for Performance Diagnosis in Cloud and HPC GPU Infrastructure,https://arxiv.org/abs/2510.16946,"Diagnosing GPU tail latency spikes in cloud and HPC infrastructure is critical for maintaining performance predictability and resource utilization, yet existing monitoring tools lack the granularity for root cause analysis in shared computing environments. We introduce an eBPF-based telemetry system that provides unified host-side monitoring of GPU workloads, correlating eBPF-derived host metrics with GPU-internal events for holistic system observability. The system achieves 81--88% diagnostic accuracy, detects spikes within 5 seconds, and completes root cause analysis in 6--8 seconds, operating with 1.21% CPU overhead at 100Hz sampling. Evaluated on distributed learning workloads, the system identifies root causes including NIC contention, PCIe pressure, and CPU interference, enabling operational debugging for multi-tenant GPU infrastructure without requiring cluster-wide instrumentation.",firecrawl | previous_seed,n04,2,"Synchronize host and GPU telemetry, detect a latency spike at a 3σ threshold, then rank host-side candidate causes by combining each metric's deviation from baseline with its maximum lagged cross-correlation to GPU latency. Signals include NET_RX softirqs and NIC queue lengths, scheduler and block-I/O events, NVML and PCIe metrics, and NCCL phase timestamps.","Temporal correlation between a latency spike and host signals can surface interference coincident with the regression, while the multi-source metric set helps distinguish NIC contention from CPU, I/O, PCIe, or GPU causes. The injected NIC-burst experiment supports diagnosis of NIC-related interference, but the correlation is evidence of temporal association rather than request-to-packet causality.","Attach host-side eBPF probes for NET_RX softirqs and NIC queue lengths, and correlate their timestamped signals with robot request latency and server-side inference-stage timestamps. This could indicate whether a tail coincides with NIC activity rather than compute, but would not by itself reconstruct a request's packets or prove causation.","On a controlled robot-to-server inference workload, inject NIC contention and separately inject server/GPU compute delay while recording request latency, server-stage timestamps, NET_RX activity, and NIC queue lengths. Test whether the correlation ranking identifies the injected network cause and separates it from compute delay; compare against latency-only diagnosis.","When a spike is detected, it calculates a ""spike score"" for each metric indicating deviation from baseline, then computes lagged cross-correlation between GPU latency and host metrics to identify temporally related signals.","Selected PDF text, §2.2 Diagnosis and Correlation",84.7% mean diagnostic accuracy with 1.21% CPU overhead; NIC-burst accuracy 88.1%.,"Compared with GPU-centric monitoring (62.8% accuracy), cluster-level analysis (68.3%), and deep profiling (82.1%); the paper reports 30–50 seconds to RCA for offline cluster analysis versus 6–8 seconds for its system.","The evaluation uses controlled, single-node GPU experiments and NCCL workloads, not robot inference. The context does not establish request-level network attribution, causal identification of off-path flows, or direct separation of network transit delay from server queueing and GPU compute."
arxiv:2511.03039,Distributed Incast Detection in Data Center Networks,https://arxiv.org/abs/2511.03039,"Incast traffic in data centers can lead to severe performance degradation, such as packet loss and increased latency. Effectively addressing incast requires prompt and accurate detection. Existing solutions, including MA-ECN, BurstRadar and Pulser, typically rely on fixed thresholds of switch port egress queue lengths or their gradients to identify microburst caused by incast flows. However, these queue length related methods often suffer from delayed detection and high error rates. In this study, we propose a distributed incast detection method for data center networks at the switch-level, leveraging a probabilistic hypothesis test with an optimal detection threshold. By analyzing the arrival intervals of new flows, our algorithm can immediately determine if a flow is part of an incast traffic from its initial packet. The experimental results demonstrate that our method offers significant improvements over existing approaches in both detection speed and inference accuracy.",firecrawl | previous_seed,n06,3,"DIDIE detects a specific network-congestion pattern from flow-arrival timing and destination identity: at a switch, it compares the interval between consecutive flows with a threshold and checks whether their destination IPs match, using a probabilistic hypothesis test with a threshold selected from an ROC-based cost function. It can flag an incast flow from its first packet and retroactively reclassify the leading flow when a subsequent flow confirms the pattern. This is early incast diagnosis, not a general detector of queue buildup or network latency.","Closely timed flows sharing a destination are evidence of many-to-one incast. Unlike queue-length thresholds, which wait for traffic to accumulate and can be affected by background traffic, this signal can identify the incast pattern before queue buildup is the detection input. For Root, that offers a way to test whether a network-side tail coincides with a specific fan-in traffic pattern; it does not by itself establish that a request’s delay was network rather than server queueing, compute, or action application.","At a server-side switch or packet-capture point, associate request identities with flow first-packet arrival timestamps and destination IPs. Compare DIDIE flags against request latency and independently measured transport, server-queue, compute, and action-application intervals. This would add an early, interpretable incast signal without requiring queue-length telemetry, but requires suitable packet-event visibility.","Replay or shape controlled many-to-one traffic toward the inference server, varying fan-in and arrival offsets, alongside regular background traffic. In separate trials, introduce server-queue and GPU-compute delays without incast. Measure DIDIE flag timing and false positives against request-level tail events and independently timed network and server stages; compare with queue-length and queue-gradient thresholds where available. Treat this as a Root experiment, not a gain reported by the paper.","By analyzing the arrival intervals of new flows, our algorithm can immediately determine if a flow is part of an incast traffic from its initial packet.","Selected PDF text, Abstract; the arrival-interval and same-destination rule is in Section III, Problem Formulation, and the probabilistic test and threshold selection are in Section IV, Proposed Method.","Paper-reported simulation result: in the mixed FB_Hadoop traffic experiment, DIDIE reports average detection times of 1.2 ns at 60% sender load and 2.7 ns at 30% sender load, with 0% FPR in both cases. These are incast-detection results, not Root gains.","Queue-length threshold and queue-length-gradient threshold methods. In the mixed-traffic experiment at 60% sender load, the paper reports 31,766 ns average detection time and 14.3% FPR for a 10 KB queue-length threshold, and 14,169 ns and 25.0% FPR for a 3 GB/s queue-gradient threshold.","The detector targets many-to-one incast under the paper’s traffic assumptions; it does not diagnose general network tails or directly measure per-request network delay. Root transfer depends on access to suitable switch-side or packet-event timing and destination information. The reported evaluation is in NS-3, not a remote-robot inference system."
arxiv:2511.10249,P4-TAS: P4-Based Time-Aware Shaper for Time-Sensitive Networking,https://arxiv.org/abs/2511.10249,"Time-sensitive networking (TSN) is a set of IEEE standards that extends Ethernet with real-time capabilities. Among its mechanisms, the time-aware shaper (TAS) periodically opens and closes egress queues to protect scheduled traffic from lower-priority flows, ensuring low latency and bounded delay. Deterministic networking (DetNet), standardized by the IETF, provides similar guarantees at Layer 3 and can leverage TSN mechanisms such as the TAS. Commercially available TSN-capable switches implement TAS in hardware but rarely disclose internal delays in the TAS mechanism itself. Such delays directly affect scheduling precision, yet information about them is largely unavailable to system designers. In this work, we present P4-TAS, a P4-based implementation of the TAS on the Intel Tofino 2 switching ASIC that additionally supports per-stream filtering and policing (PSFP) and PTP time synchronization. First, we design a novel mechanism for periodic queue control that uses a continuous stream of internally generated control frames for time-triggered queue state updates. To the best of our knowledge, this enables TAS on a P4-programmable ASIC for the first time. P4-TAS additionally provides an MPLS/TSN translation layer that enables TSN time-based shaping to be applied at the boundary between TSN and DetNet domains, supporting line rates up to 400 Gb/s per port. Second, we identify and quantify three sources of internal delay that affect the precision of TAS gate transitions, providing transparency that enables more accurate TAS configuration. Our evaluation demonstrates a worst-case accumulated internal delay of 86 ns between time slices, which is well below values reported for commercial switches. Third, we propose a measurement methodology to externally measure TAS time slice accuracy, and introduce gate switching intervals (GSIs) to mitigate overlap between consecutive time slices.",firecrawl,n14,3,"Infer actual time-aware-shaper (TAS) time-slice boundaries and durations by detecting priority transitions in shaped output traffic on a dedicated measurement switch, then compare those observed intervals with configured intervals. This is black-box measurement of network gate timing, not ordinary request tracing or latency thresholding.","The output traffic exposes when scheduled queue gates actually take effect. Comparing observed transitions with configured boundaries reveals gate-transition timing error and overlap, providing a concrete way to detect network scheduling delay without switch-internal telemetry. It isolates a network-side timing contribution, but does not itself attribute an inference request’s end-to-end tail or distinguish server queueing and GPU compute.","Attach synchronized timestamps and request or flow identity at robot-side and server-side packet observation points. On a TAS-shaped path, record packet priorities or equivalent observable traffic classes at egress and compare inferred gate intervals with the schedule; correlate interval deviations with request tails and server/GPU timings. This can localize scheduling delay without assuming access to Reflex’s private switch infrastructure.","In a controlled Root test, send timestamped inference-like traffic through a TAS-shaped path while varying configured slice boundaries and contention. Detect output priority transitions with an independent measurement point, compare inferred and configured intervals, and correlate discrepancies with request-level tail latency while separately recording server queueing, GPU compute, and action-application time. Include a no-TAS or unchanged-schedule condition as a control.",The methodology uses a dedicated measurement switch that detects time slice boundaries in the shaped output traffic to determine the actual duration of individual time slices.,"Selected PDF text, Introduction, contribution describing the external measurement methodology; corroborated in Evaluation of P4-TAS, subsection “Measurement Results.”","Worst-case accumulated internal delay of about 86 ns between tGCL entries; with gate switching intervals, mean externally measured slice-duration deviation was −18 ns.",No controlled quantitative baseline comparison is provided; the paper cites microsecond-scale gate-transition delays reported for some commercial TSN switches.,"The measurement diagnoses TAS gate timing, not arbitrary network tails or request-level causality. Root would need observable traffic classes and synchronized measurement points, and the inferred network timing must be correlated with request identity and separated from server and GPU timing."
arxiv:2511.15251,PLATONT: Learning a Platonic Representation for Unified Network Tomography,https://arxiv.org/abs/2511.15251,"Network tomography aims to infer hidden network states, such as link performance, traffic load, and topology, from external observations. Most existing methods solve these problems separately and depend on limited task-specific signals, which limits generalization and interpretability. We present PLATONT, a unified framework that models different network indicators (e.g., delay, loss, bandwidth) as projections of a shared latent network state. Guided by the Platonic Representation Hypothesis, PLATONT learns this latent state through multimodal alignment and contrastive learning. By training multiple tomography tasks within a shared latent space, it builds compact and structured representations that improve cross-task generalization. Experiments on synthetic and real-world datasets show that PLATONT consistently outperforms existing methods in link estimation, topology inference, and traffic prediction, achieving higher accuracy and stronger robustness under varying network conditions.",firecrawl,n02,3,"Multi-indicator network tomography: encode path delay, loss, and bandwidth as aligned views of a shared network state, then use tomography tasks to infer per-link performance and identify congested links from path-level observations.","A request tail can reflect congestion on an internal link shared with other flows, even when Root cannot directly observe that link. Combining correlated path indicators and inferring per-link congestion can expose a candidate shared bottleneck rather than merely reporting that end-to-end latency was high. The paper specifically evaluates congested-link diagnosis, making this more than a general representation-learning proposal.","Attach timestamped request and transport measurements to the robot-to-server path; collect path delay, loss, and bandwidth observations, plus a path-to-link mapping or candidate topology. Use inferred congested links to identify shared-resource candidates. Keep server queueing, GPU time, and action-application time separately timestamped so they are not attributed to network delay.","In a controlled Root setup with a known path topology, vary competing traffic on selected shared links and issue timestamped inference requests. Feed path delay, loss, and bandwidth observations to the multi-indicator tomography model; test whether it identifies the deliberately congested link for tail requests. Compare against single-indicator tomography and no-tomography baselines, and independently measure server queueing, GPU compute, and action application. This tests diagnostic localization, not a Root latency improvement.","We select congested link identification as a representative evaluation metric, as it is a classical and widely-studied problem in network tomography that directly impacts network management decisions.","Selected PDF text, Experiment Results, subsection D, “Link Performance Estimation.”",UNKNOWN,Range tomography is named as the link-performance inference baseline; the supplied text gives no numerical comparison against it.,"The paper supports inferring congested links from network measurements, but does not establish attribution of an individual inference request's tail to a link or distinguish network delay from server-side delay. Root would need suitable path measurements and topology or path-to-link information; results on the paper's datasets do not establish a Root-measured gain."
arxiv:2511.17505,Causal Intervention Sequence Analysis for Fault Tracking in Radio Access Networks,https://arxiv.org/abs/2511.17505,"To keep modern Radio Access Networks (RAN) running smoothly, operators need to spot the real-world triggers behind Service-Level Agreement (SLA) breaches well before customers feel them. We introduce an AI/ML pipeline that does two things most tools miss: (1) finds the likely root-cause indicators and (2) reveals the exact order in which those events unfold. We start by labeling network data: records linked to past SLA breaches are marked `abnormal', and everything else `normal'. Our model then learns the causal chain that turns normal behavior into a fault. In Monte Carlo tests the approach pinpoints the correct trigger sequence with high precision and scales to millions of data points without loss of speed. These results show that high-resolution, causally ordered insights can move fault management from reactive troubleshooting to proactive prevention.",firecrawl,n03,3,"Select candidate indicators linked to the SLA condition using root-cause discovery, build a causal subgraph for those indicators from normal behavior, then compare normal and abnormal time-series distributions and order detected deviation onsets using K-S tests and Z-scores. The earliest detected deviation is treated as the likely root cause.","This is more than anomaly logging: causal selection narrows the indicators to inspect, while distributional deviation tests identify which selected indicators changed and when their anomalies began. That gives a concrete differential/first-divergence operation that could be tested on matched healthy and tail inference requests. The paper demonstrates the operation on RAN indicators, but not on individual requests.","Attach request identities and synchronized timestamps to robot/server transport events and inference-stage events. Use healthy requests as the normal reference and tail requests as abnormal, applying causal candidate selection and onset ordering to distinguish transport divergence from queueing, GPU compute, and action application.","On a fixed inference workload, collect request-identified healthy and tail samples with timestamped transport, queue, GPU, and action-application events. Apply the paper’s candidate-selection, normal-state subgraph, and K-S/Z-score onset-ordering procedure. Check whether the earliest deviation localizes to network transport, and compare localization with ordinary latency tracing and PCMCI-style normal-versus-abnormal graph comparison.","The third component applies univariate deviation detection on the time series data of the selected intervention variables, identified as root cause candidates in the second component to capture the temporal anomaly events comprising the sequence of the intervention incidents that led to the SLA violation and identify the earliest event as the most likely root cause","Selected PDF text, Section III.A, Summary",UNKNOWN,PCMCI applied separately to normal and abnormal data; the paper reports qualitatively that PCMCI-only results were much worse than the proposed RCD plus Z-score and K-S approach.,"The paper uses RAN KPI time series aggregated at 15-second granularity, not per-request remote-inference traces. It does not establish request-level attribution or demonstrate separation of network delay from server queueing and compute. Root-specific effectiveness remains to be tested."
arxiv:2512.13074,A Simple and Effective Framework for Symmetric Consistent Indexing in Large-Scale Dense Retrieval,https://arxiv.org/abs/2512.13074,"Dense retrieval has become the industry standard in large-scale information retrieval systems due to its high efficiency and competitive accuracy. Its core relies on a coarse-to-fine hierarchical architecture that enables rapid candidate selection and precise semantic matching, achieving millisecond-level response over billion-scale corpora. This capability makes it essential not only in traditional search and recommendation scenarios but also in the emerging paradigm of generative recommendation driven by large language models, where semantic IDs-themselves a form of coarse-to-fine representation-play a foundational role. However, the widely adopted dual-tower encoding architecture introduces inherent challenges, primarily representational space misalignment and retrieval index inconsistency, which degrade matching accuracy, retrieval stability, and performance on long-tail queries. These issues are further magnified in semantic ID generation, ultimately limiting the performance ceiling of downstream generative models. To address these challenges, this paper proposes a simple and effective framework named SCI comprising two synergistic modules: a symmetric representation alignment module that employs an innovative input-swapping mechanism to unify the dual-tower representation space without adding parameters, and an consistent indexing with dual-tower synergy module that redesigns retrieval paths using a dual-view indexing strategy to maintain consistency from training to inference. The framework is systematic, lightweight, and engineering-friendly, requiring minimal overhead while fully supporting billion-scale deployment. We provide theoretical guarantees for our approach, with its effectiveness validated by results across public datasets and real-world e-commerce datasets.",firecrawl,n12,2,"Consistent dual-view ANN indexing: cluster items using query-tower embeddings, then use item-tower embeddings for within-cluster residual quantization. This aligns coarse lookup with the query representation while retaining item representations for fine retrieval.","Queries and coarse cluster centers occupy the same representation space, making relevant clusters more likely to be searched. This can preserve retrieval quality with a smaller search scope, enabling a faster comparable retrieval baseline.",Could be adapted where Root needs a fast comparable retrieval baseline: build or configure the ANN index with query-aligned coarse clusters and measure retrieval quality and cost at matched search scopes. It does not directly identify or localize network delay.,"Compare standard Bert2Tower IVF-PQ against the dual-view index on the same workload. Sweep nprobe and measure Recall/MRR and search cost or latency, checking whether the SCI index reaches comparable ranking quality at a smaller search scope.","CI at nprobe=8 achieves an MRR@100 of 0.3613, a value comparable to the baseline which requires a larger search scope of nprobe=16 to reach a similar score of 0.3829.","Selected PDF text, IVF-PQ results following Section 4.4.","At nprobe=1, Recall@10 improves by 18% relative to the traditional index; at nprobe=8, the reported MRR@100 is comparable to the baseline at nprobe=16, indicating approximately half the search scope for similar ranking quality.",Bert2Tower with a traditional IVF-PQ index.,"The reported efficiency comparison is based on search scope, not a direct wall-clock latency measurement. Transfer to Root is limited to faster comparable retrieval; the paper does not diagnose network tails."
arxiv:2601.10572,Long-term Monitoring of Kernel and Hardware Events to Understand Latency Variance,https://arxiv.org/abs/2601.10572,"This paper presents our experience to understand latency variance caused by kernel and hardware events, which are often invisible at the application level. For this purpose, we have built VarMRI, a tool chain to monitor and analyze those events in the long term. To mitigate the ""big data"" problem caused by long-term monitoring, VarMRI selectively records a subset of events following two principles: it only records events that are affecting the requests recorded by the application; it records coarse-grained information first and records additional information only when necessary. Furthermore, VarMRI introduces an analysis method that is efficient on large amount of data, robust on different data set and against missing data, and informative to the user. VarMRI has helped us to carry out a 3,000-hour study of six applications and benchmarks on CloudLab. It reveals a wide variety of events causing latency variance, including interrupt preemption, Java GC, pipeline stall, NUMA balancing etc.; simple optimization or tuning can reduce tail latencies by up to 31%. Furthermore, the impacts of some of these events vary significantly across different experiments, which confirms the necessity of long-term monitoring.",firecrawl,n07,2,"VarMRI records kernel and hardware events only for application-selected requests, at thread granularity, starting with low-overhead cumulative event counts and lengths. Its impact analysis compares request latency variance with and without high event values, then applies event-type rules to adjust for correlated causes. More detailed timing or call-stack data is collected when needed. For network-related diagnosis, this can expose NIC interrupt lengths and sendmsg-related kernel instructions associated with request tails.","Request-scoped recording connects kernel and hardware activity to application work while avoiding machine-wide event traces. Coarse cumulative measurements reduce recording cost; comparing latency for requests with and without high event values helps prioritize candidate causes, and further detail can narrow an investigation. The reported Memcached results associate high p99 latency with high p99 interrupt lengths and suggest burstier interrupts affect a small number of requests. This can reveal server-side network-stack interference, but does not identify packet-level delay or establish whether network behavior caused the interrupt burstiness.","Attach request identity and start/stop recording to the robot inference request's server-side worker thread. Retain coarse event counts and lengths alongside request latency, including NIC interrupt activity; collect timing or call stacks for selected tail requests when coarse data flags a candidate. This could distinguish server-side interrupt/preemption or sendmsg overhead from other request processing, but Root would still need transport timestamps or packet/ACK/loss evidence to separate network transit delay from server-side delay.","Replay robot inference requests with request-level tail selection. Compare VarMRI-style thread-scoped cumulative event recording against a no-recording run for trace volume, throughput, and p99 latency; then compare tail and non-tail requests for NIC interrupt lengths and sendmsg-related kernel activity. For requests flagged by coarse data, collect detailed event timing or call stacks and compare against transport-side timestamps to test whether the delay is server-side or in network transit.","VarMRI records cumulative values of kernel and hardware events first, and then records their exact timing or call stacks only when necessary.","Selected PDF text, section 4.1, “VarMRI’s approaches”; network example in section 6.3, “Memcached.”","Up to 31% tail-latency reduction from simple optimizations or tuning across the study. Separately, recording events for 1% of Memcached requests generated 1MB of trace per second and reduced maximal throughput by 0.49%, with no observable p99 impact. These are paper-reported results, not Root measurements.","For the up-to-31% result, the abstract does not specify a single comparison baseline. For the recording-overhead result, the throughput comparison baseline is not specified; the paper reports no observable p99 impact.","The method diagnoses kernel and hardware events, not packet sequences or end-to-end transport delay. The paper says interrupt burstiness may be affected by network behavior but that this is beyond its scope. The request-level selection trigger and the detailed conditions for escalating to timing or call-stack recording are not fully specified in the supplied text."
arxiv:2601.10722,"A Survey of Real-Time Support, Analysis, and Advancements in ROS 2",https://arxiv.org/abs/2601.10722,"The Robot Operating System 2 (ROS 2) has emerged as a relevant middleware framework for robotic applications, offering modularity, distributed execution, and communication. In the last six years, ROS 2 has drawn increasing attention from the real-time systems community and industry. This survey presents a comprehensive overview of research efforts that analyze, enhance, and extend ROS 2 to support real-time execution. We first provide a detailed description of the internal scheduling mechanisms of ROS 2 and its layered architecture, including the interaction with DDS-based communication and other communication middleware. We then review key contributions from the literature, covering timing analysis for both single- and multi-threaded executors, metrics such as response time, reaction time, and data age, and different communication modes. The survey also discusses community-driven enhancements to the ROS 2 runtime, including new executor algorithm designs, real-time GPU management, and microcontroller support via micro-ROS. Furthermore, we summarize techniques for bounding DDS communication delays, message filters, and profiling tools that have been developed to support analysis and experimentation. To help systematize this growing body of work, we introduce taxonomies that classify the surveyed contributions based on different criteria. This survey aims to guide both researchers and practitioners in understanding and improving the real-time capabilities of ROS 2.",firecrawl,n14,2,"Correlate distributed ROS 2 publication, reception, and callback trace events into message-flow causal links, then use their timestamps to inspect end-to-end and communication intervals.","Causal links and event timing let Root locate where a request's latency accumulates across a distributed ROS 2 pipeline, rather than treating end-to-end delay as one opaque measurement. Transport-related intervals can be compared with callback execution intervals, though the survey does not establish that all network delay can be separated from DDS or host-side delay.","Attach tracing at robot-side publish and server-side receive events, keyed by message identity, and correlate them with callback execution timestamps. This could localize delay to a communication interval versus application processing without assuming access to private infrastructure.","Replay a robot-to-server ROS 2 inference request stream while injecting controlled network delay, jitter, and loss. Compare traced publication-to-reception intervals and callback intervals against packet-level timestamps and ground truth; test whether injected tail events are localized to communication rather than compute or queueing.",The extended tool can automatically detect one-to-one and one-to-many causal links between received and published messages for direct links,"selected_pdf_text, paragraph beginning “Bédard et al. [11] developed ros2_tracing”",UNKNOWN,UNKNOWN,"This is a survey summarizing tracing approaches, not a paper presenting one evaluated tail-diagnosis method. The context does not report rare-network-delay detection or localization accuracy; n13 also lacks a robot-to-cloud-specific evaluation."
arxiv:2601.20755,ProfInfer: An eBPF-based Fine-Grained LLM Inference Profiler,https://arxiv.org/abs/2601.20755,"As large language models (LLMs) move from research to production, understanding how inference engines behave in real time has become both essential and elusive. Unlike general-purpose engines such as ONNX Runtime, today's LLM inference systems offer little operator-level visibility, leaving developers blind to where time and resources go. Even basic questions -- is this workload memory-bound or compute-bound? -- often remain unanswered. To close this gap, we develop a fine-grained, non-intrusive profiling framework for modern LLM inference engines, exemplified by llama-cpp but applicable to similar runtime architectures. Built on extended Berkeley Packet Filter (eBPF) technology, our system dynamically attaches probes to runtime functions across multiple layers -- without modifying or recompiling the source. It transforms collected traces into rich visualizations of operators, graphs, timelines, and hardware counter trends, exposing how dense inference, Mixture-of-Experts routing, and operator offloading behave in practice. With less than 4% runtime overhead and high profiling fidelity, our framework makes LLM inference both transparent and diagnosable, turning performance profiling into a practical tool for optimization, scheduling, and resource-aware deployment.",firecrawl | previous_seed,n15,3,"Correlate inference-thread scheduler state with runtime timings: eBPF scheduler tracepoints identify when an inference thread is runnable versus running, while function-entry/return probes time inference work. At Root, pairing server-side scheduling and compute intervals with robot/server request-boundary timestamps could separate server scheduling or compute delay from the remaining transport delay.","A slow request alone does not reveal whether time was spent waiting for server CPU, executing inference, or in transport. Scheduler-state events can expose runnable-but-not-running intervals, and runtime probes can measure instrumented inference intervals. With request-boundary timestamps, Root could compare those server-side intervals against end-to-end time and test whether the residual tracks injected network delay. The paper does not itself measure transport or establish request-to-packet causality.","On the server, attach filtered scheduler tracepoints to inference-thread identities and timestamp inference/runtime boundaries; associate those events with request IDs and robot send/receive plus server receive/respond timestamps. This adds server scheduling-state evidence and avoids treating all latency outside measured compute as network without checking the boundaries.","Replay controlled requests while independently injecting network delay, server CPU contention that leaves inference threads runnable, and inference compute slowdown. Compare boundary timestamps and scheduler/runtime intervals against ground truth. Check whether network delay increases the unaccounted transport interval, contention increases runnable-but-not-running time, and compute slowdown increases measured execution time; measure tracing overhead.","The handlers of these tracepoints can read the state of a thread, i.e., running, runnable, or idle.","Selected PDF text, §3.3.4, “Scheduler tracing.”",ProfInfer reports less than 4% runtime overhead in the abstract; this is not a Root gain.,UNKNOWN,"The paper traces scheduler events for inference threads and measures runtime intervals, but does not instrument network events, correlate traces to remote request identities, or demonstrate network-versus-server decomposition. Root would need endpoint timestamps and request association; the proposed experiment tests whether those additions make the separation reliable."
arxiv:2602.09500,Camel: Frame-Level Bandwidth Estimation for Low-Latency Live Streaming under Video Bitrate Undershooting,https://arxiv.org/abs/2602.09500,"Low-latency live streaming (LLS) has emerged as a popular web application, with many platforms adopting real-time protocols such as WebRTC to minimize end-to-end latency. However, we observe a counter-intuitive phenomenon: even when the actual encoded bitrate does not fully utilize the available bandwidth, stalling events remain frequent. This insufficient bandwidth utilization arises from the intrinsic temporal variations of real-time video encoding, which cause conventional packet-level congestion control algorithms to misestimate available bandwidth. When a high-bitrate frame is suddenly produced, sending at the wrong rate can either trigger packet loss or increase queueing delay, resulting in playback stalls. To address these issues, we present Camel, a novel frame-level congestion control algorithm (CCA) tailored for LLS. Our insight is to use frame-level network feedback to capture the true network capacity, immune to the irregular sending pattern caused by encoding. Camel comprises three key modules: the Bandwidth and Delay Estimator and the Congestion Detector, which jointly determine the average sending rate, and the Bursting Length Controller, which governs the emission pattern to prevent packet loss. We evaluate Camel on both large-scale real-world deployments and controlled simulations. In the real-world platform with 250M users and 2B sessions across 150+ countries, Camel achieves up to a 70.8% increase in 1080P resolution ratio, a 14.4% increase in media bitrate, and up to a 14.1% reduction in stalling ratio. In simulations under undershooting, shallow buffers, and network jitter, Camel outperforms existing congestion control algorithms, with up to 19.8% higher bitrate, 93.0% lower stalling ratio, and 23.9% improvement in bandwidth estimation accuracy.",firecrawl,n14 | n16,3,"Frame-level transport congestion detection: aggregate feedback by frame, use the first packet's RTT as a less burst-distorted delay signal, and infer congestion from the gradient of frame-level delay against bytes in flight. The bandwidth estimator and burst-length controller prepare and use these signals, but the detector is the diagnostic operation.","The first packet's RTT is less affected by queueing induced by later packets in its burst. Measuring delay change against in-flight bytes, rather than packet time order, provides a signal for queue buildup while reducing interference from adjacent frames and encoder-driven idle gaps. This can expose network congestion associated with increased in-flight data, rather than merely logging end-to-end latency.","At the robot or server transport endpoint, associate request/frame identity with RTCP-like feedback or packet/ACK timestamps, RTT, and bytes in flight. Root could test whether the delay-versus-inflight signal flags network queueing on tail requests; compare it with server queue time, GPU time, and action-application time to avoid attributing those delays to the network. The paper does not require access to Reflex's private infrastructure.","Replay comparable inference requests in a controlled Root test with induced jitter, bandwidth changes, and shallow buffers, alongside conditions that increase server queueing or compute time without changing the network. Record per-request transport feedback, first-packet RTT, bytes in flight, and end-to-end latency. Evaluate whether the frame/request-level delay gradient identifies network-delayed tails and reduces false attribution compared with packet-level estimates and end-to-end latency alone.","we compute the gradient of frame-level delay with respect to the number of bytes in flight. If this gradient exceeds a predefined threshold, congestion is inferred","Selected PDF text, §4.2, Congestion Detector","In simulations, up to 23.9% improvement in bandwidth-estimation accuracy and 93.0% lower stalling ratio; these are paper-reported streaming results, not Root gains.","Simulation comparisons included GCC, BBR, Copa, Pudica, SQP, and Salsify; real-world A/B testing compared Camel with the platform's BBR-based variant.","The paper supports frame-level congestion inference and evaluates network jitter, but does not evaluate remote inference request tails or prove localization against server queueing and compute. The congestion gradient is a thresholded signal, not a complete causal diagnosis."
arxiv:2602.13165,Asynchronous Verified Semantic Caching for Tiered LLM Architectures,https://arxiv.org/abs/2602.13165,"Large language models (LLMs) now sit in the critical path of search, assistance, and agentic workflows, making semantic caching essential for reducing inference cost and latency. Production deployments typically use a tiered static-dynamic design: a static cache of curated, offline vetted responses mined from logs, backed by a dynamic cache populated online. In practice, both tiers are commonly governed by a single embedding similarity threshold, which induces a hard tradeoff: conservative thresholds miss safe reuse opportunities, while aggressive thresholds risk serving semantically incorrect responses. We introduce Krites, an asynchronous, LLM-judged caching policy that expands static coverage without changing serving decisions. On the critical path, Krites behaves exactly like a standard static threshold policy. When the nearest static neighbor of the prompt falls just below the static threshold, Krites asynchronously invokes an LLM judge to verify whether the static response is acceptable for the new prompt. Approved matches are promoted into the dynamic cache, allowing future repeats and paraphrases to reuse curated static answers and expanding static reach over time. In trace-driven simulations on conversational and search workloads, Krites increases the fraction of requests served with curated static answers (direct static hits plus verified promotions) by up to3.9 times for conversational traffic and search-style queries relative to tuned baselines, with unchanged critical path latency.",firecrawl,n12,2,"On a static-cache miss whose nearest embedding neighbor falls in a similarity grey zone, asynchronously ask an LLM judge whether the curated answer is acceptable. If approved, promote that answer into the dynamic cache under the new prompt key so future repeats or paraphrases can reuse it without changing the triggering request's serving path.","The judge recovers safe reuse opportunities that a conservative similarity threshold would reject. Promotion makes the approved answer available through the dynamic cache on later requests, avoiding backend inference for those requests while keeping verification off the critical path.","For remote robot inference, a request identity and prompt could anchor a semantic cache lookup and verified promotion, potentially avoiding a remote inference call for repeated or equivalent requests. This could reduce exposure to network delay, but it does not diagnose or localize a network tail; Root would need separate transport and server timing to distinguish avoided network time from queueing or compute.","Trace-driven simulations on conversational and search workloads compared Krites with tuned static-threshold baselines using the same embeddings, thresholds, and request order. The simulations used benchmark equivalence classes as an oracle judge. A separate 100-pair human-audited sample assessed a concrete LLM judge.","When the nearest static neighbor of the prompt falls just below the static threshold, Krites asynchronously invokes an LLM judge to verify whether the static response is acceptable for the new prompt. Approved matches are promoted into the dynamic cache","Abstract; selected PDF text, Sections 3.1 and 3.3 describe the grey-zone trigger and auxiliary overwrite.",Static-origin serves increased from 8.2% to 19.4% (+136.5%) on SemCacheLMArena and from 2.2% to 8.6% (+290.3%) on SemCacheSearchQueries; unchanged critical-path latency is reported.,"Tuned GPTCache-style static-threshold policy, using the same embeddings, ground-truth labels, and thresholds.","Headline simulations use an oracle judge derived from benchmark equivalence classes, not an LLM judge in the simulation loop. The 99/100 agreement result comes from a small human-audited sample. The work evaluates cache reuse, not network-tail diagnosis."
arxiv:2602.15281,High-Fidelity Network Management for Federated AI-as-a-Service: Cross-Domain Orchestration,https://arxiv.org/abs/2602.15281,"To support the emergence of AI-as-a-Service (AIaaS), communication service providers (CSPs) are on the verge of a radical transformation-from pure connectivity providers to AIaaS a managed network service (control-and-orchestration plane that exposes AI models). In this model, the CSP is responsible not only for transport/communications, but also for intent-to-model resolution and joint network-compute orchestration, i.e., reliable and timely end-to-end delivery. The resulting end-to-end AIaaS service thus becomes governed by communications impairments (delay, loss) and inference impairments (latency, error). A central open problem is an operational AIaaS control-and-orchestration framework that enforces high fidelity, particularly under multi-domain federation. This paper introduces an assurance-oriented AIaaS management plane based on Tail-Risk Envelopes (TREs): signed, composable per-domain descriptors that combine deterministic guardrails with stochastic rate-latency-impairment models. Using stochastic network calculus, we derive bounds on end-to-end delay violation probabilities across tandem domains and obtain an optimization-ready risk-budget decomposition. We show that tenant-level reservations prevent bursty traffic from inflating tail latency under TRE contracts. An auditing layer then uses runtime telemetry to estimate extreme-percentile performance, quantify uncertainty, and attribute tail-risk to each domain for accountability. Packet-level Monte-Carlo simulations demonstrate improved p99.9 compliance under overload via admission control and robust tenant isolation under correlated burstiness.",firecrawl,n16,3,"Controlled domain degradation with marginal tail attribution: scale domain service rates, measure the resulting change in end-to-end p99.9 delay, and attribute tail growth to the domains with the largest marginal contribution.","This goes beyond observing that the end-to-end tail worsened: a controlled change to domain capacity tests which domain’s degradation most affects the tail. That makes a useful, coarse causal diagnostic for rare-delay investigations. The paper supports the mechanism in simulation, though it does not isolate network delay from compute delay or establish packet-level diagnosis.","Attach at Root’s request-level end-to-end latency measurement and the robot/server transport or service-domain boundary. During a controlled test, perturb network capacity or impairment in one domain at a time and compare the resulting p99.9 tail change with the unperturbed path. This could identify which segment drives tail growth without full internal tracing; separate measurements are still needed to distinguish transport from server queueing, GPU compute, or action application.","Replay a representative remote-inference workload and inject controlled delay, loss, or capacity degradation into one transport segment at a time, plus separate server-side queue or compute perturbations. Measure end-to-end p99.9 and per-stage timings against an unperturbed control, then test whether marginal tail changes correctly identify the perturbed segment. Do not treat the paper’s simulation result as a Root gain.",The marginal decomposition further shows that not all domains contribute equally to the tail increase: the most capacity-critical domain(s) account for a disproportionate share of ∆Q0.999(D),"Selected PDF text, Section V, Simulation Results, Results discussion of controlled domain degradation.","Qualitatively, controlled domain degradation increases p99.9 delay and marginal attribution identifies disproportionate contributions from capacity-critical domains; no numeric attribution gain is provided.",Nominal service rates (s = 1) for the domain-degradation comparison.,"The paper does not specify the marginal attribution formula in the supplied text, and its impairment model covers both network and compute. The simulation varies domain service rates, not packet loss or transport events; Root would need controlled interventions and stage-specific measurements to establish network-specific localization. No Root-measured gain is available."
arxiv:2602.19567,Spritz: Path-Aware Load Balancing in Low-Diameter Networks,https://arxiv.org/abs/2602.19567,"Low-diameter topologies such as Dragonfly and Slim Fly are increasingly adopted in HPC and datacenter networks, yet existing load balancing techniques either rely on proprietary in-network mechanisms or fail to utilize the full path diversity of these topologies. We introduce Spritz, a flexible sender-based load balancing framework that shifts adaptive topology-aware routing to the endpoints using only standard Ethernet features. We propose two algorithms, Spritz-Scout and Spritz-Spray that, respectively, explore and adaptively cache efficient paths using ECN, packet trimming, and timeout feedback. Through simulation on Dragonfly and Slim Fly topologies with over 1000 endpoints, Spritz outperforms ECMP, UGAL-L, and prior sender-based approaches by up to 1.8x in flow completion time under AI training and datacenter workloads, while offering robust failover with performance improvements of up to 25.4x under link failures, all without additional hardware support. Spritz enables datacenter-scale, commodity Ethernet networks to efficiently leverage low-diameter topologies, offering unified routing and load balancing for the Ultra Ethernet era.",firecrawl,n04,3,"Per-path ACK/ECN and loss-feedback filtering: associate transport feedback with the sender-selected path, retain paths receiving clean ACKs, count ECN marks, and remove paths on sustained ECN, NACK, or timeout; a timeout also temporarily blocks that path.","The feedback is tied to a specific path, so worsening ECN or loss signals can implicate a transport route without collecting a full trace. This is a network-condition signal, not a direct measurement of end-to-end delay: it cannot by itself separate network delay from server queueing, GPU compute, or action application. A controlled Root experiment can join path-tagged feedback to request IDs and compare affected and healthy requests while measuring those other stages separately.","At the transport sender, record request or flow identity alongside selected path entropy and per-path ACK/ECN, trim/NACK, and timeout events. This could show whether tail requests share a path with rising congestion or loss, avoiding full packet-trace collection. It requires transport/path visibility and a reliable mapping from inference requests to flows; the paper does not demonstrate request-level localization.","Replay matched inference requests through controllable alternate paths with induced congestion and loss. Join request IDs to selected paths and feedback, then assess whether path feedback identifies network-impaired requests against ordinary request logging. Independently measure transport time, server queueing, GPU compute, and action-application time; compare localization accuracy and trace-collection volume. The paper reports no Root measurements.",Each sent packet may result in one of the following outcomes: • ACK (no ECN mark): Good path. • ACK (ECN mark): Congestion is building up.,"Selected PDF text, Section IV-A, “Spritz-Scout,” Feedback Logic description; Algorithm 2 and its accompanying explanation.","Up to 1.8x flow completion time improvement; up to 25.4x under link failures (paper-reported load-balancing results, not diagnostic gains).","ECMP, UGAL-L, and prior sender-based approaches for general comparisons; Valiant and uniform/weighted OPS for failure comparisons.","The method is evaluated in simulation on Dragonfly and Slim Fly networks. It supplies path-specific congestion and failure clues, but does not establish request-level tail localization or distinguish network delay from server-side and robot-side delay."
arxiv:2602.22214,Adaptive Prefiltering for High-Dimensional Similarity Search: A Frequency-Aware Approach,https://arxiv.org/abs/2602.22214,"High-dimensional similarity search underpins modern retrieval systems, yet uniform search strategies fail to exploit the heterogeneous nature of real-world query distributions. We present an adaptive prefiltering framework that leverages query frequency patterns and cluster coherence metrics to dynamically allocate computational budgets. Our approach partitions the query space into frequency tiers following Zipfian distributions and assigns differentiated search policies based on historical access patterns and local density characteristics. Experiments on ImageNet-1k using CLIP embeddings demonstrate that frequency-aware budget allocation achieves equivalent recall with 20.4% fewer distance computations compared to static nprobe selection, while maintaining sub-millisecond latency on GPU-accelerated FAISS indices. The framework introduces minimal overhead through lightweight frequency tracking and provides graceful degradation for unseen queries through coherence-based fallback policies.",firecrawl,n12,2,"Adaptive IVF probing: assign each cluster a search budget based on frequency tiers and coherence, using deeper search for rare, diffuse clusters and shallower search for frequent, coherent clusters.","Uniform probing spends the same effort on clusters of different difficulty. Budgeting by cluster statistics reduces vector comparisons on common, coherent queries while retaining extra search effort for difficult clusters. In Root, this could provide a faster, matched retrieval path whose server-side time can be measured separately from network delay.",Attach the policy to the server-side retrieval stage and correlate each request ID with its IVF search duration and vectors examined. Compare adaptive and uniform probing for matched queries; keep transport timings separate so retrieval savings are not mistaken for network improvements.,"Replay the same representative query set against uniform and adaptive IVF policies at matched recall targets. Record per-request retrieval latency and work, alongside transport timing, and compare tail behavior and recall. The paper's experiment provides a concrete uniform-probing baseline and recall-controlled comparison.",The policy assigns budget multipliers based on the relative frequency and coherence of the assigned cluster.,"Selected PDF text, Section 4.1, Policy Construction",20.44% fewer vectors examined at 95% recall and 14.98% fewer at 98% recall versus uniform probing.,"Uniform IVF probing (static probe count), evaluated at matched recall targets.","The paper evaluates similarity-search compute, not network tail latency or robot inference. Transfer to Root is as a server-retrieval control for separating search cost from transport delay; no Root gain is reported."
arxiv:2603.06660,Approximate Nearest Neighbor Search for Modern AI: A Projection-Augmented Graph Approach,https://arxiv.org/abs/2603.06660,"Approximate Nearest Neighbor Search (ANNS) is fundamental to modern AI applications. Most existing solutions optimize query efficiency but fail to align with the practical requirements of modern workloads. In this paper, we outline six critical demands of modern AI applications: high query efficiency, fast indexing, low memory footprint, scalability to high dimensionality, robustness across varying retrieval sizes, and support for online insertions. To satisfy all these demands, we introduce Projection-Augmented Graph (PAG), a new ANNS framework that integrates projection techniques into a graph index. PAG reduces unnecessary exact distance computations through asymmetric comparisons between exact and approximate distances as guided by projection-based statistical tests. Three key components are designed and integrated into the graph index to optimize indexing and searching. Experiments on six modern datasets demonstrate that PAG consistently achieves superior queries per second (QPS)-recall performance -- up to 5x faster than HNSW -- while offering fast indexing speed and moderate memory footprint. PAG remains robust as dimensionality and retrieval size increase and naturally supports online insertions.",firecrawl,n12,2,Projection-augmented graph retrieval uses probabilistic projection tests to skip unnecessary exact distance computations; a Test Feedback Buffer retains false positives so they can be reused in later search steps.,"Projection tests screen graph candidates before expensive exact distance calculations. Retaining likely-useful false positives lets later steps reuse computed distances rather than repeat work, accelerating retrieval of comparable items.","Attach an approximate-nearest-neighbor index to Root's store of completed requests, using request embeddings to retrieve comparable healthy cases. This could speed baseline lookup, but would not itself identify whether a tail came from network delay rather than server or GPU time.","Build an index over completed Root requests and compare PAG with HNSW on the same request embeddings and corpus. Measure lookup latency and recall for comparable-case retrieval, then test whether retrieved cases help classify injected network-delay tails separately from server queueing and GPU compute.",PAG reduces unnecessary exact distance computations through asymmetric comparisons between exact and approximate distances as guided by projection-based statistical tests.,"Abstract; also selected PDF text, discussion of PRT and Test Feedback Buffer in the contributions.",Up to 5x faster QPS-recall performance than HNSW on the paper's datasets.,HNSW,"The paper evaluates approximate vector retrieval, not Root requests or network-tail diagnosis. TFB reuses false positives within search; the context does not establish reuse of prior request results across searches."
arxiv:2603.11023,Measurement-Driven O-RAN Diagnostics with Tail Latency and Scheduler Indicators,https://arxiv.org/abs/2603.11023,"We investigate cross-layer performance diagnostics for an O-RAN instance by jointly analyzing application-level latency and radio-layer behavior from a real measurement campaign. Measurements were conducted at multiple link distances (2, 6 and 11 meters) using two representative UE configurations (a commercial smartphone and a modem-based device), under both static conditions and a controlled dynamic obstruction scenario. Rather than relying on averages, the study adopts tail-focused latency characterization (e.g., 95th percentile and exceedance probabilities) and connects it to scheduler- and link-adaptation indicators (e.g., block error behavior, modulation/coding selection and signal quality). The results reveal (i) UE-dependent differences that primarily manifest in the latency tail, (ii) systematic scaling of tail latency with distance and payload and (iii) cases where radio-layer dynamics are detectable even when end-to-end latency appears stable, motivating the need for cross-layer evidence. Distinct from much of the existing literature (often centered on throughput, simulated setups, or single-layer KPIs) this work contributes a measurement-driven methodology for interpretable O-RAN diagnostics and proposes lightweight, window-based ""degradation flags"" that combine tail latency and radio indicators to support practical monitoring and troubleshooting.",firecrawl | previous_seed,n16,2,"Aggregate ICMP latency into overlapping 10-second windows, join each with gNB scheduler indicators, and flag windows where the latency tail exceeds a threshold while a scheduler-side excursion (such as elevated BLER) is present.","A coincident latency tail and radio-reliability/adaptation excursion provides evidence consistent with a radio-driven delay; scheduler excursions can also reveal radio stress when ping latency remains stable. This is cross-layer correlation, not packet-level causal reconstruction or proof of cause.","Attach request or probe timestamps to transport observations and, where applicable, wireless link indicators; align those with server queue and GPU timings. The windowed comparison could help identify radio-path contributions, but the paper does not provide a mechanism for attributing individual robot requests or separating all stages of the path.","For matched robot inference requests, collect request timestamps, network RTT or transport events, server queue/GPU timings, and available radio indicators. Apply the paper's overlapping-window join and joint tail-plus-radio flag; compare flagged windows against unflagged windows and independently verified network-tail episodes. Measure attribution accuracy and alert overhead.","we define a lightweight “degradation flag” per window that triggers when both (i) the latency tail exceeds a threshold and (ii) a scheduler-side excursion is present (e.g., elevated BLER).","Selected PDF text, Section V.F, “Windowed cross-layer coupling and lightweight diagnostics”",UNKNOWN,"The paper reports comparison across baseline, dynamic-obstruction, and static measurement scenarios; it does not report a controlled gain against a diagnostic baseline.","The windowed joint flag is concrete and experimentally testable, but the reported example has only 13 joined windows and does not establish causal attribution. It does not analyze off-path flows, queue buildup, packet-level divergence, robot action loops, streaming, or server/GPU timing. Differential diagnosis, expensive profiling triggers, and full network-versus-compute separation therefore remain unresolved."
arxiv:2603.16119,BLADE: Adaptive Wi-Fi Contention Control for Next-Generation Real-Time Communication,https://arxiv.org/abs/2603.16119,"Next-generation real-time communication (NGRTC) applications, such as cloud gaming and XR, demand consistently ultra-low latency. However, through our first large-scale measurement, we find that despite the deployment of edge servers, dedicated congestion control, and loss recovery mechanisms, cloud gaming users still experience long-tail latency in Wi-Fi networks. We further identify that Wi-Fi last-mile access points (APs) serve as the primary latency bottleneck. Specifically, short-term packet delivery droughts, caused by fundamental limitations in Wi-Fi contention control standards, are the root cause. To address this issue, we propose BLADE, an adaptive contention control algorithm that dynamically adjusts the contention windows (CW) of all Wi-Fi transmitters based on the channel contention level in a fully distributed manner. Our NS3 simulations and real-world evaluations with commercial Wi-Fi APs demonstrate that, compared to standard contention control, BLADE reduces Wi-Fi packet transmission tail latency by over 5X under heavy channel contention and significantly stabilizes MAC throughput while ensuring fast and fair convergence. Consequently, BLADE reduces the video stall rate in cloud gaming by over 90%.",firecrawl | previous_seed,n02 | n05 | n10 | n13 | n14 | n16,3,"Cross-layer tail attribution using aligned server-to-AP RTT, end-to-end frame latency, and AP packet-delivery counts in 200 ms intervals: identify high-latency requests with low wired RTT, then test whether an AP delivery drought coincides with the tail. The paper also derives microscopic access rate (MAR)—successful transmissions relative to observed idle slots—from Wi-Fi CCA as a shared signal of contention; BLADE uses MAR to adapt contention windows, which is an intervention rather than the attribution step.","The RTT comparison separates a healthy wired segment from delay at the Wi-Fi last hop, while the packet-count time window gives a concrete temporal signature of last-hop starvation. Their reported strong association between droughts and stalls supports that signature as a diagnostic clue. MAR offers additional evidence of shared-channel contention rather than relying only on a transmitter’s own collision history, though it does not identify particular competing flows.","Attach request/frame identity and timestamps to robot-to-server and server-to-robot transport events; at the robot AP or NIC, retain per-interval successful delivery counts and available CCA/MAC contention counters. Compare transport RTTs and delivery gaps against server queue, GPU, and action-application timings. This could expose last-hop starvation and distinguish it from wired delay or server-side work, without assuming access to Reflex's private infrastructure.","On a robot-to-cloud testbed, inject controlled Wi-Fi contention, wired delay, server queueing, and GPU delay separately, including rare contention bursts. Compare request-level tail attribution using only end-to-end timing against attribution augmented with AP delivery counts, server-to-AP RTT, and (where available) CCA/MAR. Measure whether the added signals localize wireless droughts, avoid misattributing server/wired delays, and detect shared contention; separately test BLADE as a mitigation, not as evidence of diagnostic accuracy.","In 86.19% of these stalled frames, the router failed to successfully transmit even a single packet during at least one 200 ms interval","Selected PDF text, §3 measurement discussion, “Packet Delivery Droughts: Root Cause of Frame Stalls”",Over 5× reduction in Wi-Fi packet transmission tail latency under heavy contention; over 90% reduction in cloud-gaming video stall rate.,Standard IEEE 802.11 contention control.,"The paper studies cloud gaming rather than robot inference. The attribution evidence is interval-based and correlational, not packet-to-request causal reconstruction; 200 ms granularity may be too coarse for shorter robot-loop tails. MAR assumes sufficiently shared carrier-sense observations, which hidden terminals or partial visibility can undermine. Reported gains are the paper's results, not Root measurements."
arxiv:2603.25875,"Detecting Anomalous Topology, Routing Policies, and Congested Interconnections at Internet Scale",https://arxiv.org/abs/2603.25875,"Separating mid-path Internet performance from edge effects remains a fundamental challenge in network measurement. This paper presents a methodology for detecting anomalous topology, routing policies, and congested interconnections using controlled A/B comparisons derived from Measurement Lab (M-Lab) data. The approach leverages M-Lab's uniform server selection policy: by comparing performance distributions from clients in the same access ISP to different nearby M-Lab servers, natural experiments are created that isolate mid-path effects while controlling for client-side variation, access network bottlenecks, and diurnal variation in test volume. This analysis is implemented in BigQuery using sparse multidimensional histograms enabling efficient computation of Kolmogorov-Smirnov distance and ratios of geometric mean throughput across many millions of measurements in a single pass. Differences in throughput suggest mid-path bandwidth bottlenecks or traffic management; excess differences in minimum RTT suggest suboptimal routing. These signals of interconnection problems are extracted from the noise deliberately suppressed by other measurement approaches. Public dashboards provide ongoing visibility into all M-Lab metropolitan regions with sufficient servers, with drill-down capability to individual ISP--server plots.",firecrawl,n04,2,"Use uniform assignment of measurements from the same access ISP to different nearby servers to form controlled A/B path comparisons; compare throughput and minimum-RTT distributions using KS distance and geometric-mean ratios. Throughput differences indicate mid-path capacity or traffic-management problems, while minimum-RTT differences indicate routing or path-length anomalies.","The server assignment is independent of network conditions, so the server groups have statistically comparable clients, access networks, and test-time distributions. Systematic performance differences are therefore evidence of differing mid-path behavior rather than client or access-edge variation. Minimum RTT and throughput provide complementary clues about path delay and capacity.","At the request or transport-measurement layer, record the selected endpoint and per-request minimum RTT and throughput, then compare distributions across requests sent from the same robot/access network to alternate endpoints. This could indicate whether a regression follows a particular network path rather than the robot-side access edge. The method does not itself separate network delay from server queueing or compute, and its aggregate comparisons do not identify a particular packet-level cause.","Hold the robot workload and access network constant; randomly direct matched inference requests to two equivalent server endpoints or routes. Compare their request-level RTT and throughput distributions, including KS distance and geometric-mean ratios, and check whether a deliberately introduced path impairment changes these metrics while server-side queue and compute measurements remain stable. Separately test whether tail requests diverge from healthy requests within a route.","This uniform test distribution, independent of network conditions, creates statistically equivalent measurement samples for each access ISP-server pair.","selected_pdf_text, methodology discussion of uniform server selection and natural A/B comparisons",UNKNOWN,UNKNOWN,"The paper studies aggregate Internet measurements, not remote robot inference or request-level tail-versus-healthy divergence. Applying its controlled endpoint comparison to Root requires comparable endpoints or routes and request-level measurements; the text does not establish that such controls are available in Root."
arxiv:2603.29113,1.5 Million Messages Per Second on 3 Machines: Benchmarking and Latency Optimization of Apache Pulsar at Enterprise Scale,https://arxiv.org/abs/2603.29113,"This paper presents two independent contributions for Apache Pulsar practitioners. First, we validate 1,499,947 msg/s at 3.88 ms median publish latency on just three bare-metal Kubernetes nodes running Pulsar 4.0.8 with Java 21 and ZGC Generational garbage collection, and project a hardware-driven path to 15 million msg/s on 15 machines using five independent clusters with key-based partition routing. Hardware selection -- specifically dedicated NVMe journals achieving 0.02 ms fdatasync and 25 Gbps network interfaces -- is the primary determinant of throughput ceiling, not compute or software tuning. Second, we trace the complete latency optimization journey from 213 ms GC spikes and 13-18 ms median publish latency in production to 3.88 ms through Java Flight Recorder guided root cause analysis. Three independent root causes are identified and resolved: G1GC pauses eliminated by switching to ZGC Generational; journal fdatasync latency reduced from 5.1 ms to 0.02 ms through NVMe journal dedication; and a previously undocumented Linux kernel page cache writeback interaction inside BookKeeper's ForceWriteThread that degrades fdatasync from under 1 ms to 15-22 ms even across physically separate NVMe drives sharing the kernel block layer. This finding is undocumented in official Apache Pulsar and BookKeeper documentation and is relevant to all Pulsar operators experiencing unexplained P99.9 latency spikes. The combined optimizations achieve a 4.7x latency improvement at 50x higher throughput.",firecrawl,n14,3,"Correlate live runtime profiling with a latency-critical flush to attribute tail delay to time spent in a specific syscall, then relate it to concurrent writeback activity. For Root, the transferable operation is profiling endpoint runtime during slow requests to identify server-side blocking that could otherwise be mistaken for network delay.","The paper uses JFR during write-cache flushes to find that ForceWriteThread spends most of its time inside fdatasync while writeback activity rises. That turns a tail observation into a specific endpoint-side cause, helping Root distinguish at least some runtime/storage stalls from network delay. It does not isolate network time: the paper's latency breakdown combines broker and network.",Attach request identity and timing to robot- or server-side runtime profiling around slow requests; correlate endpoint blocking or syscall time with transport timestamps for the same request. This could expose endpoint-side stalls without assuming access to Reflex infrastructure.,"Replay matched requests under normal and induced endpoint writeback or syscall stalls. Collect request timings, JFR/runtime profiles, and transport timestamps; test whether profiling identifies endpoint-side delay and whether the remaining interval tracks network delay. Compare with healthy requests and report the network, endpoint, and unexplained portions separately.",JFR profiling on a live bookie node during write cache flush identified the primary P99.9 driver.,"Selected PDF text, Section III.C, “Root Cause 3: Kernel Page Cache Writeback.”",4.7× latency improvement at 50× higher throughput.,Production median publish latency of 13–18 ms; the abstract reports 213 ms GC spikes.,"The profiling operation is concrete and transferable for endpoint-side diagnosis, supporting n14. The paper does not profile transport or separate network delay from server delay; its breakdown explicitly groups broker and network, so n15 is not promoted. The proposed Root experiment is not reported as a Root-measured result."
arxiv:2604.13728,Hybrid Retrieval for COVID-19 Literature: Comparing Rank Fusion and Projection Fusion with Diversity Reranking,https://arxiv.org/abs/2604.13728,"We present a hybrid retrieval system for COVID-19 scientific literature, evaluated on the TREC-COVID benchmark (171,332 papers, 50 expert queries). The system implements six retrieval configurations spanning sparse (SPLADE), dense (BGE), rank-level fusion (RRF), and a projection-based vector fusion (B5) approach. RRF fusion achieves the best relevance (nDCG@10 = 0.828), outperforming dense-only by 6.1% and sparse-only by 14.9%. Our projection fusion variant reaches nDCG@10 = 0.678 on expert queries while being 33% faster (847 ms vs. 1271 ms) and producing 2.2x higher ILD@10 than RRF. Evaluation across 400 queries -- including expert, machine-generated, and three paraphrase styles -- shows that B5 delivers the largest relative gain on keyword-heavy reformulations (+8.8%), although RRF remains best in absolute nDCG@10. On expert queries, MMR reranking increases intra-list diversity by 23.8-24.5% at a 20.4-25.4% nDCG@10 cost. Both fusion pipelines evaluated for latency remain below the sub-2 s target across all query sets. The system is deployed as a Streamlit web application backed by Pinecone serverless indices.",firecrawl,n12,2,"Precompute projected, fused document vectors in a separate index and retrieve with one dot-product query, replacing the two retrieval passes and rank-fusion step used by RRF.","The single-pass path avoids one Pinecone round-trip and the RRF fusion step. In Root, a controlled one-request versus two-request comparison with timestamps around each RPC could show whether an extra retrieval round-trip contributes to end-to-end latency; component timings would be needed to distinguish network delay from server-side work.",Instrument request identity and timestamps at the robot/client and server around retrieval RPC send/response events; compare one-pass and two-pass retrieval while separately recording server processing time.,"Replay comparable requests through one-pass and two-pass retrieval paths. Record end-to-end and per-RPC latency, including p50 and p95, and separate transport wait from server processing. Test whether removing a round-trip reduces the network component and tail latency.",B5 is consistently faster because it requires only one Pinecone query vs. two for RRF.,"Selected PDF text, Section V-F, Latency Analysis",B5 averaged 847 ms versus RRF's 1271 ms on Expert 50 queries (33% faster); reported p95 was 1111 ms versus 1623 ms.,RRF two-pass retrieval: 1271 ms average latency and 1623 ms p95 on Expert 50 queries.,Latency is end-to-end through query encoding and retrieval; the paper does not report per-RPC transport versus server-processing timings. The measured gain is not a Root result and does not establish that the saved latency is specifically network tail.
arxiv:2604.16810,Gleaner: A Semantically-Rich and Efficient Online Sampler for Microservice Diagnostics,https://arxiv.org/abs/2604.16810,"Distributed tracing in microservices is critical for diagnostics but generates overwhelming data volumes, necessitating intelligent sampling. To maximize fidelity, state-of-the-art (SOTA) tail-based samplers analyze complete (or even log-enriched) traces by modeling them as graphs. However, this reliance on computationally expensive graph analysis creates a performance bottleneck that prohibits their use in online settings. To this end, we propose Gleaner, an online tail-sampling framework that breaks this trade-off. It is founded on the key insight that explicit graph structures are unnecessary for high-fidelity trace grouping. Instead, Gleaner represents each trace as a ""bag-of-edges"" augmented with log semantics, replacing slow graph algorithms with highly efficient set-based operations. It also employs an alarm-driven quota and a diversity-preserving strategy to prioritize anomalous and rare traces for downstream Root Cause Analysis (RCA). Experimentally, Gleaner processes traces at 0.74ms each, improving Trace Pattern Coverage by up to 128.7% and Shannon Entropy by up to 32.9% over baselines. At just a 1% sampling rate, Gleaner improves RCA accuracy by 42%-107% over the next-best sampler. Moreover, RCA on Gleaner's sampled data is more accurate than with the entire, unsampled dataset. This result reframes intelligent sampling from a data reduction technique to a powerful signal enhancement paradigm for automated operations.",firecrawl | previous_seed,n07 | n09,2,"After each trace completes, Gleaner encodes its inter-span event pairs and intra-span events as a lightweight event-pair set (EPS), scores trace relevance using signals including errors, logs, and latency, then uses external alarms to adapt sampling quotas and a diversity-preserving selector to retain diagnostically valuable traces. It is tail-aware sampling, not first-divergence diagnosis.","EPS and set operations preserve useful behavioral patterns without expensive graph analysis. Alarm-driven quotas concentrate the sampling budget on incident-relevant groups, while diversity selection avoids retaining only repeated examples. These retained traces can therefore provide more diagnostic signal per trace. The paper does not compare a tail request against a healthy request to find their first divergence.","At the robot/server request-trace boundary, attach request identity and transport-event timestamps, then use an alarm or detected latency regression to trigger retention of complete traces and their EPS summaries. Include send/receive, queue, and ACK/loss events as trace events so retained data can distinguish network delay from server queueing or compute. The paper does not establish that its microservice trace signals or alarms are available in Reflex.","Replay matched healthy and network-tail robot inference requests with fixed trace-retention budgets. Compare random sampling against alarm-triggered quotas plus EPS-based diversity selection. Measure sampler runtime and retained-data volume, tail-request capture, and whether downstream analysis identifies network delay separately from server queueing and compute. Separately test whether EPS summaries retain enough information to rank the injected network cause as accurately as full traces.","Instead, Gleaner represents each trace as a ""bag-of-edges"" augmented with log semantics, replacing slow graph algorithms with highly efficient set-based operations. It also employs an alarm-driven quota and a diversity-preserving strategy to prioritize anomalous and rare traces","Abstract; selected PDF text, Methodology overview","0.74 ms per trace; up to 128.7% higher Trace Pattern Coverage and 32.9% higher Shannon Entropy over baselines; at 1% sampling, RCA accuracy gains of 42%–107% over the next-best sampler. These are paper results, not Root results.","For the abstract's coverage and entropy gains, the specific baseline is UNKNOWN. For the reported 1% RCA gains, the comparison is the next-best sampler; the paper also reports comparison with unsampled data.","The study concerns microservice traces and fault-injection cases, not remote robot inference or network-tail localization. It does not demonstrate packet/ACK/loss instrumentation, first-divergence diagnosis, or Root gains. Whether EPS can preserve the timing detail needed to isolate network delay is untested; the paper notes EPS is intentionally lossy and omits some timing and hierarchical information."
arxiv:2604.22383,OCC: Physical-Layer Assisted Congestion Control for Real-Time Communications,https://arxiv.org/abs/2604.22383,"Real-time communications (RTC) is a core technology for emerging applications in 6G, such as cloud gaming, teleoperation, and extended reality (XR), which require consistently low latency and high bitrates. Existing RTC solutions fundamentally struggle to maintain low latency while supporting high bitrates due to their reliance on trial-and-error-based mechanisms. These mechanisms fail to probe the available bandwidth (ABW) promptly and accurately, leading to a trade-off between latency reliability and bandwidth utilization. The tension becomes extremely more critical as the cellular bandwidth and application's demand fluctuate with a larger range in cellular networks nowadays. To address this trade-off, we propose OCC, a novel approach that utilizes physical-layer information to explicitly obtain the ABW in real time, enabling rapid adaptation to dynamic wireless network conditions. However, the unique characteristics of RTC, including traffic bursts, application (APP) limits, and encoder lag, make the physical-layer informed control non-trivial. OCC effectively addresses these issues through three innovative strategies: frame-aware bandwidth measurement, APP-limit-aware bandwidth estimation, and encoder-friendly rate control. Extensive over-the-air experiments on an open-source cellular testbed demonstrate that OCC significantly enhances the performance of mobile RTC, reducing tail network latency by 13% to 68% and improving video frame bitrate by 1.2× to 3.5×.",firecrawl,n16,3,"Use frame-aware cellular physical-layer measurements to estimate available bandwidth, then compare the wireless-link signal with end-to-end behavior to identify when the wireless hop is the bottleneck. The signal can expose a radio-capacity drop associated with a network-delay tail, rather than merely recording that delay occurred.","Base-station resource allocation and modulation/coding measurements reveal wireless capacity changes directly and faster than transport-layer trial-and-error. Aligning measurement with RTC frame bursts makes the estimate more reliable; the paper also describes detecting non-wireless bottlenecks and reverting to end-to-end control. This offers a way to associate a tail with wireless capacity variation while keeping network delay distinct from server queueing, GPU compute, and action application.","At a cellular robot link, attach timestamped base-station radio metrics and flow identity to the robot-side and server-side packet timestamps. Correlate estimated available bandwidth and radio-capacity drops with one-way packet delay; this could localize a tail to the wireless hop. Root would need access to comparable RAN telemetry or an instrumented testbed; the paper does not establish access to Reflex infrastructure.","On a controlled cellular testbed carrying remote-inference requests, inject rare sharp radio-capacity drops and compare timestamped packet-delay tails with frame-aware base-station bandwidth estimates. Include non-wireless bottleneck episodes as controls. Test whether the signal distinguishes wireless-link tails from other network bottlenecks; separately measure server queueing, GPU compute, and action-application time. Treat any OCC rate-control change as a separate intervention from the diagnostic evaluation.",OCC monitors RAN metrics at the cellular base station (BS) and calculates the ABW for an RTC client.,"Selected PDF text, design overview paragraph beginning “Motivated by this”; the same paragraph states that OCC detects bottleneck conditions and reverts to end-to-end solutions when the bottleneck is not wireless.",13% to 68% reduction in network latency; video frame bitrate improved 1.2× to 3.5×.,GCC and PBE-CC.,"The distinctive transferable value is the radio-layer capacity signal and its use in identifying whether the wireless hop is the bottleneck; OCC is primarily a congestion-control method, not a general tail-localization system. Root’s access to RAN telemetry is unknown, and the paper’s reported gains are not Root-measured gains."
arxiv:2605.00005,Cloud Is Closer Than It Appears: Revisiting the Tradeoffs of Distributed Real-Time Inference,https://arxiv.org/abs/2605.00005,"The increasing deployment of deep neural networks (DNNs) in cyber-physical systems (CPS) enhances perception fidelity, but imposes substantial computational demands on execution platforms, posing challenges to real-time control deadlines. Traditional distributed CPS architectures typically favor on-device inference to avoid network variability and contention-induced delays on remote platforms. However, this design choice places significant energy and computational demands on the local hardware. In this work, we revisit the assumption that cloud-based inference is intrinsically unsuitable for latency-sensitive control tasks. We demonstrate that, when provisioned with high-throughput compute resources, cloud platforms can effectively amortize network and queueing delays, enabling them to match or surpass on-device performance for real-time decision-making. Specifically, we develop a formal analytical model that characterizes distributed inference latency as a function of the sensing frequency, platform throughput, network delay, and task-specific safety constraints. We instantiate this model in the context of emergency braking for autonomous driving and validate it through extensive simulations using real-time vehicular dynamics. Our empirical results identify concrete conditions under which cloud-based inference adheres to safety margins more reliably than its on-device counterpart. These findings challenge prevailing design strategies and suggest that the cloud is not merely a feasible option, but often the preferred inference location for distributed CPS architectures. In this light, the cloud is not as distant as traditionally perceived; in fact, it is closer than it appears.",firecrawl,n13 | n16,2,"Inject controlled round-trip network delays at measured percentiles into the cloud inference path, then compare brake-actuation timing and safety outcomes against baseline conditions while holding the obstacle’s first-observation location constant.","The controlled delay changes communication timing without changing when the obstacle is first observed. Comparing frame-capture-to-brake timing therefore distinguishes a network-induced actuation delay from delayed detection, and the control-loop outcome shows whether that delay breaches the task’s safety margin.","Attach timestamps to frame capture, remote request/response, and brake-command receipt; compare matched requests under baseline and injected or observed tail RTT. This can identify whether a late action arose in transport rather than detection or inference, though the paper does not separate network delay from server queueing at request level.","Replay the same robot perception-to-action workload with baseline and controlled RTT conditions, including rare tail delays. Hold inputs and compute configuration constant, record capture, response, and action timestamps, and compare end-to-end action latency and task safety outcomes.","The obstacle is observed for the first time at the same location (★) in both baseline and adverse configurations. Only the timing of the actuation, specifically, the interval between frame capture (★) and brake signal reception (●), is affected by the added network delay.","Selected PDF text, Section D, “Impact of High Network Latency”","Cloud deployment detected obstacles almost 20 m earlier than the device configuration under baseline conditions; this is a task outcome, not a Root gain.",Baseline cloud and on-device deployments; adverse cloud conditions use injected RTTs of 55–65 ms and more extreme p99-and-beyond latency.,"The paper evaluates a simulated emergency-braking loop with synthetic latency injection, not a robot system or a diagnostic tool. It does not provide per-request network/queue decomposition, packet or ACK traces, or compact temporal signatures of packet droughts and loss recovery."
arxiv:2605.03561,Enhancing Performance Insight at Scale: A Heterogeneous Framework for Exascale Diagnostics,https://arxiv.org/abs/2605.03561,"As exascale systems reach unprecedented concurrency, traditional performance analysis tools struggle with the overhead of massive-scale telemetry. We present an accelerated infrastructure for the hpcanalysis framework that leverages a high-performance C++ API and GPU parallelism to enable high-throughput diagnostics. Our C++ API achieves a 9.69-second ingestion time for 100,000 MPI ranks on Aurora. Furthermore, our GPU-accelerated layer achieves up to 314x speedup over CPU-based processing when analyzing 100,000 execution traces. Finally, we implement a topology-aware workflow that maps logical performance outliers to physical Slingshot interconnect coordinates, localizing network congestion across 22 distinct racks on Aurora. We also demonstrate how the framework's advanced interface seamlessly integrates with external tools to provide sophisticated analytical models. We introduce a novel tri-dimensional performance model that ""re-materializes"" iterative behavior from execution traces; using this model, we identified a 32.28% potential speedup for a GAMESS workload on Frontier.",firecrawl,n04,2,"Cluster MPI ranks by communication-cost outliers, join those ranks to compute-node metadata, then map outlier nodes’ POSIX IDs to physical Slingshot coordinates to localize congestion.","Rank-level communication measurements identify which participants are unusually slow; comparison with the other ranks separates outliers from broadly shared delay. Mapping the outlier ranks to node identities and then interconnect coordinates shows whether the delay is associated with particular physical regions. This localizes correlated network congestion, though it does not distinguish network delay from other causes of MPI latency by itself.","Attach at request or inference-phase timing that can be attributed to robot/server endpoints and network-facing transport events. Group comparable slow and healthy requests by endpoint or network path, then join outliers to available NIC, switch, or topology identifiers. Root could gain physical/path-level localization from sparse timing and metadata, but the paper does not establish that its MPI measurements transfer directly to robot inference.","On a controlled set of repeated inference requests, compare tail and healthy requests using phase-level communication timings and endpoint/path metadata. Test whether the outlier-grouping and topology-join workflow localizes an injected network impairment to its configured path or network region, while separately measuring server queueing, GPU, and action-application delays. Compare localization accuracy and collection overhead with full tracing.","By mapping the 202 outlier compute nodes to the interconnect, we determined that the congestion was not confined to a single rack or chassis. The affected nodes were distributed across 22 different racks","Selected PDF text, section VI, “Interconnect Mapping and Congestion Analysis.”",UNKNOWN,UNKNOWN,"The paper reports MPI rank-level performance outliers correlated with compute nodes and maps them to Slingshot coordinates, but does not establish packet-level causality or separate network congestion from endpoint and application effects. The transfer to request-level robot inference is therefore unvalidated; the paper provides no Root experiment."
arxiv:2605.03702,SprayCheck: Finding Gray Failures in Adaptive Routing Networks,https://arxiv.org/abs/2605.03702,"Distributed machine learning (ML) training has become a dominant workload in modern data center networks, operating at massive scale with clusters comprising tens to hundreds of thousands of GPUs. The scale of these networks makes failures, and particularly gray failures, inevitable. Gray failures can significantly degrade both network and application performance, yet they are notoriously difficult to detect, localize, and debug. To meet the performance demands of ML workloads, adaptive routing is widely deployed to maximize network utilization by dynamically spreading traffic across many paths. While adaptive routing increases network utilization, it also greatly intensifies the effect of gray failures. Prior work has either dismissed gray failures as negligible or proposed detection mechanisms that fail to scale, rendering these approaches increasingly impractical for large-scale clusters. We present SprayCheck, a passive gray failure detection system that leverages the statistical properties of adaptive routing and network load balancing. By combining these properties with flow-level information, SprayCheck can identify failures before they significantly impact application performance, enabling preemptive rerouting and improving overall performance. Importantly, this is achieved through passive observation of traffic spraying, without introducing additional load on the network. We evaluate SprayCheck and show that it can detect and localize a single-link packet-drop-rate 1.5% within a single iteration and as little as 0.5% within 5 training iterations of Llama-3 70B in a 64 spine topology.",firecrawl,n04,3,"Passively count packets from each large flow arriving at a destination leaf from each spine, then compare each path’s count with the expected adaptive-routing distribution using a statistical threshold. A packet deficit identifies a suspect path; counting observed NACKs also provides a separate extension for localizing sending-access-link loss.","In a symmetric failure-free fabric, adaptive routing spreads enough packets from a large flow approximately evenly across paths. Loss on a path reduces its received count below expected variation, exposing gray packet loss without probes or per-packet tracing. NACK counts help distinguish source access-link loss when fabric and destination-side failures are excluded. This detects loss-related transport delay, but does not directly measure arbitrary delay or separate server queueing and GPU compute.","At destination leaf switches, retain per-flow, per-spine packet counts and, where available, NACK counts; correlate those with request identity and robot/server transport timestamps. The resulting path deficit could localize transport loss while avoiding probe traffic and full packet traces. Transfer requires observable adaptive spraying, suitable switch counters, and a sufficiently large flow; the paper does not establish those conditions in Root’s network.","On a controlled multipath testbed, replay representative inference traffic and inject gray loss on one fabric link or access link. Compare per-flow path-count deficits and NACK-based localization with known fault location and request tail latency; measure detection time and healthy-path false alarms, and record server queueing and GPU compute separately. Include a non-spraying control to test the mechanism’s applicability boundary.","By counting how many packets of a given flow arrive from each spine switch, a destination leaf switch can determine whether the expected even distribution remains intact, or if some paths suffered packet drops due to a gray failure.","Selected PDF text, “Our approach” paragraph; access-link extension in the paragraph beginning “Detection of Access Link Faults.”","Detects/localizes 1.5% single-link packet-drop rate within one iteration and 0.5% within five Llama-3 70B training iterations in a 64-spine topology; this is the paper’s result, not a Root-measured gain.",UNKNOWN,"The fabric-path mechanism depends on adaptive packet spraying and sufficiently large flows; it does not directly expose delay absent loss. The paper sketches access-link localization using packet totals and NACKs, but Root’s transport and switch visibility are unknown."
arxiv:2605.22131,Latency in Real-Time 3D Volumetric Streaming: A Comprehensive Study,https://arxiv.org/abs/2605.22131,"Real-time 3D volumetric streaming is a transformative technology that enables the seamless transmission and rendering of high-fidelity 3D models, enhancing applications in virtual reality (VR), augmented reality (AR), gaming, telepresence, and remote collaboration. However, latency remains a major challenge, affecting immersion, causing motion sickness, and disrupting real-time interactions. Addressing these latency issues is essential for improving user experience and ensuring system efficiency. This study conducts a comprehensive latency measurement and analysis within a real-time volumetric streaming environment. We systematically break down the streaming process into three key layers: the application layer, the transport protocol layer, and the network layer. By evaluating each layer in a real-world system, we identify latency bottlenecks, quantify their impact, and uncover the underlying causes of delay. Based on these findings, we propose targeted optimization strategies to mitigate latency and enhance system responsiveness. Through this research, we establish best practices and innovative solutions to improve the efficiency, scalability, and overall user experience of real-time 3D volumetric streaming. Our insights contribute to advancing the field, paving the way for more immersive and responsive digital environments.",firecrawl,n14,2,"Layered one-way latency decomposition: synchronize device clocks, timestamp frames and packets at send/receive boundaries, and measure kernel/NIC timing separately to distinguish application, transport, and network delay.","Boundary timestamps localize elapsed time to specific stages instead of treating end-to-end latency as one number. Packet-level kernel and NIC measurements can distinguish network-path delay from endpoint processing, while frame-level measurements expose transmission and application delays.","Attach synchronized timestamps and request/frame identity at robot send, server receive/forward, and robot receive events. Where available, add packet-level kernel/NIC timestamps; compare the resulting stage timings to identify whether a tail arises on the network path, at an endpoint, or in server processing.","The paper measured a 30-fps stream over 300 frames, timestamping frame and packet boundaries and separately testing 300 packets at three IP packet sizes with kernel/NIC timing. A Root experiment could apply the same per-request stage timestamps, then compare tail-latency requests against typical requests and inspect packet/kernel/NIC timing for the implicated stage.","To measure frame latency, a timestamp was added to the data structure of the transmission frame.","Selected PDF text, Section IV.A, End-to-End Service and Frame Latency",UNKNOWN,UNKNOWN,"The paper reports measurements and localization across layers, but does not establish performance on remote robot inference or report tail percentiles. Its network-layer packet test is separate from service frames, so the method’s effectiveness for attributing Root tail events remains to be tested."
arxiv:2605.24217,Identifying and Mitigating Systemic Measurement Bias in Production LLM Inference Benchmarks,https://arxiv.org/abs/2605.24217,"As Large Language Models (LLMs) transition from research environments to production deployments, evaluating their performance against strict Service Level Objectives (SLOs) has become critical. However, current evaluation methodologies suffer from severe measurement bias at scale. We demonstrate that widely used benchmarking utilities rely on single-process, asyncio-driven architectures that introduce fundamental client-side queuing bottlenecks under high concurrency. By modeling the benchmarking client as an M/G/1 queue, we mathematically demonstrate how the Python Global Interpreter Lock (GIL) artificially inflates Time to First Token (TTFT) and Time Per Output Token (TPOT) metrics as request rates scale. To resolve this systematic inaccuracy, we propose an unbiased, multi-process evaluation framework that effectively distributes client-side load, ensuring negligible queuing overhead. Furthermore, we formalize a composite metric, Normalized Time Per Output Token (NTPOT), to robustly amortize end-to-end latency, including prefill and scheduling delays across sequence lengths. Our empirical evaluation demonstrates that this methodology successfully isolates pure serving engine performance, enabling accurate, reproducible profiling of LLMs at production scales exceeding thousands of queries per second.",firecrawl,n06,3,"Measure the delay from intended request dispatch to actual transmission, alongside successfully transmitted QPS. This exposes client-side scheduling-queue buildup separately from delay that occurs after transmission; multi-process workers reduce the client-side bottleneck.","If the load generator is saturated, dispatch delay rises and transmitted QPS falls even before the request enters the network. Comparing intended-dispatch, actual-send, and response-arrival times can therefore identify client-side queueing as a source of an apparent latency tail, rather than attributing all end-to-end delay to the inference service. The paper validates this attribution against a near-zero-server-latency simulator. It does not, by itself, distinguish network delay from server-side delay after transmission.","At Root’s request-generation boundary, record request identity plus intended-dispatch, actual-send, and response-arrival timestamps, and track transmitted QPS. This adds a way to rule in or out client-side queueing without relying on private infrastructure; post-send delay still requires other signals to separate transport, server queueing, compute, and action application.","Replay a fixed request trace at increasing offered rates against a near-zero-latency simulator and a real inference endpoint. Record intended dispatch, actual transmission, and response arrival for each request. Test whether dispatch-delay tails and transmitted-QPS shortfalls identify generator saturation in the simulator, and whether subtracting pre-send delay changes the end-to-end tail observed against the real endpoint.",The framework tracks the distribution of delays between a request’s intended dispatch time and its actual transmission.,"Selected PDF text, Section 6, “Scheduling Precision”; the following “Dispatch Throughput” bullet says actual transmitted QPS is monitored.","At 1,000 QPS against a near-zero-server-latency simulator, the paper reports 0.63 ms end-to-end overhead for Inference Perf versus 8 ms to 58 seconds for single-process utilities. This is a paper-reported benchmark result, not a Root-measured gain.",Single-process benchmarking utilities; the paper also compares its multi-process framework with alternative multi-process tools.,"The mechanism diagnoses load-generator queueing and rate failure, not network-tail causes directly. No packet, ACK, loss, or network-arrival measurements are reported, so post-send network delay remains confounded with server-side queueing and processing."
arxiv:2605.25092,AgentIR: A Workload-Adaptive Cascade Retrieval Substrate for Long-Term Conversational Memory,https://arxiv.org/abs/2605.25092,"Long-term conversational memory is a retrieval workload classical IR was not built for: the index grows during the query stream, query types shift intra-session, and the latency budget per retrieval is sub-10 ms. Lucene-class engines treat the index as static and the query as stateless, leaving the workload's structure unexploited. AgentIR treats fusion as a per-query decision along two axes: which fusion to apply (BM25, Dense, RRF, or agent-aware RRF), and whether the 52 ms dense channel is worth running at all. The second axis is a confidence-triggered cascade router that decides from the BM25 top-k margin alone and re-tunes across workloads without retraining. On LongMemEval (n=500), where the dense channel does add information, the cascade skips 63% of queries at parity LLM-judged accuracy (2.67x faster under two judges, paired bootstrap p>=0.88); per-qtype thresholds extend this to 5.76x under 5-fold cross-validation. On LoCoMo (n=1,982), where BM25 alone is already the strongest single system, the same trigger auto-tunes to a 100% skip rate (132x faster, +0.089 Hit@5). Capacity on a shared 8-core VM rises from 154 to 1,400 concurrent agents (9x). Underneath the cascade, a time-partitioned index does O(log 1/epsilon) work independent of corpus size: 1234x corpus growth costs only 3.6x latency, ending in 1769x over sequential at sub-100 us p50 on 5M records. At parity quality with Lucene on 9 BEIR datasets up to 8.8M docs, the substrate runs 10x geo-mean over Pyserini 8T and 11x over PISA-1T BlockMax-WAND; an A100 reaches 1.8-39x over Pyserini 8T; chunked index build sustains 56.8K docs/sec on MS MARCO. Three subtle BM25/GPU correctness pitfalls that silently regress nDCG@10 by 6-8x are documented and fixed; post-fix CPU and GPU agree within 0.0002 nDCG@10 on all eight datasets that fit a single A100.",firecrawl,n12,2,"Partition the index into recency-ordered time windows and search only the recent partitions needed to meet a target miss probability, reducing retrieval work as the corpus grows.","The method exploits recency bias: when relevant records are concentrated in recent partitions, searching only a few partitions can preserve retrieval quality without scanning the full corpus. This makes it a concrete indexing mechanism for faster comparable retrieval, though it does not itself diagnose network delay.","Attach the retrieval backend to the request timeline and compare its measured latency against a sequential or full-index baseline for the same query. This could help separate retrieval cost from transport, server queueing, GPU compute, and action-application delay; it would not identify which network segment caused a tail.","On matched requests, benchmark the recency-partitioned index against sequential full-index retrieval as corpus size grows; measure retrieval latency and answer/retrieval quality. In Root, separately record end-to-end request timing and retrieval-stage timing to test whether reducing retrieval work changes the observed tail.",The temporal index partitions documents into time-window buckets (7-day intervals) sorted by recency.,"Selected PDF text, §4.3 Temporal Partitioned Index","At 5M records, 1769× over sequential at sub-100 μs p50; as corpus grows 1234×, temporal latency grows 3.6×.",Sequential retrieval over the full index.,"The 5M-record scaling result uses a synthetic corpus with 80/20 recency-biased queries; the paper notes that a production trace at this scale would provide tighter validation. The mechanism concerns retrieval, not network-tail localization."
arxiv:2606.00524,Wire-Level Interrupt-to-Decision Latency of On-Sensor MLC versus Host Inference on the NVIDIA Jetson Orin Nano: A Pre-Registered Measurement Study,https://arxiv.org/abs/2606.00524,"The Machine Learning Core (MLC) embedded in the STMicroelectronics LSM6DSOX IMU is widely cited as a low-latency alternative to host-side inference, yet wire-level decision-delivery latency is rarely measured. Using a Saleae Logic Pro 8 logic analyzer on an NVIDIA Jetson Orin Nano, we measured interrupt-to-decision latency (sensor INT1 edge to host decision GPIO) for three pipelines (a host-side decision-tree classifier, the standard MLC bank-switch read protocol, and an MLC binary-fast variant) under idle, I2C bus contention, and CPU stress. The protocol was pre-registered with 12 externally-timestamped Zenodo amendments before confirmatory data collection (4,770 of 4,860 trials included, 98.15%, across nine cells). The host pipeline exhibits lower median latency than the MLC pipeline under all conditions: 321.7 vs 681.5 us at idle (2.1x faster) and 574.5 vs 1,325.4 us under I2C contention (2.3x faster). The three-transaction I2C read protocol, not the silicon's classification, is the dominant latency contributor. We additionally characterize a reproducible 706.5 ms MLC decision cadence that bounds full stimulus-to-decision latency. Code, data, and pre-registration: github.com/akulswami/sensor-mlc-latency.",firecrawl,n04,3,"Use two hardware-timestamped GPIO edges for interrupt-to-decision latency, then compare the standard decision path with a matched zero-I²C control under bus contention and CPU stress. The control isolates bus-protocol overhead from the interrupt/GPIO floor.","The paired wire timestamps avoid relying on software-clock timing, while the zero-transaction control removes the suspected I²C read path. Its much lower latency under contention, alongside a separate CPU-stress condition, localizes the observed delay to bus access rather than classifier computation or generic resource stress. This is a concrete minimal-signal and controlled-ablation method for n04; the paper does not itself separate network delay from server or GPU compute for n15.","For Root, attach timestamps to request send/receive and response send/arrival, and compare matched requests with a controlled transport-bypassing or alternate-path condition where feasible. Pair these with server inference start/end timestamps. This would expose whether tail growth lies across the transport boundary or within server processing, without assuming access to Reflex infrastructure.","On matched robot inference requests, collect hardware- or monotonic-clock timestamps at robot send, server receive, inference start/end, server response send, and robot response arrival. Compare normal requests against a controlled alternate or bypass path; independently inject network contention and server/compute load. Check whether the transport interval's tail moves under network contention while server intervals remain stable, and whether the control path removes that effect.","the mlc-binary pipeline, which performs zero I²C transactions on the decision path","Selected PDF text, Section VI.A, “The I²C read protocol dominates wire-level latency”","Under I²C contention, host median latency is 574.5 μs versus 1,325.4 μs for MLC; the zero-I²C MLC binary control has 49.4 μs median latency.",Standard MLC bank-switch read protocol with three I²C transactions; zero-I²C MLC binary pipeline is the control.,"The study measures sensor I²C and CPU stress, not robot-server network transport, and provides no packet/ACK/loss sequence or direct network-versus-server/GPU timing. The n04 transfer is supported as an experimental pattern, not as a demonstrated Root result; n15 remains unresolved."
arxiv:2606.02057,Waiting at the front door: Continuous monitoring of latency in the host network stack,https://arxiv.org/abs/2606.02057,"With networking moving into the sub-millisecond latency domain, latency in the end host itself can become a significant barrier to achieving consistently low application latency. Both the physical interconnect between the network card and the CPU, the kernel network stack, and the scheduling of applications themselves can be considerable sources of latency. Previous work has studied host latency at various levels, yet there remains a lack of methods and tools to continuously monitor host latency in production. To remedy this, we present netstacklat, a monitoring tool that captures latency at several points in the host network, from the early parts of the Linux kernel network stack all the way until the application reads the data. We evaluate netstacklat in a testbed, demonstrating its ability to capture host latency across 144 variations of HTTP workloads for Nginx and Apache, while also showing how the low monitoring overhead does not inflate tail latency by more than 6%, where previous monitoring solutions increase it by over 100%. Furthermore, we share our initial findings from deploying netstacklat in Cloudflare's global CDN network.",firecrawl,n04 | n09 | n14,2,"Use eBPF probes at logical ingress-stack boundaries to read each packet's existing kernel timestamp, calculate cumulative latency at each boundary, and aggregate the measurements into per-stage latency histograms in kernel. TCP samples potentially inflated by head-of-line blocking are conservatively filtered.","Comparing latency distributions across successive boundaries localizes where ingress delay accumulates without exporting a full per-packet trace. The socket-read measurement additionally includes delays before the application reads, such as CPU scheduling, so it can help distinguish stack processing from later delivery-to-application delay. In-kernel aggregation keeps continuous monitoring overhead low.","Attach analogous timestamps and request or packet identity at robot-side and inference-server transport boundaries. Stage-specific distributions could show whether a tail accumulates in host ingress processing or before the application reads, rather than attributing it to remote network delay. This method does not measure end-to-end path delay, server queueing, GPU compute, action application, or NIC-to-CPU delay; its demonstrated coverage is Linux ingress.","On a controlled remote-inference path, compare instrumented and uninstrumented runs while injecting network delay/loss and separately inducing host receive-stack load or application-read scheduling delay. Compare per-boundary latency distributions with end-to-end request tails and server/GPU timings; test whether the boundary deltas localize the injected cause without materially inflating tails.",This selection has resulted in netstacklat recording the network stack latency at four different layers,"Selected PDF text, section 4.2, “The netstacklat probe points”","In testbed evaluation across 144 HTTP workload variations, monitoring did not inflate tail latency by more than 6%; the abstract reports previous monitoring solutions increased it by over 100%. The conclusion reports 0.04% CPU utilization at peak hours in Cloudflare’s busiest data center location.","Unmonitored testbed runs and comparisons with lattrace, kyanos, retis, and pwru; the abstract also compares tail-latency inflation with previous monitoring solutions.","The evidence supports localization of host ingress-stack latency, not diagnosis of an end-to-end network tail in remote robot inference. Whether the same probes and timestamp semantics are available across the robot/server transport and runtime is unestablished. The method does not implement tail-triggered sampling or retention."
arxiv:2606.02368,Certified Closed-Loop Control for Packet Networks: A Compositional Certification Framework,https://arxiv.org/abs/2606.02368,"Packet networks are controlled dynamical systems with discontinuities, delayed observations, and partial state information. Adaptive or learning-driven proposers can improve performance, but an unsafe proposal may still cause starvation, tail-delay spikes, or unstable queue behaviour. This paper treats packet-network control as an executed-action certification problem. A certified operator sits between any proposer and the dataplane. At each control tick, the proposer emits an arbitrary candidate action u(t). The operator either projects it to an executable action u(t) that satisfies a configuration-compiled certificate, or reports INFEASIBLE and executes an always-defined fallback with quantified slack. The certificate also exports an auditable envelope z(t) for downstream composition. The guarantees are conditional and explicit. They apply on ticks where the operator reports CERTIFIED, the declared arrival envelope and backlog bound are valid, and the platform realises the assumed service lower bound. Under these conditions, one mechanism covers backlog caps, service floors, mitigation caps, Foster--Lyapunov drift constraints, and compositional envelope contracts. We prove operator-level safety, feed-forward compositional safety and stability using exported envelopes, and a cyclic closure result under a small-gain condition. We also define breach and infeasibility semantics, discuss calibration of the service-tracking factor that links certified targets to realised scheduler behaviour, and evaluate the design under delayed telemetry, delayed actuation, weak proposers, envelope mismatch, overload, and millisecond-scale certification. The present evaluation validates the certified execution boundary in a byte-level closed-loop backend; deployment-level scheduler tracking is left to future Linux or hardware experiments.",firecrawl,n06,3,"Reconstruct a conservative current-backlog bound from delayed queue counters using declared arrival envelopes and known scheduled or applied removals, then expose per-tick certification status and slack against backlog or drift constraints.","The reconstructed bound accounts for queue growth that may have occurred since the last counter sample, rather than treating stale occupancy as current state. Per-queue bounds and constraint status give Root evidence of queue buildup even when the tail occurs between telemetry samples. This identifies queue buildup as a contributor, not as the exclusive cause of a latency regression; transport delay, server queueing, GPU compute, and action-application delay still need separate measurements.","Attach to timestamped robot- or server-side per-queue occupancy counters, arrival-envelope estimates, and records of scheduled/applied service actions. Retain the reconstructed backlog bound and certification status alongside request timing and independently measured transport, compute, and action-application intervals. This could avoid relying on a fresh high-frequency queue sample at every request, subject to valid envelope and action-accounting assumptions.","In a controlled Root replay, compare stale-counter backlog estimates with reconstructed bounds using identical requests and action records. Independently inject queue buildup, transport delay, GPU compute delay, and action-application delay. Test whether the bound rises under queue buildup despite delayed counters and whether non-queue perturbations are not incorrectly attributed to queue growth; report localization and false-positive rates against direct queue measurements.","To obtain a bound at the current tick, we use two facts that are available to the controller: (i) the declared envelope upper-bounds arrivals between counter samples, and (ii) the controller knows the actions it has already scheduled to apply (including any actuation buffer).","Selected PDF text, section 5, “Backlog bounds from delayed counters and local accounting”",UNKNOWN,Direct execution of proposer actions; the delayed-telemetry stress passage also compares naive clipping.,"The paper evaluates a byte-level closed-loop backend, not Root inference regressions. The method depends on valid arrival envelopes, usable queue counters, and accurate accounting of scheduled or applied removals. It bounds backlog but does not itself separate queueing delay from transport delay, server queueing, GPU compute, or action-application delay."
arxiv:2606.08094,vla.cpp: A Unified Inference Runtime for Vision-Language-Action Models,https://arxiv.org/abs/2606.08094,"Deploying vision--language--action (VLA) models on robots requires adapting model-specific inference pipelines to heterogeneous processors and limited onboard memory. We present vla.cpp, a unified C++ inference runtime for eleven VLA models, with no PyTorch dependency for model execution. The runtime shares model loading, tensor execution, and serving while retaining architecture-specific attention, conditioning, and action heads. Iterative policies reuse observation-dependent computation across solver steps, while regression policies predict actions directly. We evaluate task success on LIBERO-Object and profile supported configurations on NVIDIA, Apple, and Intel hardware. BitVLA completes 200/200 LIBERO-Object episodes on an 8,GB Jetson Orin Nano. A ternary tensor-core kernel accelerates its client inference by 4.0--4.6× over the CUDA-core baseline on RTX 3060 and AGX Orin. A SmolVLA case study links positional-index precision to gripper commands and task success, showing why fixed-input numerical checks should accompany rollout evaluation. Deployments on UR10e and ALOHA demonstrate physical robot integration; delay and execution-horizon studies characterize synchronous chunked control. The results demonstrate a common deployment path across VLA architectures and hardware, with numerical validation and control settings guiding deployment alongside inference efficiency.",firecrawl,n13,2,"Inject a controlled delay after inference and before delivering each action chunk to the robot, holding hardware and precision fixed, then measure task outcomes and execution behavior.","The intervention emulates added delay in the chunk-delivery path while keeping inference hardware and precision unchanged, allowing Root to test how delivery delay affects a synchronous robot action loop without conflating it with those factors. It does not, by itself, distinguish network delay from other delivery-path delays.","Attach the delay intervention and timestamps to the inference-complete and chunk-delivered events for each request, then compare robot-loop outcomes under controlled added delays. This tests sensitivity to delivery delay, but does not localize naturally occurring network tails.","On an RTX 4070 with ALOHA, the paper inserted artificial delays after GR00T-N1.7 inference and before delivering each chunk, reporting ten episodes per condition. A Root experiment could repeat this controlled intervention while recording the corresponding request and transport events.","To isolate inference delay from hardware and precision changes, we insert an artificial delay after GR00T-N1.7 inference on an RTX 4070 and before delivering each chunk to ALOHA.","Selected PDF text, Section IV-G(b), “Controlled latency injection”",UNKNOWN,UNKNOWN,"The study intervenes on delay but does not report packet-, ACK-, or transport-level signals, compare naturally occurring tail requests with healthy requests, or establish that the injected delay represents network delay specifically."
arxiv:2606.20374,"ARGUS: Production-Scale Tracing and Performance Diagnosis for over 10,000-GPU Clusters",https://arxiv.org/abs/2606.20374,"Large-scale LLM training requires always-on, fine-grained observability for effective performance diagnosis at scale. Coarse resource monitors alone cannot localize root causes, and fine-grained profilers incur prohibitive (5%-30%) overheads and massive trace volumes, making always-on deployment impractical in large production clusters. We propose ARGUS, a low-overhead, fine-grained, always-on tracing and real-time analysis system for training workloads in 10,000+ GPU-scale production clusters. ARGUS decomposes observation along the training call hierarchy into CPU call stacks, framework semantics, and GPU kernel execution, with always-on collection under a combined overhead of less than 2%. It builds a unified data pipeline and compresses raw kernel events by approximately 3,700x from 10 MB to 2.7 KB per rank per step. Its progressive diagnosis framework automatically isolates anomalous windows, straggler ranks, and degraded kernels through iteration-time, phase-level, and kernel-level analysis. Deployed for over six months on a 10,000+ GPU production cluster, ARGUS has supported continuous fail-slow detection and performance optimization. Our case studies further demonstrate its effectiveness across representative anomalies, including compute stragglers, link degradation, pipeline-bubble amplification, FlashAttention JIT stalls, and compute stragglers masked by communication symptoms.",firecrawl,n10,2,"Continuously collect iteration, phase, and per-kernel timing signals; progressively narrow anomalous windows and straggler ranks with change-point/jitter detection and parallelism-group-aware cross-rank comparisons, then compare compressed per-kernel duration distributions across equivalent ranks. Retrieve detailed traces for the narrowed anomalous window to confirm the cause.","Cross-rank comparison among ranks with the same parallel role provides a healthy reference, while phase and kernel granularity helps distinguish slow computation from communication symptoms or secondary collective effects. This reduces the search from thousands of ranks to a small set of suspects without relying on out-of-band alerts alone. For Root, the comparison and narrowing workflow could identify whether a remote-inference tail is localized to a transport event or instead arises in another execution phase; the paper does not specify robot transport signals.","Attach request identity and synchronized timestamps to robot-side and server-side transport events, queue/NIC signals, and inference phases. Compare tail requests with healthy requests and use progressive narrowing to separate network delay from server queueing, compute, and action application. ARGUS's cross-rank method transfers as a comparison strategy, but its training-specific signals do not directly provide robot transport evidence.","Replay the same remote-inference workload with controlled network delay/loss and separately injected server queueing or compute delays. Compare a baseline collector with progressive phase-level and per-request cross-layer comparisons, measuring cause classification, number of measurements/traces required, localization accuracy, tail-detection latency, and collection overhead.","L2 performs cross-rank comparison on the phase durations recorded by framework semantics instrumentation within parallelism groups, using the coefficient of variation (CV) to quantify intra-group inconsistency and z-scores to identify straggler ranks.","Selected PDF text, §6.1 Iteration-level Detection (L1) and Phase-level Attribution (L2)","ARGUS reports kernel-trace compression of approximately 3,700× (10 MB to 2.7 KB per rank per step), total collection overhead below 2%, and diagnosis narrowing to single-digit suspects. No Root gain is reported.","For the reported tracing overhead comparison, the baseline is training without ARGUS; the paper also compares against PyTorch Profiler and nsys. A Root-specific baseline is UNKNOWN.","The method is demonstrated for distributed GPU training, not remote robot inference. Its cross-rank healthy-reference assumption and training phase signals may not transfer directly; the context does not establish a concrete packet-, ACK-, or request-level network diagnostic operation."
arxiv:2606.25922,Interference-Aware Cross-Application Placement: A Multi-Objective Optimization Approach for Microservice Clusters,https://arxiv.org/abs/2606.25922,"In modern cloud architectures, multiple applications often run within the same clustered environment, sharing underlying resources. This resource sharing can cause interference among applications, leading to degraded latency and reduced system stability. As containerized microservices become increasingly central to cloud-native applications, their performance can suffer from complex interference scenarios related to resource competition. Meanwhile, most existing microservice approaches address interference either by detecting and localizing performance issues or by optimizing latency alone, without explaining why specific co-locations cause cross-application interference, and how this can inform service placement optimization. This work closes that gap by building a spatio-temporal data structure that captures the causal effects of cross-application interference. These causal effects are mathematically formalized as necessary and sufficient conditional probabilities that inform a multi-objective optimizer (Optuna). Cross-application profiling is used to simulate traces and estimate interference probabilities, while per-service latency baselines are provided by performance data, such as 95th-percentile response times (p95). Our approach supports network penalties, application isolation requirements, and adjustable weighting of necessary and sufficient causal metrics. Experimental results on real multi-application workloads show that interference-aware placements significantly reduce cross-application interference and improve response performance. Ultimately, the causality-driven multi-objective formulation gives cloud operators explicit control over interference, latency, and communication overhead when configuring service placements.",firecrawl,n02,3,"Estimate pairwise co-location interference using STIG structure and PN/PS/PNS probabilities, then correlate each pair's expected interference score with response-time degradation to identify interference-prone services.","The pairwise score links a shared-host relationship to service slowdown, which can expose a competing service as a contributor to a tail even when it is outside the request's call path. This diagnoses shared-resource contention; it does not attribute delay to network transport.","Join request or service latency records with service-to-host placement, resource usage, and traces for other services on that host. Compare the pairwise interference score with transport, queueing, GPU, and action-application timings to see whether a co-located workload explains tail requests.","Replay a fixed Root inference workload while independently placing a competing service on and off the inference server or edge host. Use the paper's profiling and pairwise scoring approach to test whether it identifies the introduced contention and affected service. Record transport, server queueing, GPU compute, and action-application time separately; compare tail and healthy requests.",The analyzer then correlates these scores with response-time degradation to identify interference-prone services,"Selected PDF text, Section IV.A, Analyze phase",Interference decreased from approximately 1763 to 997 (about 43%) in the reported placement comparison; this is not a Root-measured gain.,"Latency-only Optuna, genetic algorithm, and reinforcement-learning placement strategies under the same search budget.","The evidence supports identifying co-location interference, but not packet-level causes or separation of network delay from queueing and compute. The paper says its offline causal estimates may be biased by unobserved confounders."
arxiv:2606.31497,Communication-Aware Robot Execution for Cloud Inference under Spatially Heterogeneous Connectivity,https://arxiv.org/abs/2606.31497,"Cloud-hosted foundation models enable robots to use semantic reasoning beyond onboard computational limits. In this setting, the robot executes a currently available primitive generated by the cloud, and continued task progress requires the next cloud result before this primitive is exhausted. This execution becomes fragile under spatially heterogeneous connectivity, because the current primitive determines when the next result is needed, whereas the wireless environment determines where the next request can be submitted and where the response can be retrieved. Strategies that reduce latency or improve individual transmissions can shorten this dependency, but they do not determine a submission location that supports reliable upload and leaves a feasible opportunity for response retrieval. To address this problem, we introduce the request--response window, which characterizes the time required for the next cloud cycle, including uplink transmission, cloud inference, downlink retrieval, and inference uncertainty. Building on this window and an available communication map, the proposed framework treats the next request point as a motion decision during ongoing primitive execution, selecting it to provide sufficient communication quality for cloud request submission while preserving progress within the finite support of the current primitive. The selected request point is incorporated into a local planner, which guides the robot toward the request point before submission and then continues task execution while maintaining sufficient connectivity for retrieving the next cloud result. Experiments in an indoor wireless scenario built from measurements show that the proposed method achieves the best or tied-best task success among the compared methods, while using fewer request attempts and producing lower request failure rates.",firecrawl,n13 | n16,2,"Estimate a request–response window from recent inference and transmission observations, then use that window and a spatial communication map to select a communication-favorable request point along the robot’s remaining path. The robot moves to that point before submitting the cloud request, then plans to preserve connectivity while the response is pending.","Submission location and later retrieval location affect whether a cloud cycle succeeds when connectivity varies spatially. Selecting a request point couples the cycle’s estimated duration to the robot’s remaining primitive support and mapped connectivity, aiming to avoid failed uploads, missed downloads, and waiting without simply increasing request frequency. This is an execution-planning intervention, not packet-level tail diagnosis.","A Root experiment could attach request IDs and timestamps to robot pose, mapped or measured connectivity, upload submission, response availability, and primitive expiry, then compare communication-aware request placement against nominal-path submission. This could test whether location-aware scheduling reduces network-related failures or blocking in robot-to-cloud loops. The paper does not provide packet/ACK/loss traces or a method to distinguish network delay from cloud inference delay at the request level, so it would not itself localize a network tail.","The paper evaluates measured indoor wireless connectivity with identical routes, waypoint sequences, delay model, robot limits, and communication map across methods. It compares communication-aware request placement against stop-and-wait, fixed-period asynchronous requests, and inference-time-based asynchronous requests; reported outcomes include task success, request attempts, failures, overlap, and waiting time. A Root replication could retain per-request transport timestamps and pose/connectivity data to separate network behavior from inference time.",The planner then uses this estimate together with the communication map to select where the next request should be submitted.,"Selected PDF text, Section III.D, “Request Point Optimization”","At D_obs = 6.0 m, the proposed method achieves 100.0% task success with 15.3 ± 1.6 requests and no failed or overlapped requests; the fixed-period 5 s baseline achieves the same task success with 50.5 ± 3.4 requests and a 51.5 ± 0.7% overlap rate.","Stop-and-wait execution; fixed-period asynchronous requests at 5, 10, or 15 seconds; and inference-only asynchronous requests that use estimated inference time but do not select request location using the communication map.","The context reports an indoor measured-connectivity scenario and a shared inference/transmission delay model, but does not give packet-level measurements or isolate network transfer latency from cloud inference latency. The reported gains concern the paper’s task and request metrics, not a measured Root gain."
arxiv:2607.12614,Inference Pipelines as Operating-System Objects: Priority Scheduling and Constant-Footprint Streaming for Microcontroller Neural Inference,https://arxiv.org/abs/2607.12614,"Microcontroller runtimes treat the inference pipeline -- pre-processing, accelerator invocation, post-processing -- as application code: every project re-implements stage sequencing, buffer sizing, and completion signalling around a library call. We argue these are operating-system concerns and present the Phase 2 inference engine of SynapticOS, an open-source Zephyr-based runtime that makes the pipeline a first-class OS object. A pipeline is drawn from a static pool, validated against a canonical stage order, and executed by a priority job scheduler (realtime > normal > best-effort, FIFO per class) with cancellation and a bounded job table; no heap on the inference path. Stage buffers are sized exactly from configuration and tensor geometry for the nine built-in processors (bounded 4x fallback for user stages); all intermediates live in an ephemeral arena reset per frame, so streaming footprint is constant. We evaluate on the NXP FRDM-MCXN947 (Cortex-M33, 150 MHz) and the qemucortexm3 CI target, both running a deterministic stub NPU kernel: engine-overhead baselines, not silicon throughput. On the board the scheduler adds 92 us over the Phase 1 direct-HAL bracket (1,130 vs 1,038 us; dispatch 1 us); a 30-frame, six-stage face-detection pipeline averages 4.63 ms/frame (215.8 FPS, stub model included) vs 31.1 ms under QEMU soft-float, at a constant 2,784-byte arena peak returning to zero each frame. The PowerQuad DSP is routed and self-calibrated for FFT and Q15 matmul; end-to-end speedups are 5.51x (256-point FFT) and 1.66x (16x16 matmul), short of the plan's 10x target -- reported as missed, not re-scoped. Stage-boundary profiling now runs live on the board, closing a Phase 1 gap. The engine adds 3.8 KB flash on QEMU and 20.7 KB on FRDM. 99 tests across 13 ZTEST suites pass 100% under emulation. Released under Apache 2.0 at https://github.com/Dimitrios-Kafetzis/SynapticOS",firecrawl,n03,3,"Stage-boundary profiling: mark inference stages and derive per-stage and total durations, then compare the ordered timings of tail and healthy requests to find their first divergence.","Ordered stage durations can localize where a slow request first departs from a comparable healthy request, rather than merely flagging that total latency is high. The paper implements the profiling signal, not the comparison; Root would need to retain and correlate records by request.","At the robot-side inference pipeline, associate stage-boundary timestamps and total duration with each request ID, alongside existing transport timestamps. This can distinguish delay within measured inference stages from delay outside that pipeline, but does not itself measure network delay or separate transport from server queueing, GPU compute, or action application.","For matched tail and healthy remote-inference requests, retain per-request stage timings and transport timestamps. Compare ordered stage durations to identify the first divergence, and check whether it falls inside local inference or outside the measured pipeline. Read each profile before the next inference completes, since the paper's profiler stores only the last completed result.","From the four marks the profiler derives per-stage times, total time, the arena high-water mark, and an NPU utilisation ratio","Selected PDF text, section VI-B, Live stage-level profiling","The board profile reports 1,069 µs profiled inference, including a 1,068 µs stub model stage; no differential-diagnosis gain is reported.",UNKNOWN,"The method profiles local inference stages and retains only the last completed result. It does not perform tail-versus-healthy comparison, correlate profiles with request or transport events, or observe packet, ACK, loss, or network-queue signals. Diagnostic value for Root depends on adding per-request retention and correlation."
arxiv:2607.14853,Modeling and Validation of Quality of Control for Edge-Offloaded Collaborative Navigation,https://arxiv.org/abs/2607.14853,"Collaborative control in complex environments is severely challenged by stochastic wireless delay and reliability variations, which can degrade navigation, tracking, and collision avoidance. These network-induced uncertainties complicate the maintenance of energy efficiency during collaborative tasks, and can potentially lead to over-provisioning of resources. In this paper, for a navigation setup with dynamic collision avoidance, we address this challenge by expanding the quality of control (QoC) framework from prior works to practical robotic models. Our approach (i) models end-to-end network effects on closed-loop performance, (ii) systematically explores the impact of various control parameters dictating robotic motion on network latency-reliability (iii) validates these models through experiments on a private 5G testbed across varying delay, reliability and control configurations. Our analysis indicates the optimal control-communication co-design operating regimes for practical robots and also compares the QoC performance of standard ROS 2 quality of service (QoS) policies under real-world conditions and showing how RELIABLE QoS offers 51.5% better QoC than BEST-EFFORT under certain experimental settings.",firecrawl,n13,2,"Timestamp each control-relevant message at robot uplink send, edge receive, edge send, and robot downlink receive; compare the resulting end-to-end delay and reliability (including delay percentiles and packet deadline misses) with a disagreement-based QoC score, then evaluate how ROS 2 QoS and control settings change that outcome.","The stage timestamps expose where loop time accumulates across uplink, edge processing, and downlink, while the QoC metric connects late or missed updates to closed-loop disagreement. Comparing delay distributions and deadline misses across QoS policies can reveal whether delivery reliability or latency is associated with degraded robot behavior.","Attach message identity and timestamps at the robot transport boundary and edge receive/send points, then correlate those events with command application and robot pose. This gives Root stage-specific timing and a behavioral outcome, helping distinguish network delay from edge processing time rather than relying only on end-to-end latency.","In a robot-to-cloud action loop, record per-request timestamps at robot send, server receive, server reply, and robot action application. Compute stage and end-to-end delay distributions, deadline misses, and a pose- or action-based disagreement score. Compare these under controlled network delay/loss and delivery-policy conditions while holding server workload fixed.","For each run, we log: (i) commanded velocities, (ii) ROS 2 QoS settings, and (iii) timestamps at UL send, edge receive, edge send, and DL receive for all control-relevant messages.","Selected PDF text, Section IV.A, “Testbed and Experimental parameters”",51.5% higher QoC for RELIABLE QoS than BEST-EFFORT under certain experimental settings.,ROS 2 BEST-EFFORT QoS,"The context reports stage timestamps and delay percentiles but does not demonstrate that the method isolates network tail causality from edge queueing or compute variability. The reported QoC gain is specific to the paper’s testbed and settings, not a Root result."
arxiv:2607.19102,Enabling Multi-Dimensional Distributed Trace Comparison with Contrast,https://arxiv.org/abs/2607.19102,"Diagnosis using distributed traces is fundamentally a comparative task: operators seek to understand how an anomalous execution differs from expected behavior, how a deployment changes system execution, or how two individual executions differ. Trace comparison is challenging because useful differences between executions can manifest across multiple dimensions, and no single diagnostic interface is effective at capturing all of them. Moreover, the relevant dimensions and comparison populations are often not known a priori; operators construct and refine comparison sets dynamically as they develop hypotheses about system behavior. This paper presents Contrast, a system for multi-dimensional comparative trace analysis. Contrast introduces the Trace Projection Object (TPO), a mergeable representation that captures structural, temporal, critical-path, and semantic properties of trace populations while enabling efficient construction of arbitrary comparison sets at query time. Unlike approaches that define a fixed notion of trace difference, Contrast separates trace representation from comparison semantics, allowing diverse interfaces to selectively reason about specific dimensions. This separation enables the composition of complementary interfaces, allowing operators to combine insights from multiple dimensions for more effective diagnosis. We demonstrate this capability through two complementary interfaces: (i) SpectroViz, a critical-path-based visual interface for localizing execution differences; and (ii) Parallax, a natural language interface for generating explanations of trace differences using LLMs. We demonstrate the effectiveness and efficiency of Contrast through controlled experiments on traces from DeathStarBench and evaluation on production traces from Uber.",firecrawl | previous_seed,n03,2,"Build mergeable trace-population representations containing structure, latency distributions, and critical-path occupancy; compare an anomalous request or population with a healthy one, overlaying critical-path differences in SpectroViz and summarizing population differences with Parallax.","The comparison exposes execution segments that are atypical or newly on the critical path, alongside missing branches, latency shifts, and semantic errors. The paper’s network-partition example shows that connectivity problems can appear as incomplete traces, timeouts, and divergent latency behavior. This can localize where a network-related delay enters the traced request, though it does not directly distinguish transport delay from server queueing or compute.","Attach trace/request identity and timestamps to Root’s robot-side and server-side RPC spans; compare tail requests against healthy requests for critical-path shifts, missing or delayed calls, and latency distributions. This adds trace-level differential localization, not packet/ACK/loss reconstruction.",Replay or collect matched healthy and tail remote-inference requests under controlled network impairment and separately under server queueing or GPU-load impairment. Compare their trace populations using critical-path occupancy and structural/temporal differences; test whether the network-impaired cases show reproducible RPC-path divergences distinct from the non-network controls.,We select one trace from the bad population and compare it against the good population of traces using SpectroViz.,"Selected PDF text, section describing Figure 11a and the network-partition trace comparison.",UNKNOWN,"Good population of traces, compared with the bad population or an anomalous trace.","The context supports differential trace diagnosis and a network-partition example, but does not establish packet-level attribution or separation of network delay from server-side waiting. It also gives no quantitative diagnostic accuracy or Root-specific results."
arxiv:2608.00423,Diagnose Before You Compress: Prediction-Independent Bottleneck Witness Refinement for LLM Serving Traces,https://arxiv.org/abs/2608.00423,"Production LLM serving generates millions of diverse requests, making full-trace replay across serving configurations increasingly expensive. Existing trace reduction methods mainly preserve workload distributions or representative requests, but bottleneck-revealing workloads may be rare and non-representative. Moreover, evidence for one component cannot compensate for missing evidence in another, while using predicted bottlenecks as target truth creates circular evaluation. These limitations make it necessary to preserve evidence for every bottleneck component rather than rely on workload representativeness alone. We propose Bottleneck-Preserving Witnessing (BPW), a quality-constrained framework for compact and diagnostically reliable LLM serving replay suites. BPW first performs Workload Candidate Nomination using response-blind workload features and closed source-side measurements. This stage identifies workloads that may expose scheduler, prefill, decode, or KV-cache bottlenecks. Coverage-Priority Sequence Construction then organizes multi-component proposals as reusable hyperedges and prioritizes weak and uncovered dimensions. Finally, Bottleneck Truth Verification derives prediction-independent labels solely from direct target-system measurements. The verified results determine the earliest prefix satisfying the direct two-witness requirement for every component. Experiments on BurstGPT, ServeGen, and Mooncake show that BPW reaches the verified gate with a compact workload set and outperforms 16 policies, achieving relative improvements of 2.3% and 16.3% in Mean prefix Macro-F1 and WBRC-AUC, respectively. Stage-resolved and sensitivity analyses confirm the distinct contributions and local stability of its three stages. Our code is publicly available at https://github.com/llmllmllm/BPW",firecrawl,n09,3,"Select and order a compact set of replay workloads to preserve per-component bottleneck witnesses: nominate candidates from response-blind features and source-side measurements, prioritize weak or uncovered components, then verify labels using direct target-system measurements and stop at the earliest prefix meeting the quality gate.","This is a witness-based diagnostic reduction, not merely representative sampling: evidence for one component cannot compensate for missing evidence in another, and direct target measurements avoid treating candidate predictions as truth. For Root, network-tail requests could be treated as a separate component and independently verified, making the compact suite a sufficient diagnostic witness set if it retains the required network evidence. It would expose rare tail cases that representative traffic might omit and avoid replaying the full request trace.","Attach at Root's request identity and paired robot/server transport timestamps, supplemented where available by packet, ACK, or loss evidence. Use these signals to define network-tail truth independently of nomination; retain server queueing, GPU compute, and action-application delay as separate dimensions. The paper does not provide network features or labels, so these would need to be defined for Root.","From a fixed Root request pool, nominate candidate replays using response-blind request features and available source-side transport measurements; order them by weakest/uncovered diagnostic dimension. Verify network-tail labels only from direct target replay measurements using paired transport timestamps or packet/ACK/loss evidence. Compare the earliest prefix satisfying a predeclared two-witness-per-dimension gate with representative-subset and length/concurrency controls under identical candidate pools and replay budgets. Report network-tail recall, false positives, prefix cost, and stability across restarts, while measuring queueing, GPU, and action-application delays separately.",The verified results determine the earliest prefix satisfying the direct two-witness requirement for every component.,"Selected PDF text, Abstract; also Section 4, Methodology, Bottleneck Truth Verification and quality-gate descriptions.",Paper reports relative improvements of 2.3% in Mean prefix Macro-F1 and 16.3% in WBRC-AUC on average versus 16 policies across three traces; these are not Root network-tail results.,"Sixteen reference policies, including traffic controls, geometric/design selection, information acquisition, and adapted trace-reduction policies; the strongest baseline varies by trace and metric.","The paper supports compact, non-compensatory diagnostic witness selection with independent target verification, but tests only scheduler, prefill, decode, and KV-cache bottlenecks. It does not define transport features, network-tail truth, or a network attachment point; Root transfer and any Root gain remain unmeasured."
arxiv:2608.00569,Latency-Tolerant Cloud-Edge Collaborative Vision-Language-Action Models via Emergent Representational Specialization,https://arxiv.org/abs/2608.00569,"Deploying billion-parameter Vision-Language-Action (VLA) policies on mobile robots creates a systems conflict: semantic reasoning benefits from cloud GPUs, whereas closed-loop control must respond locally despite network delay and jitter. Existing hierarchical and asynchronous policies improve throughput, but their slow-path representations can still arrive stale or require explicit scheduling and delay cues. We introduce CloudEdgeVLA, a cloud-edge policy that treats temporal misalignment as a representation-learning problem. A cloud VLA encodes delayed observations into slowly varying task features, while a lightweight edge head combines the latest available cloud feature with current local vision. During training, current and randomly delayed frames are paired with the same current action target in fresh and stale paths. This objective encourages the cloud representation to preserve task-level information while the edge path supplies state-sensitive corrections, driving emergent specialization. Across four LIBERO suites, CloudEdgeVLA retains 63.8-78.0% success with a 40-step uniform-delay window, whereas VLASH reaches at most 6.4% and the evaluated single-path baselines at most 3.0%. By removing blocking synchronization from the control loop, the design offers a practical route to scalable VLA deployment in which cloud models can grow while edge computation remains lightweight and responsive.",firecrawl,n13,2,"Paired-frame dual-path training supervises cloud features computed from current and randomly delayed observations against the same current action target. At deployment, the edge never blocks for a cloud response: it fuses the latest received cloud feature with current local vision to produce actions.","Training encourages cloud features to retain task-level information that remains useful across observation ages, while current edge vision supplies state-sensitive corrections. This lets the robot continue its closed-loop action loop using stale cloud output rather than waiting for an update.","Attach this mechanism at the cloud-feature-to-edge-action interface. Root could test the effect of stale cloud results by injecting controlled delay or replaying features of known age, while measuring action success and loop responsiveness. The method tolerates delay; it does not identify whether a tail came from transport, server queueing, or inference.","On the same robot task and cloud-edge setup, compare the paired-frame-trained controller with a single-path baseline under controlled uniform delay, including delay values beyond the training window. Measure task success and action-loop responsiveness; separately record transport and server-side timings if the goal is to localize network tails.",The edge never blocks on a cloud response and uses the latest available feature.,"Selected PDF text, section 3.5, Emergent Representational Specialization","Under uniform delay up to 40 steps in LIBERO, success rates were 76.4% (Spatial), 75.6% (Object), 78.0% (Goal), and 63.8% (Long). In the real-robot pilot at 1000 ms added RTT, CloudEdgeVLA achieved 80%/70% static/dynamic success.","LIBERO comparison includes VLASH, which reached at most 6.4% under the 40-step delay condition; real-robot comparison includes VLASH, which achieved 0%/0% at 1000 ms added RTT.","The method demonstrates robustness to controlled or emulated delay, not diagnosis of naturally occurring network tails. The evidence does not separate transport delay from server queueing or model inference time."
arxiv:2608.01975,TELLER: Non-intrusive Cross-Layer Root-Cause Analysis for LLM Inference,https://arxiv.org/abs/2608.01975,"Large language model (LLM) inference has evolved from an offline workload into a continuously operated software service, yet root-cause analysis remains difficult because a single request spans the inference engine, Python/C++ backend, host CUDA APIs, GPU kernels, and distributed communication. Existing profilers expose raw timelines, while log-based diagnosis often misses cross-layer execution semantics and request-level structure. We present TELLER, a non-intrusive Trace- and Log-aware LLM inference Root-cause analysis framework. TELLER first collects NVTX/CUPTI traces and service logs without modifying model binaries, then reconstructs per-request call-chain trees and aligns log lines with the corresponding execution steps. We introduce a dependency-aware causal-context slice that preserves parent-child structure, temporal order, and communication relations, and a Trace Pair Encoding (TPE) tokenizer that compresses such slices into compact structural token sequences with parent, depth, and duration attributes. On top of these representations, TELLER combines numeric candidate localization with a multimodal root-cause model that jointly predicts abnormal steps, localizes suspicious operators, and generates natural-language explanations. Experiments on multi-node GPU inference workloads show a clear compression-accuracy trade-off: a moderate TPE vocabulary reduces per-step trace length by more than 80% while achieving the best overall performance on both horizontal (cross-node communication) and vertical (within-node execution stack) views, whereas more aggressive compression substantially degrades diagnosis quality. Further analyses under low-fault priors, strengthened baselines, modality ablations, explanation-quality checks, and tracing overhead show that TELLER provides a practical triage and evidence-localization substrate for LLM inference RCA.",firecrawl,n03,2,"Non-intrusive NVTX/CUPTI trace and service-log collection reconstructs per-request call-chain trees, aligns logs by request identity and time, then uses numeric candidate localization and dependency-aware causal-context slices to identify suspicious operators and communication events. The slices preserve parent-child structure, temporal order, communication relations, and durations for downstream diagnosis.","Request-level reconstruction connects communication events to execution context that raw timelines or detached logs lack. Comparing a faulty request's cross-layer path with a healthy request in the same batch can expose where behavior first diverges. Compact slices retain relevant structural and timing evidence for localization, but the method does not establish packet-level network causes.","Attach request identity and timestamps to robot-side and server-side transport or communication events, then reconstruct each inference/action request's ordered path and compare tail requests with healthy counterparts. This could locate whether a delay first appears around communication or elsewhere in the execution path. TELLER does not itself provide packet/ACK/loss attribution or prove that a communication delay is network rather than endpoint or server queueing.","On a controlled remote-inference robot loop, collect request IDs and timestamps for client send/receive, server receive/dispatch, inference steps, and available transport events. Compare tail requests against healthy requests from the same workload using request-level reconstruction and first-divergence localization; validate localization against injected network delay/loss and separately injected server queueing or compute delay. Measure attribution accuracy and tracing overhead.","TELLER first collects NVTX/CUPTI traces and service logs without modifying model binaries, then reconstructs per-request call-chain trees and aligns log lines with the corresponding execution steps.","Selected PDF text, Abstract.","Moderate TPE vocabulary reduces per-step trace length by more than 80%; the abstract reports best overall performance on horizontal (cross-node communication) and vertical views, without giving the metric values there.",Uncompressed trace length is the implied comparison for the reported trace-length reduction; the abstract does not specify the exact comparison baseline for diagnosis performance.,"The supplied context supports request-level cross-layer communication-event diagnosis, but does not describe packet/ACK/loss sequences or a network-specific tail-localization evaluation. Robot/action-loop transfer and the proposed Root experiment remain unvalidated."
arxiv:2608.08330,Uplink-Completion-Triggered Edge-GPU Inference for Multi-Agent Cooperative Perception,https://arxiv.org/abs/2608.08330,"This paper investigates the coupling between wireless input completion and graphics processing unit (GPU) execution in centralized multi-agent cooperative perception. Specifically, beyond the conceptual treatment of completion-triggered overlap, a complete execution path is realized and validated on a physical GPU for a cooperative-perception deep neural network (DNN). Each encoder branch is released immediately upon completion of its corresponding input transmission, while the original fusion dependencies and inference mapping are preserved. The resulting release-triggered communication computation coupling (RTCC) propagates validated wireless completion events through host-to-device (H2D) staging, CUDA synchronization, and dependency-preserving branch dispatch, while remaining compatible with causal wireless schedulers. Experiments combining trace-driven wireless arrivals, physical GPU execution, and measured-DAG evaluation show that RTCC reduces complete-detection latency across different communication loads and schedulers, while preserving identical detection outputs and average-precision performance relative to conventional execution.",firecrawl,n15,3,"Completion-triggered branch execution with per-input completion-to-GPU timing: a validated wireless payload-completion event releases its corresponding encoder through H2D staging and CUDA dispatch, while a profiled dependency DAG records when computation can run and when the final join is ready.","The completion event makes the end of input delivery an explicit boundary, and GPU event timings expose subsequent staging and execution. Comparing these timestamps with the DAG’s expected service times can distinguish late input delivery from work that is ready but waiting on GPU execution, rather than treating end-to-end latency as one undifferentiated delay. The paper uses this chiefly to overlap computation and communication, not as an evaluated tail-diagnosis system.","For each Root request or input, correlate robot/server transport-completion time with H2D start/end, encoder dispatch/completion, and downstream join/output timestamps. This would expose whether a slow request’s delay precedes input completion or follows it in GPU execution; it would not, by itself, distinguish transport delay from server queueing before the recorded completion event.","Replay matched request/input-arrival traces through completion-triggered execution and an all-arrival barrier, recording per-input transport completion, H2D, GPU branch start/end, and final output timestamps. Compare slow-request latency with the arrival gaps and measured GPU service times, and check whether the per-request decomposition identifies network-side versus post-completion delay. Keep server queueing and action-application timestamps separate where available.","Once an input is validated as complete, it is asynchronously","Selected PDF text, RTCC physical-GPU realization paragraph; the supplied excerpt truncates the sentence after this phrase. Supporting description: “completion events generated by trace-driven wireless emulation [are connected] to pinned-memory H2D staging, CUDA-event synchronization, and encoder-branch dispatch.”","Mean complete-detection latency reduction of 64.96 ms (95% CI: 57.11–72.81 ms), versus Barrier execution.",Barrier execution: each encoder waits until all input transmissions are complete before execution.,"Wireless completion times are trace-driven emulation, not over-the-air measurements. The paper demonstrates the completion-to-GPU execution path and latency overlap, but does not evaluate network-tail diagnosis or Root. Lane n13 is not promoted: transfer to robot-to-cloud action loops is plausible, but the supplied evidence is for multi-agent cooperative perception and does not establish direct applicability to action-loop requests."
arxiv:2608.11566,Measuring Browser Webcam Gaze Honestly: A Capture-Clock Methodology and Open Reference Implementation,https://arxiv.org/abs/2608.11566,"Browser-based webcam gaze trackers are increasingly used for crowd-scale data collection and in clinical settings where lab eye trackers are impractical, but the reported latency numbers may not represent real world functionality. The common practice of timestamping each gaze sample when it is emitted, rather than when its source frame was captured, makes the measured inference latency read about 0 ms no matter how slow the engine really is. We show how to measure it honestly, recovering a per-frame capture clock from the browser's re-quest-Video-Frame-Call-back (rVFC) API (captureTime where the browser exposes it for local camera streams, else presentationTime, in which case every recovered latency is a verifiable lower bound): exact source-frame pairing through a per-frame queue for engines that expose their inference pipeline, and a further lower bound for engines that do not, such as WebGazer. We release an open TypeScript implementation and benchmark harness, demonstrated on two interchangeable engines: WebGazer and a new FaceMesh+KRR pipeline.",firecrawl,n13,3,"Source-clock reconstruction with identity-based output pairing: recover each input frame’s source timestamp, then pair an inference result with the frame that produced it. When exact pairing is unavailable, tag the result with the latest known frame time and report the resulting latency only as a lower bound.","Emission-time timestamps can make a slow asynchronous pipeline appear to have near-zero latency. Measuring from the source clock to the correctly matched output exposes the elapsed request-to-result delay, including its tail. The method transfers to robot-cloud action loops as end-to-end latency measurement, but by itself does not separate network transport from server queueing or compute.","Record a robot-side submission timestamp and request/frame identity, then match that identity to the server-side inference result and returned action. This provides a source-referenced end-to-end latency distribution and avoids falsely measuring only callback emission time. Additional transport and server-stage timestamps or events are required to attribute a tail specifically to the network.","On matched Root requests, compare callback/emission-time latency with source-timestamped, identity-matched request-to-result latency. Include both exact pairing and a documented lower-bound approximation if output identity is unavailable. Inject controlled network delay while separately recording transport and server-stage timings; check whether the corrected end-to-end p95/p99 reveals delayed requests and whether stage measurements distinguish network delay from queueing and compute.","For engines that expose their inference pipeline at per-frame granularity, such as our FaceMesh+KRR engine, we keep a FIFO queue of frame timestamps and pair every gaze sample with the exact source frame it was computed from.","Selected PDF text, §3.2, “Exact pairing via rVFC for queue-exposing engines”; lower-bound handling for opaque engines is described in §3.3.",Correct timestamping changes reported latency from approximately 0 ms to 22–34 ms median and 27–52 ms p95 in the browser gaze benchmark; this is not a Root or network gain.,"Naive emission-time timestamping, which reports approximately 0 ms.","The paper measures browser capture-to-inference latency, not network transport or rare network delays. Source timestamps and identities must be preserved across Root’s transport, and stage-level evidence is needed to distinguish network delay from server queueing, compute, and action application."
arxiv:2608.12513,DualPI2 Active Queue Management in ns-3: Implementation And Validation,https://arxiv.org/abs/2608.12513,"The demand for ultra-low latency applications necessitates advanced network architectures like the Low Latency, Low Loss, and Scalable Throughput (L4S) standard. A core component of L4S is the DualPI2 Active Queue Management (AQM), which ensures the safe coexistence of scalable and classic traffic. Despite L4S's growing adoption, the ns-3 network simulator lacks a high-fidelity, up-to-date DualPI2 model. This paper presents a comprehensive implementation of the DualPI2 AQM in ns-3, while also mirroring the official Linux Kernel architecture. Our model incorporates representative mechanisms previously absent in simulation, such as credit-based Weighted Round Robin (WRR) scheduling, step-marking, and overload protection. To guarantee simulation accuracy, we validate our implementation against a physical Linux testbed across 25 diverse Bandwidth-Delay Product (BDP) scenarios. Results demonstrate that our ns-3 model replicates real-world behavior, ensuring strict throughput fairness and queue delay isolation. Ultimately, this validated model equips the research community with a robust tool to evaluate and advance L4S performance across diverse network topologies, ranging from data centers to wireless home and office environments.",firecrawl,n06,3,"Per-packet queue-sojourn measurement with queue-specific tracing: record how long packets reside in each sub-queue, and use that residence time to identify delay accumulating at the bottleneck queue.","Queue residence directly measures time spent waiting in a network queue, making it a concrete signal for distinguishing queue buildup from server queueing, GPU compute, or action application. Correlated with request timing, it could show whether network queue delay contributes to an inference tail. The paper also describes a secondary-threshold marking operation, but that is congestion control, not an independent diagnostic mechanism.","Add enqueue/dequeue timestamps or equivalent sojourn-time telemetry at the robot or server transport bottleneck. Correlate packet/request identity and queue residence with end-to-end inference timestamps to separate network waiting from server-side queueing, GPU compute, and action application.","In a controlled Root setup, introduce bottleneck congestion while collecting per-packet sojourn times for the relevant queue and request-level inference timings. Check whether elevated queue residence coincides with request tails and whether it separates them from server queueing and compute delays.","At the bottleneck router, native queue traces logged packet marks and drops, and a custom trace source was added to measure the sojourn time in each sub-queue.","Selected PDF text, Section 5 Evaluation",UNKNOWN,UNKNOWN,"The paper validates an ns-3 DualPI2 implementation against a Linux testbed; it does not demonstrate request-level tail attribution or report a Root experiment. It supports the queue-residence signal and a controlled transfer experiment, but not a measured Root gain."
arxiv:2608.16309,"Static Pruning Across Sparse Retrieval Regimes: What Transfers, What Breaks, and What Still Helps",https://arxiv.org/abs/2608.16309,"Static pruning is widely used to accelerate sparse neural retrieval, yet existing studies each validate their conclusions within a single custom pipeline, leaving it unclear which findings transfer to modern engines with different index organizations and dynamic pruning mechanisms. We present the first cross-engine pruning portability study, evaluating static pruning strategies across three engines - a controlled C++ pipeline (exhaustive inverted index), BMP (block-max pruning), and SEISMIC (clustered inverted indexes) - on two benchmarks (MS MARCO, Natural Questions) with two encoders spanning opposite query-density regimes (SPLADE: 44 avg. query terms; V3-GTE: 7 avg. query terms), totaling 1,140 experimental configurations, with an additional deep-judgment validation on TREC DL 2019/2020. We find that index-side pruning (document and posting-list) is portable: it consistently reduces latency (1.2-6.6×) and index size (18-82%) across all engines because sparse retrieval is memory-bound - a conclusion we support with cache-miss, TLB, and IPC profiling. In contrast, query pruning is already internalized by modern engines: it yields 4-11× speedup on the exhaustive pipeline but is subsumed by BMP's β and SEISMIC's querycut. Static pruning complements dynamic pruning: on BMP, combining document and query reduction yields 2.5× speedup with NDCG@10 within 0.003 of the exact baseline. Finally, NDCG@10 saturates while Recall@10 is still in the ∼85-95% range across all three engines, providing a portable stopping criterion: practitioners can push pruning to this knee without visible ranking degradation. Together, these findings answer what transfers (index-side pruning), what breaks (query pruning), and what still helps (static atop dynamic pruning).",firecrawl,n12,3,"Pair controlled changes to retrieval working-set size with per-query latency and hardware-counter profiling. Index-side pruning reduces posting-list traffic; cache-miss, TLB-miss, and IPC measurements test whether memory stalls explain latency changes. The diagnostic operation is counter-correlated latency profiling, not pruning alone.","The study reports sparse retrieval is memory-bound and correlates latency with memory locality, giving Root a way to test whether a slow request is delayed in server-side retrieval rather than on the network. A latency increase accompanied by increased cache/TLB misses supports a server memory-stall explanation; without that evidence, this method does not identify which network component caused delay.","At the inference server, correlate request-ID-linked retrieval latency with cache-miss, TLB-miss, and IPC counters. Compare those measurements with robot/server transport timestamps so retrieval memory stalls can be separated from network transfer, server queueing, GPU compute, and action application. This uses ordinary host-side profiling and does not require Reflex-private infrastructure.","Replay the same inference requests under controlled network delay/loss and separately under retrieval working-set or memory-pressure changes. Collect transport timestamps, per-request retrieval latency, and cache/TLB/IPC counters. Test whether controlled memory pressure changes retrieval latency and counters while transport timing stays stable, and whether network impairment changes transport timing without the retrieval-counter signature. Compare against unprofiled request logging and report localization accuracy and overhead; do not attribute the paper's retrieval speedups to Root.","Latency is tightly coupled to memory locality, not arithmetic throughput.","Selected PDF text, Section 6.3, “Mechanistic Explanation: Memory-Bound Retrieval” (profiling discussion).",1.2–6.6× retrieval latency reduction from index-side pruning; no Root-measured gain.,Unpruned/exact retrieval baseline for the reported retrieval speedups.,"The paper supports profiling retrieval memory behavior, not diagnosing transport tails directly. Whether host counters can be reliably attributed to individual concurrent Root requests, and the diagnostic accuracy or overhead of this transfer, remain untested."
arxiv:2608.26140,Affix Cache for Diffusion Large Language Models,https://arxiv.org/abs/2608.26140,"Diffusion Large Language Models (DLLMs) enable non-autoregressive decoding and bidirectional context modeling, but efficient inference remains challenging. Unlike autoregressive systems, whose key-value (KV) cache can be reused for shared prefixes, DLLMs couple the KV states of shared context tokens with evolving generated tokens through bidirectional attention, making naive cache reuse stale while full recomputation is expensive. We present ACache, an affix-oriented cache reuse mechanism for shared text spans in DLLMs beyond prefixes. ACache identifies a small request-specific subset of critical affix tokens, called Anchor Tokens, by measuring their influence on masked generation tokens, and selectively recomputes the KV states of only these tokens while reusing the remaining affix cache. Built on Fast-dLLM, ACache recovers the accuracy loss caused by direct affix-cache reuse across different settings when recomputing around 20% of affix tokens. We also build a shared-prefix prototype on top of the Nano-vLLM engine, showing that ACache reduces recompute latency by up to 55.7% and improves end-to-end throughput by up to 1.68×.",firecrawl,n12,2,"ACache performs request-specific, one-shot anchor selection: it probes masked generation positions, ranks shared-affix tokens by attention received from those positions, recomputes the selected tokens’ KV states, and reuses the other shared-affix KV entries. A paged-cache read-slot map lets attention read the full logical context from shared and private cache slots.","The attention-based ranking identifies shared-token KV states most sensitive to the current request context. Refreshing those anchors limits stale-cache errors while retaining reuse for the remaining tokens. For comparable-baseline retrieval, this is a concrete cache-selection and reuse mechanism, though its experiments concern inference computation rather than network-tail diagnosis.","For Root, the transferable attachment is request identity plus a shared-prefix or prompt-template cache key and cache-hit/recompute events. These could show whether a comparable healthy request’s cached baseline is reusable and separate cache recomputation cost from transport delay. The paper does not instrument network signals or diagnose network tails.","Controlled Root experiment: replay identical requests with and without a shared baseline cache, record cache key/hit status, selected/recomputed entries, and separate transport, server-queue, and inference timestamps. Compare tail latency and diagnostic localization while holding request mix and model work constant. The paper does not report such a Root experiment.","ACache identifies a small request-specific subset of critical affix tokens, called Anchor Tokens, by measuring their influence on masked generation tokens, and selectively recomputes the KV states of only these tokens while reusing the remaining affix cache.","Abstract; selected PDF text, Section 3 mechanism description.",Up to 55.7% lower recompute latency and up to 1.68× end-to-end throughput in the shared-prefix Nano-vLLM prototype; not a Root or network-tail gain.,Fast-dLLM-based Nano-vLLM baseline.,"Transfer to Root is indirect: the method optimizes DLLM KV-cache reuse, not baseline retrieval for network diagnosis, and provides no transport-level measurements. The prototype supports shared prefixes; end-to-end benefits for non-prefix affixes are not validated in a full runtime."
arxiv:2609.02052,SchedBlame: Who Ran While You Waited? Culprit-Attributed CPU Contention for Containers on Stock Kernels,https://arxiv.org/abs/2609.02052,"Containers that share a machine compete for CPU. When one slows down, the operator needs to know which co-tenant is responsible, and no deployed signal can say. Pressure stall information, per-cgroup wait counters, and run-queue latency histograms are all victim-side: they report that a container waited, never who it waited for. Recovering the culprit means a kernel patch, full scheduler tracing, or statistical inference: unportable, too costly to leave on, or unreliable when victims coexist. SchedBlame is an eBPF tracer that attributes CPU contention to the cgroups that caused it, on stock kernels, continuously. It inverts the accounting: instead of measuring how long a victim waited, it measures the CPU time every other cgroup consumed while that victim was runnable but not running on the same CPU. The mechanism is a per-CPU bitmap of which measured cgroups are waiting, maintained from the kernel's own runnable counts at four scheduler hooks. Every run slice carries that bitmap, so one 16-byte record charges CPU time to a full row of a competitor x victim blame matrix; the kernel stores no per-pair state. Three properties follow. Slices are self-describing, so userspace holds no waiting state and a lost record costs measurements, not correctness. The measured set is reconfigured by publishing an epoch, invalidating every cache and per-CPU bitmap in constant time while the hooks keep running. Sampling never touches waiting state, so rescaling by the inverse keep probability keeps the estimator unbiased. SchedBlame splits each container's per-second CPU demand into runtime, internal contention, external contention, and throttling, flags anomalies against a rolling 99th-percentile baseline, and names the competitors responsible. In production on unmodified 4.18 and 5.10 kernels, tracking 84 containers on a 96-core host, it costs about 1% of Redis throughput and 6% of one core.",firecrawl,n06,2,"At scheduler hooks, maintain a per-CPU bitmap of measured cgroups that are runnable but not running. Stamp each completed CPU run slice with that bitmap and charge its duration to the competitor–victim pairs it represents. Decompose victim demand into runtime, internal contention, external contention, and throttling; flag anomalies and rank competing cgroups.","It observes which cgroups consumed CPU while a victim was waiting, rather than inferring culprits from victim-side wait counters or isolated preemption events. Separately accounting for throttling helps distinguish scheduler contention from a victim's own quota limit. For Root, analogous scheduler measurements could identify server-side CPU queueing as distinct from transport delay, GPU compute, or action application.","Attach to server-side scheduler events for the inference worker, keyed by request identity and timestamps; attribute runnable-but-not-running intervals to competing cgroups and separately record throttling. This could localize server CPU wait without mistaking it for network delay. The paper does not provide transport or robot-side signals.","On a controlled remote-inference workload, inject known server CPU contention and quota throttling while holding network conditions fixed, then inject network delay while server scheduling remains unconstrained. Compare per-request latency decomposition and culprit attribution against known injection windows and transport timestamps; measure tracer overhead.","Instead of measuring how long a victim waited, it measures the CPU time every other cgroup consumed while that victim was runnable but not running on the same CPU.","Selected PDF text, Abstract",Production deployment tracking 84 containers on a 96-core host: about 1% Redis throughput cost and 6% of one core. The paper says detection quality has not been evaluated against a labelled set.,UNKNOWN,"The mechanism diagnoses CPU contention, not network tails directly; its transfer to Root would require adapting collection to inference requests and correlating scheduler intervals with transport events. The planned accuracy and overhead evaluations are not reported as completed."
arxiv:2609.05741,Practical Zero-Trust for Mission-Critical Robotic Fleets via Hardware Attestation and Packet Timing Watermarking,https://arxiv.org/abs/2609.05741,"Autonomous unmanned vehicles are vital to tactical missions, mission-critical public-safety operations like search and rescue and disaster response. However, their reliance on open wireless links and standard Robot Operating System (ROS 2) middleware exposes a broad cyber-physical attack surface. A compromise of these systems can disrupt real-time control loops, leading to mission failure or asset loss in high-stakes environments. This paper presents and empirically evaluates a layered, context-aware cybersecurity framework enforcing Zero-Trust principles for a multi-node robotic fleet over Wi-Fi. The framework integrates an active hardware root of trust (TPM 2.0), centralized in-band and out-of-band SIEM telemetry monitoring (ELK Stack and Kismet), and a non-cryptographic Inter-Packet Delay (IPD) timing watermark. Evaluated on a live ROS 2 mobile testbed under multi-layer exploits (OSI Layers 2-5), results demonstrate that while volume-based filters isolate brute denial-of-service floods, tracking the statistical sample kurtosis (K) of the embedded IPD watermark exposes stealthy Man-in-the-Middle command injections with complete detection accuracy without payload overheads.",firecrawl,n13,2,"Embed zero-mean Gaussian timing offsets in the controller’s packet-release intervals, then evaluate sample kurtosis over a rolling 5-second window at the robot; flag the flow when kurtosis leaves the expected watermark range.","The receiver knows the expected timing-distribution signature. An MITM relay’s queuing and user-space scheduling jitter perturbs that signature, so kurtosis can expose command injection even when ordinary packet jitter and loss remain near baseline. This is an integrity/anomaly signal, not a direct measurement separating network delay from relay or host scheduling delay.","Attach watermark generation and receive timestamps to identified robot-to-cloud action-loop packets, retaining the rolling kurtosis result alongside request identity. This could reveal timing-distribution corruption hidden by aggregate jitter/loss metrics; Root would need to test whether the signal localizes network tails rather than merely detecting an on-path relay.","In a controlled robot-to-cloud loop, compare healthy traffic with injected network delay/tails and with relay or host-scheduling perturbations. Record packet/request timestamps and watermark kurtosis, and compare detection and localization against ordinary jitter/loss monitoring while separately measuring transport, server queueing, GPU compute, and action-application time.","Because an active MITM relay introduces queuing dynamics and arbitrary OS task-scheduling jitter to intercept and parse topic payloads, an adversary inevitably corrupts this timing pattern.","Selected PDF text, Section III-B, “Packet-Layer Inter-Packet Delay (IPD) Watermarking”; detection results in Section IV, Attack Scenario 4.",Complete 20/20 success rate identifying active injection attacks; 19/20 success under legitimate watermarked conditions.,Nominal watermark sample kurtosis 2.8–3.2; detector alerts at K < 2.0 or K > 4.5. Ordinary jitter and packet loss were reported as nearly indistinguishable from baseline during MITM.,"The testbed is a local ROS 2 Wi-Fi fleet, not remote robot-to-cloud inference. The mechanism detects watermark perturbation but does not establish that the cause is network delay rather than relay queuing or host scheduling jitter; transfer to tail-latency localization remains to be validated."
arxiv:2609.06506,Sharing a Fabric with Collective Communication: Two Storage Penalties in Deep Learning Training,https://arxiv.org/abs/2609.06506,"Distributed DL training on HPC systems often shares one network fabric between NCCL/RCCL collective communication and parallel-filesystem I/O. Using a real GNN training workload on a Slingshot-11 system, we show that this sharing imposes two distinct costs. The primary cost is heavy-tailed DataLoader stalls: the typical DataLoader wait is just 15 ms at steady state, yet spikes to multiple seconds in 28% of Lustre iterations and 12% of VAST iterations. The secondary cost is traffic-class contention on collective communication: Lustre I/O stalls the all-reduce by up to 145× in an isolated benchmark. The two costs arise from different mechanisms. I/O stall latency affects any storage path that traverses the shared fabric, whereas all-reduce network contention occurs only when storage and collective communication share the same traffic class. Their common root cause is that storage I/O traverses the shared fabric. This work shows that node-local NVMe staging via DYAD (Our code is publicly available at https://github.com/flux-framework/dyad) eliminates both effects by keeping storage I/O off that path. Across a full training epoch, DYAD achieves a 7.4 times speedup over direct Lustre reads and a 1.06 times speedup over VAST. By the second epoch, once the local cache is fully warmed, DataLoader stalls are eliminated entirely, allowing DYAD to reach a 1.31 times speedup over VAST.",firecrawl,n02,2,"Use controlled storage-path and traffic-class substitutions, then compare per-iteration DataLoader wait and all-reduce tails: shared-fabric Lustre I/O, traffic-class-isolated VAST I/O, and node-local storage expose distinct effects of fabric latency and same-class contention.","Changing whether storage traffic traverses the fabric or shares the collective’s traffic class acts as a causal intervention. Stage-level tail measurements show that traffic-class isolation reduces all-reduce contention but leaves DataLoader stalls, while moving reads off the fabric removes both effects. This distinguishes shared-resource network delay from compute time and localizes the relevant resource to the storage path and, for all-reduce interference, the shared traffic class.","For Root, correlate request-stage timestamps with transport or storage-path identity, then compare tails under a controlled path or traffic-class change. This could identify whether an off-path flow shares the relevant fabric resource without assuming access to Reflex’s private infrastructure.","Replay comparable robot inference requests while holding model, server load, and request mix constant; vary or tag the storage/background flow’s path or traffic class. Record request-stage latency and transport events, and compare tail latency with the flow present, isolated, and absent. Separate network-transfer time from server queueing, GPU execution, and action application.","TC isolation (e.g., VAST on TC0) substantially reduces the secondary all-reduce effect, but it does not fix the primary DataLoader stall effect.","Selected PDF text, Section II, “A. Mitigations”","DYAD achieved 7.4× speedup over direct Lustre reads and 1.06× over VAST in the first epoch; after the cache warmed, it achieved 1.31× over VAST.",Direct Lustre reads and direct VAST reads in the same training workload.,"This is a training-storage study, not remote robot inference. Its controlled path comparisons support diagnosing shared-resource effects, but it does not identify individual off-path flows or provide Root measurements."
arxiv:2609.11478,"CARLAverse: A Highly Modular, Distributed, and Multimodal Framework for Human-in-the-Loop Simulation",https://arxiv.org/abs/2609.11478,"The development of autonomous driving demands comprehensive testing in mixed-traffic scenarios involving vulnerable road users (VRUs), where purely artificial agents often fail to capture authentic human social negotiations. While human-in-the-loop (HITL) simulators enable safe investigation of these interactions, existing multi-agent platforms struggle with the network latency and synchronization constraints required for high-fidelity haptic feedback. To resolve this, we present CARLAverse, an open-source, multimodal simulation ecosystem. Extending modular hardware abstraction, CARLAverse integrates driving (DrivoCARLA), cycling (CycloCARLA), and pedestrian (WalkoCARLA) simulators into a shared virtual environment. Its core methodological contribution is a distributed physics architecture: latency-critical ego dynamics and high-frequency force feedback are computed locally on client nodes, while a central CARLA server orchestrates non-player character (NPC) physics and global traffic. By decoupling haptic control loops from network bottlenecks, CARLAverse enables scalable, cross-institutional HITL experiments without compromising physical immersion. Code and documentation: https://git.ieem-ka.de/simulator-environments/carlaverse",firecrawl,n13,2,"Move latency-critical ego physics and force-feedback control loops to each client node; keep global traffic and NPC physics on the central server, exchanging lightweight state updates and collision events.","The local control loop no longer waits for network transmission to or from the server. This can prevent WAN delay from affecting the action loop and, in a controlled comparison with centralized execution, help isolate the network contribution to loop latency.","Attach timestamps to input, local physics execution, network state-update send/receive, and actuation events for the same action. Compare local-loop timing with a server-dependent loop to separate network delay from computation and actuation. The paper does not describe request identities or a method for detecting off-path flows or shared-resource contention.",Replay identical robot actions under centralized and client-local control while measuring input-to-actuation latency and separately timestamping network send/receive events. Inject controlled network delay or jitter and compare loop tails and action outcomes across the two configurations.,the architecture inherently tolerates WAN latency,"Selected PDF text, Section III, Distributed Architectures and Latency Management",UNKNOWN,UNKNOWN,"The paper describes an architecture and intended latency benefits, but says quantitative validation is outside its scope. It does not report a controlled latency comparison or diagnose network tails, off-path flows, or shared-resource contention."
arxiv:2609.12649,Hybrid Monitoring for Early Fault Detection in Cloud-Native 5G Systems,https://arxiv.org/abs/2609.12649,This paper presents the design implementation and evaluation of NetMon a hybrid network monitoring system designed for Kubernetes-based 5G packet core deployments specifically evaluated on Ericssons Access and Mobility Management Function AMF clusters NetMon combines eBPF-based passive kernel-level traffic observation with active TCP probing and centralized correlation to detect and localize network degradation within seconds The evaluation results demonstrate that the system detects faults as subtle as 10ms of added latency or 5 packet loss correctly attributes them to the affected infrastructure component and maintains this capability under application loads up to 50 simulated UE load The total resource overhead of 34 millicores CPU and 45 MiB memory per pod suggests that the approach is promising for further validation without impacting the monitored workload The hybrid approach addresses a gap in existing monitoring tools standard health checks cannot detect partial degradation scrape-based systems introduce detection delays measured in tens of seconds and purely passive tools cannot verify idle network paths By combining these complementary techniques and centralizing the analysis the system provides the early detection and fault localization capabilities required for maintaining service quality in cloud-native 5G infrastructure.,firecrawl | previous_seed,n04,2,"Combine kernel-timestamped active TCP round-trip probes with passive eBPF retransmission and traffic signals; detect deviations from per-peer baselines using statistical thresholds and CUSUM, then correlate anomalies across peers and workers to localize the affected component.","Active probes provide measurements even on idle paths, while passive kernel signals add evidence about retransmissions and traffic behavior. Per-peer baselines identify changes, and cluster-wide correlation turns individual anomalies into worker- or peer-level fault indications without requiring full application tracing. For Root, this could attach to request-linked transport events and provide sparse path and loss evidence alongside inference timings. The measured probe RTT includes remote peer processing, however, so it cannot by itself distinguish network delay from server queueing or compute.","Add lightweight kernel transport timestamps and sparse active probes at robot/server communication endpoints, keyed to request or peer identity; correlate RTT shifts and retransmission/loss indicators with Root's inference-stage timings. This can expose path degradation without collecting full traces, but requires separate server-side timing to attribute RTT increases specifically to the network.","The authors evaluated NetMon on a live Kubernetes 5G AMF cluster with 10 pods across four workers. They injected controlled latency, jitter, loss, bandwidth throttling, partitions, link failures, pod termination, and gradual degradation using tc and iptables, repeated runs at 0%, 20%, and 50% simulated load, and measured detection and localization latency.","The egress program timestamps outgoing SYN packets destined for the probe port, while the ingress program calculates latency when the first data-bearing reply segment arrives from the peer, emitting the RTT (in microseconds) via a ring buffer.","selected_pdf_text, §2.2, eBPF Passive Monitoring: TC Programs","Detected injected faults as subtle as 10 ms added latency or 5% packet loss; latency and jitter detection took 2–10 seconds and correct localization took 6–20 seconds. Full partitions were detected and correlated within 9–11 seconds. These are the paper's results, not Root measurements.","The paper reports comparison with typical Kubernetes liveness probes (10–30 second intervals) and Prometheus/Blackbox Exporter scrape cycles (commonly 15–60 seconds), and notes that purely passive eBPF cannot verify idle paths. It does not report a controlled head-to-head benchmark against those systems.","The tested system is Kubernetes 5G infrastructure rather than remote robot inference. Probe RTT includes remote peer application processing, and severe bandwidth throttling can starve monitoring reports. Baseline noise produced about 2,900 anomalies per hour in the virtualized test environment; softer correlations required operator judgment, and thresholds were tuned on preliminary baseline runs."
arxiv:2609.21774,Scalable Packet Tracking on FPGAs for Erasure-Coded RDMA over Lossy WANs,https://arxiv.org/abs/2609.21774,"Modern AI workloads increasingly rely on scale across architectures that interconnect multiple datacenters to form a single ""AI factory"", overcoming the power and cooling constraints of individual sites. However, extending Remote Direct Memory Access (RDMA) across wide area networks (WANs) introduces fundamental challenges: multi-path packet reordering, high latency, and packet loss that severely degrade performance. While erasure coding (EC) has emerged as a promising mechanism for loss recovery, its effectiveness critically depends on efficient packet arrival tracking implemented in hardware. We present COmpact Multi-path Erasure-coded Tracking (COMET), the first fully hardware-offloaded packet-arrival tracking design implemented on an FPGA-based network interface card (NIC) for multi-path RDMA over lossy WANs. COMET employs a scalable cache-based architecture that supports operation at high link rates. Our evaluation shows that COMET sustains line rate operation at 400 Gbps and beyond. Critically, COMET decouples on-chip memory footprint from link Bandwidth-Delay Product (BDP), and its cache-based architecture (COMET Cache) enables supporting 6 times more concurrent connections than state-of-the-art (SOTA) SoC-based designs. These results demonstrate that scalable, fully hardware-offloaded packet-arrival tracking is practical on FPGA-based NICs at current data rates, and its architectural scalability extends to emerging 1.6 Tbps NICs and beyond.",firecrawl,n04,3,"Per-path PSN-gap loss inference with jitter-bounded completion: infer missing packet counts from each path’s sequence progress, then use per-path progress and a timeout to complete a stripe and emit a path-specific drop bitmap.","The receiver turns sparse packet sequence and progress state into a per-path indication of which paths have not delivered expected packets, without retaining a full arrival bitmap. For Root, that could expose a lagging path or stalled network progress using compact NIC-side signals rather than full packet tracing. The signal localizes the path, but does not by itself establish whether a gap is loss or unusually late delivery.","Attach at a robot-side or server-side NIC receive datapath: correlate request identity with packet sequence numbers, per-path arrival/progress state, and timeout events. This adds path-specific transport evidence to request latency diagnosis while leaving server queueing, GPU compute, and action application to be measured separately.","Replay identified requests across multiple paths while independently injecting path delay, jitter, loss, and path stalls. Compare per-path PSN-gap and timeout/drop-bitmap signals with packet captures and request-level latency. Test whether these signals identify the affected path and distinguish network delay from server queueing, GPU compute, and action application; specifically measure false loss indications when packets are delayed rather than dropped.","If an arriving packet’s stripe offset is greater than the current eStripe, the Preprocessor infers that all intervening packets on that path have been lost.","Selected PDF text, Section IV.A, “Preprocessor”; timeout and completion behavior in the same section","COMET Cache is reported to support 6 times more concurrent connections than state-of-the-art SoC-based designs, with line-rate operation at 400 Gbps and aggregate throughput exceeding 1.6 Tbps with 8 paths.","Bitmap-based tracking designs, including COMETBitmap and conventional bitmap tracking; SDR-RDMA on a BlueField-3 DPU is also compared.","The mechanism supplies a concrete per-path progress and inferred-loss signal, but the paper describes packet tracking and completion rather than network-tail diagnosis. Because an out-of-order gap is treated as loss and the timeout tolerates jitter, the signal alone may not distinguish a delayed packet from a lost one. The paper reports no Root-measured gain."
arxiv:2609.23301,Accurate Distributed Tracing for Large-Scale AI Infrastructure: Time Synchronization as a Foundation for Reliable Observability,https://arxiv.org/abs/2609.23301,"Distributed tracing in large-scale AI infrastructure fails silently when clock accuracy is insufficient: causal events are misordered, fault attribution is corrupted, and performance diagnoses are unreliable. We present TempoTrace, a system that co-designs IEEE 1588v2 PTP time synchronization with distributed tracing to preserve causal ordering across heterogeneous, multi-tenant GPU clusters. We formally prove that NTP-grade clocks produce causal inversions at 25-30% of directed operation pairs under WAN/cloud conditions (11.3% under LAN NTP). A Laplace heavy-tail noise model extends the analysis beyond Gaussian assumptions, giving a weighted expected misorder rate of 27.76% vs. 29.37% Gaussian, confirming robustness to tail shape. TempoTrace reduces GPU-to-host timestamp uncertainty from 2.1 us to a design target of 0.056 us residual standard deviation via GPUDirect RDMA hardware timestamping, with sub-100 ns PTP synchronization. A bounded Sketch Vector Clock tracks causal relationships with false-positive rate below 10⁻5 for up to four participants. A hybrid rule-based and XGBoost diagnosis engine achieves macro-F1 0.974 in controlled validation (1,800-incident corpus; McNemar p=1.25e-23). A formally proven multi-tenant model provides isolated logical clock domains. For RoCEv2/ECMP fabrics, P4-based in-band network telemetry corrects path-delay asymmetry, yielding 99.1% attribution accuracy. Application Confidence Policies let workloads specify precision requirements and degraded-mode fallback. Evaluation combines physical five-node measurements (NTP inversion rate 44.978%, Laplace fit preferred over Gaussian by AIC under congestion) and controlled synthetic validation with illustrative configurations from 512 to 16,384 H100 GPUs across InfiniBand and RoCEv2 fabrics.",firecrawl | previous_seed,n04 | n09,2,"Co-design PTP clock synchronization and distributed tracing: use GPUDirect RDMA hardware timestamps to reduce GPU-to-host timestamp uncertainty, bounded Sketch Vector Clocks to track causal relationships, and P4 in-band telemetry to correct RoCEv2/ECMP path-delay asymmetry. The operative diagnostic effect is more reliable cross-host event ordering and network-path attribution.","Accurate, comparable timestamps reduce false causal inversions that can corrupt attribution; the bounded sketch retains causal relationships compactly, while in-band telemetry provides path-delay information for asymmetric routes. For Root, this could make cross-host request and transport events meaningfully orderable and help attribute a tail to a path or link, rather than mistaking clock error for delay.","Attach synchronized timestamps and request/span identity at robot-side send, server-side receive, and relevant server/GPU events; where supported, add network path telemetry. Compare event ordering and path delay for tail requests. The context does not establish direct packet-to-request reconstruction or prove separation of network transit from server queueing, GPU compute, and action application.","The context reports a five-node NTP causal-ordering validation using 100,000 known-causal probes across 20 directed host pairs, and describes controlled link-throttle and RoCEv2/ECMP attribution experiments. A Root experiment could inject known network delay or link throttling while separately recording robot send/receive, server queue, GPU, and action-application timestamps; compare attribution with and without synchronized clocks and path telemetry.","TempoTrace reduces GPU-to-host timestamp uncertainty from 2.1 us to a design target of 0.056 us residual standard deviation via GPUDirect RDMA hardware timestamping, with sub-100 ns PTP synchronization. A bounded Sketch Vector Clock tracks causal relationships with false-positive rate below 10⁻5 for up to four participants.",CONTEXT abstract; validation details in passages on Exp 2.1–2.3 and Exp 3.1–3.2,"Reported: NTP inversion rate was 44.978% in the five-node validation; the abstract reports 99.1% attribution accuracy for RoCEv2/ECMP with P4 in-band telemetry. These are paper results, not Root results.",NTP/Chrony for the causal inversion validation; the RoCEv2/ECMP passage describes comparison with and without in-band telemetry. UNKNOWN for a single overall baseline.,"The context describes some claims as design targets, illustrative configurations, or proposed experiments, and notes that complete validation on real multi-node GPU clusters is still required. It does not provide sufficient implementation detail to establish request-to-packet linkage, per-request network-versus-compute decomposition, or direct applicability to a robot-to-cloud action loop."
sheng2021-deltaint,DeltaINT: Toward General In-band Network Telemetry with Extremely Low Bandwidth Overhead,https://www.cse.cuhk.edu.hk/~pclee/www/pubs/icnp21.pdf,,previous_agent_unverified,n07,2,"DeltaINT keeps per-flow embedded-state records in a programmable data-plane sketch, compares each packet’s current switch state with the most recently embedded state, and inserts that state into the packet only when the change exceeds a configured threshold.","Stable states need not be repeated, while significant changes—such as increased queue occupancy or latency—are carried in telemetry packets. For Root, this could expose switch-side network-state changes associated with slow inference requests while reducing telemetry bandwidth; it does not by itself distinguish network delay from server queueing, GPU compute, or action application.","Attach telemetry to request-correlated robot/server transport packets or probes at programmable network devices. Compare recorded per-flow queue or latency state changes for slow requests against healthy requests, retaining states when changes exceed a threshold. The paper does not establish request-level correlation with remote robot inference.","On a controlled Root deployment, compare full INT with DeltaINT on the same request-correlated traffic. Measure telemetry bandwidth and packet overhead, and assess whether threshold-triggered queue or latency changes identify injected network-tail events without confusing them with server-side delays.",DeltaINT embeds INT information into packets only when there exist significant state changes.,"Selected PDF text, Introduction; also Section III on DeltaINT’s delta-based update procedure.",Up to 93% bandwidth mitigation in gray failure detection: average per-packet bit cost falls from 112 bits with INT-Path to 8.1 bits for the reported configuration.,"INT-Path, which inserts all four states into each packet at each node.","The reported gain is telemetry bandwidth reduction, not a Root latency or detection result. The method triggers on configured state changes, not explicitly on tail latency, and the context does not show evaluation on robot inference traffic."
tales-of-the-tail-2014,"Tales of the Tail: Hardware, OS, and Application-level Sources of Tail Latency",https://drkp.net/papers/latency-socc14.pdf,,previous_agent_unverified,n06,2,"Instrument each request with fine-grained timestamps at packet arrival, network-stack processing, queue/wakeup, application processing, and packet transmission; compare the resulting per-stage tail distributions with a queuing-model ideal to distinguish queue buildup from other sources of tail latency.","Per-request stage durations localize where tail time accumulates rather than treating end-to-end latency as one value. The queuing model supplies an expected baseline for burst-induced queueing, while timestamp gaps expose excess delay in the stack, scheduling/wakeup, application, or transmit stages. Root could attach timestamps and request identity at robot/server transport and inference boundaries to separate network/queue delay from server queueing and compute.","Add correlated timestamps at the robot-side send/receive and server-side NIC arrival, queue/wakeup, inference start/end, and response transmit events. This would let Root compare network transit with server queueing and inference time, and test whether observed queue delay matches a workload-based queuing baseline. The paper's measurements start and end at the server NIC, so it does not itself measure client or network-fabric delay.","The paper instruments three Linux servers and compares measured request-latency distributions against queuing-model predictions, then varies scheduling, core/interrupt placement, and other system configurations to identify sources of excess tail. A Root experiment could use the same per-request stage decomposition under controlled load and compare healthy and regressed runs, checking whether tail growth appears in transport, queue/wakeup, or inference intervals.",T₁-T₂ is the network stack processing delay. T₂-T₃ is the queuing and wakeup delay. T₃-T₄ is the packet copy and return to user-level delay. T₄-T₅ is the user space application processing time. T₅-T₆ is the packet transmit delay.,"Selected PDF text, section describing per-request timestamping and diagnostic intervals.",Memcached at 80% utilization improved from median 33 µs and 99.9th percentile 14 ms to median 11 µs and 99.9th percentile 32 µs after applying the paper's techniques.,"Default configuration of a four-core computer with a 10 Gb/s NIC, Memcached at 80% utilization; the paper also compares measured distributions with an ideal queuing-model distribution.",The paper studies server-side NIC-to-NIC processing and excludes client and network-fabric latency in its principal measurements. It does not evaluate remote robot inference; transferring its instrumentation requires correlated timestamps across the robot and server.
