"pass2_index","assigned_agent","paper_id","paper_title","first_pass_classification","source_lane","paper_name","id","abstract","triage_label","lanes","lane_count","triage_labels_by_lane","mechanisms_by_lane","why_it_matters_by_lane","follow_up_by_lane","corpus_stages","authors","year","source_ids","primary_id","source_paper_id","categories","queries","discovery_methods","designations","primary_readers","metadata_verified_any","body_inspected_any","evidence_read_any","triage_disagreement","source_registry_paths","source_triage_paths"
"3","4","arxiv:1003.0054","Energy Optimal Transmission Scheduling in Wireless Sensor Networks","MEDIUM","B5","Energy Optimal Transmission Scheduling in Wireless Sensor Networks","arxiv:1003.0054","One of the main issues in the design of sensor networks is energy efficient communication of time-critical data. Energy wastage can be caused by failed packet transmission attempts at each node due to channel dynamics and interference. Therefore transmission control techniques that are unaware of the channel dynamics can lead to suboptimal channel use patterns. In this paper we propose a transmission controller that utilizes different ""grades"" of channel side information to schedule packet transmissions in an optimal way, while meeting a deadline constraint for all packets waiting in the transmission queue. The wireless channel is modeled as a finite-state Markov channel. We are specifically interested in the case where the transmitter has low-grade channel side information that can be obtained based solely on the ACK/NAK sequence for the previous transmissions. Our scheduler is readily implementable and it is based on the dynamic programming solution to the finite-horizon transmission control problem. We also calculate the information theoretic capacity of the finite state Markov channel with feedback containing different grades of channel side information including that, obtained through the ACK/NAK sequence. We illustrate that our scheduler achieves a given throughput at a power level that is fairly close to the fundamental limit achievable over the channel.","medium","B5","1","B5=medium","B5=The abstract links sensor, observation, action, actuator, or telemetry transport behavior to a robotic episode or control outcome.","B5=It supplies a transferable diagnostic or design hypothesis for detecting transport-induced loss, duplication, reordering, staleness, timing error, or observation/action mismatch in the Reflex episode loop.","B5=true","primary_assignment","Rahul Srivastava, Can Emre Koksal","","arxiv:1003.0054","arxiv:1003.0054","5195814777527052020","","q39-found-realtime","","","B5","false","false","false","false","b5/assigned-paper-manifest.json | b5/assigned-paper-manifest.jsonl | b5/canonical-registry.jsonl | b5/evidence-digest.jsonl | b5/raw-retrieval/q39-found-realtime.json","b5/abstract-triage.jsonl"
"8","4","arxiv:1007.0522","Diversity Embedded Streaming Erasure Codes (DE-SCo): Constructions and Optimality","HIGH","B5","Diversity Embedded Streaming Erasure Codes (DE-SCo): Constructions and Optimality","arxiv:1007.0522","","high","B5","1","B5=high","B5=The related-paper result extends an already-covered B5 transport family and is retained as a strong seed or neighboring mechanism for packet correctness, freshness, ordering, reliability, or timing.","B5=It tests whether the B5 synthesis mechanism map is stable beyond the multi-formulation search results and supplies a transferable hypothesis for the Reflex episode loop.","B5=true","expansion_round_1","Ahmed Badr, Ashish Khisti, Emin Martinian","","","arxiv:1007.0522","","","","","","B5","false","false","false","false","b5/evidence-digest.jsonl","b5/expansion/expansion-triage.jsonl"
"13","4","arxiv:1204.3100","Modular design of jointly optimal controllers and forwarding policies for wireless control","HIGH","B5","Modular design of jointly optimal controllers and forwarding policies for wireless control","arxiv:1204.3100","We consider the joint design of packet forwarding policies and controllers for wireless control loops where sensor measurements are sent to the controller over an unreliable and energy-constrained multi-hop wireless network. For fixed sampling rate of the sensor, the co-design problem separates into two well-defined and independent subproblems: transmission scheduling for maximizing the deadline-constrained reliability and optimal control under packet loss. We develop optimal and implementable solutions for these subproblems and show that the optimally co-designed system can be efficiently found. Numerical examples highlight the many trade-offs involved and demonstrate the power of our approach.","high","B5","1","B5=high","B5=The abstract addresses packet loss, delay, jitter, disorder, or reordering and its effect on networked sensing, estimation, or control.","B5=It supplies a transferable diagnostic or design hypothesis for detecting transport-induced loss, duplication, reordering, staleness, timing error, or observation/action mismatch in the Reflex episode loop.","B5=true","primary_assignment","Burak Demirel, Zhenhua Zou, Pablo Soldati, Mikael Johansson","","arxiv:1204.3100","arxiv:1204.3100","4609996249881166460","","q39-found-realtime","","","B5","false","false","false","false","b5/assigned-paper-manifest.json | b5/assigned-paper-manifest.jsonl | b5/canonical-registry.jsonl | b5/evidence-digest.jsonl | b5/raw-retrieval/q39-found-realtime.json","b5/abstract-triage.jsonl"
"18","4","arxiv:1303.4370","Streaming-Codes for Multicast over Burst Erasure Channels","HIGH","B5","Streaming-Codes for Multicast over Burst Erasure Channels","arxiv:1303.4370","","high","B5","1","B5=high","B5=The related-paper result extends an already-covered B5 transport family and is retained as a strong seed or neighboring mechanism for packet correctness, freshness, ordering, reliability, or timing.","B5=It tests whether the B5 synthesis mechanism map is stable beyond the multi-formulation search results and supplies a transferable hypothesis for the Reflex episode loop.","B5=true","expansion_round_1","Ahmed Badr, Devin Lui, Ashish Khisti","","","arxiv:1303.4370","","","","","","B5","false","false","false","false","b5/evidence-digest.jsonl","b5/expansion/expansion-triage.jsonl"
"23","4","arxiv:1405.6477","Skewless Network Clock Synchronization Without Discontinuity: Convergence and Performance","HIGH","B1","Skewless Network Clock Synchronization Without Discontinuity: Convergence and Performance","arxiv:1405.6477","This paper examines synchronization of computer clocks connected via a data network and proposes a skewless algorithm to synchronize them. Unlike existing solutions, which either estimate and compensate the frequency difference (skew) among clocks or introduce offset corrections that can generate jitter and possibly even backward jumps, our solution achieves synchronization without these problems. We first analyze the convergence property of the algorithm and provide explicit necessary and sufficient conditions on the parameters to guarantee synchronization. We then study the effect of noisy measurements (jitter) and frequency drift (wander) on the offsets and synchronization frequency, and further optimize the parameter values to minimize their variance. Our study reveals a few insights, for example, we show that our algorithm can converge even in the presence of timing loops and noise, provided that there is a well defined leader. This marks a clear contrast with current standards such as NTP and PTP, where timing loops are specifically avoided. Furthermore, timing loops can even be beneficial in our scheme as it is demonstrated that highly connected subnetworks can collectively outperform individual clients when the time source has large jitter. The results are supported by experiments running on a cluster of IBM BladeCenter servers with Linux.","high","B1","1","B1=high","B1=A skewless synchronization algorithm avoids backward jumps while analyzing noise, drift, and timing-loop convergence.","","B1=true","primary_assignment","Enrique Mallada, Xiaoqiao Meng, Michel Hack, Li Zhang, Ao Tang","2014","arxiv:1405.6477","arxiv:1405.6477","235385722979642739","","","","","B1","true","false","false","false","b1/assigned-paper-manifest.json | b1/assigned-paper-manifest.jsonl | b1/assigned-registry.jsonl | b1/canonical-registry.jsonl | b1/follow-up-manifest.jsonl | b1/inspection-manifest.jsonl | b1/raw-q01-direct.json | b1/raw-q02-synonyms.json | b1/raw-q12-ntp-ptp-foundations.json | b1/raw-q13-os-clocks.json","b1/assigned-paper-manifest.jsonl | b1/triage.jsonl"
"28","4","arxiv:1503.00100","Improved Stability Analysis of Nonlinear Networked Control Systems over Multiple Communication Links","HIGH","B5","Improved Stability Analysis of Nonlinear Networked Control Systems over Multiple Communication Links","arxiv:1503.00100","In this paper, we consider a nonlinear networked control system (NCS) in which controllers, sensors and actuators are connected via several communication links. In each link, networking effects such as the transmission delay, packet loss, sampling jitter and data packet miss-ordering are captured by time-varying delays. Stability analysis is carried out based on the Lyapunov Krasovskii method to obtain a condition for stability of the nonlinear NCS in the form of linear matrix inequality (LMI). The results are applied to a two degrees of freedom robot arm NCS which shows a considerable improvement with respect to the previous works.","high","B5","1","B5=high","B5=The abstract addresses packet loss, delay, jitter, disorder, or reordering and its effect on networked sensing, estimation, or control.","B5=It supplies a transferable diagnostic or design hypothesis for detecting transport-induced loss, duplication, reordering, staleness, timing error, or observation/action mismatch in the Reflex episode loop.","B5=true","primary_assignment","Rahim Delavar, Babak Tavassoli, Mohammad Taghi Hamidi Beheshti","","arxiv:1503.00100","arxiv:1503.00100","3977638580768900047","","q01-direct-robot | q07-direct-wireless | q26-failure-wireless | q29-adj-control | q37-found-networked","","","B5","false","false","false","false","b4/raw-retrieval/q09-jitter-real-time-systems.json | b4/raw-retrieval/q22-control-loop-delay.json | b4/raw-retrieval/q23-networked-control-systems.json | b5/assigned-paper-manifest.json | b5/assigned-paper-manifest.jsonl | b5/canonical-registry.jsonl | b5/evidence-digest.jsonl | b5/raw-retrieval/q01-direct-robot.json | b5/raw-retrieval/q07-direct-wireless.json | b5/raw-retrieval/q26-failure-wireless.json | b5/raw-retrieval/q29-adj-control.json | b5/raw-retrieval/q37-found-networked.json | b7/canonical-registry.json | b7/raw-retrieval/q21-failure-congestion.json","b5/abstract-triage.jsonl"
"33","4","arxiv:1508.07123","Proposal of ROS-compliant FPGA Component for Low-Power Robotic Systems","MEDIUM","B8","Proposal of ROS-compliant FPGA Component for Low-Power Robotic Systems","arxiv:1508.07123","In recent years, robots are required to be autonomous and their robotic software are sophisticated. Robots have a problem of insufficient performance, since it cannot equip with a high-performance microprocessor due to battery-power operation. On the other hand, FPGA devices can accelerate specific functions in a robot system without increasing power consumption by implementing customized circuits. But it is difficult to introduce FPGA devices into a robot due to large development cost of an FPGA circuit compared to software. Therefore, in this study, we propose an FPGA component technology for an easy integration of an FPGA into robots, which is compliant with ROS (Robot Operating System). As a case study, we designed ROS-compliant FPGA component of image labeling using Xilinx Zynq platform. The developed ROS-component FPGA component performs 1.7 times faster compared to the ordinary ROS software component.","medium","B8","1","B8=medium","B8=Expansion candidate was surfaced by a related-paper graph around a B8 seed and is triaged from its title and abstract.","B8=It may add a reusable observability, replay, timing, or failure-injection mechanism to the B8 evidence family.","B8=true","expansion_round_1","","2015","1508.07123 | 1629803851362820494 | arxiv:1508.07123","arxiv:1508.07123","1629803851362820494","","","","","B8","false","false","false","false","b1/expansion/expansion-manifest.jsonl | b8/expansion-canonical-registry.json | b8/expansion-registry.json","b8/expansion-triage.jsonl"
"38","4","arxiv:1511.02960","PCS: Predictive Component-level Scheduling for Reducing Tail Latency in Cloud Online Services","MEDIUM","B4","PCS: Predictive Component-level Scheduling for Reducing Tail Latency in Cloud Online Services","arxiv:1511.02960","Modern latency-critical online services often rely on composing results from a large number of server components. Hence the tail latency (e.g. the 99th percentile of response time), rather than the average, of these components determines the overall service performance. When hosted on a cloud environment, the components of a service typically co-locate with short batch jobs to increase machine utilizations, and share and contend resources such as caches and I/O bandwidths with them. The highly dynamic nature of batch jobs in terms of their workload types and input sizes causes continuously cha","medium","B4","1","B4=medium","B4=tail/percentile behavior; scheduling/deadline policy; stage-wise latency attribution","B4=Supplies a transferable mechanism for explaining tail behavior and deciding which per-stage measurements the Reflex evidence model must preserve.","B4=true","primary_assignment","Rui Han; Junwei Wang; Siguang Huang; Chenrong Shao; Shulin Zhan; Jianfeng Zhan; Jose Luis Vazquez-Poletti","2015","arxiv:1511.02960","arxiv:1511.02960","arxiv:1511.02960","cs.DC","q08-tail-latency-distributed.json | q18-load-shedding-backpressure.json","","","B4","false","false","false","false","b3/raw-q12-variance.json | b3/registry.json | b4/assigned-paper-manifest.jsonl | b4/canonical-registry.json | b4/raw-retrieval/q08-tail-latency-distributed.json | b4/raw-retrieval/q18-load-shedding-backpressure.json","b4/abstract-triage.jsonl"
"43","4","arxiv:1602.03273","YTrace: End-to-end Performance Diagnosis in Large Cloud and Content Providers","HIGH","B3","YTrace: End-to-end Performance Diagnosis in Large Cloud and Content Providers","arxiv:1602.03273","Content providers build serving stacks to deliver content to users. An important goal of a content provider is to ensure good user experience, since user experience has an impact on revenue. In this paper, we describe a system at Yahoo called YTrace that diagnoses bad user experience in near real time. We present the different components of YTrace for end-to-end multi-layer diagnosis (instrumentation, methods and backend system), and the system architecture for delivering diagnosis in near real time across all user sessions at Yahoo. YTrace diagnoses problems across service and network layers in the end-to-end path spanning user host, Internet, CDN and the datacenters, and has three diagnosis goals: detection, localization and root cause analysis (including cascading problems) of performance problems in user sessions with the cloud. The key component of the methods in YTrace is capturing and discovering causality, which we design based on a mix of instrumentation API, domain knowledge and blackbox methods. We show three case studies from production that span a large-scale distributed storage system, a datacenter-wide network, and an end-to-end video serving stack at Yahoo. We end by listing a number of open directions for performance diagnosis in cloud and content providers.","high","B3","1","B3=high","B3=Performs near-real-time multi-layer diagnosis across user, network, CDN, and data-center paths using causal discovery and black-box methods.","B3=Established end-to-end precedent for separating service, network, and host contributions.","B3=true","primary_assignment","","2016","arxiv:1602.03273","arxiv:1602.03273","2542033207949692157","","01-direct | 02-critical-path | 04-trace-causality | 13-causal-profiling | 23-host-telemetry | 26-temporal-fi | 36-causal-profiler","firecrawl research search-papers","foundational","B3","false","false","false","false","b3/assigned-evidence-index.jsonl | b3/assigned.json | b3/follow-up-manifest.jsonl | b3/inspection-evidence.jsonl | b3/raw-q01-direct.json | b3/raw-q02-critical-path.json | b3/raw-q04-trace-causality.json | b3/raw-q13-causal-profiling.json | b3/raw-q23-host-telemetry.json | b3/raw-q26-temporal-fi.json | b3/raw-q36-causal-profiler.json | b3/read-evidence-manifest.jsonl | b3/registry.json | b8/canonical-registry.json | b8/raw/foundational-02.json","b3/triage.jsonl"
"48","4","arxiv:1607.03830","Distributed Clock Skew and Offset Estimation in Wireless Sensor Networks: Asynchronous Algorithm and Convergence Analysis","HIGH","B1","Distributed Clock Skew and Offset Estimation in Wireless Sensor Networks: Asynchronous Algorithm and Convergence Analysis","arxiv:1607.03830","In this paper, we propose a fully distributed algorithm for joint clock skew and offset estimation in wireless sensor networks based on belief propagation. In the proposed algorithm, each node can estimate its clock skew and offset in a completely distributed and asynchronous way: some nodes may update their estimates more frequently than others using outdated message from neighboring nodes. In addition, the proposed algorithm is robust to random packet loss. Such algorithm does not require any centralized information processing or coordination, and is scalable with network size. The proposed algorithm represents a unified framework that encompasses both classes of synchronous and asynchronous algorithms for network-wide clock synchronization. It is shown analytically that the proposed asynchronous algorithm converges to the optimal estimates with estimation mean-square-error at each node approaching the centralized Cram'er-Rao bound under any network topology. Simulation results further show that the convergence speed is faster than that corresponding to a synchronous algorithm.","high","B1","1","B1=high","B1=Asynchronous belief propagation jointly estimates skew and offset and remains robust to outdated messages and packet loss.","","B1=true","primary_assignment","Jian Du, Yik-Chung Wu","2016","arxiv:1607.03830","arxiv:1607.03830","6928651615838243877","","","","","B1","true","false","false","false","b1/assigned-paper-manifest.json | b1/assigned-paper-manifest.jsonl | b1/assigned-registry.jsonl | b1/canonical-registry.jsonl | b1/expansion/expansion-manifest.jsonl | b1/follow-up-manifest.jsonl | b1/inspection-manifest.jsonl | b1/raw-q01-direct.json | b1/raw-q02-synonyms.json","b1/assigned-paper-manifest.jsonl | b1/triage.jsonl"
"53","4","arxiv:1610.04688","ExpressPass: End-to-End Credit-based Congestion Control for Datacenters","HIGH","B4","ExpressPass: End-to-End Credit-based Congestion Control for Datacenters","arxiv:1610.04688","As link speeds increase in datacenter networks, existing congestion control algorithms become less effective in providing fast convergence. TCP-based algorithms that probe for bandwidth take a long time to reach the fair-share and lead to long flow completion times. An ideal congestion control algorithms for datacenter must provide 1) zero data loss, 2) fast convergence, and 3) low buffer occupancy. However, these requirements present conflicting goals. For fast convergence,flows must ramp up quickly, but this risks packet losses and large queues. Thus, even the state-of-the-art algorithms, su","high","B4","1","B4=high","B4=queue; backpressure; decomposition; networking","B4=Expansion seed adds an independent queueing, scheduling, contention, transport, or tail-latency mechanism for cross-checking the B4 synthesis and Reflex transfer path.","B4=true","expansion_round_1","","","","arxiv:1610.04688","","","","","","B4","false","false","false","false","b4/expansion/expansion-followup-manifest.jsonl","b4/expansion/expansion-followup-triage.jsonl"
"58","4","arxiv:1702.08176","Another Look at the Implementation of Read/write Registers in Crash-prone Asynchronous Message-Passing Systems (Extended Version)","MEDIUM","B5","Another Look at the Implementation of Read/write Registers in Crash-prone Asynchronous Message-Passing Systems (Extended Version)","arxiv:1702.08176",""" Yet another paper on "" the implementation of read/write registers in crash-prone asynchronous message-passing systems! Yes..., but, differently from its predecessors, this paper looks for a communication abstraction which captures the essence of such an implementation in the same sense that total order broadcast can be associated with consensus, or message causal delivery can be associated with causal read/write registers. To this end, the paper introduces a new communication abstraction, named SCD-broadcast (SCD standing for "" Set Constrained Delivery ""), which, instead of a single message, delivers to processes sets of messages (whose size can be arbitrary), such that the sequences of message sets delivered to any two processes satisfies some constraints. The paper then shows that: (a) SCD-broadcast allows for a very simple implementation of a snapshot object (and consequently also of atomic read/write registers) in crash-prone asynchronous message-passing systems, (b) SCD-broadcast can be built from snapshot objects (hence SCD-broadcast and snapshot objects --or read/write registers-- are "" computationally equivalent ""), (c) SCD-broadcast can be built in message-passing systems where any minority of processes may crash (which is the weakest assumption on the number of possible process crashes needed to implement a read/write register).","medium","B5","1","B5=medium","B5=The abstract examines event-time processing, late or out-of-order data, stream windows, watermarks, or message ordering.","B5=It supplies a transferable diagnostic or design hypothesis for detecting transport-induced loss, duplication, reordering, staleness, timing error, or observation/action mismatch in the Reflex episode loop.","B5=true","primary_assignment","Damien Imbs, Achour Mostefaoui, Matthieu Perrin, Michel Raynal","","arxiv:1702.08176","arxiv:1702.08176","3135282214061629495","","q40-found-clocks | q41-found-once","","","B5","false","false","false","false","b2/raw-q07-sequence-correlation.txt | b5/assigned-paper-manifest.json | b5/assigned-paper-manifest.jsonl | b5/canonical-registry.jsonl | b5/evidence-digest.jsonl | b5/raw-retrieval/q40-found-clocks.json | b5/raw-retrieval/q41-found-once.json","b5/abstract-triage.jsonl"
"63","4","arxiv:1705.06173","Self-stabilising Byzantine Clock Synchronisation is Almost as Easy as Consensus","MEDIUM","B1","Self-stabilising Byzantine Clock Synchronisation is Almost as Easy as Consensus","arxiv:1705.06173","We give fault-tolerant algorithms for establishing synchrony in distributed systems in which each of the n nodes has its own clock. Our algorithms operate in a very strong fault model: we require self-stabilisation, i.e., the initial state of the system may be arbitrary, and there can be up to f<n/3 ongoing Byzantine faults, i.e., nodes that deviate from the protocol in an arbitrary manner. Furthermore, we assume that the local clocks of the nodes may progress at different speeds (clock drift) and communication has bounded delay. In this model, we study the pulse synchronisation problem, where the task is to guarantee that eventually all correct nodes generate well-separated local pulse events (i.e., unlabelled logical clock ticks) in a synchronised manner. Compared to prior work, we achieve exponential improvements in stabilisation time and the number of communicated bits, and give the first sublinear-time algorithm for the problem: - In the deterministic setting, the state-of-the-art solutions stabilise in time Î˜(f) and have each node broadcast Î˜(f f) bits per time unit. We exponentially reduce the number of bits broadcasted per time unit to Î˜(f) while retaining the same stabilisation time. - In the randomised setting, the state-of-the-art solutions stabilise in time Î˜(f) and have each node broadcast O(1) bits per time unit. We exponentially reduce the stabilisation time to O(1) f while each node broadcasts O(1) f bits per time unit. These results are obtained by means of a recursive approach reducing the above task of self-stabilising pulse synchronisation in the bounded-delay model to non-self-stabilising binary consensus in the synchronous model. In general, our approach introduces at most logarithmic overheads in terms of stabilisation time and broadcasted bits over the underlying consensus routine.","medium","B1","1","B1=medium","B1=Self-stabilizing pulse synchronization recovers from arbitrary state with drift, bounded-delay communication, and Byzantine faults.","","B1=true","primary_assignment","Christoph Lenzen, Joel Rybicki","2017","arxiv:1705.06173","arxiv:1705.06173","715293980298572075","","","","","B1","true","false","false","false","b1/assigned-paper-manifest.json | b1/assigned-paper-manifest.jsonl | b1/assigned-registry.jsonl | b1/canonical-registry.jsonl | b1/follow-up-manifest.jsonl | b1/inspection-manifest.jsonl | b1/raw-q01-direct.json | b1/raw-q02-synonyms.json","b1/assigned-paper-manifest.jsonl | b1/triage.jsonl"
"68","4","arxiv:1708.07353","Wireless Network Design for Control Systems: A Survey","HIGH","B5","Wireless Network Design for Control Systems: A Survey","arxiv:1708.07353","","high","B5","1","B5=high","B5=The related-paper result extends an already-covered B5 transport family and is retained as a strong seed or neighboring mechanism for packet correctness, freshness, ordering, reliability, or timing.","B5=It tests whether the B5 synthesis mechanism map is stable beyond the multi-formulation search results and supplies a transferable hypothesis for the Reflex episode loop.","B5=true","expansion_round_1","Pangun Park, Sinem Coleri Ergen, Carlo Fischione, Chenyang Lu, Karl Henrik Johansson","","","arxiv:1708.07353","","","","","","B5","false","false","false","false","b5/evidence-digest.jsonl","b5/expansion/expansion-triage.jsonl"
"73","4","arxiv:1711.03938","CARLA: An Open Urban Driving Simulator","MEDIUM","B8","CARLA: An Open Urban Driving Simulator","arxiv:1711.03938","We introduce CARLA, an open-source simulator for autonomous driving research. CARLA has been developed from the ground up to support development, training, and validation of autonomous urban driving systems. In addition to open-source code and protocols, CARLA provides open digital assets (urban layouts, buildings, vehicles) that were created for this purpose and can be used freely. The simulation platform supports flexible specification of sensor suites and environmental conditions. We use CARLA to study the performance of three approaches to autonomous driving: a classic modular pipeline, an end-to-end model trained via imitation learning, and an end-to-end model trained via reinforcement learning. The approaches are evaluated in controlled scenarios of increasing difficulty, and their performance is examined via metrics provided by CARLA, illustrating the platform's utility for autonomous driving research. The supplementary video can be viewed at https://youtu.be/Hp8Dz-Zek2E","medium","B8","1","B8=medium","B8=Expansion candidate was surfaced by a related-paper graph around a B8 seed and is triaged from its title and abstract.","B8=It may add a reusable observability, replay, timing, or failure-injection mechanism to the B8 evidence family.","B8=true","expansion_round_1","","2017","1711.03938 | 5636012726576954326 | arxiv:1711.03938","arxiv:1711.03938","5636012726576954326","","","","","B8","false","false","false","false","b3/expansion-registry.json | b8/expansion-canonical-registry.json | b8/expansion-registry.json","b8/expansion-triage.jsonl"
"78","4","arxiv:1801.03890","HoPP: Robust and Resilient Publish-Subscribe for an Information-Centric Internet of Things","MEDIUM","B5","HoPP: Robust and Resilient Publish-Subscribe for an Information-Centric Internet of Things","arxiv:1801.03890","This paper revisits NDN deployment in the IoT with a special focus on the interaction of sensors and actuators. Such scenarios require high responsiveness and limited control state at the constrained nodes. We argue that the NDN request-response pattern which prevents data push is vital for IoT networks. We contribute HoP-and-Pull (HoPP), a robust publish-subscribe scheme for typical IoT scenarios that targets IoT networks consisting of hundreds of resource constrained devices at intermittent connectivity. Our approach limits the FIB tables to a minimum and naturally supports mobility, temporary network partitioning, data aggregation and near real-time reactivity. We experimentally evaluate the protocol in a real-world deployment using the IoT-Lab testbed with varying numbers of constrained devices, each wirelessly interconnected via IEEE 802.15.4 LowPANs. Implementations are built on CCN-lite with RIOT and support experiments using various single- and multi-hop scenarios.","medium","B5","1","B5=medium","B5=The abstract evaluates middleware, QoS, publish-subscribe, transport, or communication-stack behavior that affects delivery correctness.","B5=It supplies a transferable diagnostic or design hypothesis for detecting transport-induced loss, duplication, reordering, staleness, timing error, or observation/action mismatch in the Reflex episode loop.","B5=true","primary_assignment","Cenk Gündoğan, Peter Kietzmann, Thomas C. Schmidt, Matthias Wählisch","","arxiv:1801.03890","arxiv:1801.03890","1708975227833822663","","q36-adj-iot","","","B5","false","false","false","false","b5/assigned-paper-manifest.json | b5/assigned-paper-manifest.jsonl | b5/canonical-registry.jsonl | b5/evidence-digest.jsonl | b5/raw-retrieval/q36-adj-iot.json","b5/abstract-triage.jsonl"
"83","4","arxiv:1803.06867","Cloud Infrastructure Provenance Collection and Management to Reproduce Scientific Workflow Execution","MEDIUM","B2","Cloud Infrastructure Provenance Collection and Management to Reproduce Scientific Workflow Execution","arxiv:1803.06867","The emergence of Cloud computing provides a new computing paradigm for scientific workflow execution. It provides dynamic, on-demand and scalable resources that enable the processing of complex workflow-based experiments. With the ever growing size of the experimental data and increasingly complex processing workflows, the need for reproducibility has also become essential. Provenance has been thought of a mechanism to verify a workflow and to provide workflow reproducibility. One of the obstacles in reproducing an experiment execution is the lack of information about the execution infrastruct","medium","B2","1","B2=medium","B2=Collects infrastructure-level provenance across cloud resources and lifecycle events.","B2=Provides a transfer path for host, container, and driver identity alongside application traces.","B2=true","primary_assignment","Khawar Hasham | Kamran Munir | Richard McClatchey","2018","arxiv:1803.06867","arxiv:1803.06867","2095279367644718710","cs.DC","q05-provenance","semantic-search","general","B2","false","false","false","false","b2/raw-q05-provenance.txt | b2/registry-final.json | b2/registry.json | b3/raw-q06-provenance.json | b3/registry.json | b8/canonical-registry.json | b8/raw/foundational-04.json","b2/triage-final.jsonl | b2/triage.jsonl"
"88","4","arxiv:1804.07647","Estimating Latencies of Task Sequences in Multi-Core Automotive ECUs","HIGH","B7","Estimating Latencies of Task Sequences in Multi-Core Automotive ECUs","arxiv:1804.07647","The computation of a cyber-physical system's reaction to a stimulus typically involves the execution of several tasks. The delay between stimulus and reaction thus depends on the interaction of these tasks and is subject to timing constraints. Such constraints exist for a number of reasons and range from possible impacts on customer experiences to safety requirements. We present a technique to determine end-to-end latencies of such task sequences. The technique is demonstrated on the example of electronic control units (ECUs) in automotive embedded real-time systems. Our approach is able to deal with multi-core architectures and supports four different activation patterns, including interrupts. It is the first formal analysis approach making use of load assumptions in order to exclude infeasible data propagation paths without the knowledge of worst-case execution times or worst-case response times. We employ a constraint programming solver to compute bounds on end-to-end latencies.","high","B7","1","B7=high","B7=Computes end-to-end latency bounds for multi-core task sequences under interrupts and load assumptions with constraint programming.","B7=The stimulus-to-reaction decomposition transfers to callback, driver, and actuator stages even when execution-time bounds are incomplete.","B7=true","primary_assignment","","","arxiv:1804.07647","arxiv:1804.07647","6930347558101272214","","","","","B7","false","false","false","false","b7/assigned-paper-manifest.json | b7/assigned-paper-manifest.jsonl | b7/canonical-registry.json | b7/raw-retrieval/q29-adjacent-embedded.json","b7/abstract-triage.jsonl"
"93","4","arxiv:1806.04586","Nanoseconds Timing System Based on IEEE 1588 FPGA Implementation","HIGH","B1","Nanoseconds Timing System Based on IEEE 1588 FPGA Implementation","arxiv:1806.04586","Clock synchronization procedures are mandatory in most physical experiments where event fragments are readout by spatially dislocated sensors and must be glued together to reconstruct key parameters (e.g. energy, interaction vertex etc.) of the process under investigation. These distributed data readout topologies rely on an accurate time information available at the frontend, where raw data are acquired and tagged with a precise timestamp prior to data buffering and central data collecting. This makes the network complexity and latency, between frontend and backend electronics, negligible within upper bounds imposed by the frontend data buffer capability. The proposed research work describes an FPGA implementation of IEEE 1588 Precision Time Protocol (PTP) that exploits the CERN Timing, Trigger and Control (TTC) system as a multicast messaging physical and data link layer. The hardware implementation extends the clock synchronization to the nanoseconds range, overcoming the typical accuracy limitations inferred by computers Ethernet based Local Area Network (LAN). Establishing a reliable communication between master and timing receiver nodes is essential in a message-based synchronization system. In the backend electronics, the serial data streams synchronization with the global clock domain is guaranteed by an hardware-based finite state machine that scans the bit period using a variable delay chain and finds the optimal sampling point. The validity of the proposed timing system has been proved in point-to-point data links as well as in star topology configurations over standard CAT-5e cables. The results achieved together with weaknesses and possible improvements are hereby detailed.","high","B1","1","B1=high","B1=Hardware PTP timestamping and clock-domain synchronization provide nanosecond-scale event tags for distributed readout.","","B1=true","primary_assignment","D. Pedretti, M. Bellato, R. Isocrate, A. Bergnoli, R. Brugnera, D. Corti, F. Dal Corso, G. Galet, A. Garfagnini, A. Giaz, I. Lippi, F. Marini, G. Andronico, V. Antonelli, M. Baldoncini, E. Bernieri, A. Brigatti, A. Budano, M. Buscemi, S. Bussino, R. Caruso, D. Chiesa, C. Clementi, X. F. Ding, S. Dusini, A. Fabbri, R. Ford, A. Formozov, M. Giammarchi, M. Grassi, A. Insolia, P. Lombardi, F. Mantovani, S. M. Mari, C. Martellini, A. Martini, E. Meroni, L. Miramonti, S. Monforte, P. Montini, M. Montuschi, M. Nastasi, F. Ortica, A. Paoloni, E. Previtali, G. Ranucci, A. C. Re, B. Ricci, A. Romani, G. Salamanna, F. H. Sawy, G. Settanta, M. Sisti, C. Sirignano, L. Stanco, V. Strati, G. Verde","2018","arxiv:1806.04586","arxiv:1806.04586","3208497133621461321","","robot telemetry architecture distributed timestamping clock synchronization latency decomposition","firecrawl research search-papers","","B1","true","false","false","false","b1/assigned-paper-manifest.json | b1/assigned-paper-manifest.jsonl | b1/assigned-registry.jsonl | b1/canonical-registry.jsonl | b1/follow-up-manifest.jsonl | b1/inspection-manifest.jsonl | b1/raw-q03-protocols.json | b1/raw-q06-monotonic.json | b1/raw-q08-embedded.json | b1/raw-q12-ntp-ptp-foundations.json | b5/canonical-registry.jsonl | b5/raw-retrieval/q20-mech-timing.json | b7/canonical-registry.json | b7/raw-retrieval/q16-mechanism-driver.json | b8/canonical-registry.json | b8/raw/mechanism-02.json","b1/assigned-paper-manifest.jsonl | b1/triage.jsonl"
"98","4","arxiv:1807.02184","Slytherin: Dynamic, Network-assisted Prioritization of Tail Packets in Datacenter Networks","MEDIUM","B4","Slytherin: Dynamic, Network-assisted Prioritization of Tail Packets in Datacenter Networks","arxiv:1807.02184","Datacenter applications demand both low latency and high throughput; while interactive applications (e.g., Web Search) demand low tail latency for their short messages due to their partition-aggregate software architecture, many data-intensive applications (e.g., Map-Reduce) require high throughput for long flows as they move vast amounts of data across the network. Recent proposals improve latency of short flows and throughput of long flows by addressing the shortcomings of existing packet scheduling and congestion control algorithms, respectively. We make the key observation that long tails","medium","B4","1","B4=medium","B4=tail/percentile behavior; scheduling/deadline policy; backpressure/overload control; network/transport transfer","B4=Supplies a transferable mechanism for explaining tail behavior and deciding which per-stage measurements the Reflex evidence model must preserve.","B4=true","primary_assignment","Hamed Rezaei; Mojtaba Malekpourshahraki; Balajee Vamanan","2018","arxiv:1807.02184","arxiv:1807.02184","arxiv:1807.02184","cs.NI","q08-tail-latency-distributed.json","","","B4","false","false","false","false","b4/assigned-paper-manifest.jsonl | b4/canonical-registry.json | b4/raw-retrieval/q08-tail-latency-distributed.json","b4/abstract-triage.jsonl"
"103","4","arxiv:1808.10821","Real-time Linux communications: an evaluation of the Linux communication stack for real-time robotic applications","MEDIUM","B8","Real-time Linux communications: an evaluation of the Linux communication stack for real-time robotic applications","arxiv:1808.10821","As robotics systems become more distributed, the communications between different robot modules play a key role for the reliability of the overall robot control. In this paper, we present a study of the Linux communication stack meant for real-time robotic applications. We evaluate the real-time performance of UDP based communications in Linux on multi-core embedded devices as test platforms. We prove that, under an appropriate configuration, the Linux kernel greatly enhances the determinism of communications using the UDP protocol. Furthermore, we demonstrate that concurrent traffic disrupts the bounded latencies and propose a solution by separating the real-time application and the corresponding interrupt in a CPU.","medium","B8","1","B8=medium","B8=Expansion candidate was surfaced by a related-paper graph around a B8 seed and is triaged from its title and abstract.","B8=It may add a reusable observability, replay, timing, or failure-injection mechanism to the B8 evidence family.","B8=true","expansion_round_1","","2018","1808.10821 | 4982830360337290232 | arxiv:1808.10821","arxiv:1808.10821","4982830360337290232","","","","","B8","false","false","false","false","b1/expansion/expansion-manifest.jsonl | b3/expansion-registry.json | b4/raw-retrieval/q10-latency-distribution-measurement.json | b5/canonical-registry.jsonl | b5/raw-retrieval/q16-mech-webrtc.json | b5/raw-retrieval/q24-failure-retry.json | b7/expansion/expansion-registry-final.json | b7/expansion/expansion-registry.json | b8/expansion-canonical-registry.json | b8/expansion-follow-up-manifest.json | b8/expansion-inspection-manifest.json | b8/expansion-registry.json","b8/expansion-triage.jsonl"
"108","4","arxiv:1810.00556","TZC: Efficient Inter-Process Communication for Robotics Middleware with Partial Serialization","HIGH","B2 | B7 | B8","TZC: Efficient Inter-Process Communication for Robotics Middleware with Partial Serialization","arxiv:1810.00556","Inter-process communication (IPC) is one of the core functions of modern robotics middleware. We propose an efficient IPC technique called TZC (Towards Zero-Copy). As a core component of TZC, we design a novel algorithm called partial serialization. Our formulation can generate messages that can be divided into two parts. During message transmission, one part is transmitted through a socket and the other part uses shared memory. The part within shared memory is never copied or serialized during its lifetime. We have integrated TZC with ROS and ROS2 and find that TZC can be easily combined with current open-source platforms. By using TZC, the overhead of IPC remains constant when the message size grows. In particular, when the message size is 4MB (less than the size of a full HD image), TZC can reduce the overhead of ROS IPC from tens of milliseconds to hundreds of microseconds and can reduce the overhead of ROS2 IPC from hundreds of milliseconds to less than 1 millisecond. We also demonstrate the benefits of TZC by integrating with TurtleBot2 that are used in autonomous driving scenarios. We show that by using TZC, the braking distance can be shortened by 16% than ROS.","high","B2 | B7 | B8","3","B2=medium | B7=high | B8=high","B2=Splits IPC payloads between socket-transmitted and shared-memory portions so large messages avoid full copying and serialization. | B7=Combines socket transfer with shared-memory partial serialization so large message regions avoid copying. | B8=Expansion candidate was surfaced by a related-paper graph around a B8 seed and is triaged from its title and abstract.","B2=Shows how identity-bearing message transport can reduce the overhead of preserving context across robot middleware boundaries. | B7=It isolates IPC serialization overhead and validates the effect on a TurtleBot2 robot path. | B8=It may add a reusable observability, replay, timing, or failure-injection mechanism to the B8 evidence family.","B2=true | B7=true | B8=true","expansion_round_1 | primary_assignment","Yu-Ping Wang | Wende Tan | Xu-Qiang Hu | Dinesh Manocha | Shi-Min Hu","2018","1810.00556 | 5554010371199989563 | arxiv:1810.00556","arxiv:1810.00556","5554010371199989563","cs.RO","expansion-references-01 | expansion-similar-01","related-references | related-similar","general","B2 | B7 | B8","false","false","false","true","b1/expansion/expansion-manifest.jsonl | b2/registry-expansion-additions.json | b2/registry-final.json | b3/expansion-registry.json | b3/raw-q16-ros2-causal.json | b3/raw-q20-robot-middleware.json | b3/registry.json | b4/raw-retrieval/q02-latency-distribution-percentile.json | b4/raw-retrieval/q04-head-of-line-blocking-robotics.json | b5/canonical-registry.jsonl | b5/raw-retrieval/q17-mech-dedup.json | b7/canonical-registry.json | b7/expansion/expansion-registry-final.json | b7/expansion/expansion-registry.json | b7/raw-retrieval/q03-direct-dds-tracing.json | b7/raw-retrieval/q13-mechanism-zerocopy.json | b7/raw-retrieval/q22-failure-serialization.json | b7/raw-retrieval/q32-adjacent-ros1-ros2.json | b7/raw-retrieval/q33-foundational-ros.json | b7/raw-retrieval/q36-foundational-eval.json | b8/expansion-canonical-registry.json | b8/expansion-follow-up-manifest.json | b8/expansion-inspection-manifest.json | b8/expansion-registry.json","b2/triage-expansion-additions.jsonl | b2/triage-final.jsonl | b7/expansion-additions-triage.jsonl | b8/expansion-triage.jsonl"
"113","4","arxiv:1812.02395","Time-Discounting Convolution for Event Sequences with Ambiguous Timestamps","MEDIUM","B1","Time-Discounting Convolution for Event Sequences with Ambiguous Timestamps","arxiv:1812.02395","This paper proposes a method for modeling event sequences with ambiguous timestamps, a time-discounting convolution. Unlike in ordinary time series, time intervals are not constant, small time-shifts have no significant effect, and inputting timestamps or time durations into a model is not effective. The criteria that we require for the modeling are providing robustness against time-shifts or timestamps uncertainty as well as maintaining the essential capabilities of time-series models, i.e., forgetting meaningless past information and handling infinite sequences. The proposed method handles them with a convolutional mechanism across time with specific parameterizations, which efficiently represents the event dependencies in a time-shift invariant manner while discounting the effect of past events, and a dynamic pooling mechanism, which provides robustness against the uncertainty in timestamps and enhances the time-discounting capability by dynamically changing the pooling window size. In our learning algorithm, the decaying and dynamic pooling mechanisms play critical roles in handling infinite and variable length sequences. Numerical experiments on real-world event sequences with ambiguous timestamps and ordinary time series demonstrated the advantages of our method.","medium","B1","1","B1=medium","B1=A temporal convolution represents event sequences while discounting uncertain or ambiguous timestamps.","","B1=true","primary_assignment","Takayuki Katsuki, Takayuki Osogami, Akira Koseki, Masaki Ono, Michiharu Kudo, Masaki Makino, Atsushi Suzuki","2018","arxiv:1812.02395","arxiv:1812.02395","7668364956817672596","","","","","B1","true","false","false","false","b1/assigned-paper-manifest.json | b1/assigned-paper-manifest.jsonl | b1/assigned-registry.jsonl | b1/canonical-registry.jsonl | b1/follow-up-manifest.jsonl | b1/inspection-manifest.jsonl | b1/raw-q05-uncertainty.json","b1/assigned-paper-manifest.jsonl | b1/triage.jsonl"
"118","4","arxiv:1902.08042","Fault Tolerant Gradient Clock Synchronization","MEDIUM","B1","Fault Tolerant Gradient Clock Synchronization","arxiv:1902.08042","Synchronizing clocks in distributed systems is well-understood, both in terms of fault-tolerance in fully connected systems and the dependence of local and global worst-case skews (i.e., maximum clock difference between neighbors and arbitrary pairs of nodes, respectively) on the diameter of fault-free systems. However, so far nothing non-trivial is known about the local skew that can be achieved in topologies that are not fully connected even under a single Byzantine fault. Put simply, in this work we show that the most powerful known techniques for fault-tolerant and gradient clock synchronization are compatible, in the sense that the best of both worlds can be achieved simultaneously. Concretely, we combine the Lynch-Welch algorithm [Welch1988] for synchronizing a clique of n nodes despite up to f<n/3 Byzantine faults with the gradient clock synchronization (GCS) algorithm by Lenzen et al. [Lenzen2010] in order to render the latter resilient to faults. As this is not possible on general graphs, we augment an input graph G by replacing each node by 3f+1 fully connected copies, which execute an instance of the Lynch-Welch algorithm. We then interpret these clusters as supernodes executing the GCS algorithm, where for each cluster its correct nodes' Lynch-Welch clocks provide estimates of the logical clock of the supernode in the GCS algorithm. By connecting clusters corresponding to neighbors in G in a fully bipartite manner, supernodes can inform each other about (estimates of) their logical clock values. This way, we achieve asymptotically optimal local skew, granted that no cluster contains more than f faulty nodes, at factor O(f) and O(fÂ²) overheads in terms of nodes and edges, respectively. Note that tolerating f faulty neighbors trivially requires degree larger than f, so this is asymptotically optimal as well.","medium","B1","1","B1=medium","B1=Fault-tolerant gradient synchronization combines local-skew guarantees with Byzantine-resilient clock clusters.","","B1=true","primary_assignment","Johannes Bund, Christoph Lenzen, Will Rosenbaum","2019","arxiv:1902.08042","arxiv:1902.08042","7303135479379868553","","","","","B1","true","false","false","false","b1/assigned-paper-manifest.json | b1/assigned-paper-manifest.jsonl | b1/assigned-registry.jsonl | b1/canonical-registry.jsonl | b1/follow-up-manifest.jsonl | b1/inspection-manifest.jsonl | b1/raw-q01-direct.json","b1/assigned-paper-manifest.jsonl | b1/triage.jsonl"
"123","4","arxiv:1905.05411","Measuring and simulating latency in interactive remote rendering systems","MEDIUM","B7","Measuring and simulating latency in interactive remote rendering systems","arxiv:1905.05411","Background: The computationally intensive task of real-time rendering can be offloaded to remote cloud systems. However, due to network latency, interactive remote rendering (IRR) introduces the challenge of interaction latency (IL), which is the time between an action and response to that action. Objectives: to model sources of latency, measure it in a real-world network and to use this understanding to simulate latency so that we have a controlled platform for experimental work in latency management. Method: we present a seven-parameter model of latency for a typical IRR system; we describe new, minimally intrusive software methods for measuring latency in a 3D graphics environment and create a novel latency simulator tool in software. Results: We demonstrate our latency simulator is comparable to real-world behavior and confirm that real-world latency exceeds the interactive limit of 70ms over long distance connections. We also find that current approaches to measuring IL are not general enough for most situations and therefore propose a novel general-purpose solution. Conclusion: to ameliorate latency in IRR systems we need controllable simulation tools for experimentation. In addition to a new measurement technique, we propose a new approach that will be of interest to IRR researchers and developers when designing IL compensation techniques.","medium","B7","1","B7=medium","B7=Decomposes interaction latency into multiple components and proposes minimally intrusive measurement plus controlled delay simulation.","B7=The measurement decomposition transfers to action-application timing, while its rendering setting remains adjacent.","B7=true","primary_assignment","","","arxiv:1905.05411","arxiv:1905.05411","7859310714127154709","","","","","B7","false","false","false","false","b7/assigned-paper-manifest.json | b7/assigned-paper-manifest.jsonl | b7/canonical-registry.json | b7/raw-retrieval/q37-foundational-e2e.json","b7/abstract-triage.jsonl"
"128","4","arxiv:1907.05636","From Observability to Significance in Distributed Information Systems","MEDIUM","B7","From Observability to Significance in Distributed Information Systems","arxiv:1907.05636","To understand and explain process behaviour we need to be able to see it, and decide its significance, i.e. be able to tell a story about its behaviours. This paper describes a few of the modelling challenges that underlie monitoring and observation of processes in IT, by human or by software. The topic of the observability of systems has been elevated recently in connection with computer monitoring and tracing of processes for debugging and forensics. It raises the issue of well-known principles of measurement, in bounded contexts, but these issues have been left implicit in the Computer Science literature. This paper aims to remedy this omission, by laying out a simple promise theoretic model, summarizing a long standing trail of work on the observation of distributed systems, based on elementary distinguishability of observations, and classical causality, with history. Three distinct views of a system are sought, across a number of scales, that described how information is transmitted (and lost) as it moves around the system, aggregated into journals and logs.","medium","B7","1","B7=medium","B7=Models observability as distinguishable, causally ordered observations across information flows, journals, and logs.","B7=It supplies a conceptual test for whether robot telemetry can distinguish competing causes rather than merely record events.","B7=true","primary_assignment","","","arxiv:1907.05636","arxiv:1907.05636","3336159209999479726","","","","","B7","false","false","false","false","b7/assigned-paper-manifest.json | b7/assigned-paper-manifest.jsonl | b7/canonical-registry.json | b7/raw-retrieval/q30-adjacent-distributed.json","b7/abstract-triage.jsonl"
"133","4","arxiv:1909.05392","Tiny Buffer TCP for Data Center Networks","HIGH","B4","Tiny Buffer TCP for Data Center Networks","arxiv:1909.05392","A low and stable buffer occupancy is critical to achieve high throughput, low packet drop rate, low latency, and low jitter for data center networks. It also allows switch chips to support higher port density, larger lookup tables, or richer functions. Tiny Buffer TCP creatively uses the common RED-based ECN with two novel congestion-window adjustment schemes to significantly reduce the required buffer size. Aiming to eliminate the residual packets in the bottleneck queue, Queue Canceling Decrease amortizes the ideal window reduction to the same number of flows so as to minimize the impact to","high","B4","1","B4=high","B4=jitter; queue; backpressure; networking","B4=Expansion seed adds an independent queueing, scheduling, contention, transport, or tail-latency mechanism for cross-checking the B4 synthesis and Reflex transfer path.","B4=true","expansion_round_1","","","","arxiv:1909.05392","","","","","","B4","false","false","false","false","b4/expansion/expansion-followup-manifest.jsonl | b4/expansion/expansion-manifest.jsonl","b4/expansion/expansion-followup-triage.jsonl"
"138","4","arxiv:1910.13290","Adaptive Causal Network Coding with Feedback for Multipath Multi-hop Communications","HIGH","B5","Adaptive Causal Network Coding with Feedback for Multipath Multi-hop Communications","arxiv:1910.13290","","high","B5","1","B5=high","B5=The related-paper result extends an already-covered B5 transport family and is retained as a strong seed or neighboring mechanism for packet correctness, freshness, ordering, reliability, or timing.","B5=It tests whether the B5 synthesis mechanism map is stable beyond the multi-formulation search results and supplies a transferable hypothesis for the Reflex episode loop.","B5=true","expansion_round_1","Alejandro Cohen, Guillaume Thiran, Vered Bar Bracha, Muriel Médard","","","arxiv:1910.13290","","","","","","B5","false","false","false","false","b5/evidence-digest.jsonl","b5/expansion/expansion-triage.jsonl"
"143","4","arxiv:2001.04218","Optimal Scheduling for Maximizing Information Freshness & System Performance in Industrial Cyber-Physical Systems","HIGH","B5","Optimal Scheduling for Maximizing Information Freshness & System Performance in Industrial Cyber-Physical Systems","arxiv:2001.04218","Age of Information is a newly introduced metric, getting vivid attention for measuring the freshness of information in real-time networks. This parameter has evolved to guarantee the reception of timely information from the latest status update, received by a user from any real-time application. In this paper, we study a centralized, closed-loop, networked controlled industrial wireless sensor-actuator network for cyber-physical production systems. Here, we jointly address the problem of transmission scheduling of sensor updates and the restoration of an information flow-line after any real-time update having hard-deadline drops from it, resulting a break in the loop. Unlike existing real-time scheduling policies that only ensure timely updates, this work aims to accomplish both the time-sensitivity and data freshness in new and regenerative real-time updates in terms of the age of information. Here, the coexistence of both cyber and physical units and their individual requirements for providing the quality of service to the system, as a whole, seems to be one of the major challenges to handle. In this work, minimization of staleness of the time-critical updates to extract maximum utilization out of its information content and its effects on other network performances are thoroughly investigated. A greedy scheduling policy called Deadline-aware highest latency first has been used to solve this problem; its performance optimality is proved analytically. Finally, our claim is validated by comparing the results obtained by our algorithm with those of other popular scheduling policies through extensive simulations.","high","B5","1","B5=high","B5=The abstract treats freshness, age of information, timeliness, stale data, or value of information as a correctness or control variable.","B5=It supplies a transferable diagnostic or design hypothesis for detecting transport-induced loss, duplication, reordering, staleness, timing error, or observation/action mismatch in the Reflex episode loop.","B5=true","primary_assignment","Devarpita Sinha, Rajarshi Roy","","arxiv:2001.04218","arxiv:2001.04218","6394844004344668149","","q02-direct-freshness | q10-syn-realtime | q19-mech-freshness | q30-adj-cps","","","B5","false","false","false","false","b5/assigned-paper-manifest.json | b5/assigned-paper-manifest.jsonl | b5/canonical-registry.jsonl | b5/evidence-digest.jsonl | b5/raw-retrieval/q02-direct-freshness.json | b5/raw-retrieval/q10-syn-realtime.json | b5/raw-retrieval/q19-mech-freshness.json | b5/raw-retrieval/q30-adj-cps.json | b7/canonical-registry.json | b7/raw-retrieval/q05-direct-hardware-loop.json | b7/raw-retrieval/q09-synonym-cps.json","b5/abstract-triage.jsonl"
"148","4","arxiv:2003.03604","Aion: Better Late than Never in Event-Time Streams","HIGH","B2 | B5","Aion: Better Late than Never in Event-Time Streams","arxiv:2003.03604","Processing data streams in near real-time is an increasingly important task. In the case of event-timestamped data, the stream processing system must promptly handle late events that arrive after the corresponding window has been processed. To enable this late processing, the window state must be maintained for a long period of time. However, current systems maintain this state in memory, which either imposes a maximum period of tolerated lateness, or causes the system to degrade performance or even crash when the system memory runs out. In this paper, we propose AION, a comprehensive solution for handling late events in an efficient manner, implemented on top of Flink. In designing AION, we go beyond a naive solution that transfers state between memory and persistent storage on demand. In particular, we introduce a proactive caching scheme, where we leverage the semantics of stream processing to anticipate the need for bringing data to memory. Furthermore, we propose a predictive cleanup scheme to permanently discard window state based on the likelihood of receiving more late events, to prevent storage consumption from growing without bounds. Our evaluation shows that AION is capable of maintaining sustainable levels of memory utilization while still preserving high throughput, low latency, and low staleness.","high","B2 | B5","2","B2=medium | B5=high","B2=Uses event-time and lateness handling to reconcile delayed stream records with their logical occurrence times. | B5=The abstract exposes timing, deadline, timestamp, sequence, causal, or clock-synchronization mechanisms relevant to transport attribution.","B2=Supports distinguishing late observations from genuinely late execution events. | B5=It supplies a transferable diagnostic or design hypothesis for detecting transport-induced loss, duplication, reordering, staleness, timing error, or observation/action mismatch in the Reflex episode loop.","B2=true | B5=true","primary_assignment","Sérgio Esteves, Gianmarco De Francisci Morales, Rodrigo Rodrigues, Marco Serafini, Luís Veiga","2020","arxiv:2003.03604","arxiv:2003.03604","922133130808096529","cs.DC","q08-syn-exactly-once | q10-streams | q11-syn-event-time | q27-failure-stream | q35-adj-kafka | q42-found-stream","semantic-search","general","B2 | B5","false","false","false","true","b2/raw-q10-streams.txt | b2/registry-final.json | b2/registry.json | b5/assigned-paper-manifest.json | b5/assigned-paper-manifest.jsonl | b5/canonical-registry.jsonl | b5/evidence-digest.jsonl | b5/raw-retrieval/q08-syn-exactly-once.json | b5/raw-retrieval/q11-syn-event-time.json | b5/raw-retrieval/q27-failure-stream.json | b5/raw-retrieval/q35-adj-kafka.json | b5/raw-retrieval/q42-found-stream.json","b2/triage-final.jsonl | b2/triage.jsonl | b5/abstract-triage.jsonl"
"153","4","arxiv:2005.06921","On the Performance Analysis of Streaming Codes over the Gilbert-Elliott Channel","HIGH","B5","On the Performance Analysis of Streaming Codes over the Gilbert-Elliott Channel","arxiv:2005.06921","","high","B5","1","B5=high","B5=The related-paper result extends an already-covered B5 transport family and is retained as a strong seed or neighboring mechanism for packet correctness, freshness, ordering, reliability, or timing.","B5=It tests whether the B5 synthesis mechanism map is stable beyond the multi-formulation search results and supplies a transferable hypothesis for the Reflex episode loop.","B5=true","expansion_round_1","Myna Vajha, Vinayak Ramkumar, Mayank Jhamtani, P. Vijay Kumar","","","arxiv:2005.06921","","","","","","B5","false","false","false","false","b5/evidence-digest.jsonl","b5/expansion/expansion-triage.jsonl"
"158","4","arxiv:2007.02696","The FORA Fog Computing Platform for Industrial IoT","MEDIUM","B7","The FORA Fog Computing Platform for Industrial IoT","arxiv:2007.02696","Industry 4.0 will only become a reality through the convergence of Operational and Information Technologies (OT & IT), which use different computation and communication technologies. Cloud Computing cannot be used for OT involving industrial applications, since it cannot guar-antee stringent non-functional requirements, e.g., dependability, trustworthiness and timeliness. Instead, a new computing paradigm, called Fog Computing, is envisioned as an architectural means to realize the IT/OT convergence. In this paper we propose a Fog Computing Platform (FCP) reference architecture targeting Industrial IoT applications. The FCP is based on: deter-ministic virtualization that reduces the effort required for safety and security assurance; middle-ware for supporting both critical control and dynamic Fog applications; deterministic networking and interoperability, using open standards such as IEEE 802.1 Time-Sensitive Networking (TSN) and OPC Unified Architecture (OPC UA); mechanisms for resource management and or-chestration; and services for security, fault tolerance and distributed machine learning. We pro-pose a methodology for the definition and the evaluation of the reference architecture. We use the Architecture Analysis Design Language (AADL) to model the FCP reference architecture, and a set of industrial use cases to evaluate its suitability for the Industrial IoT area.","medium","B7","1","B7=medium","B7=Combines deterministic virtualization, TSN, OPC UA, resource management, fault tolerance, and orchestration in an industrial fog architecture.","B7=The layered OT/IT observability boundary transfers to robot deployments spanning drivers, edge nodes, and cloud services.","B7=true","primary_assignment","","","arxiv:2007.02696","arxiv:2007.02696","7581085054973634995","","","","","B7","false","false","false","false","b7/assigned-paper-manifest.json | b7/assigned-paper-manifest.jsonl | b7/canonical-registry.json | b7/raw-retrieval/q27-adjacent-industrial.json","b7/abstract-triage.jsonl"
"163","4","arxiv:2009.00506","Quantifying the Latency and Possible Throughput of External Interrupts on Cyber-Physical Systems","HIGH","B7","Quantifying the Latency and Possible Throughput of External Interrupts on Cyber-Physical Systems","arxiv:2009.00506","An important characteristic of cyber-physical systems is their capability to respond, in-time, to events from their physical environment. However, to the best of our knowledge there exists no benchmark for assessing and comparing the interrupt handling performance of different software stacks. Hence, we present a flexible evaluation method for measuring the interrupt latency and throughput on ARMv8-A based platforms. We define and validate seven test-cases that stress individual parts of the overall process and combine them to three benchmark functions that provoke the minimal and maximal interrupt latency, and maximal interrupt throughput.","high","B7","1","B7=high","B7=Defines benchmark cases that isolate minimum/maximum interrupt latency and maximum throughput on ARMv8-A platforms.","B7=It gives a reusable measurement harness for the physical-event-to-software-callback boundary.","B7=true","primary_assignment","","","arxiv:2009.00506","arxiv:2009.00506","1167196036977799787","","","","","B7","false","false","false","false","b7/assigned-paper-manifest.json | b7/assigned-paper-manifest.jsonl | b7/canonical-registry.json | b7/raw-retrieval/q29-adjacent-embedded.json","b7/abstract-triage.jsonl"
"168","4","arxiv:2010.13103","LazyBatching: An SLA-aware Batching System for Cloud Machine Learning Inference","HIGH","B6","LazyBatching: An SLA-aware Batching System for Cloud Machine Learning Inference","arxiv:2010.13103","In cloud ML inference systems, batching is an essential technique to increase throughput which helps optimize total-cost-of-ownership. Prior graph batching combines the individual DNN graphs into a single one, allowing multiple inputs to be concurrently executed in parallel. We observe that the coarse-grained graph batching becomes suboptimal in effectively handling the dynamic inference request traffic, leaving significant performance left on the table. This paper proposes LazyBatching, an SLA-aware batching system that considers both scheduling and batching in the granularity of individual graph nodes, rather than the entire graph for flexible batching. We show that LazyBatching can intelligently determine the set of nodes that can be efficiently batched together, achieving an average 15x, 1.5x, and 5.5x improvement than graph batching in terms of average response time, throughput, and SLA satisfaction, respectively.","high","B6","1","B6=high","B6=The abstract describes request or token batching and a scheduling policy that trades queueing delay against accelerator efficiency and tail latency.","B6=It provides evidence for attributing latency to queueing and batch formation rather than to model compute alone.","B6=true","primary_assignment","Yujeong Choi, Yunseong Kim, Minsoo Rhu","","arxiv:2010.13103","arxiv:2010.13103","2280033495144410066","cs.AR | cs.DC | cs.LG | cs.NE","q06 | q39","firecrawl research search-papers","false","B6","false","true","false","false","b4/raw-retrieval/q15-dynamic-batching-queueing.json | b6/assigned-evidence-index.jsonl | b6/assigned-paper-manifest.jsonl | b6/assigned-registry.jsonl | b6/canonical-registry.json | b6/canonical-registry.jsonl | b6/follow-up-manifest.jsonl | b6/inspection-evidence.jsonl | b6/inspection-manifest.jsonl | b6/raw-retrieval/q006.json | b6/raw-retrieval/q06-synonym-batching.json | b6/raw-retrieval/q39-foundational-triton.json | b6/read-evidence-manifest.jsonl | b6/read-manifest.jsonl","b6/abstract-triage-inherited-89.jsonl | b6/abstract-triage.jsonl | b6/assigned-paper-manifest.jsonl"
"173","4","arxiv:2011.11744","The Bloom Clock for Causality Testing","HIGH","B1 | B2","The Bloom Clock for Causality Testing","arxiv:2011.11744","Testing for causality between events in distributed executions is a fundamental problem. Vector clocks solve this problem but do not scale well. The probabilistic Bloom clock can determine causality between events with lower space, time, and message-space overhead than vector clock; however, predictions suffer from false positives. We give the protocol for the Bloom clock based on Counting Bloom filters and study its properties including the probabilities of a positive outcome and a false positive. We show the results of extensive experiments to determine how these above probabilities vary as a function of the Bloom timestamps of the two events being tested, and to determine the accuracy, precision, and false positive rate of a slice of the execution containing events in the temporal proximity of each other. Based on these experiments, we make recommendations for the setting of the Bloom clock parameters. We postulate the causality spread hypothesis from the application's perspective to indicate whether Bloom clocks will be suitable for correct predictions with high confidence. The Bloom clock design can serve as a viable space-, time-, and message-space-efficient alternative to vector clocks if false positives can be tolerated by an application.","high","B1 | B2","2","B1=high | B2=high","B1=Counting Bloom timestamps test causality with lower space and message overhead than vector clocks while reporting false-positive behavior. | B2=Uses Counting Bloom-filter timestamps to test happened-before relations with lower space, time, and message-space cost than vector clocks, accepting probabilistic false positives.","B2=Provides a compact causal-context option for high-rate distributed robot events when exact vector clocks are too expensive.","B1=true | B2=true","primary_assignment","Anshuman Misra, Ajay D. Kshemkalyani","2020","arxiv:2011.11744","arxiv:2011.11744","152178328592026428","cs.DC","expansion-citers-01 | expansion-similar-01","related-citers | related-similar","general","B1 | B2","true","false","false","false","b1/assigned-paper-manifest.json | b1/assigned-paper-manifest.jsonl | b1/assigned-registry.jsonl | b1/canonical-registry.jsonl | b1/follow-up-manifest.jsonl | b1/inspection-manifest.jsonl | b1/raw-q04-logical.json | b1/raw-q10-causal-diagnosis.json | b1/raw-q14-lamport-exact.json | b2/raw-q03-causality.txt | b2/raw-q04-message-flow.txt | b2/raw-q13-foundations.txt | b2/registry-expansion-additions.json | b2/registry-final.json | b3/raw-q34-vector-clocks.json | b3/registry.json | b5/canonical-registry.jsonl | b5/raw-retrieval/q40-found-clocks.json","b1/assigned-paper-manifest.jsonl | b1/triage.jsonl | b2/triage-expansion-additions.jsonl | b2/triage-final.jsonl"
"178","4","arxiv:2101.09584","HyCoR: Fault-Tolerant Replicated Containers Based on Checkpoint and Replay","MEDIUM","B8","HyCoR: Fault-Tolerant Replicated Containers Based on Checkpoint and Replay","arxiv:2101.09584","HyCoR is a fully-operational fault tolerance mechanism for multiprocessor workloads, based on container replication, using a hybrid of checkpointing and replay. HyCoR derives from two insights regarding replication mechanisms: 1) deterministic replay can overcome a key disadvantage of checkpointing alone -- unacceptably long delays of outputs to clients, and 2) checkpointing can overcome a key disadvantage of active replication with deterministic replay alone -- vulnerability to even rare replay failures due to an untracked nondeterministic events. With HyCoR, the primary sends periodic checkpoints to the backup and logs the outcomes of sources of nondeterminism. Outputs to clients are delayed only by the short time it takes to send the corresponding log to the backup. Upon primary failure, the backup replays only the short interval since the last checkpoint, thus minimizing the window of vulnerability. HyCoR includes a ""best effort"" mechanism that results in a high recovery rate even in the presence of data races, as long as their rate is low. The evaluation includes measurement of the recovery rate and recovery latency based on fault injection. On average, HyCoR delays responses to clients by less than 1ms and recovers in less than 1s. For a set of eight real-world benchmarks, if data races are eliminated, the performance overhead of HyCoR is under 59%.","medium","B8","1","B8=medium","B8=The paper records execution inputs, events, or checkpoints and replays them to reproduce behavior under controlled conditions.","B8=It provides a repeatable way to provoke, observe, and compare failures instead of relying on rare field reproduction.","B8=false","primary_assignment","","2021","arxiv:2101.09584","arxiv:2101.09584","8561206894472801335","","adjacent-01 | failure-01 | foundational-01","firecrawl research search-papers","foundational","B8","true","true","false","false","b3/expansion-registry.json | b3/raw-q25-replay.json | b3/registry.json | b8/assigned-paper-manifest.json | b8/canonical-registry.json | b8/expansion-canonical-registry.json | b8/expansion-registry.json | b8/inspection-manifest.json | b8/raw/adjacent-01.json | b8/raw/failure-01.json | b8/raw/foundational-01.json","b8/abstract-triage.jsonl | b8/expansion-triage.jsonl"
"183","4","arxiv:2103.00031","Capturing High-level Nondeterminism in Concurrent Programs for Practical Concurrency Model Agnostic Record & Replay","HIGH","B8","Capturing High-level Nondeterminism in Concurrent Programs for Practical Concurrency Model Agnostic Record & Replay","arxiv:2103.00031","With concurrency being integral to most software systems, developers combine high-level concurrency models in the same application to tackle each problem with appropriate abstractions. While languages and libraries offer a wide range of concurrency models, debugging support for applications that combine them has not yet gained much attention. Record & replay aids debugging by deterministically reproducing recorded bugs, but is typically designed for a single concurrency model only. This paper proposes a practical concurrency-model-agnostic record & replay approach for multi-paradigm concurrent programs, i.e. applications that combine concurrency models. Our approach traces high-level nondeterministic events by using a uniform model-agnostic trace format and infrastructure. This enables orderingbased record & replay support for a wide range of concurrency models, and thereby enables debugging of applications that combine them. In addition, it allows language implementors to add new concurrency models and reuse the model-agnostic record & replay support. We argue that a concurrency-model-agnostic record & replay is practical and enables advanced debugging support for a wide range of concurrency models. The evaluation shows that our approach is expressive and flexible enough to support record & replay of applications using threads & locks, communicating event loops, communicating sequential processes, software transactional memory and combinations of those concurrency models. For the actor model, we reach recording performance competitive with an optimized special-purpose record & replay solution. The average recording overhead on the Savina actor benchmark suite is 10% (min. 0%, max. 23%). The performance for other concurrency models and combinations thereof is at a similar level. We believe our concurrency-model-agnostic approach helps developers of applications that mix and match concurrency models. We hope that this substrate inspires new tools and languages making building and maintaining of multi-paradigm concurrent applications simpler and safer.","high","B8","1","B8=high","B8=Expansion candidate was surfaced by a related-paper graph around a B8 seed and is triaged from its title and abstract.","B8=It may add a reusable observability, replay, timing, or failure-injection mechanism to the B8 evidence family.","B8=true","expansion_round_1","","2021","arxiv:2103.00031","arxiv:2103.00031","2720832408839193071","","distributed systems deterministic record replay distributed tracing fault injection chaos engineering | foundational deterministic replay debugging distributed systems record replay","firecrawl research search-papers","foundational","B8","false","false","false","false","b3/expansion-registry.json | b3/raw-q25-replay.json | b3/registry.json | b8/canonical-registry.json | b8/expansion-canonical-registry.json | b8/expansion-follow-up-manifest.json | b8/expansion-inspection-manifest.json | b8/expansion-registry.json | b8/raw/adjacent-01.json | b8/raw/foundational-01.json","b8/expansion-triage.jsonl"
"188","4","arxiv:2103.07149","Securing Fresh Data in Wireless Monitoring Networks: Age-of-Information Sensitive Coverage Perspective","HIGH","B5","Securing Fresh Data in Wireless Monitoring Networks: Age-of-Information Sensitive Coverage Perspective","arxiv:2103.07149","With the development of IoT, the sensor usage has been elevated to a new level, and it becomes more crucial to maintain reliable sensor networks. In this paper, we provide how to efficiently and reliably manage the sensor monitoring system for securing fresh data at the data center (DC). A sensor transmits its sensing information regularly to the DC, and the freshness of the information at the DC is characterized by the age of information (AoI) that quantifies the timeliness of information. By considering the effect of the AoI and the spatial distance from the sensor on the information error at the DC, we newly define an error-tolerable sensing (ETS) coverage as the area that the estimated information is with smaller error than the target value. We then derive the average AoI and the AoI violation probability of the sensor monitoring system, and finally present the η-coverage probability, which is the probability that the ETS coverage is greater than η ratio of the maximum sensor coverage. We also provide the optimal transmission power of the sensor, which minimizes the average energy consumption while guaranteeing certain level of the η-coverage probability. Numerical results validate the theoretical analysis and show the tendency of the optimal transmission power according to the maximum number of retransmissions. This paper can pave the way to efficient design of the AoI-sensitive sensor networks for IoT.","high","B5","1","B5=high","B5=The abstract treats freshness, age of information, timeliness, stale data, or value of information as a correctness or control variable.","B5=It supplies a transferable diagnostic or design hypothesis for detecting transport-induced loss, duplication, reordering, staleness, timing error, or observation/action mismatch in the Reflex episode loop.","B5=true","primary_assignment","Jinwoong Kim, Minsu Kim, Jemin Lee","","arxiv:2103.07149","arxiv:2103.07149","8782421075791706804","","q09-syn-aoi | q19-mech-freshness","","","B5","false","false","false","false","b5/assigned-paper-manifest.json | b5/assigned-paper-manifest.jsonl | b5/canonical-registry.jsonl | b5/evidence-digest.jsonl | b5/raw-retrieval/q09-syn-aoi.json | b5/raw-retrieval/q19-mech-freshness.json","b5/abstract-triage.jsonl"
"193","4","arxiv:2104.13873","Evaluating the Performance of Over-the-Air Time Synchronization for 5G and TSN Integration","HIGH","B1","Evaluating the Performance of Over-the-Air Time Synchronization for 5G and TSN Integration","arxiv:2104.13873","The IEEE 802.1 time-sensitive networking (TSN) standards aim at improving the real-time capabilities of standard Ethernet. TSN is widely recognized as the long-term replacement of proprietary technologies for industrial control systems. However, wired connectivity alone is not sufficient to meet the requirements of future industrial systems. The fifth-generation (5G) mobile/cellular technology has been designed with native support for ultra-reliable low-latency communication (uRLLC). 5G is promising to meet the stringent requirements of industrial systems in the wireless domain. Converged operation of 5G and TSN systems is crucial for achieving end-to-end deterministic connectivity in industrial networks. Accurate time synchronization is key to integrated operation of 5G and TSN systems. To this end, this paper evaluates the performance of over-the-air time synchronization mechanism which has been proposed in 3GPP Release 16. We analyze the accuracy of time synchronization through the boundary clock approach in the presence of clock drift and different air-interface timing errors related to reference time indication. We also investigate frequency and scalability aspects of over-the-air time synchronization. Our performance evaluation reveals the conditions under which 1 Î¼ s or below requirement for TSN time synchronization can be achieved.","high","B1","1","B1=high","B1=The study evaluates over-the-air synchronization accuracy and failure sensitivity when 5G links integrate with time-sensitive networking.","","B1=true","primary_assignment","Haochuan Shi, Adnan Aijaz, Nan Jiang","2021","arxiv:2104.13873","arxiv:2104.13873","1831187552194481792","","","","","B1","true","false","false","false","b1/assigned-paper-manifest.json | b1/assigned-paper-manifest.jsonl | b1/assigned-registry.jsonl | b1/canonical-registry.jsonl | b1/follow-up-manifest.jsonl | b1/inspection-manifest.jsonl | b1/raw-q08-embedded.json","b1/assigned-paper-manifest.jsonl | b1/triage.jsonl"
"198","4","arxiv:2105.05590","Budget-based real-time Executor for Micro-ROS","HIGH","B7 | B8","Budget-based real-time Executor for Micro-ROS","arxiv:2105.05590","The Robot Operating System (ROS) is a popular robotics middleware framework. In the last years, it underwent a redesign and reimplementation under the name ROS 2. It now features QoS-configurable communication and a flexible layered architecture. Micro-ROS is a variant developed specifically for resource-constrained microcontrollers (MCU). Such MCUs are commonly used in robotics for sensors and actuators, for time-critical control functions, and for safety. While the execution management of ROS 2 has been addressed by an Executor concept, its lack of real-time capabilities make it unsuitable for industrial use. Neither defining an execution order nor the assignment of scheduling parameters to tasks is possible, despite the fact that advanced real-time scheduling algorithms are well-known and available in modern RTOS's. For example, the NuttX RTOS supports a variant of the reservation-based scheduling which is very attractive for industrial applications: It allows to assign execution time budgets to software components so that a system integrator can thereby guarantee the real-time requirements of the entire system. This paper presents for the first time a ROS 2 Executor design which enables the real-time scheduling capabilities of the operating system. In particular, we successfully demonstrate the budget-based scheduling of the NuttX RTOS with a micro-ROS application on an STM32 microcontroller.","high","B7 | B8","2","B7=high | B8=high","B7=Maps ROS2 executor work to NuttX reservation budgets on an STM32 microcontroller for time-critical components. | B8=Expansion candidate was surfaced by a related-paper graph around a B8 seed and is triaged from its title and abstract.","B7=It brings executor timing observability to sensor/actuator-class microcontrollers. | B8=It may add a reusable observability, replay, timing, or failure-injection mechanism to the B8 evidence family.","B7=true | B8=true","expansion_round_1","","2021","2105.05590 | 8109041691506008034 | arxiv:2105.05590","arxiv:2105.05590","8109041691506008034","","17-ros2-flow","","","B7 | B8","false","false","false","false","b1/expansion/expansion-manifest.jsonl | b2/raw-q09-ros2.txt | b3/expansion-registry.json | b3/raw-q17-ros2-flow.json | b3/registry.json | b4/raw-retrieval/q12-ROS-2-executor.json | b7/canonical-registry.json | b7/expansion/expansion-registry-final.json | b7/expansion/expansion-registry.json | b7/raw-retrieval/q08-synonym-event.json | b7/raw-retrieval/q11-mechanism-executor.json | b7/raw-retrieval/q19-failure-deadlines.json | b7/raw-retrieval/q35-foundational-realtime.json | b7/raw-retrieval/q36-foundational-eval.json | b8/expansion-canonical-registry.json | b8/expansion-follow-up-manifest.json | b8/expansion-inspection-manifest.json | b8/expansion-registry.json","b7/expansion-additions-triage.jsonl | b8/expansion-triage.jsonl"
"203","4","arxiv:2106.09206","QWin: Enforcing Tail Latency SLO at Shared Storage Backend","HIGH","B4","QWin: Enforcing Tail Latency SLO at Shared Storage Backend","arxiv:2106.09206","Consolidating latency-critical (LC) and best-effort (BE) tenants at storage backend helps to increase resources utilization. Even if tenants use dedicated queues and threads to achieve performance isolation, threads are still contend for CPU cores. Therefore, we argue that it is necessary to partition cores between LC and BE tenants, and meanwhile each core is dedicated to run a thread. Expect for frequently changing bursty load, fluctuated service time at storage backend also drastically changes the need of cores. In order to guarantee tail latency service level objectives (SLOs), the abrupt","high","B4","1","B4=high","B4=tail; queue","B4=Expansion seed adds an independent queueing, scheduling, contention, transport, or tail-latency mechanism for cross-checking the B4 synthesis and Reflex transfer path.","B4=true","expansion_round_1","","","","arxiv:2106.09206","","","","","","B4","false","false","false","false","b4/expansion/expansion-followup-manifest.jsonl | b4/raw-retrieval/q08-tail-latency-distributed.json | b4/raw-retrieval/q18-load-shedding-backpressure.json","b4/expansion/expansion-followup-triage.jsonl"
"208","4","arxiv:2108.06503","Packaging research artefacts with RO-Crate","HIGH","B2","Packaging research artefacts with RO-Crate","arxiv:2108.06503","RO-Crate is a lightweight machine-readable packaging approach based on Schema.org annotations in JSON-LD. It packages the items contributing to a research outcome with identifiers, provenance, relations, and annotations to support FAIR and reproducible reuse.","high","B2","1","B2=high","B2=Packages identified research inputs, software, outputs, relations, and provenance as machine-readable JSON-LD metadata using Schema.org.","B2=Provides a concrete portable container for immutable episode evidence and later replay/audit.","B2=true","primary_assignment","Stian Soiland-Reyes | Peter Sefton | Mercè Crosas | Leyla Jael Castro | Frederik Coppens | José M. Fernández | Daniel Garijo | Björn Grüning | Marco La Rosa | Simone Leo | Eoghan Ó Carragáin | Marc Portier | Ana Trisovic | RO-Crate Community | Paul Groth | Carole Goble","2021","","","9050444341386784658","cs.DL","expansion-references-01","related-references","general","B2","false","false","false","false","b2/registry-expansion-additions.json | b2/registry-final.json","b2/triage-expansion-additions.jsonl | b2/triage-final.jsonl"
"213","4","arxiv:2109.06979","CORNET 2.0: A Co-Simulation Middleware for Robot Networks","HIGH","B8","CORNET 2.0: A Co-Simulation Middleware for Robot Networks","arxiv:2109.06979","We present a networked co-simulation framework for multi-robot systems applications. We require a simulation framework that captures both physical interactions and communications aspects to effectively design such complex systems. This is necessary to co-design the multi-robots' autonomy logic and the communication protocols. The proposed framework extends existing tools to simulate the robot's autonomy and network-related aspects. We have used Gazebo with ROS/ROS2 to develop the autonomy logic for robots and mininet-WiFi as the network simulator to capture the cyber-physical systems properties of the multi-robot system. This framework addresses the need to seamlessly integrate the two simulation environments by synchronizing mobility and time, allowing for easy migration of the algorithms to real platforms. The framework supports container-based virtualization and extends a generic robotic framework by decoupling the data plane and control plane.","high","B8","1","B8=high","B8=Expansion candidate was surfaced by a related-paper graph around a B8 seed and is triaged from its title and abstract.","B8=It may add a reusable observability, replay, timing, or failure-injection mechanism to the B8 evidence family.","B8=true","expansion_round_1","","2021","arxiv:2109.06979","arxiv:2109.06979","5254347152473674180","","cyber-physical systems distributed tracing time synchronization provenance observability robotics","firecrawl research search-papers","","B8","false","false","false","false","b8/canonical-registry.json | b8/expansion-canonical-registry.json | b8/expansion-follow-up-manifest.json | b8/expansion-inspection-manifest.json | b8/expansion-registry.json | b8/raw/syn-01.json","b8/expansion-triage.jsonl"
"218","4","arxiv:2110.05819","Event-Based high-speed low-latency fiducial marker tracking","MEDIUM","B7","Event-Based high-speed low-latency fiducial marker tracking","arxiv:2110.05819","Motion and dynamic environments, especially under challenging lighting conditions, are still an open issue for robust robotic applications. In this paper, we propose an end-to-end pipeline for real-time, low latency, 6 degrees-of-freedom pose estimation of fiducial markers. Instead of achieving a pose estimation through a conventional frame-based approach, we employ the high-speed abilities of event-based sensors to directly refine the spatial transformation, using consecutive events. Furthermore, we introduce a novel two-way verification process for detecting tracking errors by backtracking the estimated pose, allowing us to evaluate the quality of our tracking. This approach allows us to achieve pose estimation at a rate up to 156 kHz, while only relying on CPU resources. The average end-to-end latency of our method is 3 ms. Experimental results demonstrate outstanding potential for robotic tasks, such as visual servoing in fast action-perception loops.","medium","B7","1","B7=medium","B7=Uses event streams and two-way pose verification to produce and quality-check high-rate, low-latency marker observations.","B7=The event timestamp and quality-check pattern transfers to observation-capture telemetry for fast robot loops.","B7=true","primary_assignment","","","arxiv:2110.05819","arxiv:2110.05819","8052172092931288696","","","","","B7","false","false","false","false","b7/assigned-paper-manifest.json | b7/assigned-paper-manifest.jsonl | b7/canonical-registry.json | b7/raw-retrieval/q23-failure-nondeterminism.json","b7/abstract-triage.jsonl"
"223","4","arxiv:2111.14255","Automated Runtime-Aware Scheduling for Multi-Tenant DNN Inference on GPU","HIGH","B6","Automated Runtime-Aware Scheduling for Multi-Tenant DNN Inference on GPU","arxiv:2111.14255","With the fast development of deep neural networks (DNNs), many real-world applications are adopting multiple models to conduct compound tasks, such as co-running classification, detection, and segmentation models on autonomous vehicles. Such multi-tenant DNN inference cases greatly exacerbate the computational complexity and call for comprehensive collaboration for graph-level operator scheduling, runtime-level resource awareness, as well as hardware scheduler support. However, the current scheduling support for such multi-tenant inference is still relatively backward. In this work, we propose a resource-aware scheduling framework for efficient multi-tenant DNN inference on GPU, which automatically coordinates DNN computing in different execution levels. Leveraging the unified scheduling intermediate representation and the automated ML-based searching algorithm, optimal schedules could be generated to wisely adjust model concurrency and interleave DNN model operators, maintaining a continuously balanced resource utilization across the entire inference process, and eventually improving the runtime efficiency. Experiments show that we could consistently achieve 1.3-1.7x speed-up, compared to regular DNN runtime libraries (e.g., CuDNN, TVM) and particular concurrent scheduling methods (e.g., NVIDIA Multi-Stream).","high","B6","1","B6=high","B6=The abstract describes concurrent accelerator workloads and resource isolation, partitioning, or interference-aware scheduling as the latency mechanism.","B6=It provides a basis for distinguishing accelerator contention and interference from intrinsic model latency.","B6=true","primary_assignment","Fuxun Yu, Shawn Bray, Di Wang, Longfei Shangguan, Xulong Tang, Chenchen Liu, Xiang Chen","","arxiv:2111.14255","arxiv:2111.14255","241742114835861439","cs.DC","q14 | q24 | q35 | q37","firecrawl research search-papers","false","B6","false","true","false","false","b6/assigned-evidence-index.jsonl | b6/assigned-paper-manifest.jsonl | b6/assigned-registry.jsonl | b6/canonical-registry.json | b6/canonical-registry.jsonl | b6/follow-up-manifest.jsonl | b6/inspection-evidence.jsonl | b6/inspection-manifest.jsonl | b6/raw-retrieval/q14-mechanism-contention.json | b6/raw-retrieval/q24-adjacent-driving.json | b6/raw-retrieval/q35-foundational-nexus.json | b6/raw-retrieval/q37-foundational-shepherd.json | b6/read-evidence-manifest.jsonl","b6/abstract-triage-inherited-89.jsonl | b6/abstract-triage.jsonl | b6/assigned-paper-manifest.jsonl"
"228","4","arxiv:2201.06325","A Tree Clock Data Structure for Causal Orderings in Concurrent Executions","HIGH","B1 | B2","A Tree Clock Data Structure for Causal Orderings in Concurrent Executions","arxiv:2201.06325","Dynamic techniques are a scalable and effective way to analyze concurrent programs. Instead of analyzing all behaviors of a program, these techniques detect errors by focusing on a single program execution. Often a crucial step in these techniques is to define a causal ordering between events in the execution, which is then computed using vector clocks, a simple data structure that stores logical times of threads. The two basic operations of vector clocks, namely join and copy, require Î˜(k) time, where k is the number of threads. Thus they are a computational bottleneck when k is large. In this work, we introduce tree clocks, a new data structure that replaces vector clocks for computing causal orderings in program executions. Joining and copying tree clocks takes time that is roughly proportional to the number of entries being modified, and hence the two operations do not suffer the a-priori Î˜(k) cost per application. We show that when used to compute the classic happens-before (HB) partial order, tree clocks are optimal, in the sense that no other data structure can lead to smaller asymptotic running time. Moreover, we demonstrate that tree clocks can be used to compute other partial orders, such as schedulable-happens-before (SHB) and the standard Mazurkiewicz (MAZ) partial order, and thus are a versatile data structure. Our experiments show that just by replacing vector clocks with tree clocks, the computation becomes from 2.02 Ã— faster (MAZ) to 2.66 Ã— (SHB) and 2.97 Ã— (HB) on average per benchmark. These results illustrate that tree clocks have the potential to become a standard data structure with wide applications in concurrent analyses.","high","B1 | B2","2","B1=high | B2=high","B1=Tree clocks represent happens-before state with joins and copies proportional to modified entries instead of full vector size. | B2=Compresses vector-clock causal histories with a tree structure for scalable concurrent-execution ordering.","B2=Offers a compact causal context for high-event-rate robot runtimes.","B1=true | B2=true","primary_assignment","Umang Mathur, Andreas Pavlogiannis, HÃ¼nkar Can TunÃ§, Mahesh Viswanathan","2022","arxiv:2201.06325","arxiv:2201.06325","4933248457993419130","cs.DC | cs.DS | cs.LO | cs.PL | cs.SE","q03-causality | q13-foundations","semantic-search","general","B1 | B2","true","false","false","false","b1/assigned-paper-manifest.json | b1/assigned-paper-manifest.jsonl | b1/assigned-registry.jsonl | b1/canonical-registry.jsonl | b1/follow-up-manifest.jsonl | b1/inspection-manifest.jsonl | b1/raw-q04-logical.json | b1/raw-q10-causal-diagnosis.json | b1/raw-q11-foundational.json | b1/raw-q14-lamport-exact.json | b2/raw-q03-causality.txt | b2/raw-q13-foundations.txt | b2/registry-final.json | b2/registry.json | b3/raw-q33-lamport.json | b3/raw-q34-vector-clocks.json | b3/registry.json | b5/canonical-registry.jsonl | b5/raw-retrieval/q40-found-clocks.json","b1/assigned-paper-manifest.jsonl | b1/triage.jsonl | b2/triage-final.jsonl | b2/triage.jsonl"
"233","4","arxiv:2202.09189","Task-oriented Scheduling for Networked Control Systems: An Age of Information-Aware Implementation on Software-defined Radios","MEDIUM","B4","Task-oriented Scheduling for Networked Control Systems: An Age of Information-Aware Implementation on Software-defined Radios","arxiv:2202.09189","Networked control systems (NCSs) are feedback control loops that are closed over a communication network. Emerging applications, such as telerobotics, drones and autonomous driving are the most prominent examples of such systems. Regular and timely information sharing between the components of NCSs is essential to fulfill the desired control tasks, as stale information can lead to performance degradation or even physical damage. In this work, we consider multiple heterogeneous NCSs that transmit their system state over a shared physical wireless channel towards a gateway node. We conduct a com","medium","B4","1","B4=medium","B4=scheduling/deadline policy; stage-wise latency attribution; robotic or cyber-physical transfer; network/transport transfer","B4=Directly informs the Reflex robot-loop timing budget and the evidence needed to separate execution, transport, and hardware effects.","B4=true","primary_assignment","Onur Ayan; Polina Kutsevol; Hasan Yağız Özkan; Wolfgang Kellerer","2022","arxiv:2202.09189","arxiv:2202.09189","arxiv:2202.09189","cs.IT | cs.SY | eess.SY | math.IT","q03-queueing-delay-scheduling.json","","","B4","false","false","false","false","b4/assigned-paper-manifest.jsonl | b4/canonical-registry.json | b4/raw-retrieval/q03-queueing-delay-scheduling.json | b5/canonical-registry.jsonl | b5/raw-retrieval/q02-direct-freshness.json","b4/abstract-triage.jsonl"
"238","4","arxiv:2204.10208","Message Flow Analysis with Complex Causal Links for Distributed ROS 2 Systems","HIGH","B2 | B3 | B7 | B8","Message Flow Analysis with Complex Causal Links for Distributed ROS 2 Systems","arxiv:2204.10208","Distributed robotic systems rely heavily on the publish-subscribe communication paradigm and middleware frameworks that support it, such as the Robot Operating System (ROS), to efficiently implement modular computation graphs. The ROS 2 executor, a high-level task scheduler which handles ROS 2 messages, is a performance bottleneck. We extend ros2tracing, a framework with instrumentation and tools for real-time tracing of ROS 2, with the analysis and visualization of the flow of messages across distributed ROS 2 systems. Our method detects one-to-many and many-to-many causal links between input and output messages, including indirect causal links through simple user-level annotations. We validate our method on both synthetic and real robotic systems, and demonstrate its low runtime overhead. Moreover, the underlying intermediate execution representation database can be further leveraged to extract additional metrics and high-level results. This can provide valuable timing and scheduling information to further study and improve the ROS 2 executor as well as optimize any ROS 2 system. The source code is available at: https://github.com/christophebedard/ros2-message-flow-analysis.","high","B2 | B3 | B7 | B8","4","B2=high | B3=high | B7=high | B8=medium","B2=Infers one-to-many and many-to-many message causal links using tracing and user annotations. | B3=Extends ROS 2 tracing to infer one-to-many and many-to-many message causal links, including annotated indirect links. | B7=Extends ros2tracing with one-to-many and many-to-many message-causality detection plus a database of execution and scheduling events. | B8=The paper uses runtime traces and correlated message or compute events to expose execution paths and timing behavior.","B2=Handles fan-out and fan-in in the sensor-to-inference-to-action graph where parent IDs are not one-to-one. | B3=Matches fan-out/fan-in observation, inference, and action flows that cannot use one-parent span assumptions. | B7=It directly localizes ROS 2 episode latency across callbacks and distributed message paths with low runtime overhead. | B8=It transfers directly to robot inference episodes by linking sensor, middleware, inference, and outcome evidence.","B2=true | B3=true | B7=true | B8=true","primary_assignment","Christophe BÃ©dard | Pierre-Yves Lajoie | Giovanni Beltrame | Michel Dagenais","2022","arxiv:2204.10208","arxiv:2204.10208","2046346140503261134","cs.RO","02-critical-path | 05-event-graph | 13-causal-profiling | 16-ros2-causal | 17-ros2-flow | 18-ros2-timing | 20-robot-middleware | 38-recent-ros | foundational-02 | mechanism-03 | q04-message-flow | q07-sequence-correlation | q09-ros2 | syn-01","firecrawl research search-papers | semantic-search","foundational | general","B2 | B3 | B7 | B8","true","true","true","true","b1/expansion/expansion-manifest.jsonl | b2/raw-q04-message-flow.txt | b2/raw-q07-sequence-correlation.txt | b2/raw-q09-ros2.txt | b2/raw_01_direct.json | b2/registry-final.json | b2/registry.json | b3/assigned-evidence-index.jsonl | b3/assigned.json | b3/expansion-registry.json | b3/follow-up-manifest.jsonl | b3/inspection-evidence.jsonl | b3/raw-q02-critical-path.json | b3/raw-q05-event-graph.json | b3/raw-q13-causal-profiling.json | b3/raw-q16-ros2-causal.json | b3/raw-q17-ros2-flow.json | b3/raw-q18-ros2-timing.json | b3/raw-q20-robot-middleware.json | b3/raw-q38-recent-ros.json | b3/read-evidence-manifest.jsonl | b3/registry.json | b4/raw-retrieval/q12-ROS-2-executor.json | b5/canonical-registry.jsonl | b5/raw-retrieval/q17-mech-dedup.json | b5/raw-retrieval/q18-mech-correlation.json | b7/assigned-paper-manifest.json | b7/assigned-paper-manifest.jsonl | b7/canonical-registry.json | b7/expansion/expansion-registry-final.json | b7/expansion/expansion-registry.json | b7/raw-retrieval/q01-direct-ros2-latency.json | b7/raw-retrieval/q03-direct-dds-tracing.json | b7/raw-retrieval/q06-synonym-runtime.json | b7/raw-retrieval/q08-synonym-event.json | b7/raw-retrieval/q11-mechanism-executor.json | b7/raw-retrieval/q15-mechanism-causal-trace.json | b7/raw-retrieval/q18-mechanism-events.json | b7/raw-retrieval/q19-failure-deadlines.json | b7/raw-retrieval/q22-failure-serialization.json | b7/raw-retrieval/q25-failure-localization.json | b7/raw-retrieval/q30-adjacent-distributed.json | b7/raw-retrieval/q35-foundational-realtime.json | b8/assigned-paper-manifest.json | b8/canonical-registry.json | b8/expansion-canonical-registry.json | b8/expansion-registry.json | b8/follow-up-manifest.json | b8/inspection-manifest.json | b8/raw/foundational-02.json | b8/raw/mechanism-03.json | b8/raw/syn-01.json | b8/targeted-read-manifest.json","b2/triage-final.jsonl | b2/triage.jsonl | b3/triage.jsonl | b7/abstract-triage.jsonl | b8/abstract-triage.jsonl | b8/expansion-triage.jsonl"
"243","4","arxiv:2205.05314","Statistical Characterization of Closed-Loop Latency at the Mobile Edge","MEDIUM","B7","Statistical Characterization of Closed-Loop Latency at the Mobile Edge","arxiv:2205.05314","The stringent timing and reliability requirements in mission-critical applications require a detailed statistical characterization of the latency. Teleoperation is a representative use case, in which a human operator (HO) remotely controls a robot by exchanging command and feedback signals. We present a framework to analyze the latency of a closed-loop teleoperation system consisting of three entities: HO, robot located in remote environment, and a Base Station (BS) with Mobile edge Computing (MEC) capabilities. A model of each component of the system is used to analyze the closed-loop latency and decide upon the optimal compression strategy. The closed-form expression of the distribution of the closed-loop latency is difficult to estimate, such that suitable upper and lower bounds are obtained. We formulate a non-convex optimization problem to minimize the closed-loop latency. Using the obtained upper and lower bound on the closed-loop latency, a computationally efficient procedure to optimize the closed-loop latency is presented. The simulation results reveal that compression of sensing data is not always beneficial, while system design based on average performance leads to under-provisioning and may cause performance degradation. The applicability of the proposed analysis is much wider than teleoperation, for systems whose latency budget consists of many components.","medium","B7","1","B7=medium","B7=Models closed-loop latency as component distributions across operator, robot, base station, compression, and network paths.","B7=The component-budget approach transfers to episode-level observation-to-action attribution, though the setting is teleoperation.","B7=true","primary_assignment","","","arxiv:2205.05314","arxiv:2205.05314","5558018996350719341","","","","","B7","false","false","false","false","b4/raw-retrieval/q01-tail-latency-jitter.json | b4/raw-retrieval/q02-latency-distribution-percentile.json | b4/raw-retrieval/q03-queueing-delay-scheduling.json | b4/raw-retrieval/q10-latency-distribution-measurement.json | b7/assigned-paper-manifest.json | b7/assigned-paper-manifest.jsonl | b7/canonical-registry.json | b7/raw-retrieval/q31-adjacent-networked.json","b7/abstract-triage.jsonl"
"248","4","arxiv:2206.14767","Verified Causal Broadcast with Liquid Haskell","HIGH","B2 | B5","Verified Causal Broadcast with Liquid Haskell","arxiv:2206.14767","Protocols to ensure that messages are delivered in causal order are a ubiquitous building block of distributed systems. For instance, distributed data storage systems can use causally ordered message delivery to ensure causal consistency, and CRDTs can rely on the existence of an underlying causally-ordered messaging layer to simplify their implementation. A causal delivery protocol ensures that when a message is delivered to a process, any causally preceding messages sent to the same process have already been delivered to it. While causal delivery protocols are widely used, verification of th","high","B2 | B5","2","B2=high | B5=medium","B2=Formally verifies causal-broadcast ordering and delivery properties in typed code. | B5=The abstract examines event-time processing, late or out-of-order data, stream windows, watermarks, or message ordering.","B2=Shows how event-order invariants can be made executable and checked at runtime boundaries. | B5=It supplies a transferable diagnostic or design hypothesis for detecting transport-induced loss, duplication, reordering, staleness, timing error, or observation/action mismatch in the Reflex episode loop.","B2=true | B5=true","primary_assignment","Patrick Redmond | Gan Shen | Niki Vazou | Lindsey Kuper","2022","arxiv:2206.14767","arxiv:2206.14767","4985834491566190888","cs.DC | cs.PL","q04-message-flow | q07-sequence-correlation | q34-adj-distributed | q40-found-clocks","semantic-search","general","B2 | B5","false","false","false","true","b2/raw-q04-message-flow.txt | b2/raw-q07-sequence-correlation.txt | b2/registry-final.json | b2/registry.json | b3/raw-q28-causal-validation.json | b3/raw-q33-lamport.json | b3/registry.json | b5/assigned-paper-manifest.json | b5/assigned-paper-manifest.jsonl | b5/canonical-registry.jsonl | b5/evidence-digest.jsonl | b5/raw-retrieval/q34-adj-distributed.json | b5/raw-retrieval/q40-found-clocks.json","b2/triage-final.jsonl | b2/triage.jsonl | b5/abstract-triage.jsonl"
"253","4","arxiv:2207.11428","MISO: Exploiting Multi-Instance GPU Capability on Multi-Tenant Systems for Machine Learning","HIGH","B6","MISO: Exploiting Multi-Instance GPU Capability on Multi-Tenant Systems for Machine Learning","arxiv:2207.11428","GPU technology has been improving at an expedited pace in terms of size and performance, empowering HPC and AI/ML researchers to advance the scientific discovery process. However, this also leads to inefficient resource usage, as most GPU workloads, including complicated AI/ML models, are not able to utilize the GPU resources to their fullest extent -- encouraging support for GPU multi-tenancy. We propose MISO, a technique to exploit the Multi-Instance GPU (MIG) capability on the latest NVIDIA datacenter GPUs (e.g., A100, H100) to dynamically partition GPU resources among co-located jobs. MISO's key insight is to use the lightweight, more flexible Multi-Process Service (MPS) capability to predict the best MIG partition allocation for different jobs, without incurring the overhead of implementing them during exploration. Due to its ability to utilize GPU resources more efficiently, MISO achieves 49% and 16% lower average job completion time than the unpartitioned and optimal static GPU partition schemes, respectively.","high","B6","1","B6=high","B6=The abstract describes concurrent accelerator workloads and resource isolation, partitioning, or interference-aware scheduling as the latency mechanism.","B6=It provides a basis for distinguishing accelerator contention and interference from intrinsic model latency.","B6=true","primary_assignment","Baolin Li, Tirthak Patel, Siddarth Samsi, Vijay Gadepally, Devesh Tiwari","","arxiv:2207.11428","arxiv:2207.11428","5043095908945791586","cs.AR | cs.DC","q14","firecrawl research search-papers","false","B6","false","true","false","false","b4/raw-retrieval/q16-multi-tenant-GPU-contention.json | b6/assigned-evidence-index.jsonl | b6/assigned-paper-manifest.jsonl | b6/assigned-registry.jsonl | b6/canonical-registry.json | b6/canonical-registry.jsonl | b6/follow-up-manifest.jsonl | b6/inspection-evidence.jsonl | b6/inspection-manifest.jsonl | b6/raw-retrieval/q14-mechanism-contention.json | b6/read-evidence-manifest.jsonl","b6/abstract-triage-inherited-89.jsonl | b6/abstract-triage.jsonl | b6/assigned-paper-manifest.jsonl"
"258","4","arxiv:2209.01136","The Syncline Model -- Analyzing the Impact of Time Synchronization in Sensor Fusion","HIGH","B1 | B7","The Syncline Model -- Analyzing the Impact of Time Synchronization in Sensor Fusion","arxiv:2209.01136","The accuracy of sensor fusion algorithms are limited by either the intrinsic sensor noise, or by the quality of time synchronization of the sensors. While the intrinsic sensor noise only depends on the respective sensors, the error induced by quality of, or lack of, synchronization depends on the dynamics of the vehicles and robotic system and the magnitude of time synchronization errors. To meet their sensor fusion requirements, system designers must consider both which sensor to use and also how to synchronize them. This paper presents the Syncline model, a simple visual model of how time synchronization affects the accuracy of sensor fusion for different mobile robot platform. The model can serve as a simple tool to determine which synchronization mechanisms should be used.","high","B1 | B7","2","B1=high | B7=high","B1=A sensor-fusion model quantifies how relative timestamp error changes fused-state behavior and synchronization requirements. | B7=Visualizes how sensor synchronization error combines with platform dynamics to degrade fusion accuracy.","B7=It links a measurable timing defect to downstream correctness without proposing delayed-action compensation.","B1=true | B7=true","primary_assignment","Erling Rennemo Jellum, Torleiv HÃ¥land Bryne, Tor Arne Johansen, Milica OrlandÃ­c","2022","arxiv:2209.01136","arxiv:2209.01136","6282554262719065803","","","","","B1 | B7","true","false","false","false","b1/assigned-paper-manifest.json | b1/assigned-paper-manifest.jsonl | b1/assigned-registry.jsonl | b1/canonical-registry.jsonl | b1/follow-up-manifest.jsonl | b1/inspection-manifest.jsonl | b1/raw-q07-robotics.json | b7/assigned-paper-manifest.json | b7/assigned-paper-manifest.jsonl | b7/canonical-registry.json | b7/raw-retrieval/q09-synonym-cps.json","b1/assigned-paper-manifest.jsonl | b1/triage.jsonl | b7/abstract-triage.jsonl"
"263","4","arxiv:2209.09206","A Learning-Based Trajectory Planning of Multiple UAVs for AoI Minimization in IoT Networks","HIGH","B5","A Learning-Based Trajectory Planning of Multiple UAVs for AoI Minimization in IoT Networks","arxiv:2209.09206","Many emerging Internet of Things (IoT) applications rely on information collected by sensor nodes where the freshness of information is an important criterion. Age of Information (AoI) is a metric that quantifies information timeliness, i.e., the freshness of the received information or status update. This work considers a setup of deployed sensors in an IoT network, where multiple unmanned aerial vehicles (UAVs) serve as mobile relay nodes between the sensors and the base station. We formulate an optimization problem to jointly plan the UAVs' trajectory, while minimizing the AoI of the received messages. This ensures that the received information at the base station is as fresh as possible. The complex optimization problem is efficiently solved using a deep reinforcement learning (DRL) algorithm. In particular, we propose a deep Q-network, which works as a function approximation to estimate the state-action value function. The proposed scheme is quick to converge and results in a lower AoI than the random walk scheme. Our proposed algorithm reduces the average age by approximately 25% and requires down to 50% less energy when compared to the baseline scheme.","high","B5","1","B5=high","B5=The abstract treats freshness, age of information, timeliness, stale data, or value of information as a correctness or control variable.","B5=It supplies a transferable diagnostic or design hypothesis for detecting transport-induced loss, duplication, reordering, staleness, timing error, or observation/action mismatch in the Reflex episode loop.","B5=true","primary_assignment","Eslam Eldeeb, Dian Echevarría Pérez, Jean Michel de Souza Sant'Ana, Mohammad Shehab, Nurul Huda Mahmood, Hirley Alves, Matti Latva-aho","","arxiv:2209.09206","arxiv:2209.09206","4151462417804694101","","q02-direct-freshness | q09-syn-aoi | q36-adj-iot","","","B5","false","false","false","false","b5/assigned-paper-manifest.json | b5/assigned-paper-manifest.jsonl | b5/canonical-registry.jsonl | b5/evidence-digest.jsonl | b5/raw-retrieval/q02-direct-freshness.json | b5/raw-retrieval/q09-syn-aoi.json | b5/raw-retrieval/q36-adj-iot.json","b5/abstract-triage.jsonl"
"268","4","arxiv:2210.13062","A partial order view of message-passing communication models","HIGH","B2","A partial order view of message-passing communication models","arxiv:2210.13062","There is a wide variety of message-passing communication models, ranging from synchronous ''rendez-vous'' communications to fully asynchronous/out-of-order communications. For large-scale distributed systems, the communication model is determined by the transport layer of the network, and a few classes of orders of message delivery (FIFO, causally ordered) have been identified in the early days of distributed computing. For local-scale message-passing applications, e.g., running on a single machine, the communication model may be determined by the actual implementation of message buffers and b","high","B2","1","B2=high","B2=Represents message-passing executions as partial orders rather than arbitrary total event sequences.","B2=Prevents false causal claims when robot callbacks and transports execute concurrently.","B2=true","primary_assignment","Cinzia Di Giusto | Davide FerrÃ© | Laetitia Laversa | Etienne Lozes","2022","arxiv:2210.13062","arxiv:2210.13062","6555743431389180458","cs.CL | cs.FL | cs.SC","q07-sequence-correlation","semantic-search","general","B2","false","false","false","false","b2/raw-q07-sequence-correlation.txt | b2/registry-final.json | b2/registry.json | b3/raw-q33-lamport.json | b3/registry.json | b5/canonical-registry.jsonl | b5/raw-retrieval/q34-adj-distributed.json | b5/raw-retrieval/q40-found-clocks.json","b2/triage-final.jsonl | b2/triage.jsonl"
"273","4","arxiv:2211.07752","Robot Operating System 2: Design, Architecture, and Uses In The Wild","MEDIUM","B5 | B8","Robot Operating System 2: Design, Architecture, and Uses In The Wild","arxiv:2211.07752","The next chapter of the robotics revolution is well underway with the deployment of robots for a broad range of commercial use-cases. Even in a myriad of applications and environments, there exists a common vocabulary of components that robots share - the need for a modular, scalable, and reliable architecture; sensing; planning; mobility; and autonomy. The Robot Operating System (ROS) was an integral part of the last chapter, demonstrably expediting robotics research with freely-available components and a modular framework. However, ROS 1 was not designed with many necessary production-grade features and algorithms. ROS 2 and its related projects have been redesigned from the ground up to meet the challenges set forth by modern robotic systems in new and exploratory domains at all scales. In this review, we highlight the philosophical and architectural changes of ROS 2 powering this new chapter in the robotics revolution. We also show through case studies the influence ROS 2 and its adoption has had on accelerating real robot systems to reliable deployment in an assortment of challenging environments.","medium","B5 | B8","2","B5=medium | B8=medium","B5=The related-paper result extends an already-covered B5 transport family and is retained as a strong seed or neighboring mechanism for packet correctness, freshness, ordering, reliability, or timing. | B8=Expansion candidate was surfaced by a related-paper graph around a B8 seed and is triaged from its title and abstract.","B5=It tests whether the B5 synthesis mechanism map is stable beyond the multi-formulation search results and supplies a transferable hypothesis for the Reflex episode loop. | B8=It may add a reusable observability, replay, timing, or failure-injection mechanism to the B8 evidence family.","B5=true | B8=true","expansion_round_1","Steve Macenski, Tully Foote, Brian Gerkey, Chris Lalancette, William Woodall","2022","2211.07752 | 3847082001983098144 | arxiv:2211.07752","arxiv:2211.07752","3847082001983098144","","","","","B5 | B8","false","false","false","false","b1/expansion/expansion-manifest.jsonl | b3/expansion-registry.json | b5/evidence-digest.jsonl | b7/expansion/expansion-registry.json | b8/expansion-canonical-registry.json | b8/expansion-follow-up-manifest.json | b8/expansion-inspection-manifest.json | b8/expansion-registry.json","b5/expansion/expansion-triage.jsonl | b8/expansion-triage.jsonl"
"278","4","arxiv:2301.12865","SMDP-Based Dynamic Batching for Efficient Inference on GPU-Based Platforms","MEDIUM","B6","SMDP-Based Dynamic Batching for Efficient Inference on GPU-Based Platforms","arxiv:2301.12865","In up-to-date machine learning (ML) applications on cloud or edge computing platforms, batching is an important technique for providing efficient and economical services at scale. In particular, parallel computing resources on the platforms, such as graphics processing units (GPUs), have higher computational and energy efficiency with larger batch sizes. However, larger batch sizes may also result in longer response time, and thus it requires a judicious design. This paper aims to provide a dynamic batching policy that strikes a balance between efficiency and latency. The GPU-based inference service is modeled as a batch service queue with batch-size dependent processing time. Then, the design of dynamic batching is a continuous-time average-cost problem, and is formulated as a semi-Markov decision process (SMDP) with the objective of minimizing the weighted sum of average response time and average power consumption. The optimal policy is acquired by solving an associated discrete-time Markov decision process (MDP) problem with finite state approximation and ""discretization"". By introducing an abstract cost to reflect the impact of ""tail"" states, the space complexity and the time complexity of the procedure can decrease by 63.5% and 98%, respectively. Our results show that the optimal policies potentially possess a control limit structure. Numerical results also show that SMDP-based batching policies can adapt to different traffic intensities and outperform other benchmark policies. Furthermore, the proposed solution has notable flexibility in balancing power consumption and latency.","medium","B6","1","B6=medium","B6=The abstract describes request or token batching and a scheduling policy that trades queueing delay against accelerator efficiency and tail latency.","B6=It provides evidence for attributing latency to queueing and batch formation rather than to model compute alone.","B6=false","primary_assignment","","","arxiv:2301.12865","arxiv:2301.12865","8575008579183754695","","q02 | q05 | q06 | q23 | q32 | q39","firecrawl research search-papers","false","B6","false","false","false","false","b4/raw-retrieval/q15-dynamic-batching-queueing.json | b6/assigned-evidence-index.jsonl | b6/assigned-paper-manifest.jsonl | b6/assigned-registry.jsonl | b6/canonical-registry.json | b6/canonical-registry.jsonl | b6/raw-retrieval/q002.json | b6/raw-retrieval/q005.json | b6/raw-retrieval/q006.json | b6/raw-retrieval/q06-synonym-batching.json | b6/raw-retrieval/q23-failure-tradeoff.json | b6/raw-retrieval/q32-foundational-serving.json | b6/raw-retrieval/q39-foundational-triton.json","b6/abstract-triage-inherited-89.jsonl | b6/abstract-triage.jsonl | b6/assigned-paper-manifest.jsonl"
"283","4","arxiv:2303.01084","Enabling Low-Overhead Over-the-Air Synchronization Using Online Learning","MEDIUM","B1","Enabling Low-Overhead Over-the-Air Synchronization Using Online Learning","arxiv:2303.01084","Accurate network synchronization is a key enabler for services such as coherent transmission, cooperative decoding, and localization in distributed and cell-free networks. Unlike centralized networks, where synchronization is generally needed between a user and a base station, synchronization in distributed networks needs to be maintained between several cooperative devices, which is an inherently challenging task due to hardware imperfections and environmental influences on the clock, such as temperature. As a result, distributed networks have to be frequently synchronized, introducing a significant synchronization overhead. In this paper, we propose an online-LSTM-based model for clock skew and drift compensation, to elongate the period at which synchronization signals are needed, decreasing the synchronization overhead. We conducted comprehensive experimental results to assess the performance of the proposed model. Our measurement-based results show that the proposed model reduces the need for re-synchronization between devices by an order of magnitude, keeping devices synchronized with a precision of at least 10 microseconds with a probability 90%.","medium","B1","1","B1=medium","B1=Online learning predicts clock skew and drift so synchronization messages can be sent less frequently while maintaining an error target.","","B1=true","primary_assignment","Dieter Verbruggen, Hazem Sallouha, Sofie Pollin","2023","arxiv:2303.01084","arxiv:2303.01084","7950640249493260280","","","","","B1","true","false","false","false","b1/assigned-paper-manifest.json | b1/assigned-paper-manifest.jsonl | b1/assigned-registry.jsonl | b1/canonical-registry.jsonl | b1/follow-up-manifest.jsonl | b1/inspection-manifest.jsonl | b1/raw-q01-direct.json","b1/assigned-paper-manifest.jsonl | b1/triage.jsonl"
"288","4","arxiv:2305.09933","Impact of ROS 2 Node Composition in Robotic Systems","MEDIUM","B8","Impact of ROS 2 Node Composition in Robotic Systems","arxiv:2305.09933","The Robot Operating System 2 (ROS 2) is the second generation of ROS representing a step forward in the robotic framework. Several new types of nodes and executor models are integral to control where, how, and when information is processed in the computational graph. This paper explores and benchmarks one of these new node types -- the Component node -- which allows nodes to be composed manually or dynamically into processes while retaining separation of concerns in a codebase for distributed development. Composition is shown to achieve a high degree of performance optimization, particularly valuable for resource-constrained systems and sensor processing pipelines, enabling distributed tasks that would not be otherwise possible in ROS 2. In this work, we briefly introduce the significance and design of node composition, then our contribution of benchmarking is provided to analyze its impact on robotic systems. Its compelling influence on performance is shown through several experiments on the latest Long Term Support (LTS) ROS 2 distribution, Humble Hawksbill.","medium","B8","1","B8=medium","B8=Expansion candidate was surfaced by a related-paper graph around a B8 seed and is triaged from its title and abstract.","B8=It may add a reusable observability, replay, timing, or failure-injection mechanism to the B8 evidence family.","B8=true","expansion_round_1","","2023","2305.09933 | 2832457880473375515 | arxiv:2305.09933","arxiv:2305.09933","2832457880473375515","","38-recent-ros","","","B8","false","false","false","false","b2/raw-q09-ros2.txt | b3/expansion-registry.json | b3/raw-q38-recent-ros.json | b3/registry.json | b4/raw-retrieval/q12-ROS-2-executor.json | b7/canonical-registry.json | b7/expansion/expansion-registry-final.json | b7/expansion/expansion-registry.json | b7/raw-retrieval/q11-mechanism-executor.json | b8/expansion-canonical-registry.json | b8/expansion-registry.json","b8/expansion-triage.jsonl"
"293","4","arxiv:2307.10658","ProvLight: Efficient Workflow Provenance Capture on the Edge-to-Cloud Continuum","HIGH","B2","ProvLight: Efficient Workflow Provenance Capture on the Edge-to-Cloud Continuum","arxiv:2307.10658","Modern scientific workflows require hybrid infrastructures combining numerous decentralized resources on the IoT/Edge interconnected to Cloud/HPC systems (aka the Computing Continuum) to enable their optimized execution. Understanding and optimizing the performance of such complex Edge-to-Cloud workflows is challenging. Capturing the provenance of key performance indicators, with their related data and processes, may assist in understanding and optimizing workflow executions. However, the capture overhead can be prohibitive, particularly in resource-constrained devices, such as the ones on the","high","B2","1","B2=high","B2=Captures workflow provenance with lightweight edge mechanisms under constrained resources.","B2=Directly transfers to on-robot provenance collection with limited compute and storage.","B2=true","primary_assignment","Daniel Rosendo | Marta Mattoso | Alexandru Costan | Renan Souza | DÃ©bora Pina | Patrick Valduriez | Gabriel Antoniu","2023","","","1281561148514675649","cs.DB | cs.DC | cs.PF","q05-provenance","semantic-search","general","B2","false","false","false","false","b2/raw-q05-provenance.txt | b2/registry-final.json | b2/registry.json","b2/triage-final.jsonl | b2/triage.jsonl"
"298","4","arxiv:2309.00558","FaST-GShare: Enabling Efficient Spatio-Temporal GPU Sharing in Serverless Computing for Deep Learning Inference","HIGH","B6","FaST-GShare: Enabling Efficient Spatio-Temporal GPU Sharing in Serverless Computing for Deep Learning Inference","arxiv:2309.00558","Serverless computing (FaaS) has been extensively utilized for deep learning (DL) inference due to the ease of deployment and pay-per-use benefits. However, existing FaaS platforms utilize GPUs in a coarse manner for DL inferences, without taking into account spatio-temporal resource multiplexing and isolation, which results in severe GPU under-utilization, high usage expenses, and SLO (Service Level Objectives) violation. There is an imperative need to enable an efficient and SLO-aware GPU-sharing mechanism in serverless computing to facilitate cost-effective DL inferences. In this paper, we propose FaST-GShare, an efficient FaaS-oriented Spatio-Temporal GPU Sharing architecture for deep learning inferences. In the architecture, we introduce the FaST-Manager to limit and isolate spatio-temporal resources for GPU multiplexing. In order to realize function performance, the automatic and flexible FaST-Profiler is proposed to profile function throughput under various resource allocations. Based on the profiling data and the isolation mechanism, we introduce the FaST-Scheduler with heuristic auto-scaling and efficient resource allocation to guarantee function SLOs. Meanwhile, FaST-Scheduler schedules function with efficient GPU node selection to maximize GPU usage. Furthermore, model sharing is exploited to mitigate memory contention. Our prototype implementation on the OpenFaaS platform and experiments on MLPerf-based benchmark prove that FaST-GShare can ensure resource isolation and function SLOs. Compared to the time sharing mechanism, FaST-GShare can improve throughput by 3.15x, GPU utilization by 1.34x, and SM (Streaming Multiprocessor) occupancy by 3.13x on average.","high","B6","1","B6=high","B6=The abstract describes concurrent accelerator workloads and resource isolation, partitioning, or interference-aware scheduling as the latency mechanism.","B6=It provides a basis for distinguishing accelerator contention and interference from intrinsic model latency.","B6=true","primary_assignment","Jianfeng Gu, Yichao Zhu, Puxuan Wang, Mohak Chadha, Michael Gerndt","","arxiv:2309.00558","arxiv:2309.00558","8848142068881548333","cs.DC","q07 | q35 | q37","firecrawl research search-papers","false","B6","false","true","false","false","b6/assigned-evidence-index.jsonl | b6/assigned-paper-manifest.jsonl | b6/assigned-registry.jsonl | b6/canonical-registry.json | b6/canonical-registry.jsonl | b6/follow-up-manifest.jsonl | b6/inspection-evidence.jsonl | b6/inspection-manifest.jsonl | b6/raw-retrieval/q007.json | b6/raw-retrieval/q35-foundational-nexus.json | b6/raw-retrieval/q37-foundational-shepherd.json | b6/read-evidence-manifest.jsonl","b6/abstract-triage-inherited-89.jsonl | b6/abstract-triage.jsonl | b6/assigned-paper-manifest.jsonl"
"303","4","arxiv:2309.14687","On The Effects of The Variations In Network Characteristics In Cyber Physical Systems","MEDIUM","B7","On The Effects of The Variations In Network Characteristics In Cyber Physical Systems","arxiv:2309.14687","The popular robotic simulator, Gazebo, lacks the feature of simulating the effects of control latency that would make it a fully-fledged cyber-physical system (CPS) simulator. The CPS that we address to measure is a robotic arm (UR5) controlled remotely with velocity commands. The main goal is to measure Quality of Control (QoC) related KPIs during various network conditions in a simulated environment. We propose a Gazebo plugin to make the above measurement feasible by making Gazebo capable to delay internal control and status messages and also to interface with external network simulators to derive even more advanced network effects. Our preliminary evaluation shows that there is certainly an effect on the behavior of the robotic arm with the introduced network latency in line with our expectations, but a more detailed further study is needed.","medium","B7","1","B7=medium","B7=Adds controllable latency and network effects to a Gazebo robotic-arm simulation and measures behavior under varied conditions.","B7=It offers a reproducible action-channel timing testbed, although the abstract reports preliminary rather than mature attribution results.","B7=true","primary_assignment","","","arxiv:2309.14687","arxiv:2309.14687","7083568474338593043","","","","","B7","false","false","false","false","b7/assigned-paper-manifest.json | b7/assigned-paper-manifest.jsonl | b7/canonical-registry.json | b7/raw-retrieval/q31-adjacent-networked.json","b7/abstract-triage.jsonl"
"308","4","arxiv:2310.19699","Optimizing Logical Execution Time Model for Both Determinism and Low Latency","HIGH","B4","Optimizing Logical Execution Time Model for Both Determinism and Low Latency","arxiv:2310.19699","The Logical Execution Time (LET) programming model has recently received considerable attention, particularly because of its timing and dataflow determinism. In LET, task computation appears always to take the same amount of time (called the task's LET interval), and the task reads (resp. writes) at the beginning (resp. end) of the interval. Compared to other communication mechanisms, such as implicit communication and Dynamic Buffer Protocol (DBP), LET performs worse on many metrics, such as end-to-end latency (including reaction time and data age) and time disparity jitter. Compared with the","high","B4","1","B4=high","B4=jitter and timing variation; queueing and buffering; stage-wise latency attribution","B4=Supplies a transferable mechanism for explaining tail behavior and deciding which per-stage measurements the Reflex evidence model must preserve.","B4=true","primary_assignment","Sen Wang; Dong Li; Ashrarul H. Sifat; Shao-Yu Huang; Xuanliang Deng; Changhee Jung; Ryan Williams; Haibo Zeng","2024","arxiv:2310.19699","arxiv:2310.19699","arxiv:2310.19699","cs.OS | cs.SC | cs.SY | eess.SY","q01-tail-latency-jitter.json","","","B4","false","false","false","false","b3/raw-q18-ros2-timing.json | b3/registry.json | b4/assigned-paper-manifest.jsonl | b4/canonical-registry.json | b4/raw-retrieval/q01-tail-latency-jitter.json","b4/abstract-triage.jsonl"
"313","4","arxiv:2311.09032","Nahida: In-Band Distributed Tracing with eBPF","HIGH","B2 | B7","Nahida: In-Band Distributed Tracing with eBPF","arxiv:2311.09032","Microservices are commonly used in modern cloud-native applications to achieve agility. However, the complexity of service dependencies in large-scale microservices systems can lead to anomaly propagation, making fault troubleshooting a challenge. To address this issue, distributed tracing systems have been proposed to trace complete request execution paths, enabling developers to troubleshoot anomalous services. However, existing distributed tracing systems have limitations such as invasive instrumentation, trace loss, or inaccurate trace correlation. To overcome these limitations, we propose a new tracing system based on eBPF (extended Berkeley Packet Filter), named Nahida, that can track complete requests in the kernel without intrusion, regardless of programming language or implementation. Our evaluation results show that Nahida can track over 92% of requests with stable accuracy, even under the high concurrency of user requests, while the state-of-the-art non-invasive approaches can not track any of the requests. Importantly, Nahida can track requests served by a multi-threaded application that none of the existing invasive tracing systems can handle by instrumenting tracing codes into libraries. Moreover, the overhead introduced by Nahida is negligible, increasing service latency by only 1.55%-2.1%. Overall, Nahida provides an effective and non-invasive solution for distributed tracing.","high","B2 | B7","2","B2=high | B7=high","B2=Tracks request identity in the kernel and correlates multi-threaded service requests without invasive application instrumentation. | B7=Tracks complete requests in the kernel without application changes and correlates multi-threaded requests with low latency overhead.","B2=Provides a low-overhead way to preserve end-to-end identity when user-space spans are missing. | B7=Non-invasive eBPF tracing can instrument opaque robot binaries, drivers, and connectors while retaining request identity.","B2=true | B7=true","primary_assignment","Wanqi Yang | Pengfei Chen | Kai Liu | Huxing Zhang","2023","arxiv:2311.09032","arxiv:2311.09032","5934440152243555294","cs.OS","q01-direct | q02-identifiers | q04-message-flow | q08-ebpf | q11-failures | q12-recent","semantic-search","general","B2 | B7","false","false","false","false","b2/raw-q01-direct.txt | b2/raw-q02-identifiers.txt | b2/raw-q04-message-flow.txt | b2/raw-q08-ebpf.txt | b2/raw-q11-failures.txt | b2/raw-q12-recent.txt | b2/raw_01_direct.json | b2/registry-final.json | b2/registry.json | b3/raw-q04-trace-causality.json | b3/raw-q07-trace-loss.json | b3/raw-q09-error-propagation.json | b3/raw-q14-async-critical.json | b3/raw-q21-ebpf.json | b3/raw-q23-host-telemetry.json | b3/raw-q35-classic-tracing.json | b3/raw-q39-recent-ebpf.json | b3/registry.json | b7/assigned-paper-manifest.json | b7/assigned-paper-manifest.jsonl | b7/canonical-registry.json | b7/raw-retrieval/q28-adjacent-cps-tracing.json | b7/raw-retrieval/q30-adjacent-distributed.json | b8/canonical-registry.json | b8/raw/adjacent-05.json | b8/raw/foundational-02.json","b2/triage-final.jsonl | b2/triage.jsonl | b7/abstract-triage.jsonl"
"318","4","arxiv:2311.13336","On the Analysis of AoI-Reliability Tradeoff in Heterogeneous IIoT Networks","HIGH","B5","On the Analysis of AoI-Reliability Tradeoff in Heterogeneous IIoT Networks","arxiv:2311.13336","Age of information (AoI) and reliability are two critical metrics to support real-time applications in Industrial Internet of Things (IIoT). These metrics reflect different concepts of timely delivery of sensor information. Monitoring traffic serves to maintain fresh status updates, expressed in a low AoI, which is important for proper control and actuation actions. On the other hand, safety-critical information, e.g., emergency alarms, is generated sporadically and must be delivered with high reliability within a predefined deadline. In this work, we investigate the AoI-reliability trade-off in a real-time monitoring scenario that supports two traffic flows, namely AoI-oriented traffic and deadline-oriented traffic. Both traffic flows are transmitted to a central controller over an unreliable shared channel. We derive expressions of the average AoI for the AoI-oriented traffic and reliability, represented by Packet Loss Probability (PLP), for the deadline-oriented traffic using Discrete-Time Markov Chain (DTMC). We also conduct discrete-event simulations in MATLAB to validate the analytical results and evaluate the interaction between the two types of traffic flows. The results clearly demonstrate the tradeoff between the AoI and PLP in such heterogeneous IIoT networks and give insights on how to configure the network to achieve a target pair of AoI and PLP.","high","B5","1","B5=high","B5=The abstract treats freshness, age of information, timeliness, stale data, or value of information as a correctness or control variable.","B5=It supplies a transferable diagnostic or design hypothesis for detecting transport-induced loss, duplication, reordering, staleness, timing error, or observation/action mismatch in the Reflex episode loop.","B5=true","primary_assignment","Hossam Farag, Syed Muhammad Ali, Cedomir Stefanovic","","arxiv:2311.13336","arxiv:2311.13336","247037372463674570","","q30-adj-cps | q36-adj-iot","","","B5","false","false","false","false","b5/assigned-paper-manifest.json | b5/assigned-paper-manifest.jsonl | b5/canonical-registry.jsonl | b5/evidence-digest.jsonl | b5/raw-retrieval/q30-adj-cps.json | b5/raw-retrieval/q36-adj-iot.json","b5/abstract-triage.jsonl"
"323","4","arxiv:2312.15123","Admission Control with Response Time Objectives for Low-latency Online Data Systems","HIGH","B4","Admission Control with Response Time Objectives for Low-latency Online Data Systems","arxiv:2312.15123","To provide quick responses to users, Internet companies rely on online data systems able to answer queries in milliseconds. These systems employ complementary overload management techniques to ensure they provide a continued, acceptable service through-out traffic surges, where 'acceptable' partly means that serviced queries meet or track closely their response time objectives. Thus, in this paper we present Bouncer, an admission control policy aimed to keep admitted queries under or near their service level objectives (SLOs) on percentile response times. It computes inexpensive estimates of p","high","B4","1","B4=high","B4=tail/percentile behavior; scheduling/deadline policy; backpressure/overload control; stage-wise latency attribution","B4=Supplies a transferable mechanism for explaining tail behavior and deciding which per-stage measurements the Reflex evidence model must preserve.","B4=true","primary_assignment","Hao Xu; Juan A. Colmenares","2023","arxiv:2312.15123","arxiv:2312.15123","arxiv:2312.15123","cs.DB | cs.DC | cs.PF","q18-load-shedding-backpressure.json","","","B4","false","false","false","false","b4/assigned-paper-manifest.jsonl | b4/canonical-registry.json | b4/raw-retrieval/q18-load-shedding-backpressure.json","b4/abstract-triage.jsonl"
"328","4","arxiv:2401.12815","COREC: Concurrent Non-Blocking Single-Queue Receive Driver for Low Latency Networking","MEDIUM","B4","COREC: Concurrent Non-Blocking Single-Queue Receive Driver for Low Latency Networking","arxiv:2401.12815","Existing network stacks tackle performance and scalability aspects by relying on multiple receive queues. However, at software level, each queue is processed by a single thread, which prevents simultaneous work on the same queue and limits performance in terms of tail latency. To overcome this limitation, we introduce COREC, the first software implementation of a concurrent non-blocking single-queue receive driver. By sharing a single queue among multiple threads, workload distribution is improved, leading to a work-conserving policy for network stacks. On the technical side, instead of relyin","medium","B4","1","B4=medium","B4=tail/percentile behavior; queueing and buffering; head-of-line blocking; network/transport transfer","B4=Supplies a transferable mechanism for explaining tail behavior and deciding which per-stage measurements the Reflex evidence model must preserve.","B4=true","primary_assignment","Marco Faltelli; Giacomo Belocchi; Francesco Quaglia; Giuseppe Bianchi","2024","arxiv:2401.12815","arxiv:2401.12815","arxiv:2401.12815","cs.DC | cs.NI","q08-tail-latency-distributed.json","","","B4","false","false","false","false","b4/assigned-paper-manifest.jsonl | b4/canonical-registry.json | b4/raw-retrieval/q08-tail-latency-distributed.json | b5/canonical-registry.jsonl | b5/raw-retrieval/q44-recent-rosdds.json","b4/abstract-triage.jsonl"
"333","4","arxiv:2402.05981","Anatomizing Deep Learning Inference in Web Browsers","HIGH","B6","Anatomizing Deep Learning Inference in Web Browsers","arxiv:2402.05981","Web applications have increasingly adopted Deep Learning (DL) through in-browser inference, wherein DL inference performs directly within Web browsers. The actual performance of in-browser inference and its impacts on the quality of experience (QoE) remain unexplored, and urgently require new QoE measurements beyond traditional ones, e.g., mainly focusing on page load time. To bridge this gap, we make the first comprehensive performance measurement of in-browser inference to date. Our approach proposes new metrics to measure in-browser inference: responsiveness, smoothness, and inference accuracy. Our extensive analysis involves 9 representative DL models across Web browsers of 50 popular PC devices and 20 mobile devices. The results reveal that in-browser inference exhibits a substantial latency gap, averaging 16.9 times slower on CPU and 4.9 times slower on GPU compared to native inference on PC devices. The gap on mobile CPU and mobile GPU is 15.8 times and 7.8 times, respectively. Furthermore, we identify contributing factors to such latency gap, including underutilized hardware instruction sets, inherent overhead in the runtime environment, resource contention within the browser, and inefficiencies in software libraries and GPU abstractions. Additionally, in-browser inference imposes significant memory demands, at times exceeding 334.6 times the size of the DL models themselves, partly attributable to suboptimal memory management. We also observe that in-browser inference leads to a significant 67.2% increase in the time it takes for GUI components to render within Web browsers, significantly affecting the overall user QoE of Web applications reliant on this technology","high","B6","1","B6=high","B6=The abstract describes concurrent accelerator workloads and resource isolation, partitioning, or interference-aware scheduling as the latency mechanism.","B6=It provides a basis for distinguishing accelerator contention and interference from intrinsic model latency.","B6=true","primary_assignment","Qipeng Wang, Shiqi Jiang, Zhenpeng Chen, Xu Cao, Yuanchun Li, Aoyu Li, Yun Ma, Ting Cao, Xuanzhe Liu","","arxiv:2402.05981","arxiv:2402.05981","2358317468375885502","cs.LG | cs.PF","q40","firecrawl research search-papers","true","B6","false","true","false","false","b4/raw-retrieval/q06-contention-shared-GPU.json | b6/assigned-evidence-index.jsonl | b6/assigned-paper-manifest.jsonl | b6/assigned-registry.jsonl | b6/canonical-registry.json | b6/canonical-registry.jsonl | b6/follow-up-manifest.jsonl | b6/inspection-evidence.jsonl | b6/inspection-manifest.jsonl | b6/raw-retrieval/q40-foundational-wild.json | b6/read-evidence-manifest.jsonl","b6/abstract-triage-inherited-89.jsonl | b6/abstract-triage.jsonl | b6/assigned-paper-manifest.jsonl"
"338","4","arxiv:2403.06341","RTAB-Map as an Open-Source Lidar and Visual SLAM Library for Large-Scale and Long-Term Online Operation","MEDIUM","B8","RTAB-Map as an Open-Source Lidar and Visual SLAM Library for Large-Scale and Long-Term Online Operation","arxiv:2403.06341","Distributed as an open source library since 2013, RTAB-Map started as an appearance-based loop closure detection approach with memory management to deal with large-scale and long-term online operation. It then grew to implement Simultaneous Localization and Mapping (SLAM) on various robots and mobile platforms. As each application brings its own set of contraints on sensors, processing capabilities and locomotion, it raises the question of which SLAM approach is the most appropriate to use in terms of cost, accuracy, computation power and ease of integration. Since most of SLAM approaches are either visual or lidar-based, comparison is difficult. Therefore, we decided to extend RTAB-Map to support both visual and lidar SLAM, providing in one package a tool allowing users to implement and compare a variety of 3D and 2D solutions for a wide range of applications with different robots and sensors. This paper presents this extended version of RTAB-Map and its use in comparing, both quantitatively and qualitatively, a large selection of popular real-world datasets (e.g., KITTI, EuRoC, TUM RGB-D, MIT Stata Center on PR2 robot), outlining strengths and limitations of visual and lidar SLAM configurations from a practical perspective for autonomous navigation applications.","medium","B8","1","B8=medium","B8=Expansion candidate was surfaced by a related-paper graph around a B8 seed and is triaged from its title and abstract.","B8=It may add a reusable observability, replay, timing, or failure-injection mechanism to the B8 evidence family.","B8=true","expansion_round_1","","2024","2403.06341 | 4359142198374054776 | arxiv:2403.06341","arxiv:2403.06341","4359142198374054776","","","","","B8","false","false","false","false","b3/expansion-registry.json | b7/expansion/expansion-registry-final.json | b7/expansion/expansion-registry.json | b8/expansion-canonical-registry.json | b8/expansion-follow-up-manifest.json | b8/expansion-inspection-manifest.json | b8/expansion-registry.json","b8/expansion-triage.jsonl"
"343","4","arxiv:2403.13629","CheckMate: Evaluating Checkpointing Protocols for Streaming Dataflows","MEDIUM","B2","CheckMate: Evaluating Checkpointing Protocols for Streaming Dataflows","arxiv:2403.13629","Stream processing in the last decade has seen broad adoption in both commercial and research settings. One key element for this success is the ability of modern stream processors to handle failures while ensuring exactly-once processing guarantees. At the moment of writing, virtually all stream processors that guarantee exactly-once processing implement a variant of Apache Flink's coordinated checkpoints - an extension of the original Chandy-Lamport checkpoints from 1985. However, the reasons behind this prevalence of the coordinated approach remain anecdotal, as reported by practitioners of t","medium","B2","1","B2=medium","B2=Evaluates checkpoint protocols that preserve consistent stream-processing state across failures.","B2=Checkpointed stream state can anchor reconstruction after dropped or delayed events.","B2=false","primary_assignment","George Siachamis | Kyriakos Psarakis | Marios Fragkoulis | Arie van Deursen | Paris Carbone | Asterios Katsifodimos","2024","arxiv:2403.13629","arxiv:2403.13629","8499290748226340479","cs.DB | cs.DC","q10-streams","semantic-search","recent-2024-current","B2","false","false","false","false","b2/raw-q10-streams.txt | b2/registry-final.json | b2/registry.json | b5/canonical-registry.jsonl | b5/raw-retrieval/q08-syn-exactly-once.json | b5/raw-retrieval/q27-failure-stream.json | b5/raw-retrieval/q34-adj-distributed.json | b5/raw-retrieval/q35-adj-kafka.json | b5/raw-retrieval/q41-found-once.json | b5/raw-retrieval/q47-recent-stream.json","b2/triage-final.jsonl | b2/triage.jsonl"
"348","4","arxiv:2404.18208","ROS 2 on a Chip, Achieving Brain-Like Speeds and Efficiency in Robotic Networking","MEDIUM","B4","ROS 2 on a Chip, Achieving Brain-Like Speeds and Efficiency in Robotic Networking","arxiv:2404.18208","The Robot Operating System (ROS) pubsub model played a pivotal role in developing sophisticated robotic applications. However, the complexities and real-time demands of modern robotics necessitate more efficient communication solutions that are deterministic and isochronous. This article introduces a groundbreaking approach: embedding ROS 2 message-passing infrastructure directly onto a specialized hardware chip, significantly enhancing speed and efficiency in robotic communications. Our FPGA prototypes of the chip design can send or receive packages in less than 2.5 microseconds, accelerating","medium","B4","1","B4=medium","B4=jitter and timing variation; scheduling/deadline policy; robotic or cyber-physical transfer; network/transport transfer","B4=Directly informs the Reflex robot-loop timing budget and the evidence needed to separate execution, transport, and hardware effects.","B4=true","primary_assignment","Víctor Mayoral-Vilches; Juan Manuel Reina-Muñoz; Martiño Crespo-Álvarez; David Mayoral-Vilches","2024","arxiv:2404.18208","arxiv:2404.18208","arxiv:2404.18208","cs.RO","q01-tail-latency-jitter.json | q02-latency-distribution-percentile.json | q04-head-of-line-blocking-robotics.json | q10-latency-distribution-measurement.json | q12-ROS-2-executor.json","firecrawl research search-papers","recent","B4","false","false","false","false","b1/expansion/expansion-manifest.jsonl | b3/raw-q16-ros2-causal.json | b3/raw-q18-ros2-timing.json | b3/raw-q20-robot-middleware.json | b3/raw-q38-recent-ros.json | b3/registry.json | b4/assigned-paper-manifest.jsonl | b4/canonical-registry.json | b4/raw-retrieval/q01-tail-latency-jitter.json | b4/raw-retrieval/q02-latency-distribution-percentile.json | b4/raw-retrieval/q04-head-of-line-blocking-robotics.json | b4/raw-retrieval/q10-latency-distribution-measurement.json | b4/raw-retrieval/q12-ROS-2-executor.json | b5/canonical-registry.jsonl | b5/raw-retrieval/q03-direct-command.json | b5/raw-retrieval/q05-direct-rosdds.json | b5/raw-retrieval/q06-direct-manipulation.json | b5/raw-retrieval/q24-failure-retry.json | b5/raw-retrieval/q43-recent-robot.json | b5/raw-retrieval/q49-recent-transport.json | b7/canonical-registry.json | b7/expansion/expansion-registry-final.json | b7/expansion/expansion-registry.json | b7/raw-retrieval/q03-direct-dds-tracing.json | b7/raw-retrieval/q07-synonym-pubsub.json | b7/raw-retrieval/q13-mechanism-zerocopy.json | b7/raw-retrieval/q22-failure-serialization.json | b7/raw-retrieval/q32-adjacent-ros1-ros2.json | b7/raw-retrieval/q33-foundational-ros.json | b7/raw-retrieval/q36-foundational-eval.json | b7/raw-retrieval/q38-recent-tracing.json | b7/raw-retrieval/q39-recent-executor.json | b7/raw-retrieval/q41-recent-provenance.json | b7/raw-retrieval/q42-recent-performance.json | b8/canonical-registry.json | b8/raw/recent-02.json","b4/abstract-triage.jsonl"
"353","4","arxiv:2405.18384","Decentralized Picosecond Synchronization for Distributed Wireless Systems","MEDIUM","B1","Decentralized Picosecond Synchronization for Distributed Wireless Systems","arxiv:2405.18384","We demonstrate a wireless, decentralized time-alignment method for distributed antenna arrays and distributed wireless networks that achieves picosecond-level synchronization. Distributed antenna arrays consist of spatially separated antennas that coordinate their functionality at the wavelength level to achieve coherent operations such as distributed beamforming. Accurate time alignment (synchronization) of the local clocks on each node in the array is necessary to support accurate time-delay beamforming of modulated signals. In this work we combine a consensus averaging algorithm and a high-accuracy wireless two-way time transfer method to achieve decentralized time alignment, correcting for the time-varying bias of the clocks in a method that has no central node. Internode time transfer is based on a spectrally-sparse, two-tone signal achieving near-optimal time delay accuracy. We experimentally demonstrate the approach in a wireless four-node software-defined radio system, with various network connectivity graphs. We show that within 20 iterations all the nodes achieve convergence within a bias of less than 12 ps and a standard deviation of less than 3 ps. The performance is evaluated versus the bandwidth of the two-tone waveform, which impacts the synchronization error, and versus the signal-to-noise ratio.","medium","B1","1","B1=medium","B1=A decentralized wireless protocol targets picosecond-scale agreement using distributed timing exchanges.","","B1=true","primary_assignment","Naim Shandi, Jason M. Merlo, Jeffrey A. Nanzer","2024","arxiv:2405.18384","arxiv:2405.18384","2323014594144352108","","","","","B1","true","false","false","false","b1/assigned-paper-manifest.json | b1/assigned-paper-manifest.jsonl | b1/assigned-registry.jsonl | b1/canonical-registry.jsonl | b1/follow-up-manifest.jsonl | b1/inspection-manifest.jsonl | b1/raw-q09-recent.json","b1/assigned-paper-manifest.jsonl | b1/triage.jsonl"
"358","4","arxiv:2406.17420","Real-Time Remote Control via VR over Limited Wireless Connectivity","MEDIUM","B5","Real-Time Remote Control via VR over Limited Wireless Connectivity","arxiv:2406.17420","This work introduces a solution to enhance human-robot interaction over limited wireless connectivity. The goal is toenable remote control of a robot through a virtual reality (VR)interface, ensuring a smooth transition to autonomous mode in the event of connectivity loss. The VR interface provides accessto a dynamic 3D virtual map that undergoes continuous updatesusing real-time sensor data collected and transmitted by therobot. Furthermore, the robot monitors wireless connectivity and automatically switches to a autonomous mode in scenarios with limited connectivity. By integrating four key functionalities: real-time mapping, remote control through glasses VR, continuous monitoring of wireless connectivity, and autonomous navigation during limited connectivity, we achieve seamless end-to-end operation.","medium","B5","1","B5=medium","B5=The abstract links sensor, observation, action, actuator, or telemetry transport behavior to a robotic episode or control outcome.","B5=It supplies a transferable diagnostic or design hypothesis for detecting transport-induced loss, duplication, reordering, staleness, timing error, or observation/action mismatch in the Reflex episode loop.","B5=true","primary_assignment","H. P. Madushanka, Rafaela Scaciota, Sumudu Samarakoon, Mehdi Bennis","","arxiv:2406.17420","arxiv:2406.17420","6467458399946184133","","q16-mech-webrtc | q26-failure-wireless","","","B5","false","false","false","false","b5/assigned-paper-manifest.json | b5/assigned-paper-manifest.jsonl | b5/canonical-registry.jsonl | b5/evidence-digest.jsonl | b5/raw-retrieval/q16-mech-webrtc.json | b5/raw-retrieval/q26-failure-wireless.json","b5/abstract-triage.jsonl"
"363","4","arxiv:2407.08694","Cloud Atlas: Efficient Fault Localization for Cloud Systems using Language Models and Causal Insight","HIGH","B3","Cloud Atlas: Efficient Fault Localization for Cloud Systems using Language Models and Causal Insight","arxiv:2407.08694","Runtime failure and performance degradation is commonplace in modern cloud systems. For cloud providers, automatically determining the root cause of incidents is paramount to ensuring high reliability and availability as prompt fault localization can enable faster diagnosis and triage for timely resolution. A compelling solution explored in recent work is causal reasoning using causal graphs to capture relationships between varied cloud system performance metrics. To be effective, however, systems developers must correctly define the causal graph of their system, which is a time-consuming, brittle, and challenging task that increases in difficulty for large and dynamic systems and requires domain expertise. Alternatively, automated data-driven approaches have limited efficacy for cloud systems due to the inherent rarity of incidents. In this work, we present Atlas, a novel approach to automatically synthesizing causal graphs for cloud systems. Atlas leverages large language models (LLMs) to generate causal graphs using system documentation, telemetry, and deployment feedback. Atlas is complementary to data-driven causal discovery techniques, and we further enhance Atlas with a data-driven validation step. We evaluate Atlas across a range of fault localization scenarios and demonstrate that Atlas is capable of generating causal graphs in a scalable and generalizable manner, with performance that far surpasses that of data-driven algorithms and is commensurate to the ground-truth baseline.","high","B3","1","B3=high","B3=Synthesizes causal graphs from documentation, telemetry, and deployment feedback, then validates them with data-driven checks.","B3=Shows how partial domain knowledge can seed auditable dependency graphs when a complete model is unavailable.","B3=true","primary_assignment","","","arxiv:2407.08694","arxiv:2407.08694","8080217501498385215","","03-root-cause | 10-causal-hypergraph | 13-causal-profiling | 24-fault-injection","","","B3","false","false","false","false","b3/assigned-evidence-index.jsonl | b3/assigned.json | b3/follow-up-manifest.jsonl | b3/inspection-evidence.jsonl | b3/raw-q03-root-cause.json | b3/raw-q10-causal-hypergraph.json | b3/raw-q13-causal-profiling.json | b3/raw-q24-fault-injection.json | b3/read-evidence-manifest.jsonl | b3/registry.json","b3/triage.jsonl"
"368","4","arxiv:2408.05251","Columbo: Low Level End-to-End System Traces through Modular Full-System Simulation","MEDIUM","B8","Columbo: Low Level End-to-End System Traces through Modular Full-System Simulation","arxiv:2408.05251","Fully understanding performance is a growing challenge when building next-generation cloud systems. Often these systems build on next-generation hardware, and evaluation in realistic physical testbeds is out of reach. Even when physical testbeds are available, visibility into essential system aspects is a challenge in modern systems where system performance depends on often sub-Î¼ s interactions between HW and SW components. Existing tools such as performance counters, logging, and distributed tracing provide aggregate or sampled information, but remain insufficient for understanding individual requests in-depth. In this paper, we explore a fundamentally different approach to enable in-depth understanding of cloud system behavior at the software and hardware level, with (almost) arbitrarily fine-grained visibility. Our proposal is to run cloud systems in detailed full-system simulations, configure the simulators to collect detailed events without affecting the system, and finally assemble these events into end-to-end system traces that can be analyzed by existing distributed tracing tools.","medium","B8","1","B8=medium","B8=Expansion candidate was surfaced by a related-paper graph around a B8 seed and is triaged from its title and abstract.","B8=It may add a reusable observability, replay, timing, or failure-injection mechanism to the B8 evidence family.","B8=true","expansion_round_1","","2024","arxiv:2408.05251","arxiv:2408.05251","5852004840422352788","","foundational distributed tracing end-to-end latency causal path instrumentation","firecrawl research search-papers","foundational | recent","B8","false","false","false","false","b3/expansion-registry.json | b8/canonical-registry.json | b8/expansion-registry.json | b8/raw/foundational-02.json","b8/expansion-triage.jsonl"
"373","4","arxiv:2409.07080","Scenario Execution for Robotics: A generic, backend-agnostic library for running reproducible robotics experiments and tests","MEDIUM","B8","Scenario Execution for Robotics: A generic, backend-agnostic library for running reproducible robotics experiments and tests","arxiv:2409.07080","Testing and evaluation of robotics systems is a difficult and oftentimes tedious task due to the systems' complexity and a lack of tools to conduct reproducible robotics experiments. Additionally, almost all available tools are either tailored towards a specific application domain, simulator or middleware. Particularly scenario-based testing, a common practice in the domain of automated driving, is not sufficiently covered in the robotics domain. In this paper, we propose a novel backend- and middleware-agnostic approach for conducting systematic, reproducible and automatable robotics experiments called Scenario Execution for Robotics. Our approach is implemented as a Python library built on top of the generic scenario description language OpenSCENARIO 2 and Behavior Trees and is made publicly available on GitHub. In extensive experiments, we demonstrate that our approach supports multiple simulators as backend and can be used as a standalone Python-library or as part of the ROS2 ecosystem. Furthermore, we demonstrate how our approach enables testing over ranges of varying values. Finally, we show how Scenario Execution for Robotics allows to move from simulation-based to real-world experiments with minimal adaptations to the scenario description file.","medium","B8","1","B8=medium","B8=The paper uses simulation or a digital twin to reconstruct scenarios and evaluate system behavior under repeatable conditions.","B8=It transfers directly to robot inference episodes by linking sensor, middleware, inference, and outcome evidence.","B8=true","primary_assignment","","2024","arxiv:2409.07080","arxiv:2409.07080","4905831661341578901","","mechanism-04 | syn-03 | syn-04","firecrawl research search-papers","recent","B8","true","true","true","false","b8/assigned-paper-manifest.json | b8/canonical-registry.json | b8/expansion-canonical-registry.json | b8/expansion-registry.json | b8/follow-up-manifest.json | b8/inspection-manifest.json | b8/raw/mechanism-04.json | b8/raw/syn-03.json | b8/raw/syn-04.json | b8/targeted-read-manifest.json","b8/abstract-triage.jsonl | b8/expansion-triage.jsonl"
"378","4","arxiv:2410.06112","SwiftQueue: Optimizing Low-Latency Applications with Swift Packet Queuing","MEDIUM","B4","SwiftQueue: Optimizing Low-Latency Applications with Swift Packet Queuing","arxiv:2410.06112","Low Latency, Low Loss, and Scalable Throughput (L4S), as an emerging router-queue management technique, has seen steady deployment in the industry. An L4S-enabled router assigns each packet to the queue based on the packet header marking. Currently, L4S employs per-flow queue selection, i.e. all packets of a flow are marked the same way and thus use the same queues, even though each packet is marked separately. However, this may hurt tail latency and latency-sensitive applications because transient congestion and queue buildups may only affect a fraction of packets in a flow. We present SwiftQ","medium","B4","1","B4=medium","B4=tail/percentile behavior; queueing and buffering; backpressure/overload control; network/transport transfer","B4=Supplies a transferable mechanism for explaining tail behavior and deciding which per-stage measurements the Reflex evidence model must preserve.","B4=true","primary_assignment","Siddhant Ray; Xi Jiang; Jack Luo; Nick Feamster; Junchen Jiang","2026","arxiv:2410.06112","arxiv:2410.06112","arxiv:2410.06112","cs.LG | cs.NI","q08-tail-latency-distributed.json","firecrawl research search-papers","recent","B4","false","false","false","false","b4/assigned-paper-manifest.jsonl | b4/canonical-registry.json | b4/raw-retrieval/q08-tail-latency-distributed.json | b8/canonical-registry.json | b8/raw/failure-02.json","b4/abstract-triage.jsonl"
"383","4","arxiv:2410.18825","A generic approach for reactive stateful mitigation of application failures in distributed robotics systems deployed with Kubernetes","HIGH","B8","A generic approach for reactive stateful mitigation of application failures in distributed robotics systems deployed with Kubernetes","arxiv:2410.18825","Offloading computationally expensive algorithms to the edge or even cloud offers an attractive option to tackle limitations regarding on-board computational and energy resources of robotic systems. In cloud-native applications deployed with the container management system Kubernetes (K8s), one key problem is ensuring resilience against various types of failures. However, complex robotic systems interacting with the physical world pose a very specific set of challenges and requirements that are not yet covered by failure mitigation approaches from the cloud-native domain. In this paper, we therefore propose a novel approach for robotic system monitoring and stateful, reactive failure mitigation for distributed robotic systems deployed using Kubernetes (K8s) and the Robot Operating System (ROS2). By employing the generic substrate of Behaviour Trees, our approach can be applied to any robotic workload and supports arbitrarily complex monitoring and failure mitigation strategies. We demonstrate the effectiveness and application-agnosticism of our approach on two example applications, namely Autonomous Mobile Robot (AMR) navigation and robotic manipulation in a simulated environment.","high","B8","1","B8=high","B8=Expansion candidate was surfaced by a related-paper graph around a B8 seed and is triaged from its title and abstract.","B8=It may add a reusable observability, replay, timing, or failure-injection mechanism to the B8 evidence family.","B8=true","expansion_round_1","","2024","171086596173163810 | 2410.18825 | arxiv:2410.18825","arxiv:2410.18825","171086596173163810","","17-ros2-flow","","","B8","false","false","false","false","b3/raw-q17-ros2-flow.json | b3/registry.json | b7/expansion/expansion-registry-final.json | b8/expansion-canonical-registry.json | b8/expansion-follow-up-manifest.json | b8/expansion-inspection-manifest.json | b8/expansion-registry.json","b8/expansion-triage.jsonl"
"388","4","arxiv:2411.05285","AgentOps: Enabling Observability of LLM Agents","HIGH","B8","AgentOps: Enabling Observability of LLM Agents","arxiv:2411.05285","Large language model (LLM) agents have demonstrated remarkable capabilities across various domains, gaining extensive attention from academia and industry. However, these agents raise significant concerns on AI safety due to their autonomous and non-deterministic behavior, as well as continuous evolving nature . From a DevOps perspective, enabling observability in agents is necessary to ensuring AI safety, as stakeholders can gain insights into the agents' inner workings, allowing them to proactively understand the agents, detect anomalies, and prevent potential failures. Therefore, in this paper, we present a comprehensive taxonomy of AgentOps, identifying the artifacts and associated data that should be traced throughout the entire lifecycle of agents to achieve effective observability. The taxonomy is developed based on a systematic mapping study of existing AgentOps tools. Our taxonomy serves as a reference template for developers to design and implement AgentOps infrastructure that supports monitoring, logging, and analytics. thereby ensuring AI safety.","high","B8","1","B8=high","B8=Expansion candidate was surfaced by a related-paper graph around a B8 seed and is triaged from its title and abstract.","B8=It may add a reusable observability, replay, timing, or failure-injection mechanism to the B8 evidence family.","B8=true","expansion_round_1","","2024","2411.05285 | 8757164680856772979 | arxiv:2411.05285","arxiv:2411.05285","8757164680856772979","","","","","B8","false","false","false","false","b8/expansion-canonical-registry.json | b8/expansion-registry.json","b8/expansion-triage.jsonl"
"393","4","arxiv:2411.16355","A Framework for Consistency Models in Distributed Systems","MEDIUM","B1","A Framework for Consistency Models in Distributed Systems","arxiv:2411.16355","We define am axiomatic timeless framework for asynchronous distributed systems, together with well-formedness and consistency axioms, which unifies and generalizes the expressive power of current approaches. 1) It combines classic serialization per-process with a global visibility. 2) It defines a physical realizability well-formedness axiom to prevent physically impossible causality cycles, while allowing possible and useful visibility cycles, to allow synchronization-oriented abstractions. 3) Allows adding time-based constraints, from a logical or physical clock, either partially or totally ordered, in an optional and orthogonal way, while keeping models themselves timeless. 4) It simultaneously generalizes from memory to general abstractions, from sequential to concurrent specifications, either total or partial, and beyond serial executions. 5) Defines basic consistency axioms: monotonic visibility, local visibility, and closed past. These are satisfied by what we call serial consistency, but can be used as building blocks for novel consistency models with histories not explainable by any serial execution. 6) Revisits classic pipelined and causal consistency, revealing weaknesses in previous axiomatic models for PRAM and causal memory. 7) Introduces convergence and arbitration as safety properties for consistency models, departing from the use of eventual consistency, which conflates safety and liveness. 8) Formulates and proves the CLAM theorem for asynchronous distributed systems: any wait-free implementation of practically all data abstractions cannot simultaneously satisfy Closed past, Local visibility, Arbitration, and Monotonic visibility. While technically incomparable, the CLAM theorem is practically stronger than the CAP theorem, as it allows reasoning about the design space and possible tradeoffs in highly available partition tolerant systems.","medium","B1","1","B1=medium","B1=A framework relates consistency guarantees to ordering and visibility of distributed operations.","","B1=true","primary_assignment","Paulo SÃ©rgio Almeida","2024","arxiv:2411.16355","arxiv:2411.16355","4666080801596472025","","28-causal-validation | 34-vector-clocks","","","B1","true","false","false","false","b1/assigned-paper-manifest.json | b1/assigned-paper-manifest.jsonl | b1/assigned-registry.jsonl | b1/canonical-registry.jsonl | b1/follow-up-manifest.jsonl | b1/inspection-manifest.jsonl | b1/raw-q10-causal-diagnosis.json | b3/raw-q28-causal-validation.json | b3/raw-q34-vector-clocks.json | b3/registry.json | b5/canonical-registry.jsonl | b5/raw-retrieval/q40-found-clocks.json","b1/assigned-paper-manifest.jsonl | b1/triage.jsonl"
"398","4","arxiv:2412.08164","SRFS: Parallel Processing Fault-tolerant ROS2-based Flight Software for the Space Ranger CubeSat","HIGH","B7","SRFS: Parallel Processing Fault-tolerant ROS2-based Flight Software for the Space Ranger CubeSat","arxiv:2412.08164","Traditional Real-Time Operating Systems (RTOS) often suffer from limited parallel performance, whereas thread monitoring in Linux-based systems remains challenging. To overcome these limitations, this paper presents a satellite flight software system design based on the Robot Operating System (ROS), which utilizes its reliable built-in publish-subscribe messaging mechanism to facilitate inter-application communication. In response to the complex functional demands of modern small satellites, the proposed design integrates both hardware and software architectures, along with system scheduling and error-correction strategies. This integration supports efficient parallel data processing, enhances system reliability, and shortens the development cycle through code reuse. The system was rigorously evaluated through comprehensive tests covering time delay, system management, fault tolerance, and maintenance procedures. Experimental results confirm the system's effectiveness in telemetry, remote control, integration of new features, and autonomous error recovery. The findings underscore the high reliability and maintainability of the ROS-based satellite flight software, offering a valuable reference for the rapid development of high-performance small satellite systems.","high","B7","1","B7=high","B7=Uses ROS publish-subscribe, parallel processing, thread monitoring, telemetry, and error recovery in evaluated flight software.","B7=It demonstrates ROS-based observability and fault handling across hardware/software components under an embedded mission workload.","B7=true","primary_assignment","","","arxiv:2412.08164","arxiv:2412.08164","6234118449609484987","","38-recent-ros","","","B7","false","false","false","false","b3/raw-q38-recent-ros.json | b3/registry.json | b5/canonical-registry.jsonl | b5/raw-retrieval/q05-direct-rosdds.json | b7/assigned-paper-manifest.json | b7/assigned-paper-manifest.jsonl | b7/canonical-registry.json | b7/raw-retrieval/q42-recent-performance.json","b7/abstract-triage.jsonl"
"403","4","arxiv:2412.18812","A Tractable Approach for Queueing Analysis on Buffer-Aware Scheduling","HIGH","B4","A Tractable Approach for Queueing Analysis on Buffer-Aware Scheduling","arxiv:2412.18812","Low-latency communication has recently attracted considerable attention owing to its potential of enabling delay-sensitive services in next-generation industrial cyber-physical systems. To achieve target average or maximum delay given random arrivals and time-varying channels, buffer-aware scheduling is expected to play a vital role. Evaluating and optimizing buffer-aware scheduling relies on its queueing analysis, while existing tools are not sufficiently tractable. Particularly, Markov chain and Monte-Carlo based approaches are computationally intensive, while large deviation theory (LDT) an","high","B4","1","B4=high","B4=queueing and buffering; scheduling/deadline policy; stage-wise latency attribution; robotic or cyber-physical transfer","B4=Directly informs the Reflex robot-loop timing budget and the evidence needed to separate execution, transport, and hardware effects.","B4=true","primary_assignment","Lintao Li; Wei Chen","2025","arxiv:2412.18812","arxiv:2412.18812","arxiv:2412.18812","cs.IT | eess.SP | math.IT","q03-queueing-delay-scheduling.json","","","B4","false","false","false","false","b4/assigned-paper-manifest.jsonl | b4/canonical-registry.json | b4/raw-retrieval/q03-queueing-delay-scheduling.json","b4/abstract-triage.jsonl"
"408","4","arxiv:2502.00661","EKF-Based Radar-Inertial Odometry with Online Temporal Calibration","HIGH","B1","EKF-Based Radar-Inertial Odometry with Online Temporal Calibration","arxiv:2502.00661","Accurate time synchronization between heterogeneous sensors is crucial for ensuring robust state estimation in multi-sensor fusion systems. Sensor delays often cause discrepancies between the actual time when the event was captured and the time of sensor measurement, leading to temporal misalignment (time offset) between sensor measurement streams. In this paper, we propose an extended Kalman filter (EKF)-based radar-inertial odometry (RIO) framework that estimates the time offset online. The radar ego-velocity measurement model, derived from a single radar scan, is formulated to incorporate the time offset into the update. By leveraging temporal calibration, the proposed RIO enables accurate propagation and measurement updates based on a common time stream. Experiments on both simulated and real-world datasets demonstrate the accurate time offset estimation of the proposed method and its impact on RIO performance, validating the importance of sensor time synchronization. Our implementation of the EKF-RIO with online temporal calibration is available at https://github.com/spearwin/EKF-RIO-TC.","high","B1","1","B1=high","B1=An extended Kalman filter jointly estimates sensor state and online temporal offset for radar-inertial measurements.","","B1=true","primary_assignment","Changseung Kim, Geunsik Bae, Woojae Shin, Sen Wang, Hyondong Oh","2025","arxiv:2502.00661","arxiv:2502.00661","4432455909415076699","","","","","B1","true","false","false","false","b1/assigned-paper-manifest.json | b1/assigned-paper-manifest.jsonl | b1/assigned-registry.jsonl | b1/canonical-registry.jsonl | b1/follow-up-manifest.jsonl | b1/inspection-manifest.jsonl | b1/raw-q07-robotics.json | b7/canonical-registry.json | b7/raw-retrieval/q14-mechanism-clock.json","b1/assigned-paper-manifest.jsonl | b1/triage.jsonl"
"413","4","arxiv:2502.15524","HydraServe: Minimizing Cold Start Latency for Serverless LLM Serving in Public Clouds","MEDIUM","B6","HydraServe: Minimizing Cold Start Latency for Serverless LLM Serving in Public Clouds","arxiv:2502.15524","With the proliferation of large language model (LLM) variants, developers are turning to serverless computing for cost-efficient LLM deployment. However, public cloud providers often struggle to provide performance guarantees for serverless LLM serving due to significant cold start latency caused by substantial model sizes and complex runtime dependencies. To address this problem, we present HydraServe, a serverless LLM serving system designed to minimize cold start latency in public clouds. HydraServe proactively distributes models across servers to quickly fetch them, and overlaps cold-start stages within workers to reduce startup latency. Additionally, HydraServe strategically places workers across GPUs to avoid network contention among cold-start instances. To minimize resource consumption during cold starts, HydraServe further introduces pipeline consolidation that can merge groups of workers into individual serving endpoints. Our comprehensive evaluations under diverse settings demonstrate that HydraServe reduces the cold start latency by 1.7Ã—-- 4.7Ã— and improves service level objective attainment by 1.43Ã—--1.74Ã— compared to baselines.","medium","B6","1","B6=medium","B6=The abstract describes model loading, initialization, caching, or prewarming as a distinct source of inference startup latency.","B6=It separates startup effects from steady-state execution, which is needed to explain warm-versus-cold episode latency.","B6=true","primary_assignment","Chiheng Lou, Sheng Qi, Chao Jin, Dapeng Nie, Haoran Yang, Yu Ding, Xuanzhe Liu, Xin Jin","","arxiv:2502.15524","arxiv:2502.15524","887560099756378655","cs.DC","q07 | q13 | q19 | q29","firecrawl research search-papers","false","B6","false","true","false","false","b6/assigned-evidence-index.jsonl | b6/assigned-paper-manifest.json | b6/assigned-paper-manifest.jsonl | b6/assigned-registry.jsonl | b6/canonical-registry.json | b6/canonical-registry.jsonl | b6/follow-up-manifest.jsonl | b6/inspection-evidence.jsonl | b6/inspection-manifest.jsonl | b6/raw-retrieval/q007.json | b6/raw-retrieval/q13-mechanism-load.json | b6/raw-retrieval/q19-failure-cold.json | b6/raw-retrieval/q29-adjacent-serverless.json | b6/read-evidence-manifest.jsonl","b6/abstract-triage-inherited-89.jsonl | b6/abstract-triage.jsonl | b6/assigned-paper-manifest.jsonl"
"418","4","arxiv:2503.05033","bittide: Control Time, Not Flows","MEDIUM","B1","bittide: Control Time, Not Flows","arxiv:2503.05033","This paper presents the first hardware implementation of bittide, a decentralized clock synchronization mechanism for achieving logical synchrony in distributed systems. We detail the design and implementation of an 8-node bittide network using off-the-shelf FPGA boards and adjustable clock sources. Through experiments with various network topologies, including fully connected, hourglass, and cube, we demonstrate the effectiveness of bittide in aligning node frequencies and bounding buffer excursions. We collect and analyze frequency, buffer occupancy, and logical latency data, validating the hardware's performance against theoretical predictions and simulations. Our results show that bittide achieves tight frequency alignment, robustly handles varying physical latencies, and establishes a consistent notion of logical time across the network, enabling predictable distributed computation at scale with zero in-band overhead.","medium","B1","1","B1=medium","B1=An FPGA implementation aligns node frequencies and bounds buffer excursions through decentralized logical synchronization.","","B1=true","primary_assignment","Martijn Bastiaan, Christiaan Baaij, Martin Izzard, Felix Klein, Sanjay Lall, Tammo Spalink","2025","arxiv:2503.05033","arxiv:2503.05033","571917457937769436","","","","","B1","true","false","false","false","b1/assigned-paper-manifest.json | b1/assigned-paper-manifest.jsonl | b1/assigned-registry.jsonl | b1/canonical-registry.jsonl | b1/follow-up-manifest.jsonl | b1/inspection-manifest.jsonl | b1/raw-q02-synonyms.json | b1/raw-q06-monotonic.json","b1/assigned-paper-manifest.jsonl | b1/triage.jsonl"
"423","4","arxiv:2503.19555","Empirical Analysis of the Impact of 5G Jitter on Time-Aware Shaper Scheduling in a 5G-TSN Network","HIGH","B4 | B5","Empirical Analysis of the Impact of 5G Jitter on Time-Aware Shaper Scheduling in a 5G-TSN Network","arxiv:2503.19555","Deterministic communications are essential for industrial automation, ensuring strict latency requirements and minimal jitter in packet transmission. Modern production lines, specializing in robotics, require higher flexibility and mobility, which drives the integration of Time-Sensitive Networking (TSN) and 5G networks in Industry 4.0. TSN achieves deterministic communications by using mechanisms such as the IEEE 802.1Qbv Time-Aware Shaper (TAS), which schedules packet transmissions within precise cycles, thereby reducing latency, jitter, and congestion. 5G networks complement TSN by providin","high","B4 | B5","2","B4=high | B5=medium","B4=jitter and timing variation; scheduling/deadline policy; backpressure/overload control; robotic or cyber-physical transfer; network/transport transfer | B5=The abstract evaluates networked robotics, wireless control, teleoperation, or autonomous-system communication under imperfect transport.","B4=Directly informs the Reflex robot-loop timing budget and the evidence needed to separate execution, transport, and hardware effects. | B5=It supplies a transferable diagnostic or design hypothesis for detecting transport-induced loss, duplication, reordering, staleness, timing error, or observation/action mismatch in the Reflex episode loop.","B4=true | B5=true","primary_assignment","Pablo Rodriguez-Martin; Oscar Adamuz-Hinojosa; Pablo Muñoz; Julia Caleya-Sanchez; Jorge Navarro-Ortiz; Pablo Ameigeiras","2025","arxiv:2503.19555","arxiv:2503.19555","arxiv:2503.19555","cs.NI","q01-tail-latency-jitter.json | q09-jitter-real-time-systems.json | q23-networked-control-systems.json | q31-adj-tsn | q39-found-realtime","","","B4 | B5","false","false","false","true","b4/assigned-paper-manifest.jsonl | b4/canonical-registry.json | b4/raw-retrieval/q01-tail-latency-jitter.json | b4/raw-retrieval/q09-jitter-real-time-systems.json | b4/raw-retrieval/q23-networked-control-systems.json | b5/assigned-paper-manifest.json | b5/assigned-paper-manifest.jsonl | b5/canonical-registry.jsonl | b5/evidence-digest.jsonl | b5/raw-retrieval/q31-adj-tsn.json | b5/raw-retrieval/q39-found-realtime.json | b7/canonical-registry.json | b7/raw-retrieval/q07-synonym-pubsub.json | b7/raw-retrieval/q21-failure-congestion.json | b7/raw-retrieval/q27-adjacent-industrial.json","b4/abstract-triage.jsonl | b5/abstract-triage.jsonl"
"428","4","arxiv:2504.11278","Towards dimensions and granularity in a unified workflow and data provenance framework","MEDIUM","B8","Towards dimensions and granularity in a unified workflow and data provenance framework","arxiv:2504.11278","Provenance information are essential for the traceability of scientific studies or experiments and thus crucial for ensuring the credibility and reproducibility of research findings. This paper discusses a comprehensive provenance framework combining the two types 1. workflow provenance, and 2. data provenance as well as their dimensions and granularity, which enables the answering of W7+1 provenance questions. We demonstrate the applicability by employing a biomedical research use case, that can be easily transferred into other scientific fields. An integration of these concepts into a unified framework enables credibility and reproducibility of the research findings.","medium","B8","1","B8=medium","B8=Expansion candidate was surfaced by a related-paper graph around a B8 seed and is triaged from its title and abstract.","B8=It may add a reusable observability, replay, timing, or failure-injection mechanism to the B8 evidence family.","B8=true","expansion_round_1","","","arxiv:2504.11278","arxiv:2504.11278","8567768919336299705","","","","","B8","false","false","false","false","b3/expansion-registry.json | b8/expansion-registry.json","b8/expansion-triage.jsonl"
"433","4","arxiv:2505.07417","LA-IMR: Latency-Aware, Predictive In-Memory Routing and Proactive Autoscaling for Tail-Latency-Sensitive Cloud Robotics","HIGH","B4 | B8","LA-IMR: Latency-Aware, Predictive In-Memory Routing and Proactive Autoscaling for Tail-Latency-Sensitive Cloud Robotics","arxiv:2505.07417","Hybrid cloud-edge infrastructures now support latency-critical workloads ranging from autonomous vehicles and surgical robotics to immersive AR/VR. However, they continue to experience crippling long-tail latency spikes whenever bursty request streams exceed the capacity of heterogeneous edge and cloud tiers. To address these long-tail latency issues, we present Latency-Aware, Predictive In-Memory Routing and Proactive Autoscaling (LA-IMR). This control layer integrates a closed-form, utilization-driven latency model with event-driven scheduling, replica autoscaling, and edge-to-cloud offloading to mitigate 99th-percentile (P99) delays. Our analytic model decomposes end-to-end latency into processing, network, and queuing components, expressing inference latency as an affine power-law function of instance utilization. Once calibrated, it produces two complementary functions that drive: (i) millisecond-scale routing decisions for traffic offloading, and (ii) capacity planning that jointly determines replica pool sizes. LA-IMR enacts these decisions through a quality-differentiated, multi-queue scheduler and a custom-metric Kubernetes autoscaler that scales replicas proactively -- before queues build up -- rather than reactively based on lagging CPU metrics. Across representative vision workloads (YOLOv5m and EfficientDet) and bursty arrival traces, LA-IMR reduces P99 latency by up to 20.7 percent compared to traditional latency-only autoscaling, laying a principled foundation for next-generation, tail-tolerant cloud-edge inference services.","high","B4 | B8","2","B4=medium | B8=high","B4=tail/percentile behavior; scheduling/deadline policy; robotic or cyber-physical transfer; network/transport transfer | B8=The paper uses runtime traces and correlated message or compute events to expose execution paths and timing behavior.","B4=Directly informs the Reflex robot-loop timing budget and the evidence needed to separate execution, transport, and hardware effects. | B8=It transfers directly to robot inference episodes by linking sensor, middleware, inference, and outcome evidence.","B4=true | B8=true","primary_assignment","Eunil Seo; Chanh Nguyen; Erik Elmroth","2025","arxiv:2505.07417","arxiv:2505.07417","2104314270233489886","cs.DC","failure-02 | q01-tail-latency-jitter.json | q02-latency-distribution-percentile.json | q08-tail-latency-distributed.json | q10-latency-distribution-measurement.json | q11-deadline-aware-scheduling-robotic.json | q15-dynamic-batching-queueing.json | q18-load-shedding-backpressure.json","firecrawl research search-papers","foundational_or_prior | recent","B4 | B8","true","true","true","true","b3/expansion-registry.json | b3/raw-q12-variance.json | b3/registry.json | b4/assigned-paper-manifest.jsonl | b4/canonical-registry.json | b4/raw-retrieval/q01-tail-latency-jitter.json | b4/raw-retrieval/q02-latency-distribution-percentile.json | b4/raw-retrieval/q08-tail-latency-distributed.json | b4/raw-retrieval/q10-latency-distribution-measurement.json | b4/raw-retrieval/q11-deadline-aware-scheduling-robotic.json | b4/raw-retrieval/q15-dynamic-batching-queueing.json | b4/raw-retrieval/q18-load-shedding-backpressure.json | b6/canonical-registry.json | b6/canonical-registry.jsonl | b6/raw-retrieval/q002.json | b6/raw-retrieval/q004.json | b6/raw-retrieval/q010.json | b6/raw-retrieval/q04-direct-edge.json | b8/assigned-paper-manifest.json | b8/canonical-registry.json | b8/expansion-registry.json | b8/follow-up-manifest.json | b8/inspection-manifest.json | b8/raw/failure-02.json | b8/targeted-read-manifest.json","b4/abstract-triage.jsonl | b8/abstract-triage.jsonl | b8/expansion-triage.jsonl"
"438","4","arxiv:2506.01135","Understanding and Mitigating Network Latency Effect on Teleoperated-Robot with Extended Reality","MEDIUM","B4","Understanding and Mitigating Network Latency Effect on Teleoperated-Robot with Extended Reality","arxiv:2506.01135","Robot teleoperation with extended reality (XR teleoperation) enables intuitive interaction by allowing remote robots to mimic user motions with real-time 3D feedback. However, existing systems face significant motion-to-motion (M2M) latency--the delay between the user's latest motion and the corresponding robot feedback--leading to high teleoperation error and mission completion time. This issue stems from the system's exclusive reliance on network communication, making it highly vulnerable to network degradation. To address these challenges, we introduce TeleXR, the first end-to-end, fully op","medium","B4","1","B4=medium","B4=scheduling/deadline policy; stage-wise latency attribution; robotic or cyber-physical transfer; network/transport transfer","B4=Directly informs the Reflex robot-loop timing budget and the evidence needed to separate execution, transport, and hardware effects.","B4=true","primary_assignment","Ziliang Zhang; Cong Liu; Hyoseung Kim","2025","arxiv:2506.01135","arxiv:2506.01135","arxiv:2506.01135","cs.HC | cs.NI | cs.RO","q01-tail-latency-jitter.json | q03-queueing-delay-scheduling.json","","","B4","false","false","false","false","b4/assigned-paper-manifest.jsonl | b4/canonical-registry.json | b4/raw-retrieval/q01-tail-latency-jitter.json | b4/raw-retrieval/q03-queueing-delay-scheduling.json | b5/canonical-registry.jsonl | b5/raw-retrieval/q04-direct-teleop.json | b5/raw-retrieval/q21-failure-stale.json | b5/raw-retrieval/q26-failure-wireless.json | b5/raw-retrieval/q46-recent-teleop.json | b5/raw-retrieval/q49-recent-transport.json | b7/expansion/expansion-registry-final.json | b7/expansion/expansion-registry.json","b4/abstract-triage.jsonl"
"443","4","arxiv:2506.05780","Robust sensor fusion against on-vehicle sensor staleness","HIGH","B5","Robust sensor fusion against on-vehicle sensor staleness","arxiv:2506.05780","Sensor fusion is crucial for a performant and robust Perception system in autonomous vehicles, but sensor staleness, where data from different sensors arrives with varying delays, poses significant challenges. Temporal misalignment between sensor modalities leads to inconsistent object state estimates, severely degrading the quality of trajectory predictions that are critical for safety. We present a novel and model-agnostic approach to address this problem via (1) a per-point timestamp offset feature (for LiDAR and radar both relative to camera) that enables fine-grained temporal awareness in sensor fusion, and (2) a data augmentation strategy that simulates realistic sensor staleness patterns observed in deployed vehicles. Our method is integrated into a perspective-view detection model that consumes sensor data from multiple LiDARs, radars and cameras. We demonstrate that while a conventional model shows significant regressions when one sensor modality is stale, our approach reaches consistently good performance across both synchronized and stale conditions.","high","B5","1","B5=high","B5=The abstract exposes timing, deadline, timestamp, sequence, causal, or clock-synchronization mechanisms relevant to transport attribution.","B5=It supplies a transferable diagnostic or design hypothesis for detecting transport-induced loss, duplication, reordering, staleness, timing error, or observation/action mismatch in the Reflex episode loop.","B5=true","primary_assignment","Meng Fan, Yifan Zuo, Patrick Blaes, Harley Montgomery, Subhasis Das","","arxiv:2506.05780","arxiv:2506.05780","2761769335822054080","","q05-direct-rosdds | q19-mech-freshness | q32-adj-av | q43-recent-robot","","","B5","false","false","false","false","b1/canonical-registry.jsonl | b1/raw-q07-robotics.json | b5/assigned-paper-manifest.json | b5/assigned-paper-manifest.jsonl | b5/canonical-registry.jsonl | b5/evidence-digest.jsonl | b5/raw-retrieval/q05-direct-rosdds.json | b5/raw-retrieval/q19-mech-freshness.json | b5/raw-retrieval/q32-adj-av.json | b5/raw-retrieval/q43-recent-robot.json | b7/canonical-registry.json | b7/raw-retrieval/q14-mechanism-clock.json | b7/raw-retrieval/q26-adjacent-av.json","b5/abstract-triage.jsonl"
"448","4","arxiv:2506.16882","ROS 2 Agnocast: Supporting Unsized Message Types for True Zero-Copy Publish/Subscribe IPC","HIGH","B7","ROS 2 Agnocast: Supporting Unsized Message Types for True Zero-Copy Publish/Subscribe IPC","arxiv:2506.16882","Robot applications, comprising independent components that mutually publish/subscribe messages, are built on inter-process communication (IPC) middleware such as Robot Operating System 2 (ROS 2). In large-scale ROS 2 systems like autonomous driving platforms, true zero-copy communication -- eliminating serialization and deserialization -- is crucial for efficiency and real-time performance. However, existing true zero-copy middleware solutions lack widespread adoption as they fail to meet three essential requirements: 1) Support for all ROS 2 message types including unsized ones; 2) Minimal modifications to existing application code; 3) Selective implementation of zero-copy communication between specific nodes while maintaining conventional communication mechanisms for other inter-node communications including inter-host node communications. This first requirement is critical, as production-grade ROS 2 projects like Autoware rely heavily on unsized message types throughout their codebase to handle diverse use cases (e.g., various sensors), and depend on the broader ROS 2 ecosystem, where unsized message types are pervasive in libraries. The remaining requirements facilitate seamless integration with existing projects. While IceOryx middleware, a practical true zero-copy solution, meets all but the first requirement, other studies achieving the first requirement fail to satisfy the remaining criteria. This paper presents Agnocast, a true zero-copy IPC framework applicable to ROS 2 C++ on Linux that fulfills all these requirements. Our evaluation demonstrates that Agnocast maintains constant IPC overhead regardless of message size, even for unsized message types. In Autoware PointCloud Preprocessing, Agnocast achieves a 16% improvement in average response time and a 25% improvement in worst-case response time.","high","B7","1","B7=high","B7=Provides selective ROS 2 true-zero-copy IPC for unsized messages while retaining conventional paths and constant message-size overhead.","B7=It isolates serialization/copying as a measurable stage and reports response-time effects in an Autoware point-cloud path.","B7=true","primary_assignment","","","arxiv:2506.16882","arxiv:2506.16882","941610227651593359","","38-recent-ros","","","B7","false","false","false","false","b3/raw-q38-recent-ros.json | b3/registry.json | b5/canonical-registry.jsonl | b5/raw-retrieval/q03-direct-command.json | b5/raw-retrieval/q05-direct-rosdds.json | b5/raw-retrieval/q43-recent-robot.json | b5/raw-retrieval/q44-recent-rosdds.json | b7/assigned-paper-manifest.json | b7/assigned-paper-manifest.jsonl | b7/canonical-registry.json | b7/expansion/expansion-registry-final.json | b7/expansion/expansion-registry.json | b7/raw-retrieval/q13-mechanism-zerocopy.json | b7/raw-retrieval/q22-failure-serialization.json | b7/raw-retrieval/q42-recent-performance.json","b7/abstract-triage.jsonl"
"453","4","arxiv:2507.01075","Provenance Tracking in Large-Scale Machine Learning Systems","HIGH","B2","Provenance Tracking in Large-Scale Machine Learning Systems","arxiv:2507.01075","As the demand for large scale AI models continues to grow, the optimization of their training to balance computational efficiency, execution time, accuracy and energy consumption represents a critical multidimensional challenge. Achieving this balance requires not only innovative algorithmic techniques and hardware architectures but also comprehensive tools for monitoring, analyzing, and understanding the underlying processes involved in model training and deployment. Provenance data information about the origins, context, and transformations of data and processes has become a key component in","high","B2","1","B2=high","B2=Collects distributed ML workflow provenance as extensible JSON aligned with W3C PROV and ProvML, with plugin-based collectors.","B2=Provides a portable provenance schema for linking inference inputs, resources, transformations, and outputs.","B2=true","primary_assignment","Gabriele Padovani | Valentine Anantharaj | Sandro Fiore","2025","","","2185766229983237362","cs.DC | cs.LG","expansion-citers-01","related-citers","recent-2024-current","B2","false","false","false","false","b2/raw-q05-provenance.txt | b2/registry-expansion-additions.json | b2/registry-final.json","b2/triage-expansion-additions.jsonl | b2/triage-final.jsonl"
"458","4","arxiv:2507.08177","Rethinking Spatio-Temporal Anomaly Detection: A Vision for Causality-Driven Cybersecurity","MEDIUM","B7","Rethinking Spatio-Temporal Anomaly Detection: A Vision for Causality-Driven Cybersecurity","arxiv:2507.08177","As cyber-physical systems grow increasingly interconnected and spatially distributed, ensuring their resilience against evolving cyberattacks has become a critical priority. Spatio-Temporal Anomaly detection plays an important role in ensuring system security and operational integrity. However, current data-driven approaches, largely driven by black-box deep learning, face challenges in interpretability, adaptability to distribution shifts, and robustness under evolving system dynamics. In this paper, we advocate for a causal learning perspective to advance anomaly detection in spatially distributed infrastructures that grounds detection in structural cause-effect relationships. We identify and formalize three key directions: causal graph profiling, multi-view fusion, and continual causal graph learning, each offering distinct advantages in uncovering dynamic cause-effect structures across time and space. Drawing on real-world insights from systems such as water treatment infrastructures, we illustrate how causal models provide early warning signals and root cause attribution, addressing the limitations of black-box detectors. Looking ahead, we outline the future research agenda centered on multi-modality, generative AI-driven, and scalable adaptive causal frameworks. Our objective is to lay a new research trajectory toward scalable, adaptive, explainable, and spatially grounded anomaly detection systems. We hope to inspire a paradigm shift in cybersecurity research, promoting causality-driven approaches to address evolving threats in interconnected infrastructures.","medium","B7","1","B7=medium","B7=Proposes causal graph profiling, multi-view fusion, and continual causal-graph learning for spatiotemporal anomaly localization.","B7=The causal-profiling idea transfers to runtime fault localization across robot telemetry streams, with the paper remaining a vision-level source.","B7=true","primary_assignment","","","arxiv:2507.08177","arxiv:2507.08177","3857845561562084394","","","","","B7","false","false","false","false","b7/assigned-paper-manifest.json | b7/assigned-paper-manifest.jsonl | b7/canonical-registry.json | b7/raw-retrieval/q28-adjacent-cps-tracing.json","b7/abstract-triage.jsonl"
"463","4","arxiv:2508.00011","AoI-Aware Resource Allocation with Deep Reinforcement Learning for HAPS-V2X Networks","HIGH","B5","AoI-Aware Resource Allocation with Deep Reinforcement Learning for HAPS-V2X Networks","arxiv:2508.00011","Sixth-generation (6G) networks are designed to meet the hyper-reliable and low-latency communication (HRLLC) requirements of safety-critical applications such as autonomous driving. Integrating non-terrestrial networks (NTN) into the 6G infrastructure brings redundancy to the network, ensuring continuity of communications even under extreme conditions. In particular, high-altitude platform stations (HAPS) stand out for their wide coverage and low latency advantages, supporting communication reliability and enhancing information freshness, especially in rural areas and regions with infrastructure constraints. In this paper, we present reinforcement learning-based approaches using deep deterministic policy gradient (DDPG) to dynamically optimize the age-of-information (AoI) in HAPS-enabled vehicle-to-everything (V2X) networks. The proposed method improves information freshness and overall network reliability by enabling independent learning without centralized coordination. The findings reveal the potential of HAPS-supported solutions, combined with DDPG-based learning, for efficient AoI-aware resource allocation in platoon-based autonomous vehicle systems.","high","B5","1","B5=high","B5=The abstract treats freshness, age of information, timeliness, stale data, or value of information as a correctness or control variable.","B5=It supplies a transferable diagnostic or design hypothesis for detecting transport-induced loss, duplication, reordering, staleness, timing error, or observation/action mismatch in the Reflex episode loop.","B5=true","primary_assignment","Ahmet Melih Ince, Ayse Elif Canbilen, Halim Yanikomeroglu","","arxiv:2508.00011","arxiv:2508.00011","4381339023769131000","","q30-adj-cps","","","B5","false","false","false","false","b5/assigned-paper-manifest.json | b5/assigned-paper-manifest.jsonl | b5/canonical-registry.jsonl | b5/evidence-digest.jsonl | b5/raw-retrieval/q30-adj-cps.json","b5/abstract-triage.jsonl"
"468","4","arxiv:2508.08430","Profiling Concurrent Vision Inference Workloads on NVIDIA Jetson -- Extended","MEDIUM","B6","Profiling Concurrent Vision Inference Workloads on NVIDIA Jetson -- Extended","arxiv:2508.08430","The proliferation of IoT devices and advancements in network technologies have intensified the demand for real-time data processing at the network edge. To address these demands, low-power AI accelerators, particularly GPUs, are increasingly deployed for inference tasks, enabling efficient computation while mitigating cloud-based systems' latency and bandwidth limitations. Despite their growing deployment, GPUs remain underutilised even in computationally intensive workloads. This underutilisation stems from the limited understanding of GPU resource sharing, particularly in edge computing scenarios. In this work, we conduct a detailed analysis of both high- and low-level metrics, including GPU utilisation, memory usage, streaming multiprocessor (SM) utilisation, and tensor core usage, to identify bottlenecks and guide hardware-aware optimisations. By integrating traces from multiple profiling tools, we provide a comprehensive view of resource behaviour on NVIDIA Jetson edge devices under concurrent vision inference workloads. Our findings indicate that while GPU utilisation can reach 100% under specific optimisations, critical low-level resources, such as SMs and tensor cores, often operate only at 15% to 30% utilisation. Moreover, we observe that certain CPU-side events, such as thread scheduling, context switching, etc., frequently emerge as bottlenecks, further constraining overall GPU performance. We provide several key observations for users of vision inference workloads on NVIDIA edge devices.","medium","B6","1","B6=medium","B6=The abstract describes concurrent accelerator workloads and resource isolation, partitioning, or interference-aware scheduling as the latency mechanism.","B6=It provides a basis for distinguishing accelerator contention and interference from intrinsic model latency.","B6=false","primary_assignment","","","arxiv:2508.08430","arxiv:2508.08430","6542197425248761429","","q03 | q09 | q45 | q47","firecrawl research search-papers","false","B6","false","false","false","false","b6/assigned-evidence-index.jsonl | b6/assigned-paper-manifest.jsonl | b6/assigned-registry.jsonl | b6/canonical-registry.json | b6/canonical-registry.jsonl | b6/raw-retrieval/q003.json | b6/raw-retrieval/q009.json | b6/raw-retrieval/q03-direct-realtime.json | b6/raw-retrieval/q09-synonym-tail.json | b6/raw-retrieval/q45-recent-profiling.json | b6/raw-retrieval/q47-recent-edge.json","b6/abstract-triage-inherited-89.jsonl | b6/abstract-triage.jsonl | b6/assigned-paper-manifest.jsonl"
"473","4","arxiv:2508.11485","i2Nav-Robot: A Large-Scale Indoor-Outdoor Robot Dataset for Multi-Sensor Fusion Navigation","MEDIUM","B1","i2Nav-Robot: A Large-Scale Indoor-Outdoor Robot Dataset for Multi-Sensor Fusion Navigation","arxiv:2508.11485","Accurate and reliable navigation is crucial for autonomous unmanned ground vehicles (UGVs). However, current UGV datasets fall short in meeting the demands for advancing navigation techniques due to limitations in sensor configuration, time synchronization, ground truth, and scenario diversity. Hence, we present i2Nav-Robot, a large-scale dataset designed for multi-sensor fusion navigation in indoor-outdoor environments. We integrate multi-modal navigation sensors, including the newest front-view and 360-degree solid-state LiDARs, 4-dimensional (4D) millimeter-wave (MMW) radar, stereo cameras, inertial measurement units (IMU), global navigation satellite system (GNSS) receivers, and wheeled odometers on an omnidirectional wheeled vehicle. Accurate timestamps are obtained through both online hardware synchronization and offline calibration for all sensors. The dataset includes ten large-scale sequences covering diverse UGV operating scenarios, such as outdoor streets and indoor parking lots, with a total length of about 17060 meters. High-rate, reliable, and fully covered ground truth, with centimeter-level positioning, is derived from post-processing integrated navigation methods using a high-grade IMU. The proposed i2Nav-Robot dataset is evaluated by 15 open-sourced multi-sensor fusion navigation methods, demonstrating its superior data quality and utility for advancing vehicular navigation research. The i2Nav-Robot dataset together with the documents can be accessed on GitHub (https://github.com/i2Nav-WHU/i2Nav-Robot).","medium","B1","1","B1=medium","B1=A robot dataset packages multi-sensor observations and temporal alignment for reproducible fusion evaluation across environments.","","B1=true","primary_assignment","Hailiang Tang, Tisheng Zhang, Liqiang Wang, Xin Ding, Man Yuan, Zhiyu Xiang, Jujin Chen, Yuhan Bian, Shuangyan Liu, Yuqing Wang, Guan Wang, Xiaoji Niu","2026","arxiv:2508.11485","arxiv:2508.11485","5239793737682737919","","","","","B1","true","false","false","false","b1/assigned-paper-manifest.json | b1/assigned-paper-manifest.jsonl | b1/assigned-registry.jsonl | b1/canonical-registry.jsonl | b1/follow-up-manifest.jsonl | b1/inspection-manifest.jsonl | b1/raw-q07-robotics.json","b1/assigned-paper-manifest.jsonl | b1/triage.jsonl"
"478","4","arxiv:2509.03381","Dependency Chain Analysis of ROS 2 DDS QoS Policies: From Lifecycle Tutorial to Static Verification","MEDIUM","B8","Dependency Chain Analysis of ROS 2 DDS QoS Policies: From Lifecycle Tutorial to Static Verification","arxiv:2509.03381","Robot Operating System 2 (ROS 2) relies on the Data Distribution Service (DDS), which offers more than 20 Quality of Service (QoS) policies governing availability, reliability, and resource usage. Yet ROS 2 users lack clear guidance on safe policy combinations and validation processes prior to deployment, which often leads to trial-and-error tuning and unexpected runtime failures. To address these challenges, we analyze DDS Publisher-Subscriber communication over a life cycle divided into Discovery, Data Exchange, and Disassociation, and provide a user oriented tutorial explaining how 16 QoS policies operate in each phase. Building on this analysis, we derive a QoS dependency chain that formalizes inter-policy relationships and classifies 41 dependency violation rules, capturing constraints that commonly cause communication failures in practice. Finally, we introduce QoS Guard, a ROS 2 package that statically validates DDS XML profiles offline, flags conflicts, and enables safe, predeployment tuning without establishing a live ROS 2 session. Together, these contributions give ROS 2 users both conceptual insight and a concrete tool that enables early detection of misconfigurations, improving the reliability and resource efficiency of ROS 2 based robotic systems.","medium","B8","1","B8=medium","B8=Expansion candidate was surfaced by a related-paper graph around a B8 seed and is triaged from its title and abstract.","B8=It may add a reusable observability, replay, timing, or failure-injection mechanism to the B8 evidence family.","B8=true","expansion_round_1","","2025","1574134577672162772 | 2509.03381 | arxiv:2509.03381","arxiv:2509.03381","1574134577672162772","","","","","B8","false","false","false","false","b4/raw-retrieval/q13-DDS-QoS-queue.json | b5/canonical-registry.jsonl | b5/raw-retrieval/q05-direct-rosdds.json | b5/raw-retrieval/q13-mech-qos.json | b5/raw-retrieval/q14-mech-dds-loss.json | b5/raw-retrieval/q44-recent-rosdds.json | b7/canonical-registry.json | b7/expansion/expansion-registry-final.json | b7/raw-retrieval/q12-mechanism-qos.json | b7/raw-retrieval/q21-failure-congestion.json | b7/raw-retrieval/q34-foundational-dds.json | b8/expansion-canonical-registry.json | b8/expansion-follow-up-manifest.json | b8/expansion-inspection-manifest.json | b8/expansion-registry.json","b8/expansion-triage.jsonl"
"483","4","arxiv:2509.13714","LINC: An In-Network Coding Approach to Tame Packet Loss in Hybrid Wireless-Fiber Backbones","HIGH","B5","LINC: An In-Network Coding Approach to Tame Packet Loss in Hybrid Wireless-Fiber Backbones","arxiv:2509.13714","","high","B5","1","B5=high","B5=The related-paper result extends an already-covered B5 transport family and is retained as a strong seed or neighboring mechanism for packet correctness, freshness, ordering, reliability, or timing.","B5=It tests whether the B5 synthesis mechanism map is stable beyond the multi-formulation search results and supplies a transferable hypothesis for the Reflex episode loop.","B5=true","expansion_round_1","Benoit Pit-Claudel, Muriel Médard, Manya Ghobadi","","","arxiv:2509.13714","","","","","","B5","false","false","false","false","b5/evidence-digest.jsonl","b5/expansion/expansion-triage.jsonl"
"488","4","arxiv:2510.11448","A Faster and More Reliable Middleware for Autonomous Driving Systems","HIGH","B5 | B7 | B8","A Faster and More Reliable Middleware for Autonomous Driving Systems","arxiv:2510.11448","Ensuring safety in high-speed autonomous vehicles requires rapid control loops and tightly bounded delays from perception to actuation. Many open-source autonomy systems rely on ROS 2 middleware; when multiple sensor and control nodes share one compute unit, ROS 2 and its DDS transports add significant (de)serialization, copying, and discovery overheads, shrinking the available time budget. We present Sensor-in-Memory (SIM), a shared-memory transport designed for intra-host pipelines in autonomous vehicles. SIM keeps sensor data in native memory layouts (e.g., cv::Mat, PCL), uses lock-free bounded double buffers that overwrite old data to prioritize freshness, and integrates into ROS 2 nodes with four lines of code. Unlike traditional middleware, SIM operates beside ROS 2 and is optimized for applications where data freshness and minimal latency outweigh guaranteed completeness. SIM provides sequence numbers, a writer heartbeat, and optional checksums to ensure ordering, liveness, and basic integrity. On an NVIDIA Jetson Orin Nano, SIM reduces data-transport latency by up to 98% compared to ROS 2 zero-copy transports such as FastRTPS and Zenoh, lowers mean latency by about 95%, and narrows 95th/99th-percentile tail latencies by around 96%. In tests on a production-ready Level 4 vehicle running Autoware.Universe, SIM increased localization frequency from 7.5 Hz to 9.5 Hz. Applied across all latency-critical modules, SIM cut average perception-to-decision latency from 521.91 ms to 290.26 ms, reducing emergency braking distance at 40 mph (64 km/h) on dry concrete by 13.6 ft (4.14 m).","high","B5 | B7 | B8","3","B5=high | B7=high | B8=medium","B5=The abstract exposes timing, deadline, timestamp, sequence, causal, or clock-synchronization mechanisms relevant to transport attribution. | B7=Uses shared-memory native layouts, lock-free double buffers, sequence numbers, heartbeats, and checksums beside ROS2. | B8=The paper uses runtime traces and correlated message or compute events to expose execution paths and timing behavior.","B5=It supplies a transferable diagnostic or design hypothesis for detecting transport-induced loss, duplication, reordering, staleness, timing error, or observation/action mismatch in the Reflex episode loop. | B7=It couples freshness, liveness, ordering, and latency telemetry at the transport boundary. | B8=It transfers directly to robot inference episodes by linking sensor, middleware, inference, and outcome evidence.","B5=true | B7=true | B8=true","expansion_round_1 | primary_assignment","Yuankai He, Weisong Shi","2025","arxiv:2510.11448","arxiv:2510.11448","7920375970050081785","","16-ros2-causal | 18-ros2-timing | 20-robot-middleware | 38-recent-ros | adjacent-02 | failure-02 | mechanism-03 | q05-direct-rosdds | q13-mech-qos | q14-mech-dds-loss | q24-failure-retry | q32-adj-av | q43-recent-robot | q44-recent-rosdds | q48-recent-provenance | q49-recent-transport | q50-recent-fresh | recent-02 | recent-03","firecrawl research search-papers","recent","B5 | B7 | B8","true","true","true","true","b3/expansion-registry.json | b3/raw-q16-ros2-causal.json | b3/raw-q18-ros2-timing.json | b3/raw-q20-robot-middleware.json | b3/raw-q38-recent-ros.json | b3/registry.json | b4/raw-retrieval/q02-latency-distribution-percentile.json | b4/raw-retrieval/q04-head-of-line-blocking-robotics.json | b4/raw-retrieval/q12-ROS-2-executor.json | b4/raw-retrieval/q13-DDS-QoS-queue.json | b5/assigned-paper-manifest.json | b5/assigned-paper-manifest.jsonl | b5/canonical-registry.jsonl | b5/evidence-digest.jsonl | b5/raw-retrieval/q05-direct-rosdds.json | b5/raw-retrieval/q13-mech-qos.json | b5/raw-retrieval/q14-mech-dds-loss.json | b5/raw-retrieval/q24-failure-retry.json | b5/raw-retrieval/q32-adj-av.json | b5/raw-retrieval/q43-recent-robot.json | b5/raw-retrieval/q44-recent-rosdds.json | b5/raw-retrieval/q48-recent-provenance.json | b5/raw-retrieval/q49-recent-transport.json | b5/raw-retrieval/q50-recent-fresh.json | b7/canonical-registry.json | b7/expansion/expansion-registry-final.json | b7/expansion/expansion-registry.json | b7/raw-retrieval/q01-direct-ros2-latency.json | b7/raw-retrieval/q02-direct-e2e.json | b7/raw-retrieval/q03-direct-dds-tracing.json | b7/raw-retrieval/q05-direct-hardware-loop.json | b7/raw-retrieval/q06-synonym-runtime.json | b7/raw-retrieval/q07-synonym-pubsub.json | b7/raw-retrieval/q09-synonym-cps.json | b7/raw-retrieval/q10-synonym-pipeline.json | b7/raw-retrieval/q13-mechanism-zerocopy.json | b7/raw-retrieval/q17-mechanism-actuator.json | b7/raw-retrieval/q19-failure-deadlines.json | b7/raw-retrieval/q20-failure-stale.json | b7/raw-retrieval/q22-failure-serialization.json | b7/raw-retrieval/q23-failure-nondeterminism.json | b7/raw-retrieval/q26-adjacent-av.json | b7/raw-retrieval/q32-adjacent-ros1-ros2.json | b7/raw-retrieval/q33-foundational-ros.json | b7/raw-retrieval/q36-foundational-eval.json | b7/raw-retrieval/q38-recent-tracing.json | b7/raw-retrieval/q39-recent-executor.json | b7/raw-retrieval/q40-recent-observability.json | b7/raw-retrieval/q41-recent-provenance.json | b7/raw-retrieval/q42-recent-performance.json | b8/assigned-paper-manifest.json | b8/canonical-registry.json | b8/expansion-canonical-registry.json | b8/expansion-registry.json | b8/follow-up-manifest.json | b8/inspection-manifest.json | b8/raw/adjacent-02.json | b8/raw/failure-02.json | b8/raw/mechanism-03.json | b8/raw/recent-02.json | b8/raw/recent-03.json | b8/targeted-read-manifest.json","b5/abstract-triage.jsonl | b7/expansion-additions-triage.jsonl | b8/abstract-triage.jsonl | b8/expansion-triage.jsonl"
"493","4","arxiv:2510.22288","Optimal Sampling and Scheduling for Remote Fusion Estimation of Correlated Wiener Processes","HIGH","B5","Optimal Sampling and Scheduling for Remote Fusion Estimation of Correlated Wiener Processes","arxiv:2510.22288","In distributed sensor networks, sensors often observe a dynamic process within overlapping regions. Due to random delays, these correlated observations arrive at the fusion center asynchronously, raising a central question: How can one fuse asynchronous yet correlated information for accurate remote fusion estimation? This paper addresses this challenge by studying the joint design of sampling, scheduling, and estimation policies for monitoring a correlated Wiener process. Though this problem is coupled, we establish a separation principle and identify the joint optimal policy: the optimal fusion estimator is a weighted-sum fusion estimator conditioned on Age of Information (AoI), the optimal scheduler is a Maximum Age First (MAF) scheduler that prioritizes the most stale source, and the optimal sampling can be designed given the optimal estimator and the MAF scheduler. To design the optimal sampling, we show that, under the infinite-horizon average-cost criterion, optimizing AoI is equivalent to optimizing MSE under pull-based communications, despite the presence of strong inter-sensor correlations. This structural equivalence allows us to identify the MSE-optimal sampler as one that is AoI-optimal. This result underscores an insight: information freshness can serve as a design surrogate for optimal estimation in correlated sensing environments.","high","B5","1","B5=high","B5=The abstract exposes timing, deadline, timestamp, sequence, causal, or clock-synchronization mechanisms relevant to transport attribution.","B5=It supplies a transferable diagnostic or design hypothesis for detecting transport-induced loss, duplication, reordering, staleness, timing error, or observation/action mismatch in the Reflex episode loop.","B5=true","primary_assignment","Aimin Li, Elif Uysal","","arxiv:2510.22288","arxiv:2510.22288","6962210528323261289","","q02-direct-freshness | q09-syn-aoi | q19-mech-freshness","","","B5","false","false","false","false","b5/assigned-paper-manifest.json | b5/assigned-paper-manifest.jsonl | b5/canonical-registry.jsonl | b5/evidence-digest.jsonl | b5/raw-retrieval/q02-direct-freshness.json | b5/raw-retrieval/q09-syn-aoi.json | b5/raw-retrieval/q19-mech-freshness.json","b5/abstract-triage.jsonl"
"498","4","arxiv:2511.00983","Breaking the Latency Barrier: Synergistic Perception and Control for High-Frequency 3D Ultrasound Servoing","MEDIUM","B4","Breaking the Latency Barrier: Synergistic Perception and Control for High-Frequency 3D Ultrasound Servoing","arxiv:2511.00983","Real-time tracking of dynamic targets amidst large-scale, high-frequency disturbances remains a critical unsolved challenge in Robotic Ultrasound Systems (RUSS), primarily due to the end-to-end latency of existing systems. This paper argues that breaking this latency barrier requires a fundamental shift towards the synergistic co-design of perception and control. We realize it in a novel framework with two tightly-coupled contributions: (1) a Decoupled Dual-Stream Perception Network that robustly estimates 3D translational state from 2D images at high frequency, and (2) a Single-Step Flow Poli","medium","B4","1","B4=medium","B4=scheduling/deadline policy; stage-wise latency attribution; robotic or cyber-physical transfer; network/transport transfer","B4=Directly informs the Reflex robot-loop timing budget and the evidence needed to separate execution, transport, and hardware effects.","B4=true","primary_assignment","Yizhao Qian; Yujie Zhu; Jiayuan Luo; Li Liu; Yixuan Yuan; Guochen Ning; Hongen Liao","2025","arxiv:2511.00983","arxiv:2511.00983","arxiv:2511.00983","cs.RO","q01-tail-latency-jitter.json","","","B4","false","false","false","false","b4/assigned-paper-manifest.jsonl | b4/canonical-registry.json | b4/raw-retrieval/q01-tail-latency-jitter.json | b7/canonical-registry.json | b7/raw-retrieval/q23-failure-nondeterminism.json","b4/abstract-triage.jsonl"
"503","4","arxiv:2512.01357","Tangram: Accelerating Serverless LLM Loading through GPU Memory Reuse and Affinity","HIGH","B6","Tangram: Accelerating Serverless LLM Loading through GPU Memory Reuse and Affinity","arxiv:2512.01357","Serverless Large Language Models (LLMs) have emerged as a cost-effective solution for deploying AI services by enabling a 'pay-as-you-go' pricing model through GPU resource sharing. However, cold-start latency, especially the model loading phase, has become a critical performance bottleneck, as it scales linearly with model size and severely limits the practical deployment of large-scale LLM services. This paper presents Tangram, a novel system that accelerates Serverless LLM loading through efficient GPU memory reuse. By leveraging the unused GPU memory to retain model parameters, Tangram significantly reduces model transfer time and cold-start latency. Its design includes three key components: unified GPU memory pool for tensor-level parameter sharing across models, on-demand KV cache allocation for dynamic memory management, and GPU-affinity-aware scheduling for maximizing resource utilization. These techniques collectively address the critical challenges of inefficient memory usage and the cold-start problem in Serverless LLM platforms. We have implemented a fully functional prototype, and experiments show that Tangram achieves up to 6.2 times faster loading and reduces Time-To-First-Token (TTFT) during cold-start by 23--55% over state-of-the-art methods.","high","B6","1","B6=high","B6=The abstract describes model loading, initialization, caching, or prewarming as a distinct source of inference startup latency.","B6=It separates startup effects from steady-state execution, which is needed to explain warm-versus-cold episode latency.","B6=true","primary_assignment","Wenbin Zhu, Zhaoyan Shen, Zili Shao, Hongjun Dai, Feng Chen","","arxiv:2512.01357","arxiv:2512.01357","5589487035438989993","cs.AI | cs.AR | cs.DC","q07 | q13 | q19 | q29 | q42","firecrawl research search-papers","false","B6","false","true","false","false","b6/assigned-evidence-index.jsonl | b6/assigned-paper-manifest.jsonl | b6/assigned-registry.jsonl | b6/canonical-registry.json | b6/canonical-registry.jsonl | b6/follow-up-manifest.jsonl | b6/inspection-evidence.jsonl | b6/inspection-manifest.jsonl | b6/raw-retrieval/q007.json | b6/raw-retrieval/q07-synonym-cold.json | b6/raw-retrieval/q13-mechanism-load.json | b6/raw-retrieval/q19-failure-cold.json | b6/raw-retrieval/q29-adjacent-serverless.json | b6/raw-retrieval/q42-recent-loading.json | b6/read-evidence-manifest.jsonl","b6/abstract-triage-inherited-89.jsonl | b6/abstract-triage.jsonl | b6/assigned-paper-manifest.jsonl"
"508","4","arxiv:2512.16099","An Online Fragmentation-Aware Scheduler for Managing GPU-Sharing Workloads on Multi-Instance GPUs","HIGH","B4 | B6","An Online Fragmentation-Aware Scheduler for Managing GPU-Sharing Workloads on Multi-Instance GPUs","arxiv:2512.16099","Modern GPU workloads increasingly demand efficient resource sharing, as many jobs do not require the full capacity of a GPU. Among sharing techniques, NVIDIA's Multi-Instance GPU (MIG) offers strong resource isolation by enabling hardware-level GPU partitioning. However, leveraging MIG effectively introduces new challenges. First, resource contention persists due to shared components such as PCIe bandwidth. Second, GPU fragmentation becomes a critical issue, which is different from prior fine-grained GPU sharing work due to MIG's limited number of valid MIG configurations. Fragmentation arises not only from spatial discontinuity but also from rigid profile placement constraints, especially after job arrivals and terminations. To address these issues, we propose an online scheduling framework that integrates conditional load balancing, dynamic partitioning, and job migration. Our approach dynamically adapts job placement to minimize contention and reorganizes GPU allocations to combat both internal and external fragmentation. Experimental results show that our method significantly improves system efficiency. When all techniques are applied, the makespan improves by up to 35%.","high","B4 | B6","2","B4=medium | B6=high","B4=scheduling/deadline policy; resource contention/interference; stage-wise latency attribution; inference/accelerator transfer | B6=The abstract describes loading, caching, or warm-start behavior as a source of inference startup or steady-state latency.","B4=Provides a systems analogue for separating model service time from queueing, scheduling, accelerator contention, or batching effects. | B6=It helps separate startup effects from steady-state timing in an inference episode.","B4=true | B6=true","expansion_round_1 | primary_assignment","Hsu-Tzu Ting; Jerry Chou; Ming-Hung Chen; I-Hsin Chung","2025","arxiv:2512.16099","arxiv:2512.16099","5044124516141222318","cs.DC","q16-multi-tenant-GPU-contention.json","","","B4 | B6","false","false","false","true","b4/assigned-paper-manifest.jsonl | b4/canonical-registry.json | b4/raw-retrieval/q16-multi-tenant-GPU-contention.json | b6/expansion/expansion-registry.jsonl | b6/expansion/inspection-manifest.jsonl","b4/abstract-triage.jsonl | b6/expansion/expansion-triage.jsonl"
"513","4","arxiv:2601.06344","BlazeAIoT: A Modular Multi-Layer Platform for Real-Time Distributed Robotics Across Edge, Fog, and Cloud Infrastructures","HIGH","B7 | B8","BlazeAIoT: A Modular Multi-Layer Platform for Real-Time Distributed Robotics Across Edge, Fog, and Cloud Infrastructures","arxiv:2601.06344","The increasing complexity of distributed robotics has driven the need for platforms that seamlessly integrate edge, fog, and cloud computing layers while meeting strict real-time constraints. This paper introduces BlazeAIoT, a modular multi-layer platform designed to unify distributed robotics across heterogeneous infrastructures. BlazeAIoT provides dynamic data transfer, configurable services, and integrated monitoring, while ensuring resilience, security, and programming language flexibility. The architecture leverages Kubernetes-based clusters, broker interoperability (DDS, Kafka, Redis, and ROS2), and adaptive data distribution mechanisms to optimize communication and computation across diverse environments. The proposed solution includes a multi-layer configuration service, dynamic and adaptive data bridging, and hierarchical rate limiting to handle large messages. The platform is validated through robotics scenarios involving navigation and artificial intelligence-driven large-scale message processing, demonstrating robust performance under real-time constraints. Results highlight BlazeAIoT's ability to dynamically allocate services across incomplete topologies, maintain system health, and minimize latency, making it a cost-aware, scalable solution for robotics and broader IoT applications, such as smart cities and smart factories.","high","B7 | B8","2","B7=high | B8=medium","B7=Combines DDS/Kafka/Redis/ROS2 bridges, adaptive data distribution, monitoring, and hierarchical rate limiting across layers. | B8=Expansion candidate was surfaced by a related-paper graph around a B8 seed and is triaged from its title and abstract.","B7=It exposes a full edge-to-cloud telemetry path for assigning latency and health to the responsible layer. | B8=It may add a reusable observability, replay, timing, or failure-injection mechanism to the B8 evidence family.","B7=true | B8=true","expansion_round_1","","2026","2601.06344 | 4830637205373174951 | arxiv:2601.06344","arxiv:2601.06344","4830637205373174951","","","","","B7 | B8","false","false","false","true","b2/raw-q09-ros2.txt | b3/expansion-registry.json | b7/canonical-registry.json | b7/expansion/expansion-registry-final.json | b7/expansion/expansion-registry.json | b7/raw-retrieval/q10-synonym-pipeline.json | b7/raw-retrieval/q12-mechanism-qos.json | b7/raw-retrieval/q34-foundational-dds.json | b8/expansion-canonical-registry.json | b8/expansion-follow-up-manifest.json | b8/expansion-inspection-manifest.json | b8/expansion-registry.json","b7/expansion-additions-triage.jsonl | b8/expansion-triage.jsonl"
"518","4","arxiv:2601.13732","SUNSET - A Sensor-fUsioN based semantic SegmEnTation exemplar for ROS-based self-adaptation","HIGH","B8","SUNSET - A Sensor-fUsioN based semantic SegmEnTation exemplar for ROS-based self-adaptation","arxiv:2601.13732","The fact that robots are getting deployed more often in dynamic environments, together with the increasing complexity of their software systems, raises the need for self-adaptive approaches. In these environments robotic software systems increasingly encounter (1) failures whose symptoms are easy to observe but root causes might be ambiguous or (2) multiple failures appearing concurrently. We present SUNSET, a ROS2-based exemplar that enables rigorous, repeatable evaluation of architecture-based self-adaptation in such conditions. It implements a sensor fusion semantic-segmentation pipeline driven by a trained Machine Learning (ML) model whose input preprocessing can be perturbed to induce realistic performance degradations. The exemplar exposes five observable failures, each of which can be caused by different faults and supports concurrent failures spanning self-healing and self-optimisation. SUNSET includes the segmentation pipeline, a trained ML model, fault-injection scripts, a baseline controller for further comparisons, and step-by-step integration and evaluation documentation to facilitate reproducible studies. The code is available at https://github.com/XITASO/sunset.","high","B8","1","B8=high","B8=The paper presents a systems method for making execution behavior measurable, reproducible, or diagnosable.","B8=It transfers directly to robot inference episodes by linking sensor, middleware, inference, and outcome evidence.","B8=true","primary_assignment","","2026","arxiv:2601.13732","arxiv:2601.13732","597090830503133492","","direct-04","firecrawl research search-papers","recent","B8","true","true","true","false","b8/assigned-paper-manifest.json | b8/canonical-registry.json | b8/follow-up-manifest.json | b8/inspection-manifest.json | b8/raw/direct-04.json | b8/targeted-read-manifest.json","b8/abstract-triage.jsonl"
"523","4","arxiv:2601.21011","Meta-ROS: A Next-Generation Middleware Architecture for Adaptive and Scalable Robotic Systems","HIGH","B7","Meta-ROS: A Next-Generation Middleware Architecture for Adaptive and Scalable Robotic Systems","arxiv:2601.21011","The field of robotics faces significant challenges related to the complexity and interoperability of existing middleware frameworks, like ROS2, which can be difficult for new developers to adopt. To address these issues, we propose Meta-ROS, a novel middleware solution designed to streamline robotics development by simplifying integration, enhancing performance, and ensuring cross-platform compatibility. Meta-ROS leverages modern communication protocols, such as Zenoh and ZeroMQ, to enable efficient and low-latency communication across diverse hardware platforms, while also supporting various data types like audio, images, and video. We evaluated Meta-ROS's performance through comprehensive testing, comparing it with existing middleware frameworks like ROS1 and ROS2. The results demonstrated that Meta-ROS outperforms ROS2, achieving up to 30% higher throughput, significantly reducing message latency, and optimizing resource usage. Additionally, its robust hardware support and developer-centric design facilitate seamless integration and ease of use, positioning Meta-ROS as an ideal solution for modern, real-time robotics AI applications.","high","B7","1","B7=high","B7=Compares a Zenoh/ZeroMQ-based middleware with ROS1/ROS2 across throughput, message latency, resource use, and hardware support.","B7=The comparison exposes middleware/connector trade-offs and the telemetry needed to transfer across hardware platforms.","B7=true","primary_assignment","","2026","arxiv:2601.21011","arxiv:2601.21011","3592518174263179693","","16-ros2-causal | 20-robot-middleware","firecrawl research search-papers","recent","B7","false","false","false","false","b3/raw-q16-ros2-causal.json | b3/raw-q20-robot-middleware.json | b3/registry.json | b4/raw-retrieval/q02-latency-distribution-percentile.json | b4/raw-retrieval/q04-head-of-line-blocking-robotics.json | b5/canonical-registry.jsonl | b5/raw-retrieval/q06-direct-manipulation.json | b5/raw-retrieval/q17-mech-dedup.json | b5/raw-retrieval/q43-recent-robot.json | b5/raw-retrieval/q49-recent-transport.json | b7/assigned-paper-manifest.json | b7/assigned-paper-manifest.jsonl | b7/canonical-registry.json | b7/expansion/expansion-registry-final.json | b7/raw-retrieval/q13-mechanism-zerocopy.json | b7/raw-retrieval/q20-failure-stale.json | b7/raw-retrieval/q32-adjacent-ros1-ros2.json | b7/raw-retrieval/q33-foundational-ros.json | b7/raw-retrieval/q36-foundational-eval.json | b7/raw-retrieval/q38-recent-tracing.json | b7/raw-retrieval/q40-recent-observability.json | b8/canonical-registry.json | b8/raw/mechanism-03.json | b8/raw/recent-02.json","b7/abstract-triage.jsonl"
"528","4","arxiv:2602.08747","PARD: Enhancing Goodput for Inference Pipeline via Proactive Request Dropping","HIGH","B6","PARD: Enhancing Goodput for Inference Pipeline via Proactive Request Dropping","arxiv:2602.08747","Modern deep neural network (DNN) applications integrate multiple DNN models into inference pipelines with stringent latency requirements for customized tasks. To mitigate extensive request timeouts caused by accumulation, systems for inference pipelines commonly drop a subset of requests so the remaining ones can satisfy latency constraints. Since it is commonly believed that request dropping adversely affects goodput, existing systems only drop requests when they have to, which we call reactive dropping. However, this reactive policy can not maintain high goodput, as it neither makes timely dropping decisions nor identifies the proper set of requests to drop, leading to issues of dropping requests too late or dropping the wrong set of requests. We propose that the inference system should proactively drop certain requests in advance to enhance the goodput across the entire workload. To achieve this, we design an inference system PARD. It enhances goodput with timely and precise dropping decisions by integrating a proactive dropping method that decides when to drop requests using runtime information of the inference pipeline, and an adaptive request priority mechanism that selects which specific requests to drop based on remaining latency budgets and workload intensity. Evaluation on a cluster of 64 GPUs over real-world workloads shows that PARD achieves 16%-176% higher goodput than the state of the art while reducing the drop rate and wasted computation resources by 1.6Ã—-17Ã— and 1.5Ã—-62Ã— respectively.","high","B6","1","B6=high","B6=The abstract describes loading, caching, or warm-start behavior as a source of inference startup or steady-state latency.","B6=It helps separate startup effects from steady-state timing in an inference episode.","B6=true","expansion_round_1","","","","arxiv:2602.08747","4120649929626054173","","","","","B6","false","false","false","false","b6/expansion/expansion-registry.jsonl | b6/expansion/inspection-manifest.jsonl","b6/expansion/expansion-triage.jsonl"
"533","4","arxiv:2602.13718","HybridFlow: A Two-Step Generative Policy for Robotic Manipulation","MEDIUM","B4","HybridFlow: A Two-Step Generative Policy for Robotic Manipulation","arxiv:2602.13718","Limited by inference latency, existing robot manipulation policies lack sufficient real-time interaction capability with the environment. Although faster generation methods such as flow matching are gradually replacing diffusion methods, researchers are pursuing even faster generation suitable for interactive robot control. MeanFlow, as a one-step variant of flow matching, has shown strong potential in image generation, but its precision in action generation does not meet the stringent requirements of robotic manipulation. We therefore propose HybridFlow, a 3-stage method with 2-NFE: Global Ju","medium","B4","1","B4=medium","B4=scheduling/deadline policy; stage-wise latency attribution; robotic or cyber-physical transfer; inference/accelerator transfer","B4=Directly informs the Reflex robot-loop timing budget and the evidence needed to separate execution, transport, and hardware effects.","B4=true","primary_assignment","Zhenchen Dong; Jinna Fu; Jiaming Wu; Shengyuan Yu; Fulin Chen; Yide Liu","2026","arxiv:2602.13718","arxiv:2602.13718","arxiv:2602.13718","cs.AI | cs.RO","q21-robot-foundation-model.json","","","B4","false","false","false","false","b4/assigned-paper-manifest.jsonl | b4/canonical-registry.json | b4/raw-retrieval/q21-robot-foundation-model.json","b4/abstract-triage.jsonl"
"538","4","arxiv:2603.02271","Characterizing VLA Models: Identifying the Action Generation Bottleneck for Edge AI Architectures","MEDIUM","B4","Characterizing VLA Models: Identifying the Action Generation Bottleneck for Edge AI Architectures","arxiv:2603.02271","Vision-Language-Action (VLA) models are an emerging class of workloads critical for robotics and embodied AI at the edge. As these models scale, they demonstrate significant capability gains, yet they must be deployed locally to meet the strict latency requirements of real-time applications. This paper characterizes VLA performance on two generations of edge hardware, viz. the Nvidia Jetson Orin and Thor platforms. Using MolmoAct-7B, a state-of-the-art VLA model, we identify a primary execution bottleneck: up to 75% of end-to-end latency is consumed by the memory-bound action-generation phase.","medium","B4","1","B4=medium","B4=scheduling/deadline policy; stage-wise latency attribution; robotic or cyber-physical transfer; inference/accelerator transfer","B4=Directly informs the Reflex robot-loop timing budget and the evidence needed to separate execution, transport, and hardware effects.","B4=true","primary_assignment","Manoj Vishwanathan; Suvinay Subramanian; Anand Raghunathan","2026","arxiv:2603.02271","arxiv:2603.02271","arxiv:2603.02271","cs.AI | cs.AR | cs.PF | cs.RO","q21-robot-foundation-model.json","firecrawl research search-papers","foundational_or_prior","B4","false","false","false","false","b4/assigned-paper-manifest.jsonl | b4/canonical-registry.json | b4/raw-retrieval/q21-robot-foundation-model.json | b6/canonical-registry.json | b6/canonical-registry.jsonl | b6/raw-retrieval/q44-recent-robotics.json","b4/abstract-triage.jsonl"
"543","4","arxiv:2603.14688","AgentTrace: Causal Graph Tracing for Root Cause Analysis in Deployed Multi-Agent Systems","HIGH","B2 | B3 | B8","AgentTrace: Causal Graph Tracing for Root Cause Analysis in Deployed Multi-Agent Systems","arxiv:2603.14688","As multi-agent AI systems are increasingly deployed in real-world settings - from automated customer support to DevOps remediation - failures become harder to diagnose due to cascading effects, hidden dependencies, and long execution traces. We present AgentTrace, a lightweight causal tracing framework for post-hoc failure diagnosis in deployed multi-agent workflows. AgentTrace reconstructs causal graphs from execution logs, traces backward from error manifestations, and ranks candidate root causes using interpretable structural and positional signals - without requiring LLM inference at debugging time. Across a diverse benchmark of multi-agent failure scenarios designed to reflect common deployment patterns, AgentTrace localizes root causes with high accuracy and sub-second latency, significantly outperforming both heuristic and LLM-based baselines. Our results suggest that causal tracing provides a practical foundation for improving the reliability and trustworthiness of agentic systems in the wild.","high","B2 | B3 | B8","3","B2=high | B3=high | B8=high","B2=Builds causal execution graphs across deployed agent components for root-cause analysis. | B3=Reconstructs execution-log causal graphs, traces backward from failures, and ranks candidate root causes with structural signals. | B8=The paper uses runtime traces and correlated message or compute events to expose execution paths and timing behavior.","B2=The multi-agent setting transfers to distributed inference and connector subcomponents with explicit causal edges. | B3=Direct pattern for post-hoc episode failure localization from immutable execution history. | B8=It transfers directly to robot inference episodes by linking sensor, middleware, inference, and outcome evidence.","B2=true | B3=true | B8=true","primary_assignment","Zhaohui Geoffrey Wang","2026","arxiv:2603.14688","arxiv:2603.14688","4573602806349677991","cs.AI | cs.LG | cs.SE","01-direct | 02-critical-path | 03-root-cause | 04-trace-causality | 05-event-graph | 07-trace-loss | 16-ros2-causal | 17-ros2-flow | 24-fault-injection | 25-replay | 35-classic-tracing | 38-recent-ros | 40-recent-llm | foundational-02 | mechanism-03 | q14-replay","firecrawl research search-papers | semantic-search","foundational | recent | recent-2024-current","B2 | B3 | B8","true","true","true","false","b1/canonical-registry.jsonl | b1/raw-q10-causal-diagnosis.json | b2/raw-q14-replay.txt | b2/registry-final.json | b2/registry.json | b3/assigned-evidence-index.jsonl | b3/assigned.json | b3/follow-up-manifest.jsonl | b3/inspection-evidence.jsonl | b3/raw-q01-direct.json | b3/raw-q02-critical-path.json | b3/raw-q03-root-cause.json | b3/raw-q04-trace-causality.json | b3/raw-q05-event-graph.json | b3/raw-q07-trace-loss.json | b3/raw-q16-ros2-causal.json | b3/raw-q17-ros2-flow.json | b3/raw-q24-fault-injection.json | b3/raw-q25-replay.json | b3/raw-q35-classic-tracing.json | b3/raw-q38-recent-ros.json | b3/raw-q40-recent-llm.json | b3/read-evidence-manifest.jsonl | b3/registry.json | b7/canonical-registry.json | b7/raw-retrieval/q15-mechanism-causal-trace.json | b7/raw-retrieval/q28-adjacent-cps-tracing.json | b8/assigned-paper-manifest.json | b8/canonical-registry.json | b8/follow-up-manifest.json | b8/inspection-manifest.json | b8/raw/foundational-02.json | b8/raw/mechanism-03.json | b8/targeted-read-manifest.json","b2/triage-final.jsonl | b2/triage.jsonl | b3/triage.jsonl | b8/abstract-triage.jsonl"
"548","4","arxiv:2603.19418","Speculative Policy Orchestration: A Latency-Resilient Framework for Cloud-Robotic Manipulation","HIGH","B4","Speculative Policy Orchestration: A Latency-Resilient Framework for Cloud-Robotic Manipulation","arxiv:2603.19418","Cloud robotics enables robots to offload high-dimensional motion planning and reasoning to remote servers. However, for continuous manipulation tasks requiring high-frequency control, network latency and jitter can severely destabilize the system, causing command starvation and unsafe physical execution. To address this, we propose Speculative Policy Orchestration (SPO), a latency-resilient cloud-edge framework. SPO utilizes a cloud-hosted world model to pre-compute and stream future kinematic waypoints to a local edge buffer, decoupling execution frequency from network round-trip time. To mit","high","B4","1","B4=high","B4=jitter and timing variation; queueing and buffering; robotic or cyber-physical transfer; network/transport transfer","B4=Directly informs the Reflex robot-loop timing budget and the evidence needed to separate execution, transport, and hardware effects.","B4=true","primary_assignment","Chanh Nguyen; Shutong Jin; Florian T. Pokorny; Erik Elmroth","2026","arxiv:2603.19418","arxiv:2603.19418","arxiv:2603.19418","cs.DC | cs.RO","q01-tail-latency-jitter.json","","","B4","false","false","false","false","b4/assigned-paper-manifest.jsonl | b4/canonical-registry.json | b4/raw-retrieval/q01-tail-latency-jitter.json | b5/canonical-registry.jsonl | b5/raw-retrieval/q06-direct-manipulation.json | b5/raw-retrieval/q17-mech-dedup.json | b5/raw-retrieval/q21-failure-stale.json | b5/raw-retrieval/q45-recent-aoi.json | b5/raw-retrieval/q46-recent-teleop.json | b7/canonical-registry.json | b7/expansion/expansion-registry-final.json | b7/raw-retrieval/q05-direct-hardware-loop.json | b7/raw-retrieval/q17-mechanism-actuator.json","b4/abstract-triage.jsonl"
"553","4","arxiv:2603.24712","Spatio-Temporal Semantic Inference for Resilient 6G HRLLC in the Low-Altitude Economy","MEDIUM","B8","Spatio-Temporal Semantic Inference for Resilient 6G HRLLC in the Low-Altitude Economy","arxiv:2603.24712","The rapid expansion of the Low-Altitude Economy (LAE) necessitates highly reliable coordination among autonomous aerial agents (AAAs). Traditional reactive communication paradigms in 6G networks are increasingly susceptible to stochastic network jitter and intermittent signaling silence, especially within complex urban canyon environments. To address this connectivity gap, this paper introduces the Embodied Proactive Inference for Coordination (EPIC) framework, featuring a Spatio-Temporal Semantic Inference (STSI) operator designed to decouple the coordination loop from physical signaling fluctuations. By projecting stale peer observations into a proactive belief manifold, EPIC maintains a deterministic reaction latency regardless of the network state. Extensive simulations demonstrate that EPIC achieves an average 93.5% reduction in end-to-end reaction latency, masking physical transmission delays of 150 ms with a deterministic 10 ms execution heartbeat. Crucially, EPIC exhibits strategic immunity to escalating network jitter up to 100 ms and improves the Weighted Coverage Efficiency (WCE) by 10.5% during extreme signaling silence lasting up to 50 s. These results provide the deterministic resilience essential for 6G Hyper-Reliable and Low-Latency Communication (HRLLC).","medium","B8","1","B8=medium","B8=The paper injects controlled faults into components or dependencies to evaluate resilience and localize failure effects.","B8=It transfers directly to robot inference episodes by linking sensor, middleware, inference, and outcome evidence.","B8=true","primary_assignment","","2026","arxiv:2603.24712","arxiv:2603.24712","5055346589362718594","","recent-03","firecrawl research search-papers","recent","B8","true","true","true","false","b8/assigned-paper-manifest.json | b8/canonical-registry.json | b8/follow-up-manifest.json | b8/inspection-manifest.json | b8/raw/recent-03.json | b8/targeted-read-manifest.json","b8/abstract-triage.jsonl"
"558","4","arxiv:2603.29013","Wherefore Art Thou? Provenance-Guided Automatic Online Debugging with Lumos","HIGH","B3","Wherefore Art Thou? Provenance-Guided Automatic Online Debugging with Lumos","arxiv:2603.29013","Debugging distributed systems in-production is inevitable and hard. Myriad interactions between concurrent components in modern, complex and large-scale systems cause non-deterministic bugs that offline testing and verification fail to capture. When bugs surface at runtime, their root causes may be far removed from their symptoms. To identify a root cause, developers often need evidence scattered across multiple components and traces. Unfortunately, existing tools fail to quickly and automatically record useful provenance information at low overheads, leaving developers to manually perform the onerous evidence collection task. Lumos is an online debugging framework that exposes application-level bug provenances--the computational history linking symptoms of an incident to their root causes. Lumos leverages dependency-guided instrumentation powered by static analysis to identify program state related to a bug's provenance, and exposes them via lightweight on-demand recording. Lumos provides developers with enough evidence to identify a bug's root cause, while incurring low runtime overhead, and given only a few occurrences of a bug.","high","B3","1","B3=high","B3=Uses dependency-guided static analysis and lightweight on-demand recording to expose application-level bug provenance.","B3=A strong design for preserving only causally relevant evidence while keeping normal runtime overhead low.","B3=true","primary_assignment","","","arxiv:2603.29013","arxiv:2603.29013","9105525100349782805","","17-ros2-flow | 35-classic-tracing","","","B3","false","false","false","false","b3/assigned-evidence-index.jsonl | b3/assigned.json | b3/follow-up-manifest.jsonl | b3/inspection-evidence.jsonl | b3/raw-q17-ros2-flow.json | b3/raw-q35-classic-tracing.json | b3/read-evidence-manifest.jsonl | b3/registry.json","b3/triage.jsonl"
"563","4","arxiv:2604.09083","EdgeFlow: Fast Cold Starts for LLMs on Mobile Devices","MEDIUM","B6","EdgeFlow: Fast Cold Starts for LLMs on Mobile Devices","arxiv:2604.09083","Deploying large language models (LLMs) on mobile devices is an emerging trend to enable data privacy and offline accessibility of LLM applications. Modern mobile neural processing units (NPUs) make such deployment increasingly feasible. However, existing mobile LLM inference frameworks suffer from high start-up latency due to their inevitable cold starts, i.e., launching LLM inferences when the model is not hosted in device memory. In this paper, we identify the key bottleneck of mobile LLM cold starts as the waste of flash bandwidth on unimportant model parameters. We design EdgeFlow, a mobile LLM inference framework that mitigates the cold start issue by adaptively adjusting the precisions of LLM parameters. Specifically, EdgeFlow leverages 1) an NPU-aware adaptive quantization algorithm that assigns different precisions to weights in a finer granularity according to their importance and NPU constraints, 2) an SIMD-friendly packing format that accelerates the transformation of various-precision weights into fixed-sized NPU-native data types, and 3) a synergistic granular pipeline that coordinates CPU and NPU computation in a fine-grained and dynamic manner. Experimental results show that EdgeFlow reduces cold-start latency by up to 4.07x compared with three state-of-the-art mobile LLM inference frameworks, i.e., llama.cpp, MNN, and llm.npu, under comparable model accuracy.","medium","B6","1","B6=medium","B6=The abstract describes model loading, initialization, caching, or prewarming as a distinct source of inference startup latency.","B6=It separates startup effects from steady-state execution, which is needed to explain warm-versus-cold episode latency.","B6=true","primary_assignment","Yongsheng Yan, Jiacheng Shen, Xuchuan Luo, Yangfan Zhou","","arxiv:2604.09083","arxiv:2604.09083","3995115690925861995","cs.DC | cs.OS","q07 | q13 | q19","firecrawl research search-papers","false","B6","false","true","false","false","b6/assigned-evidence-index.jsonl | b6/assigned-paper-manifest.jsonl | b6/assigned-registry.jsonl | b6/canonical-registry.json | b6/canonical-registry.jsonl | b6/follow-up-manifest.jsonl | b6/inspection-evidence.jsonl | b6/inspection-manifest.jsonl | b6/raw-retrieval/q007.json | b6/raw-retrieval/q13-mechanism-load.json | b6/raw-retrieval/q19-failure-cold.json | b6/read-evidence-manifest.jsonl","b6/abstract-triage-inherited-89.jsonl | b6/abstract-triage.jsonl | b6/assigned-paper-manifest.jsonl"
"568","4","arxiv:2604.13522","TORAI: Multi-source Root Cause Analysis for Blind Spots in Microservice Service Call Graph","HIGH","B2 | B3","TORAI: Multi-source Root Cause Analysis for Blind Spots in Microservice Service Call Graph","arxiv:2604.13522","Existing multi-source root cause analysis (RCA) methods for microservice systems assume all services have traces to construct a service call graph. However, this assumption is not practical as microservice systems evolve rapidly and may contain blackbox services without traces, such as compiled software or unsupported services. We refer to these services as blind spots. In the presence of blind spots, the performance of existing multi-source RCA methods may be affected, as they only diagnose visible services on the call graph. To overcome this limitation, we propose TORAI, a novel unsupervised approach that effectively pinpoints fine-grained root causes without relying on the service call graph. Instead, TORAI first measures anomaly severity using available multi-source telemetry data. It then performs clustering to group services based on their severity symptoms and conducts causal analysis to rank services within each severity cluster. Finally, TORAI aggregates the cluster rankings and uses hypothesis testing to identify fine-grained root causes. TORAI provides an unsupervised approach that leverages available multi-source telemetry data for RCA without requiring a constructed service call graph or further intrusive actions, thus addressing the limitations of existing methods. Our experiments on three benchmark systems demonstrate that TORAI outperforms state-of-the-art baselines remarkably in the presence of blind spots. Performance on real-world failures further shows that TORAI can accurately pinpoint the root causes in top-3 recommendations.","high","B2 | B3","2","B2=high | B3=high","B2=Uses multiple telemetry sources to fill unobserved edges in a service call graph and localize causes. | B3=Localizes fine-grained causes with multimodal telemetry without requiring a complete service call graph, handling black-box blind spots.","B2=Offers a principled way to attribute across opaque connectors and hardware drivers. | B3=Directly addresses opaque connectors and missing spans at the Reflex boundary.","B2=true | B3=true","primary_assignment","Luan Pham | Huong Ha | Xiuzhen Zhang | Hongyu Zhang","2026","arxiv:2604.13522","arxiv:2604.13522","7681488105640991156","cs.SE","03-root-cause | 04-trace-causality | 07-trace-loss | 08-microservice-rca | 10-causal-hypergraph | 11-missing-modality | 13-causal-profiling | 32-dynamic-causality | 37-recent-rca | q11-failures","semantic-search","recent-2024-current","B2 | B3","false","false","false","false","b2/raw-q11-failures.txt | b2/registry-final.json | b2/registry.json | b3/assigned-evidence-index.jsonl | b3/assigned.json | b3/follow-up-manifest.jsonl | b3/inspection-evidence.jsonl | b3/raw-q03-root-cause.json | b3/raw-q04-trace-causality.json | b3/raw-q07-trace-loss.json | b3/raw-q08-microservice-rca.json | b3/raw-q10-causal-hypergraph.json | b3/raw-q11-missing-modality.json | b3/raw-q13-causal-profiling.json | b3/raw-q32-dynamic-causality.json | b3/raw-q37-recent-rca.json | b3/read-evidence-manifest.jsonl | b3/registry.json","b2/triage-final.jsonl | b2/triage.jsonl | b3/triage.jsonl"
"573","4","arxiv:2604.20032","LEO: Tracing GPU Stall Root Causes via Cross-Vendor Backward Slicing","HIGH","B6","LEO: Tracing GPU Stall Root Causes via Cross-Vendor Backward Slicing","arxiv:2604.20032","More than half of the Top 500 supercomputers employ GPUs as accelerators. On GPU-accelerated platforms, developers face a key diagnostic gap: profilers show source lines where stalls occur, but not why they occur. Furthermore, the same kernel may have different stalls and underlying causes on different GPUs. This paper presents LEO, a root-cause analyzer for NVIDIA, AMD, and Intel GPUs that performs backward slicing from stalled instructions, considering dependencies arising from registers as well as vendor-specific synchronization mechanisms. LEO attributes GPU stalls to source instructions with the goal of explaining root causes of these inefficiencies. Across 21 workloads on three GPU platforms, LEO-guided optimizations deliver geometric-mean speedups of 1.73Ã—--1.82Ã—. Our case studies show that (1) the same kernel may require different optimizations for different GPU architectures, and (2) LEO's structured diagnostics improve code optimization with large language models relative to code-only and raw-stall-count baselines.","high","B6","1","B6=high","B6=The abstract describes profiling, tracing, prediction, or decomposition to localize latency across serving, host, runtime, kernel, and device layers.","B6=It offers a concrete localization or measurement pattern for runtime observability around an inference episode.","B6=true","primary_assignment","Yuning Xia, John Mellor-Crummey","","arxiv:2604.20032","arxiv:2604.20032","363781364255773176","cs.DC | cs.PF","q28 | q43","firecrawl research search-papers","false","B6","false","true","false","false","b6/assigned-evidence-index.jsonl | b6/assigned-paper-manifest.json | b6/assigned-paper-manifest.jsonl | b6/assigned-registry.jsonl | b6/canonical-registry.json | b6/canonical-registry.jsonl | b6/follow-up-manifest.jsonl | b6/inspection-evidence.jsonl | b6/inspection-manifest.jsonl | b6/raw-retrieval/q28-adjacent-hpc.json | b6/raw-retrieval/q43-recent-stalls.json | b6/read-evidence-manifest.jsonl","b6/abstract-triage-inherited-89.jsonl | b6/abstract-triage.jsonl | b6/assigned-paper-manifest.jsonl"
"578","4","arxiv:2604.25757","Threat-Oriented Digital Twinning for Security Evaluation of Autonomous Platforms","HIGH","B8","Threat-Oriented Digital Twinning for Security Evaluation of Autonomous Platforms","arxiv:2604.25757","Open, unclassified research on secure autonomy is constrained by limited access to operational platforms, contested communications infrastructure, and representative adversarial test conditions. This paper presents a threat-oriented digital twinning methodology for cybersecurity evaluation of learning-enabled autonomous platforms. The approach is instantiated as an open-source, modular twin of a representative autonomy stack with separated sensing, autonomy, and supervisory-control functions; confidence-gated multi-modal perception; explicit command and telemetry trust boundaries; and runtime hold-safe behavior. The contribution is methodological: a reproducible design pattern that translates threat analysis into observable, controllable tests for spoofing, replay, malformed-input injection, degraded sensing, and adversarial ML stress. Although the implemented proxy is ground based, the architecture is intentionally framed around stack elements shared with UAV and space systems, including constrained onboard compute, intermittent or high-latency links, probabilistic perception, and mission-critical recovery behavior. The result is an implementable research scaffold for dependable and secure autonomy studies across UAV and space domains.","high","B8","1","B8=high","B8=The paper records execution inputs, events, or checkpoints and replays them to reproduce behavior under controlled conditions.","B8=It transfers directly to robot inference episodes by linking sensor, middleware, inference, and outcome evidence.","B8=true","primary_assignment","","2026","arxiv:2604.25757","arxiv:2604.25757","902319779427745989","","recent-03","firecrawl research search-papers","recent","B8","true","true","true","false","b8/assigned-paper-manifest.json | b8/canonical-registry.json | b8/follow-up-manifest.json | b8/inspection-manifest.json | b8/raw/recent-03.json | b8/targeted-read-manifest.json","b8/abstract-triage.jsonl"
"583","4","arxiv:2605.05527","EdgeServing: Deadline-Aware Multi-DNN Serving at the Edge","HIGH","B4","EdgeServing: Deadline-Aware Multi-DNN Serving at the Edge","arxiv:2605.05527","As edge computing expands, serving multiple deep neural network (DNN) models on a single shared GPU has become a common yet challenging scenario, where each scheduling decision affects the tail latency of all concurrent queues. Existing schedulers rely on local heuristics and fail to capture this global impact, while GPU spatial-sharing approaches sacrifice latency predictability. In this paper, we propose EdgeServing, a deadline-aware multi-DNN serving system for edge devices. EdgeServing adopts time-division GPU sharing with early-exit inference for high inference predictability, and introdu","high","B4","1","B4=high","B4=tail/percentile behavior; queueing and buffering; scheduling/deadline policy; inference/accelerator transfer; network/transport transfer","B4=Provides a systems analogue for separating model service time from queueing, scheduling, accelerator contention, or batching effects.","B4=true","primary_assignment","Jiahe Cao; Xiaomeng Li; Qiang Liu; Tao Han; Ning Zhang; Weisong Shi","2026","arxiv:2605.05527","arxiv:2605.05527","arxiv:2605.05527","cs.DC","q08-tail-latency-distributed.json | q11-deadline-aware-scheduling-robotic.json | q14-real-time-DNN-inference.json | q16-multi-tenant-GPU-contention.json | q24-scheduling-interference-accelerator.json","firecrawl research search-papers","foundational_or_prior","B4","false","false","false","false","b3/raw-q22-gpu-inference.json | b3/registry.json | b4/assigned-paper-manifest.jsonl | b4/canonical-registry.json | b4/raw-retrieval/q08-tail-latency-distributed.json | b4/raw-retrieval/q11-deadline-aware-scheduling-robotic.json | b4/raw-retrieval/q14-real-time-DNN-inference.json | b4/raw-retrieval/q16-multi-tenant-GPU-contention.json | b4/raw-retrieval/q24-scheduling-interference-accelerator.json | b6/assigned-paper-manifest.json | b6/canonical-registry.json | b6/canonical-registry.jsonl | b6/raw-retrieval/q001.json | b6/raw-retrieval/q002.json | b6/raw-retrieval/q003.json | b6/raw-retrieval/q004.json | b6/raw-retrieval/q007.json | b6/raw-retrieval/q009.json | b6/raw-retrieval/q01-direct-serving.json | b6/raw-retrieval/q010.json | b6/raw-retrieval/q02-direct-robot.json | b6/raw-retrieval/q04-direct-edge.json | b6/raw-retrieval/q07-synonym-cold.json | b6/raw-retrieval/q09-synonym-tail.json | b6/raw-retrieval/q10-synonym-deadline.json | b6/raw-retrieval/q12-mechanism-kernel.json | b6/raw-retrieval/q18-failure-deadline.json | b6/raw-retrieval/q22-failure-correctness.json | b6/raw-retrieval/q26-adjacent-cloud.json | b6/raw-retrieval/q32-foundational-serving.json | b6/raw-retrieval/q34-foundational-clipper.json | b6/raw-retrieval/q35-foundational-nexus.json | b6/raw-retrieval/q36-foundational-clockwork.json | b6/raw-retrieval/q40-foundational-wild.json | b6/raw-retrieval/q41-recent-serving.json | b6/raw-retrieval/q47-recent-edge.json","b4/abstract-triage.jsonl"
"588","4","arxiv:2605.13749","SPLIT: SymPathy for Large jobs Improves Tail latency","MEDIUM","B4","SPLIT: SymPathy for Large jobs Improves Tail latency","arxiv:2605.13749","We study the asymptotic response time tail in the M/G/n multi-server queue with heavy-tailed (regularly varying) job sizes, a setting representative of modern computing workloads. For single-server systems, tail optimization is well understood: under heavy-tailed job sizes, policies such as SRPT that strictly prioritize short jobs are strongly tail optimal, and giving any priority to large jobs is harmful. For multi-server systems, the question has been almost entirely open. This paper gives the first strongly tail-optimal scheduling policies for the M/G/n queue with heavy-tailed job sizes. Ou","medium","B4","1","B4=medium","B4=tail/percentile behavior; queueing and buffering; scheduling/deadline policy","B4=Supplies a transferable mechanism for explaining tail behavior and deciding which per-stage measurements the Reflex evidence model must preserve.","B4=true","primary_assignment","Zhouzi Li; Mor Harchol-Balter; Alan Scheller-Wolf","2026","arxiv:2605.13749","arxiv:2605.13749","arxiv:2605.13749","cs.PF | math.PR","q08-tail-latency-distributed.json","","","B4","false","false","false","false","b3/raw-q12-variance.json | b3/registry.json | b4/assigned-paper-manifest.jsonl | b4/canonical-registry.json | b4/raw-retrieval/q08-tail-latency-distributed.json","b4/abstract-triage.jsonl"
"593","4","arxiv:2605.23386","Droneulator: A Portable UAV Simulator for Agricultural Workflows with RotorPy and Godot 4","HIGH","B8","Droneulator: A Portable UAV Simulator for Agricultural Workflows with RotorPy and Godot 4","arxiv:2605.23386","Agricultural UAV research requires simulators that integrate realistic 3D scenes, high-fidelity vehicle dynamics, and robotics middleware, while remaining practical to deploy across heterogeneous development machines. We present Droneulator, a portable UAV simulator architecture that combines RotorPy for multirotor dynamics with Godot 4 for rendering and sensor generation. Droneulator exposes both PX4-based control and a lightweight WebSocket command path, and publishes synchronised visual and state streams through a Zenoh-based ROS 2-compatible pipeline. This integration enables a single stack to support inspection-oriented data capture, ROS 2/PX4 local planning, and reinforcement learning experiments without modifying the simulator infrastructure. We present quantified validation of the current system across three agricultural UAV workflows: tree-scale image collection for 3D reconstruction with COLMAP, local planning around canopy obstacles using EGO-Planner, and closed-loop reinforcement learning through a custom Gymnasium environment. In the reported setup, the results show that the simulator can sustain low-latency sensing, support reconstruction-oriented data collection under varying capture density, execute collision-free local planning around canopy obstacles, and support stable depth-sensing-based policy training for obstacle-aware navigation. Together, these results show the potential of Droneulator for agricultural UAV inspection, planning, and learning within one deployable stack.","high","B8","1","B8=high","B8=The paper uses runtime traces and correlated message or compute events to expose execution paths and timing behavior.","B8=It transfers directly to robot inference episodes by linking sensor, middleware, inference, and outcome evidence.","B8=true","primary_assignment","","2026","arxiv:2605.23386","arxiv:2605.23386","6761145958718903742","","syn-04","firecrawl research search-papers","recent","B8","true","true","true","false","b8/assigned-paper-manifest.json | b8/canonical-registry.json | b8/follow-up-manifest.json | b8/inspection-manifest.json | b8/raw/syn-04.json | b8/targeted-read-manifest.json","b8/abstract-triage.jsonl"
"598","4","arxiv:2606.00552","Edge-Based QoS-Aware Adaptive Task Placement: A Closed-Loop Control in Multi-Robot Systems","MEDIUM","B4","Edge-Based QoS-Aware Adaptive Task Placement: A Closed-Loop Control in Multi-Robot Systems","arxiv:2606.00552","Multi-robot systems (MRS) increasingly offload compute-intensive perception tasks to edge nodes to meet strict time-sensitive Quality-of-Service (QoS) constraints. However, static task orchestration on a shared edge node can severely degrade QoS due to network latency, jitter, and edge-resource contention. We present a pilot edge-centric MRS testbed using Raspberry Pi nodes to evaluate a camera-to-manipulator pipeline under three modes: local execution, static offloading, and a QoS-aware Adaptive Task Placement (ATP) controller. ATP scores candidate placements using a multi-metric cost (normal","medium","B4","1","B4=medium","B4=jitter and timing variation; resource contention/interference; robotic or cyber-physical transfer; network/transport transfer","B4=Directly informs the Reflex robot-loop timing budget and the evidence needed to separate execution, transport, and hardware effects.","B4=true","primary_assignment","Thien Tran; Jonathan Kua; Thuong Hoang; Minh Tran; Honghao Lyu; Jiong Jin","2026","arxiv:2606.00552","arxiv:2606.00552","arxiv:2606.00552","cs.DC | cs.NI | cs.OS | cs.RO | cs.SY | eess.SY","q01-tail-latency-jitter.json | q02-latency-distribution-percentile.json","firecrawl research search-papers","foundational_or_prior","B4","false","false","false","false","b4/assigned-paper-manifest.jsonl | b4/canonical-registry.json | b4/raw-retrieval/q01-tail-latency-jitter.json | b4/raw-retrieval/q02-latency-distribution-percentile.json | b5/canonical-registry.jsonl | b5/raw-retrieval/q13-mech-qos.json | b6/canonical-registry.json | b6/canonical-registry.jsonl | b6/raw-retrieval/q010.json | b6/raw-retrieval/q10-synonym-deadline.json | b7/canonical-registry.json | b7/raw-retrieval/q07-synonym-pubsub.json | b7/raw-retrieval/q09-synonym-cps.json | b7/raw-retrieval/q12-mechanism-qos.json | b7/raw-retrieval/q31-adjacent-networked.json | b8/canonical-registry.json | b8/raw/failure-02.json | b8/raw/recent-03.json","b4/abstract-triage.jsonl"
"603","4","arxiv:2606.08094","vla.cpp: A Unified Inference Runtime for Vision-Language-Action Models","MEDIUM","B6","vla.cpp: A Unified Inference Runtime for Vision-Language-Action Models","arxiv:2606.08094","Vision-Language-Action (VLA) policies are typically shipped as Python/PyTorch stacks that assume a workstation-class GPU, a mismatch for the hardware on which robots actually run. We present vla.cpp, a portable C++ inference runtime built on llama.cpp. To our knowledge, it is the first ggml-class engine to natively serve the flow-matching and diffusion VLA inference pattern, in which a cached vision-language prefix is consumed by a cross-attending action expert integrated over several solver steps. A single runtime serves seven architectures spanning five backbone and four action-head families behind one request/response protocol, with each model packaged as a self-contained bundle. On LIBERO-Object, the engine matches a state-of-the-art checkpoint to within one episode out of 200, and runs BitVLA at 100% success in 1.3 GiB of memory. The same bundle runs unchanged across three hardware tiers, from a consumer GPU down to an 8 GB embedded module. A cross-hardware roofline analysis shows that batch-1 VLA inference is compute-bound, so utilization rather than bandwidth is the deployment lever; an IMMA ladder GEMM derived from this analysis cuts BitVLA per-step latency by 4.5x. We then frame an on-robot stress test on an ALOHA arm that isolates the latency constraint under which a learned VLA must replan against a moving target on the hardware it was trained for. Code, demo videos, and the reproducible benchmark scaffold are available at https://fai-modelopt-tech.github.io/vla-cpp.github.io/.","medium","B6","1","B6=medium","B6=The abstract describes request or token batching and a scheduling policy that trades queueing delay against accelerator efficiency and tail latency.","B6=It provides evidence for attributing latency to queueing and batch formation rather than to model compute alone.","B6=false","primary_assignment","","2026","arxiv:2606.08094","arxiv:2606.08094","576362709461875616","","q01 | q03 | q10","firecrawl research search-papers","false","B6","false","false","false","false","b6/assigned-evidence-index.jsonl | b6/assigned-paper-manifest.jsonl | b6/assigned-registry.jsonl | b6/canonical-registry.json | b6/canonical-registry.jsonl | b6/raw-retrieval/q003.json | b6/raw-retrieval/q01-direct-serving.json | b6/raw-retrieval/q010.json | b6/raw-retrieval/q03-direct-realtime.json | b8/canonical-registry.json | b8/raw/direct-01.json","b6/abstract-triage-inherited-89.jsonl | b6/abstract-triage.jsonl | b6/assigned-paper-manifest.jsonl"
"608","4","arxiv:2606.10746","ros2probe: Non-intrusive, Kernel-selective Observability for Robot Operating System 2 Middleware","HIGH","B3","ros2probe: Non-intrusive, Kernel-selective Observability for Robot Operating System 2 Middleware","arxiv:2606.10746","Robot Operating System 2 (ROS 2), the de facto standard middleware framework for robots, runs each robot as a graph of nodes communicating over the Data Distribution Service (DDS), a publish/subscribe substrate. Observing this inter-node communication in real time is essential to robot development, yet it has a price. A tool can receive data only by joining the DDS domain as a subscriber that discovery has matched to the publisher, so observing folds the tool into the system it measures and perturbs it. We define this protocol-inherent perturbation as the observer's probe effect. It inflates the discovery plane, adds deserialization cost on the observer, makes the loss it reports diverge from what the subscriber actually received, and near saturation displaces the subscriber's messages. The only escape, capturing all wire traffic passively, discards ROS 2 message semantics and scales with total traffic, not what is observed. We present ros2probe, a non-intrusive observation framework that removes the probe effect. It reconstructs the full ROS 2 communication state from the domain's discovery packets at no bandwidth cost, then drives an in-kernel filter restricted to the topics the user asks for, lifting only those packets at minimal cost and observing what the real subscriber receives. Its interfaces and recordings match the standard ROS 2 tools. Across three hardware platforms (laptop, Jetson, and Raspberry Pi), two DDS implementations, and seven robot-operation workloads, ros2probe holds the discovery graph within 0.5% of an unobserved system, whereas domain-joining tools inflate discovery up to 2.6× and drop 38.5% of the subscriber's messages at saturation while ros2probe drops none. It reports loss with a recall of 1.0, cuts observer CPU and memory by up to 7× and 28×, and stays practical on the embedded robots where existing tools overload the system.","high","B3","1","B3=high","B3=Passively reconstructs ROS 2 discovery and filters wire traffic in-kernel to avoid observer-induced perturbation and message loss.","B3=Makes observability overhead and recorder probe effects explicit on embedded robot systems.","B3=true","primary_assignment","","2026","arxiv:2606.10746","arxiv:2606.10746","8905845576224506217","","20-robot-middleware","firecrawl research search-papers","recent","B3","false","false","false","false","b3/assigned-evidence-index.jsonl | b3/assigned.json | b3/follow-up-manifest.jsonl | b3/inspection-evidence.jsonl | b3/raw-q20-robot-middleware.json | b3/read-evidence-manifest.jsonl | b3/registry.json | b5/canonical-registry.jsonl | b5/raw-retrieval/q03-direct-command.json | b5/raw-retrieval/q05-direct-rosdds.json | b5/raw-retrieval/q13-mech-qos.json | b5/raw-retrieval/q43-recent-robot.json | b5/raw-retrieval/q49-recent-transport.json | b7/canonical-registry.json | b7/raw-retrieval/q01-direct-ros2-latency.json | b7/raw-retrieval/q03-direct-dds-tracing.json | b7/raw-retrieval/q06-synonym-runtime.json | b7/raw-retrieval/q13-mechanism-zerocopy.json | b7/raw-retrieval/q15-mechanism-causal-trace.json | b7/raw-retrieval/q20-failure-stale.json | b7/raw-retrieval/q25-failure-localization.json | b7/raw-retrieval/q34-foundational-dds.json | b7/raw-retrieval/q38-recent-tracing.json | b7/raw-retrieval/q40-recent-observability.json | b7/raw-retrieval/q42-recent-performance.json | b8/canonical-registry.json | b8/raw/recent-02.json","b3/triage.jsonl"
"613","4","arxiv:2606.15559","SDVDiag: Multimodal Causal Discovery for Online Diagnosis in Software-defined Vehicles","HIGH","B3","SDVDiag: Multimodal Causal Discovery for Online Diagnosis in Software-defined Vehicles","arxiv:2606.15559","The transition toward software-defined vehicles concentrates an increasing share of vehicle functionality into distributed software services, where failures propagate through service dependencies and the surface symptom is often several causal hops away from the underlying defect. Existing approaches to causal root-cause analysis in such systems address this only partially: they typically reason over a single observability modality and operate in an offline, operator-driven mode that does not match the demands of continuous vehicle operation. This paper presents SDVDiag, a multimodal causal-discovery pipeline that fuses log-based and metric-based service representations into a shared embedding space before graph construction, coupled with an anomaly-driven trigger that converts the diagnostic platform from a manually operated batch tool into a continuously running online system. Evaluation on an Autonomous Valet Parking testbed shows that the multimodal pipeline produces sparser causal graphs than a metrics-only baseline (134 vs. 182 edges on average) and consistently outperforms it in edge-weighted reward against an expert knowledge graph at every stage of human-feedback refinement, showing a 2.4-fold improvement over the baseline after 60 feedback queries. An end-to-end fault-injection scenario further demonstrates that the integrated trigger correctly recovers a true root cause located two causal hops upstream of the observable symptom.","high","B3","1","B3=high","B3=Fuses logs and metrics with context and distributed tracing, refines causal graphs using human feedback, and validates on a vehicle testbed.","B3=Close cyber-physical analogue for context-aware causal diagnosis across cloud, edge, and vehicle components.","B3=true","primary_assignment","","","arxiv:2606.15559","arxiv:2606.15559","1951086164379907490","","02-critical-path | 03-root-cause | 08-microservice-rca | 10-causal-hypergraph | 11-missing-modality | 26-temporal-fi","","","B3","false","false","false","false","b2/raw-q04-message-flow.txt | b3/assigned-evidence-index.jsonl | b3/assigned.json | b3/follow-up-manifest.jsonl | b3/inspection-evidence.jsonl | b3/raw-q02-critical-path.json | b3/raw-q03-root-cause.json | b3/raw-q08-microservice-rca.json | b3/raw-q10-causal-hypergraph.json | b3/raw-q11-missing-modality.json | b3/raw-q26-temporal-fi.json | b3/read-evidence-manifest.jsonl | b3/registry.json","b3/triage.jsonl"
"618","4","arxiv:2606.24148","Safe Packetized Control for Stochastic Constrained Networked Systems","HIGH","B5","Safe Packetized Control for Stochastic Constrained Networked Systems","arxiv:2606.24148","This work develops a formal framework for the synthesis of packetized safety controllers for discrete-time polynomial stochastic networked control systems (dt-PSNCS) operating under communication constraints, including uplink delays (plant-to-controller) and downlink packet losses (controller-to-actuator). In this setting, the controller is deployed remotely and exchanges information with the plant over an imperfect wireless communication network. Our proposed approach treats the downlink channel as an erasure channel, with packet losses characterized by an independent Bernoulli process. To systematically manage both uplink delays and downlink packet loss, we first introduce a buffer collocated with the plant that accommodates the packetized safety control (PSC) mechanism. We augment the plant and buffer states into a unified augmented-state representation that accurately captures the system evolution in the presence of communication imperfections. Our proposed framework synthesizes safety controllers based on control barrier certificates (CBCs), providing probabilistic safety guarantees that remain robust in the presence of both communication delays and packet losses. To achieve this, we reformulate the safety constraints as a sum-of-squares (SOS) optimization program, thereby facilitating the systematic construction of CBCs and their corresponding safety controllers. We validate the proposed framework through three (physical) case studies, demonstrating its effectiveness and practical applicability.","high","B5","1","B5=high","B5=The abstract addresses packet loss, delay, jitter, disorder, or reordering and its effect on networked sensing, estimation, or control.","B5=It supplies a transferable diagnostic or design hypothesis for detecting transport-induced loss, duplication, reordering, staleness, timing error, or observation/action mismatch in the Reflex episode loop.","B5=true","primary_assignment","Omid Akbarzadeh, MohammadHossein Ashoori, Mohammad H. Mamduhi, Abolfazl Lavaei","","arxiv:2606.24148","arxiv:2606.24148","8906816116959573404","","q01-direct-robot | q21-failure-stale | q29-adj-control | q37-found-networked | q45-recent-aoi","","","B5","false","false","false","false","b4/raw-retrieval/q23-networked-control-systems.json | b5/assigned-paper-manifest.json | b5/assigned-paper-manifest.jsonl | b5/canonical-registry.jsonl | b5/evidence-digest.jsonl | b5/raw-retrieval/q01-direct-robot.json | b5/raw-retrieval/q21-failure-stale.json | b5/raw-retrieval/q29-adj-control.json | b5/raw-retrieval/q37-found-networked.json | b5/raw-retrieval/q45-recent-aoi.json","b5/abstract-triage.jsonl"
"623","4","arxiv:2607.02501","Embodied.cpp: A Portable Inference Runtime of Embodied AI Models on Heterogeneous Robots","MEDIUM","B6","Embodied.cpp: A Portable Inference Runtime of Embodied AI Models on Heterogeneous Robots","arxiv:2607.02501","Embodied AI models now span vision-language-action (VLA) models and world-action models (WAMs), but practical deployment remains fragmented across model-specific Python stacks, backend assumptions, and robot-side glue code, especially on heterogeneous edge devices. Existing inference runtimes are designed mainly for request-response serving and therefore do not satisfy the runtime contract of embodied deployment: multi-rate execution inside closed-loop control, latency-first batch-1 inference on heterogeneous hardware, and extensible embodied interfaces beyond fixed token I/O. We present Embodied.cpp, a portable C++ inference runtime for embodied models. Based on an architectural analysis of representative VLA models and WAMs, Embodied.cpp captures a shared execution path and organizes it into five layers: input adapters, sequence builders, backbone execution, head plugins, and deployment adapters. The runtime provides modular multi-rate execution, latency-first fused inference, and extensible operator and I/O support, enabling deployment across heterogeneous devices, robots, and simulators through one backend abstraction. We evaluate Embodied.cpp on three VLA and two WAM models, using normalized comparisons across Python and C++ quantization configurations. Overall, Embodied.cpp achieves 1.05x-2.70x inference speedups and 7%-77% lower VRAM relative to Python baselines, while maintaining near-baseline success for most configurations. These results show that Embodied.cpp improves deployment efficiency while preserving high control quality across diverse embodied model architectures. Project Link: https://github.com/SEU-PAISys/Embodied.cpp","medium","B6","1","B6=medium","B6=The abstract describes request or token batching and a scheduling policy that trades queueing delay against accelerator efficiency and tail latency.","B6=It provides evidence for attributing latency to queueing and batch formation rather than to model compute alone.","B6=false","primary_assignment","","","arxiv:2607.02501","arxiv:2607.02501","6931121951500119672","","q03 | q05 | q10 | q44","firecrawl research search-papers","false","B6","false","false","false","false","b6/assigned-evidence-index.jsonl | b6/assigned-paper-manifest.jsonl | b6/assigned-registry.jsonl | b6/canonical-registry.json | b6/canonical-registry.jsonl | b6/raw-retrieval/q003.json | b6/raw-retrieval/q005.json | b6/raw-retrieval/q010.json | b6/raw-retrieval/q05-direct-embodied.json | b6/raw-retrieval/q10-synonym-deadline.json | b6/raw-retrieval/q44-recent-robotics.json","b6/abstract-triage-inherited-89.jsonl | b6/abstract-triage.jsonl | b6/assigned-paper-manifest.jsonl"
"628","4","arxiv:2607.05957","Delay-Aware Active Triangulation with Uncertainty-Driven Multi-Agent Reinforcement Learning for Counter-UAS","MEDIUM","B5","Delay-Aware Active Triangulation with Uncertainty-Driven Multi-Agent Reinforcement Learning for Counter-UAS","arxiv:2607.05957","Multi-agent active visual triangulation enables precise 3D localization of aerial targets by coordinating mobile observers with controllable cameras. However, existing methods assume instantaneous state feedback, ignoring cumulative latency from detection, communication, and decision propagation. We present a delay-aware, uncertainty-driven multi-agent reinforcement learning framework for target localization in Counter-UAS applications. Our contributions are: (1) a Dec-POMDP formulation with Age-of-Information (AoI) augmented observations enabling delay-aware coordination -- AoI improves triangulation validity by 10.6 percentage points; (2) a controlled comparison showing that perception-consistent rewards outperform privileged clean-state rewards (0.547 m vs.0.633 m RMSE, 27% fewer track losses) -- both policies are trained through identical observation noise but differ in what they are optimized for, producing a stability-robustness tradeoff; and (3) multi-source analytical covariance propagation incorporating pixel, pose, gimbal, and intrinsics uncertainties -- restricting to angular noise alone causes 2.8-fold RMSE degradation. Experiments with MAPPO in 4096 parallel environments achieve 0.547 +- 0.217 m RMSE with 78.1% triangulation validity, while MLP policies achieve near-zero validity (0.7%), confirming recurrent memory as essential for delay compensation.","medium","B5","1","B5=medium","B5=The abstract links sensor, observation, action, actuator, or telemetry transport behavior to a robotic episode or control outcome.","B5=It supplies a transferable diagnostic or design hypothesis for detecting transport-induced loss, duplication, reordering, staleness, timing error, or observation/action mismatch in the Reflex episode loop.","B5=true","primary_assignment","Seungwook Lee, David Hyunchul Shim","","arxiv:2607.05957","arxiv:2607.05957","6260114167250314704","","q02-direct-freshness","","","B5","false","false","false","false","b5/assigned-paper-manifest.json | b5/assigned-paper-manifest.jsonl | b5/canonical-registry.jsonl | b5/evidence-digest.jsonl | b5/raw-retrieval/q02-direct-freshness.json","b5/abstract-triage.jsonl"
"633","4","arxiv:2607.11368","Decomposing Runtime, Kernel, and Quantization Speedups via a Matched FP16 Intermediate: A Hardware-Conditioned Case Study on Four NVIDIA RTX A5000 GPUs","MEDIUM","B6","Decomposing Runtime, Kernel, and Quantization Speedups via a Matched FP16 Intermediate: A Hardware-Conditioned Case Study on Four NVIDIA RTX A5000 GPUs","arxiv:2607.11368","Reported serving speedups from quantized kernels typically bundle the weight format, the kernel, and the inference runtime into one number. We present an attribution study on four NVIDIA RTX A5000 GPUs, 24 GiB each, on a single host with NVLink-bridged pairs. A matched intermediate stack that keeps the faster runtime without the quantized kernel splits the full speedup into a runtime part and a kernel and quantization part. Under matched greedy decoding the full stack reaches 2.58Ã— end to end, with the runtime change accounting for about two thirds of that gain on a logarithmic scale; across three similar model families the kernel and quantization part moves by at most 1.5%. Sharding one instance across all four cards falls well below doubling: a profiler trace attributes about 80% of the per token shortfall to coordination, and an NVLink versus PCIe control on the same hardware shows similar realized bandwidth on both links, pointing away from link bandwidth as the cause. Whether to run one sharded instance or several independent ones depends on the workload and the model, with the ranking reversing on the larger model: the smaller model splits between sharding and multiple instances by workload, while the larger model favors two paired instances on every workload. Quantization extends sustainable concurrent users roughly four times past a reproducible half precision memory cliff. Differences in sampling mode and prompt pool between the two stacks are documented as threats to validity.","medium","B6","1","B6=medium","B6=The abstract describes profiling, tracing, prediction, or decomposition to localize latency across serving, host, runtime, kernel, and device layers.","B6=It offers a concrete localization or measurement pattern for runtime observability around an inference episode.","B6=false","primary_assignment","","","arxiv:2607.11368","arxiv:2607.11368","7729752446395306623","","q09 | q15 | q17","firecrawl research search-papers","false","B6","false","false","false","false","b3/raw-q22-gpu-inference.json | b3/registry.json | b4/raw-retrieval/q07-variance-decomposition-end-to-end.json | b6/assigned-evidence-index.jsonl | b6/assigned-paper-manifest.jsonl | b6/assigned-registry.jsonl | b6/canonical-registry.json | b6/canonical-registry.jsonl | b6/raw-retrieval/q009.json | b6/raw-retrieval/q09-synonym-tail.json | b6/raw-retrieval/q15-mechanism-stalls.json | b6/raw-retrieval/q17-mechanism-trace.json","b6/abstract-triage-inherited-89.jsonl | b6/abstract-triage.jsonl | b6/assigned-paper-manifest.jsonl"
"638","4","arxiv:2607.13548","How Far Can Root Cause Analysis Go on Real-World Telemetry Data?","MEDIUM","B3","How Far Can Root Cause Analysis Go on Real-World Telemetry Data?","arxiv:2607.13548","Identifying root causes in production microservice failures requires reasoning over large-scale, multimodal telemetry spanning metrics, logs, and traces, a problem that has proved resistant to both classical and LLM-based approaches. The OpenRCA dataset exemplifies these challenges: it is large-scale, multimodal, and lacks detailed domain knowledge, and yields consistently low accuracy across all existing methods. We show that classical causal discovery methods and existing LLM-based multi-agent systems fail to reliably identify root causes on this benchmark, and present a Structured Multi-Agent RCA pipeline that substantially outperforms existing LLM-based and classical baselines, supporting both domain-knowledge and knowledge-free operating modes. To diagnose where failures originate, we introduce a reverse reasoning agent that, given the correct answer, identifies which signals in the extracted anomalies support it and determines whether Stage 1 had access to those signals, classifying each failure as Reasoning Gap (evidence present but unused) or Data Ambiguity (evidence genuinely absent). This analysis reveals that the required evidence is present in the vast majority of failures: the bottleneck is not data access but the agent's ability to reason over it correctly. We further introduce an automated rule mining pipeline that systematically extracts discrimination rules from reverse reasoning reports, reducing reliance on manual knowledge curation. Across all configurations, model reasoning capability and domain knowledge are the primary constraints: stronger models embed more domain expertise, and explicit knowledge injection partially compensates for this gap. Reasoning performance remains practically bounded even when evidence extraction is perfect: scaffold engineering and better data pipelines alone cannot close this gap; progress requires improvements at the model level.","medium","B3","1","B3=medium","B3=Finds that real-world multimodal RCA failures often reflect reasoning gaps or data ambiguity rather than missing telemetry alone.","B3=Important limitation: complete evidence does not guarantee correct blame assignment, so evidence and reasoning quality must be separated.","B3=false","primary_assignment","","","arxiv:2607.13548","arxiv:2607.13548","5599684028929689597","","01-direct | 02-critical-path | 04-trace-causality | 07-trace-loss | 08-microservice-rca | 10-causal-hypergraph | 11-missing-modality | 13-causal-profiling | 17-ros2-flow | 23-host-telemetry","","","B3","false","false","false","false","b2/raw-q11-failures.txt | b3/assigned-evidence-index.jsonl | b3/assigned.json | b3/raw-q01-direct.json | b3/raw-q02-critical-path.json | b3/raw-q04-trace-causality.json | b3/raw-q07-trace-loss.json | b3/raw-q08-microservice-rca.json | b3/raw-q10-causal-hypergraph.json | b3/raw-q11-missing-modality.json | b3/raw-q13-causal-profiling.json | b3/raw-q17-ros2-flow.json | b3/raw-q23-host-telemetry.json | b3/registry.json","b3/triage.jsonl"
"643","4","arxiv:2607.16200","Deterministic Replay for AI Agent Systems","HIGH","B2 | B8","Deterministic Replay for AI Agent Systems","arxiv:2607.16200","AI agent systems that couple large language models (LLMs) with external tools and APIs are inherently non-deterministic: LLM sampling variance, external API state, CDN infrastructure headers, and execution-environment noise collectively prevent any prior agent run from being faithfully re-executed. Existing observability platforms capture execution logs but cannot reproduce a run in isolation. We present agrepl, a developer-first CLI framework for deterministic replay of agent executions. agrepl intercepts all external interactions at the transport layer via a man-in-the-middle (MITM) proxy, serialises them as structured execution traces, and replays them in a strictly isolated environment with zero outbound network access. We formalise the agent execution model, define the request-key matching function K(s), and prove the determinism invariant. We introduce a noise-aware diff algorithm classifying HTTP header divergence into signal and noise tiers. Empirical evaluation across five workloads (n = 250 replay instances) demonstrates replay fidelity F = 1.0 and a median per-step latency reduction of 98.3%. agrepl is implemented in Go, ships as a single static binary, and is released under the MIT licence. Keywords: AI agents, deterministic replay, LLM debugging, reproducibility, MITM proxy, execution tracing, record/replay systems.","high","B2 | B8","2","B2=medium | B8=high","B2=Captures agent inputs, tool calls, and execution state to replay nondeterministic agent runs. | B8=The paper uses runtime traces and correlated message or compute events to expose execution paths and timing behavior.","B2=Offers a recent pattern for replaying inference episodes with external calls and asynchronous state. | B8=It transfers directly to robot inference episodes by linking sensor, middleware, inference, and outcome evidence.","B2=true | B8=true","primary_assignment","Rasheed Mudasiru","2026","arxiv:2607.16200","arxiv:2607.16200","1761072512008267565","cs.AI","adjacent-01 | direct-02 | foundational-01 | q14-replay | recent-01 | syn-04","firecrawl research search-papers | semantic-search","foundational | recent | recent-2024-current","B2 | B8","true","true","true","true","b2/raw-q14-replay.txt | b2/registry-final.json | b2/registry.json | b3/raw-q25-replay.json | b3/registry.json | b8/assigned-paper-manifest.json | b8/canonical-registry.json | b8/follow-up-manifest.json | b8/inspection-manifest.json | b8/raw/adjacent-01.json | b8/raw/direct-02.json | b8/raw/foundational-01.json | b8/raw/recent-01.json | b8/raw/syn-04.json | b8/targeted-read-manifest.json","b2/triage-final.jsonl | b2/triage.jsonl | b8/abstract-triage.jsonl"
"648","4","arxiv:2607.19102","Enabling Multi-Dimensional Distributed Trace Comparison with Contrast","MEDIUM","B2","Enabling Multi-Dimensional Distributed Trace Comparison with Contrast","arxiv:2607.19102","Diagnosis using distributed traces is fundamentally a comparative task: operators seek to understand how an anomalous execution differs from expected behavior, how a deployment changes system execution, or how two individual executions differ. Trace comparison is challenging because useful differences between executions can manifest across multiple dimensions, and no single diagnostic interface is effective at capturing all of them. Moreover, the relevant dimensions and comparison populations are often not known a priori; operators construct and refine comparison sets dynamically as they devel","medium","B2","1","B2=medium","B2=Compares traces across dimensions to identify structural and performance differences.","B2=Could highlight the first divergent causal segment across repeated robot episodes.","B2=false","primary_assignment","Vaastav Anand | Rodrigo Fonseca | Jonathan Mace | Antoine Kaufmann","2026","arxiv:2607.19102","arxiv:2607.19102","4937151525167702617","cs.DC","q12-recent","semantic-search","recent-2024-current","B2","false","false","false","false","b2/raw-q12-recent.txt | b2/registry-final.json | b2/registry.json | b3/raw-q04-trace-causality.json | b3/raw-q14-async-critical.json | b3/raw-q23-host-telemetry.json | b3/raw-q26-temporal-fi.json | b3/raw-q35-classic-tracing.json | b3/registry.json","b2/triage-final.jsonl | b2/triage.jsonl"
"653","4","arxiv:2607.25695","Delta Debugging for Cyber-Physical Systems with Flaky Test Executions","HIGH","B8","Delta Debugging for Cyber-Physical Systems with Flaky Test Executions","arxiv:2607.25695","Simulation-based testing is widely used to validate Cyber-Physical Systems (CPSs), yet modern CPS simulators frequently exhibit non-deterministic (flaky) behavior, making failures difficult to reproduce and debug. Although delta debugging has proven effective for deterministic systems, its underlying assumptions do not hold in stochastic environments. This paper presents three delta debugging algorithms that combine statistical failure analysis, repeated executions, and environment-aware reduction to isolate minimal failure-inducing test inputs for stochastic CPSs. We evaluate the proposed techniques on two complementary case study systems: an industrial elevator dispatching system employing stochastic optimization and an autonomous mobile robot exhibiting simulator-induced non-determinism. The results show that the proposed approaches substantially reduce debugging time while preserving the original failure behavior. More importantly, we observe that minimizing failure-inducing test inputs frequently increases failure reproducibility compared with the original executions. By eliminating execution segments that introduce incidental stochastic effects, the reduced test inputs isolate the causal conditions of the failure and consistently reproduce it with higher probability. These findings suggest that delta debugging not only simplifies failure analysis but also mitigates execution flakiness, providing a practical foundation for debugging CPSs.","high","B8","1","B8=high","B8=The paper uses simulation or a digital twin to reconstruct scenarios and evaluate system behavior under repeatable conditions.","B8=It transfers directly to robot inference episodes by linking sensor, middleware, inference, and outcome evidence.","B8=true","primary_assignment","","2026","arxiv:2607.25695","arxiv:2607.25695","5688624134858144257","","direct-04 | recent-03","firecrawl research search-papers","recent","B8","true","true","true","false","b8/assigned-paper-manifest.json | b8/canonical-registry.json | b8/follow-up-manifest.json | b8/inspection-manifest.json | b8/raw/direct-04.json | b8/raw/recent-03.json | b8/targeted-read-manifest.json","b8/abstract-triage.jsonl"
"658","4","arxiv:2608.02242","When Discovery Becomes a Storm: A ROS 2 Discovery Model for Wireless Robotic Networks","HIGH","B5","When Discovery Becomes a Storm: A ROS 2 Discovery Model for Wireless Robotic Networks","arxiv:2608.02242","In Robot Operating System 2 (ROS 2), Data Distribution Service (DDS) participants must discover one another before exchanging data. In wireless environments, delayed or lost discovery messages cause reliability timers to expire, triggering retransmissions that intensify channel contention and further delay the delivery of discovery messages. This self-reinforcing feedback can escalate into a discovery storm. Existing models characterize discovery demand under fixed delivery conditions, but do not capture how shared-channel delay changes protocol state and generates further traffic. To address this issue, we present the first closed-loop analytical model of ROS 2 discovery that characterizes how delay-induced feedback amplifies retransmission overhead and leads to severe discovery storms. Our model represents channel contention as a shared service process, coupling message-delivery latency with receiver states and reliability timers. The model predicts both discovery completion time and per-class message counts. We validate the model through 1,350 experimental runs across 90 topology configurations. An open-loop airtime baseline captures only a fraction of the high-load completion time. The closed-loop model reproduces this rise and conservatively upper-bounds the observed high-load range. Guided by insights from the model, we further design a response-aware discovery policy that reduces mean discovery completion time by 25.3% to 39.7%.","high","B5","1","B5=high","B5=The abstract examines reliability, retransmission, duplicate suppression, idempotence, coding, or delivery semantics.","B5=It supplies a transferable diagnostic or design hypothesis for detecting transport-induced loss, duplication, reordering, staleness, timing error, or observation/action mismatch in the Reflex episode loop.","B5=true","primary_assignment","Yeonwoo Choi, Sanghoon Lee, Kyung-Joon Park","","arxiv:2608.02242","arxiv:2608.02242","498377849106763229","","q05-direct-rosdds | q13-mech-qos | q14-mech-dds-loss","","","B5","false","false","false","false","b3/raw-q16-ros2-causal.json | b3/raw-q38-recent-ros.json | b3/registry.json | b5/assigned-paper-manifest.json | b5/assigned-paper-manifest.jsonl | b5/canonical-registry.jsonl | b5/evidence-digest.jsonl | b5/raw-retrieval/q05-direct-rosdds.json | b5/raw-retrieval/q13-mech-qos.json | b5/raw-retrieval/q14-mech-dds-loss.json | b7/canonical-registry.json | b7/raw-retrieval/q03-direct-dds-tracing.json | b7/raw-retrieval/q12-mechanism-qos.json | b7/raw-retrieval/q38-recent-tracing.json","b5/abstract-triage.jsonl"
"663","4","arxiv:2608.09892","XPolicyLab: A Unified Standard and Open Ecosystem for Robot Policy Evaluation and Deployment","MEDIUM","B8","XPolicyLab: A Unified Standard and Open Ecosystem for Robot Policy Evaluation and Deployment","arxiv:2608.09892","Robot policy evaluation and deployment remain fragmented by model-specific software dependencies, data representations, and runtime interfaces, so that connecting N policies to M evaluation environments requires O(NM) separate integrations. We present XPolicyLab, a unified standard and open ecosystem that reduces this cost to O(N+M). XPolicyLab specifies common observation, action, and trajectory schemas together with a minimal adapter interface for observation updates, action prediction, batched execution, and episode reset, while a dependency-isolated client/server architecture separates policy inference from environment execution, so that each side retains its native software stack and may run locally or remotely. The ecosystem integrates 42 robot policies and standardizes their installation, debugging, serving, and evaluation workflows. Across these adapters, model-specific code varies by an order of magnitude while the environment-facing loop stays within a few lines of a fixed reference, confirming that the contract confines heterogeneity to the policy side. In a controlled study, conforming to the standard reduces the integration effort of a representative policy from over five hours to two hours, and packaged agent skills reduce it further to thirty minutes. The same adapters serve RoboTwin, RoboDojo simulation, and standardized real-robot evaluation through one interface. XPolicyLab is released as shared infrastructure for reproducible policy comparison and standardized deployment across simulation and physical platforms. Project website: https://xpolicylab.github.io/.","medium","B8","1","B8=medium","B8=The paper uses simulation or a digital twin to reconstruct scenarios and evaluate system behavior under repeatable conditions.","B8=It transfers directly to robot inference episodes by linking sensor, middleware, inference, and outcome evidence.","B8=false","primary_assignment","","2026","arxiv:2608.09892","arxiv:2608.09892","5931539535869386961","","recent-04","firecrawl research search-papers","recent","B8","true","true","false","false","b7/canonical-registry.json | b7/raw-retrieval/q04-direct-episode.json | b8/assigned-paper-manifest.json | b8/canonical-registry.json | b8/inspection-manifest.json | b8/raw/recent-04.json","b8/abstract-triage.jsonl"
"668","4","arxiv:2608.22591","WorldToken: Time-First Sequence Modeling for Robotic Imitation Learning","MEDIUM","B5","WorldToken: Time-First Sequence Modeling for Robotic Imitation Learning","arxiv:2608.22591","Robot policies receive heterogeneous observations at each decision step, yet sequence models differ in how they organize these inputs over time. We introduce WorldToken, a time-first policy instantiation that fuses multiview images, proprioception, and task conditioning within each policy timestep into one world token. A causal temporal Transformer models the resulting world-token sequence, and a diffusion action head generates action chunks. On 23 RoboCasa tasks, an 85.3M-parameter policy trained from scratch apart from a frozen pretrained CLIP text encoder achieves 59.45% mean closed-loop success using 2,900 generated demonstrations per task. A complete factorial sweep over five dataset sizes, five model sizes, and two training seeds shows consistent gains from additional target-domain data and diminishing returns beyond moderate model size. Under same-checkpoint history truncation, reducing visible history to one or two policy timesteps lowers closed-loop success for all 50 RoboCasa policies. On RMBench Blocks Ranking, reducing visible history from 146 to 8 seconds lowers evaluator success from 95% to 28%, while an exploratory extended rollout sustains the reference swap sequence for over 850 seconds. These results establish the empirical feasibility of the complete WorldToken instantiation and characterize its data-scaling and temporal-context behavior under the tested recipes. They do not establish superiority over alternative sequence organizations or isolate which components of the complete implementation drive the observed performance.","medium","B5","1","B5=medium","B5=The abstract evaluates networked robotics, wireless control, teleoperation, or autonomous-system communication under imperfect transport.","B5=It supplies a transferable diagnostic or design hypothesis for detecting transport-induced loss, duplication, reordering, staleness, timing error, or observation/action mismatch in the Reflex episode loop.","B5=true","primary_assignment","Chunkai Yang, Andong Yang, Chao Gao","","arxiv:2608.22591","arxiv:2608.22591","5336608897723105490","","q18-mech-correlation","","","B5","false","false","false","false","b5/assigned-paper-manifest.json | b5/assigned-paper-manifest.jsonl | b5/canonical-registry.jsonl | b5/evidence-digest.jsonl | b5/raw-retrieval/q18-mech-correlation.json","b5/abstract-triage.jsonl"
"673","4","arxiv:cs/0510070","On Coding for Reliable Communication over Packet Networks","HIGH","B5","On Coding for Reliable Communication over Packet Networks","arxiv:cs/0510070","","high","B5","1","B5=high","B5=The related-paper result extends an already-covered B5 transport family and is retained as a strong seed or neighboring mechanism for packet correctness, freshness, ordering, reliability, or timing.","B5=It tests whether the B5 synthesis mechanism map is stable beyond the multi-formulation search results and supplies a transferable hypothesis for the Reflex episode loop.","B5=true","expansion_round_1","Desmond S. Lun, Muriel Medard, Ralf Koetter, Michelle Effros","","","arxiv:cs/0510070","","","","","","B5","false","false","false","false","b5/evidence-digest.jsonl","b5/expansion/expansion-triage.jsonl"
"678","4","doi:10.1109/ccgrid68966.2026.00036","Spanergy: Energy-aware Distributed Tracing for Microservices","HIGH","B3 | B8","Spanergy: Energy-aware Distributed Tracing for Microservices","doi:10.1109/ccgrid68966.2026.00036","Cloud computing is gaining popularity by giving access to seemingly unlimited virtual resources. However, Cloud data centres are built with physical resources and their electricity consumption has been continuously growing over the past decades. Microservices are an important building block of Cloud applications, calling for new solutions to observe their energy consumption. Distributed tracing is widely deployed to diagnose latency and failures in microservice-based applications, yet it does not expose the energy cost of individual end-user requests. Such a gap limits energy-aware debugging, accountability, and control. This paper presents Spanergy, an energy-aware distributed tracing approach that correlates per-microservice power measurements with traces and that attributes measured energy consumption to request segments, i.e. trace spans. We showcase Spanergy with synchronous request chains and asynchronous interactions across microservices. We present a rigorous experimental protocol and statistical analysis plan to quantify overhead and to validate conservation and coverage properties on realistic configurations. Enabling OpenTelemetry tracing increased total experiment energy by 59.1% relative to the uninstrumented baseline, and Spanergy post-processing added 15.2% of the baseline energy. Hence, Spanergy's incremental energy cost is smaller than the energy overhead of enabling tracing itself, making the approach lightweight in practice. Spanergy also reveals that a non-negligible fraction of request energy comes from spans outside the latency-critical path. These results show that energy-aware tracing is feasible at modest overhead and provides actionable insights for energy-efficient microservices.","high","B3 | B8","2","B3=medium | B8=high","B3=Correlates power measurements with synchronous and asynchronous trace spans to attribute energy to request segments. | B8=The paper uses runtime traces and correlated message or compute events to expose execution paths and timing behavior.","B3=Extends variance attribution beyond latency to recorder/compute overhead, though it measures energy rather than failure cause. | B8=It transfers directly to robot inference episodes by linking sensor, middleware, inference, and outcome evidence.","B3=false | B8=true","primary_assignment","","2026","arxiv:2607.24902 | doi:10.1109/CCGrid68966.2026.00036","arxiv:2607.24902","1898251274921937493","","04-trace-causality | 14-async-critical | 23-host-telemetry | foundational-02","firecrawl research search-papers","foundational | recent","B3 | B8","true","true","true","true","b3/assigned-evidence-index.jsonl | b3/assigned.json | b3/raw-q04-trace-causality.json | b3/raw-q14-async-critical.json | b3/raw-q23-host-telemetry.json | b3/registry.json | b8/assigned-paper-manifest.json | b8/canonical-registry.json | b8/follow-up-manifest.json | b8/inspection-manifest.json | b8/raw/foundational-02.json | b8/targeted-read-manifest.json","b3/triage.jsonl | b8/abstract-triage.jsonl"
"683","4","doi:10.1109/tcyb.2015.2448031","Design and Performance Analysis of Incremental Networked Predictive Control Systems.","HIGH","B5","Design and Performance Analysis of Incremental Networked Predictive Control Systems.","doi:10.1109/tcyb.2015.2448031","This paper is concerned with the design and performance analysis of networked control systems with network-induced delay, packet disorder, and packet dropout. Based on the incremental form of the plant input-output model and an incremental error feedback control strategy, an…","high","B5","1","B5=high","B5=The abstract addresses packet loss, delay, jitter, disorder, or reordering and its effect on networked sensing, estimation, or control.","B5=It supplies a transferable diagnostic or design hypothesis for detecting transport-induced loss, duplication, reordering, staleness, timing error, or observation/action mismatch in the Reflex episode loop.","B5=true","primary_assignment","Zhong-Hua Pang, Guo-Ping Liu, Donghua Zhou","","doi:10.1109/TCYB.2015.2448031 | pmid:26186798","pmid:26186798","6069302969337636244","","q01-direct-robot | q07-direct-wireless | q29-adj-control | q37-found-networked","","","B5","false","false","false","false","b5/assigned-paper-manifest.json | b5/assigned-paper-manifest.jsonl | b5/canonical-registry.jsonl | b5/evidence-digest.jsonl | b5/evidence-retry-log.jsonl | b5/raw-retrieval/q01-direct-robot.json | b5/raw-retrieval/q07-direct-wireless.json | b5/raw-retrieval/q29-adj-control.json | b5/raw-retrieval/q37-found-networked.json","b5/abstract-triage.jsonl"
"688","4","doi:10.3389/frobt.2023.1081875","ÂµRT: A lightweight real-time middleware with integrated validation of timing constraints.","HIGH","B7","ÂµRT: A lightweight real-time middleware with integrated validation of timing constraints.","doi:10.3389/frobt.2023.1081875","Middlewares are standard tools for modern software development in many areas, especially in robotics. Although such have become common for high-level applications, there is little support for real-time systems and low-level control. Therefore, ÂµRT provides a lightweightâ€¦","high","B7","1","B7=high","B7=Combines lightweight message middleware with integrated timing-constraint validation for robotics real-time use.","B7=It joins execution telemetry and timing correctness at the middleware boundary, matching B7's observability goal.","B7=true","primary_assignment","","","doi:10.3389/frobt.2023.1081875 | pmcid:pmc10070970 | pmid:37025423","pmcid:PMC10070970","3829193067904402061","","","","","B7","false","false","false","false","b7/assigned-paper-manifest.json | b7/assigned-paper-manifest.jsonl | b7/canonical-registry.json | b7/raw-retrieval/q07-synonym-pubsub.json | b7/raw-retrieval/q35-foundational-realtime.json","b7/abstract-triage.jsonl"
"693","4","doi:10.3390/s17040700","Sensor Fault and Delay Tolerant Control for Networked Control Systems Subject to External Disturbances.","MEDIUM","B5","Sensor Fault and Delay Tolerant Control for Networked Control Systems Subject to External Disturbances.","doi:10.3390/s17040700","In this paper, the problem of sensor fault and delay tolerant control problem for a class of networked control systems under external disturbances is investigated. More precisely, the dynamic characteristics of the external disturbance and sensor fault are described as the…","medium","B5","1","B5=medium","B5=The abstract evaluates networked robotics, wireless control, teleoperation, or autonomous-system communication under imperfect transport.","B5=It supplies a transferable diagnostic or design hypothesis for detecting transport-induced loss, duplication, reordering, staleness, timing error, or observation/action mismatch in the Reflex episode loop.","B5=true","primary_assignment","Shi-Yuan Han, Yue-Hui Chen, Gong-You Tang","","doi:10.3390/s17040700 | pmcid:PMC5421660 | pmid:28350336","pmcid:PMC5421660","1372600695109349797","","q23-failure-reorder","","","B5","false","false","false","false","b5/assigned-paper-manifest.json | b5/assigned-paper-manifest.jsonl | b5/canonical-registry.jsonl | b5/evidence-digest.jsonl | b5/raw-retrieval/q23-failure-reorder.json","b5/abstract-triage.jsonl"
"698","4","doi:10.3390/s20205784","Distributed Nodes-Based Collaborative Sustaining of Precision Clock Synchronization Upon Master Clock Failure in IEEE 1588 System.","HIGH","B1","Distributed Nodes-Based Collaborative Sustaining of Precision Clock Synchronization Upon Master Clock Failure in IEEE 1588 System.","doi:10.3390/s20205784","This paper proposes a distributed nodes-based clock synchronization method to sustain sub-microsecond precision synchronization of slave clocks upon master clock failure in IEEE 1588 PTP (precision time protocol) system. The sustaining is achieved by synchronizing the slaveâ€¦","high","B1","1","B1=high","B1=Slave nodes collaboratively sustain sub-microsecond PTP synchronization after master-clock failure.","","B1=true","primary_assignment","Kyou Jung Son, Tae Gyu Chang","2020","doi:10.3390/s20205784 | pmcid:PMC7601036 | pmid:33066047","pmcid:PMC7601036","5976916227115129888","","robot telemetry architecture distributed timestamping clock synchronization latency decomposition","firecrawl research search-papers","","B1","true","false","false","false","b1/assigned-paper-manifest.json | b1/assigned-paper-manifest.jsonl | b1/assigned-registry.jsonl | b1/canonical-registry.jsonl | b1/follow-up-manifest.jsonl | b1/inspection-manifest.jsonl | b8/canonical-registry.json","b1/assigned-paper-manifest.jsonl | b1/triage.jsonl"
"703","4","doi:10.3390/s22135021","An Improved Network Time Protocol for Industrial Internet of Things.","HIGH","B1","An Improved Network Time Protocol for Industrial Internet of Things.","doi:10.3390/s22135021","In the industrial Internet of Things, the network time protocol (NTP) can be used for time synchronization, allowing machines to run in sync so that machines can take critical actions within 1 ms. However, the commonly used NTP mechanism does not take into account that theâ€¦","high","B1","1","B1=high","B1=An industrial NTP variant alters timestamp exchange and compensation to reduce synchronization error under IIoT delay conditions.","","B1=true","primary_assignment","Ting-Chao Hou, Lin-Hung Liu, Yan-Kai Lan, Yi-Ting Chen, Yuan-Sun Chu","2022","doi:10.3390/s22135021 | pmcid:PMC9269827 | pmid:35808516","pmcid:PMC9269827","429486151095015039","","","","","B1","true","false","false","false","b1/assigned-paper-manifest.json | b1/assigned-paper-manifest.jsonl | b1/assigned-registry.jsonl | b1/canonical-registry.jsonl | b1/follow-up-manifest.jsonl | b1/inspection-manifest.jsonl | b5/canonical-registry.jsonl","b1/assigned-paper-manifest.jsonl | b1/triage.jsonl"
"708","4","doi:10.3390/s25113396","Multi-Dimensional Anomaly Detection and Fault Localization in Microservice Architectures: A Dual-Channel Deep Learning Approach with Causal Inference for Intelligent Sensing.","MEDIUM","B3","Multi-Dimensional Anomaly Detection and Fault Localization in Microservice Architectures: A Dual-Channel Deep Learning Approach with Causal Inference for Intelligent Sensing.","doi:10.3390/s25113396","Our approach employs contrastive learning to create unified representations of diverse service metrics and incorporates causal inference mechanisms to trace fault propagation paths.","medium","B3","1","B3=medium","B3=Combines unified service-metric representations with causal inference to trace fault propagation in microservices.","B3=Relevant multimodal propagation baseline, but the abstract provides limited detail for overhead and uncertainty assessment.","B3=false","primary_assignment","","unknown","doi:10.3390/s25113396 | pmcid:PMC12157131 | pmid:40968945","pmcid:PMC12157131","8566449090903860956","","01-direct | 03-root-cause | 04-trace-causality | 08-microservice-rca | 10-causal-hypergraph | 11-missing-modality | 24-fault-injection | 26-temporal-fi | 32-dynamic-causality | 35-classic-tracing","firecrawl research search-papers","","B3","false","false","false","false","b3/assigned-evidence-index.jsonl | b3/assigned.json | b3/raw-q01-direct.json | b3/raw-q03-root-cause.json | b3/raw-q04-trace-causality.json | b3/raw-q08-microservice-rca.json | b3/raw-q10-causal-hypergraph.json | b3/raw-q11-missing-modality.json | b3/raw-q24-fault-injection.json | b3/raw-q26-temporal-fi.json | b3/raw-q32-dynamic-causality.json | b3/raw-q35-classic-tracing.json | b3/registry.json | b8/canonical-registry.json","b3/triage.jsonl"
"713","4","doi:10.3390/s26092758","Precise Time Synchronization in Packet Networks Using Deep Learning for Future Intelligent Transportation.","MEDIUM","B1","Precise Time Synchronization in Packet Networks Using Deep Learning for Future Intelligent Transportation.","doi:10.3390/s26092758","Precise time synchronization is foundational for future intelligent transportation systems (ITS), where safety-critical functions like cooperative Vehicle-to-Everything (V2X) communication and multi-sensor fusion demand a leap from sub-microsecond- to nanosecond-level precision.â€¦","medium","B1","1","B1=medium","B1=A learned estimator predicts packet-network timing error to improve clock synchronization in transportation systems.","","B1=true","primary_assignment","Hui Deng, Haotian Li, Zesong Tian, Jun Tian, Wen Du","2026","doi:10.3390/s26092758 | pmcid:PMC13165632 | pmid:42122479","pmcid:PMC13165632","218875704244974896","","","","","B1","true","false","false","false","b1/assigned-paper-manifest.json | b1/assigned-paper-manifest.jsonl | b1/assigned-registry.jsonl | b1/canonical-registry.jsonl | b1/follow-up-manifest.jsonl | b1/inspection-manifest.jsonl | b5/canonical-registry.jsonl","b1/assigned-paper-manifest.jsonl | b1/triage.jsonl"
"718","4","pmcid:pmc11154481","A Dynamic Framework for Internet-Based Network Time Protocol.","MEDIUM","B1","A Dynamic Framework for Internet-Based Network Time Protocol.","pmcid:pmc11154481","Time synchronization is vital for accurate data collection and processing in sensor networks. Sensors in these networks often operate under fluctuating conditions. Consequently, a synchronization method is required in sensor networks to ensure reliable timekeeping for…","medium","B1","1","B1=medium","B1=A dynamic NTP framework adapts synchronization behavior to changing Internet conditions and timing observations.","B1=Adaptation may improve timestamp confidence across variable WAN links, but robot transfer is unverified.","B1=true","primary_assignment","","","doi:10.3390/s24020691 | pmcid:PMC11154481 | pmid:38276381","pmcid:PMC11154481","811021839911309015","","","","","B1","false","false","false","false","b1/raw-q09-recent.json | b1/raw-q12-ntp-ptp-foundations.json | b1/raw-q13-os-clocks.json","b1/triage.jsonl"
"723","4","pmcid:pmc5796788","Big Data Provenance: Challenges, State of the Art and Opportunities.","HIGH","B2","Big Data Provenance: Challenges, State of the Art and Opportunities.","pmcid:pmc5796788","Ability to track provenance is a key feature of scientific workflows to support data lineage and reproducibility. The increasing size and variety of distributed Big Data provenance information bring new technical challenges and opportunities throughout the provenance lifecycle…","high","B2","1","B2=high","B2=Surveys provenance capture, storage, querying, and scalability challenges for big-data workflows.","B2=Frames the completeness, retention, and queryability requirements of episode histories.","B2=true","primary_assignment","Jianwu Wang | Daniel Crawl | Shweta Purawat | Mai Nguyen | Ilkay Altintas","2015","doi:10.1109/BigData.2015.7364047 | pmcid:PMC5796788 | pmid:29399671","pmcid:PMC5796788","3391115723392121549","","q05-provenance","semantic-search","general","B2","false","false","false","false","b2/raw-q05-provenance.txt | b2/registry-final.json | b2/registry.json | b3/raw-q06-provenance.json","b2/triage-final.jsonl | b2/triage.jsonl"
